init_date,target_start,target_end,region,observed_temp_c,observed_precip_mm,split,raw_cfsv2_temperature_c,raw_cfsv2_precipitation_mm,train_seasonal_climatology_temperature_c,train_seasonal_climatology_precipitation_mm,train_region_bias_correction_temperature_c,train_region_bias_correction_precipitation_mm,ridge_residual_temperature_c,ridge_residual_precipitation_mm,neural_residual_no_enso_temperature_c,neural_residual_no_enso_precipitation_mm,lagged_observation_persistence_temperature_c,lagged_observation_persistence_precipitation_mm
1999-01-01,1999-01-16,1999-01-29,central_north,-1.57091076,21.95419775,train,-6.30283468,24.47398397,-5.221937249801335,11.337148950242705,-5.772055708578313,13.620212061855415,-5.435332552696141,10.394023223940085,-5.654161355490406,14.853834994013766,6.63560102,9.45401748
1999-01-01,1999-01-16,1999-01-29,central_south,12.61502457,41.7178074,train,6.69232428,36.91259423,7.341755874051497,30.027178009550052,7.493960481686748,34.00164508749398,7.365664089470159,28.80500139334384,7.572632460002833,28.20050797648899,15.23817082,10.96997354
1999-01-01,1999-01-16,1999-01-29,east_north,2.08908634,52.52592794,train,-5.60435012,49.79213391,-3.158966474953276,31.620373448548655,-4.195773057566265,41.95424558156626,-3.5675832633812385,32.81493755880034,-3.4306301159053794,31.155075729699615,6.6721251,21.59246815
1999-01-01,1999-01-16,1999-01-29,east_south,14.25410877,63.46792559,train,8.68315117,46.83086457,8.833328566573325,38.99083629571908,9.651923030361445,41.89959070693976,9.092945678700293,37.07259917843095,8.93845831253303,34.17401558780335,15.59968033,9.27573334
1999-01-01,1999-01-16,1999-01-29,west_north,-1.09505365,50.10043522,train,-2.75597497,24.28261261,-2.442225057660177,26.41553066676857,-2.2201074625542168,16.751728715927705,-2.351473587711219,21.693065405286312,-2.3651164845584773,23.503069415194542,3.97163651,59.69923897
1999-01-01,1999-01-16,1999-01-29,west_south,7.80052689,14.83062401,train,6.04199645,5.23931639,6.070176459524344,15.759789126708789,6.490647658,3.500528949036144,6.206475283825317,10.131059177567526,6.504737267633174,11.09852013492658,10.00060447,13.36187555
1999-01-15,1999-01-30,1999-02-12,central_north,1.26691473,20.85534993,train,-3.60055813,34.96968365,-4.234046884320785,12.305369857516704,-3.069779158578313,24.115911741855417,-3.6435858760253366,13.118626445238135,-3.889833177453733,14.200188598528616,2.58907239,10.44641068
1999-01-15,1999-01-30,1999-02-12,central_south,13.09480642,39.63709472,train,9.53317653,35.43539846,8.377196474967906,30.4583627147587,10.334812731686748,32.524449317493975,9.218437974437265,27.926639810071595,9.144455479524161,29.53531013719739,10.82736187,51.06727389
1999-01-15,1999-01-30,1999-02-12,east_north,1.18871372,26.60409402,train,-3.63457379,54.40961802,-2.604590965881508,31.123943283154972,-2.2259967275662644,46.57172969156627,-2.337016034006192,33.057296800176076,-2.3486503590081638,31.570921722400055,5.397129,23.26978778
1999-01-15,1999-01-30,1999-02-12,east_south,13.93024863,39.57953096,train,10.42089754,25.93340202,9.575623549561357,40.02864521094308,11.389669400361445,21.002128156939758,10.28860665672093,31.815455824609774,9.996828943212176,31.622055670285473,14.71521911,39.82916973
1999-01-15,1999-01-30,1999-02-12,west_north,-0.94364445,40.83391408,train,-2.47771791,48.87097794,-1.4825800012160666,25.48975929319768,-1.9418504025542165,41.34009404592771,-1.5700630127436224,27.51020890062703,-1.4188985341882772,26.662211168876564,-1.70366936,24.62305933
1999-01-15,1999-01-30,1999-02-12,west_south,6.6934734,15.11129472,train,7.07221988,25.95650211,6.8788140763627625,15.99660089102003,7.520871088,24.217714669036145,7.215607628724075,15.522486380566804,7.103363708582702,16.071768456249718,5.40799199,6.99766588
1999-01-29,1999-02-13,1999-02-26,central_north,-0.6225624,7.55791387,train,-3.58480815,37.26409206,-2.480458160904575,14.736930431819777,-3.0540291785783134,26.41032015185542,-2.5481675329238396,15.97161151552858,-2.9942089224909045,15.60651044815221,-7.8110464,10.71026765
1999-01-29,1999-02-13,1999-02-26,central_south,10.39536725,8.24517166,train,9.50827339,53.39285256,9.917333595702784,31.34176032545068,10.309909591686747,50.48190341749398,10.202639345856749,33.74665664923633,10.077967274394005,30.6154879629746,5.42926256,25.20835946
1999-01-29,1999-02-13,1999-02-26,east_north,-2.55075172,17.10897037,train,-1.97177792,64.79573351,-1.2790193471804159,31.668172331349727,-0.5632008575662641,56.95784518156627,-0.7796827641879469,36.043042011088374,-0.6075732092069512,34.446809823935155,-1.96358713,28.36744695
1999-01-29,1999-02-13,1999-02-26,east_south,7.9259285,21.51105219,train,11.24660589,49.17569856,10.793045018232675,39.982429337383216,12.215377750361444,44.24442469693976,11.45730559749525,38.01298967865014,10.962389524556137,35.92955291161283,9.37607934,40.50135673
1999-01-29,1999-02-13,1999-02-26,west_north,0.83526011,36.09036149,train,-2.43832905,42.73222478,-0.18140585206593318,24.676810800693385,-1.9024615425542166,35.201340885927706,-0.7396537978658633,25.633540858443265,-0.26831510849014584,26.397032736304897,-5.88556638,29.73638536
1999-01-29,1999-02-13,1999-02-26,west_south,9.51837836,1.884389,train,8.14830266,18.83748497,8.064256286015935,14.957518449538203,8.596953868000002,17.098697529036144,8.413543496302598,12.865045986853737,8.434015132906051,14.210673440700106,5.54294385,1.36939314
1999-02-12,1999-02-27,1999-03-12,central_north,-0.65330801,21.34457362,train,-0.38858364,38.00629274,-0.116346565284351,18.510630712141264,0.14219533142168672,27.152520831855416,0.2124404249684837,18.69259785528832,-0.15306723738710304,16.14687247041149,-11.40844226,19.90723868
1999-02-12,1999-02-27,1999-03-12,central_south,12.53814103,33.86462112,train,11.0492494,49.57709569,11.810296916897203,32.61567366454156,11.850885601686748,46.66614654749398,11.994358356196543,33.85458350155962,12.048182684324122,30.89483204520889,5.66114723,30.86669523
1999-02-12,1999-02-27,1999-03-12,east_north,-1.51912572,55.2884289,train,-2.31231598,49.31968087,0.7128680745310723,33.22631930893389,-0.9037389175662642,41.481792541566264,0.25889120042260205,33.900988577355605,0.3520932033211215,33.11220507702046,-7.4473052,56.40186685
1999-02-12,1999-02-27,1999-03-12,east_south,10.26983105,23.14356288,train,11.30050267,47.70376564,12.369094321901951,39.124828911669304,12.269274530361445,42.77249177693976,12.449353438011425,37.579204697759195,12.008517729172652,36.748051558611806,6.5485742,40.8340943
1999-02-12,1999-02-27,1999-03-12,west_north,0.84234709,24.32186508,train,1.35980154,35.45857385,1.3570241000543224,24.075442080758112,1.8956690474457836,27.927689955927704,1.7891019603844134,22.64460165779621,1.5861248813682116,19.966535097942188,-0.97413359,11.38924981
1999-02-12,1999-02-27,1999-03-12,west_south,10.27760519,2.92810892,train,10.21722249,19.49992513,9.52841560732966,12.780648546940496,10.665873698,17.761137689036147,10.187152583614285,11.346122700501748,10.260307171552167,14.461988894144632,6.90118821,0.66576091
1999-02-26,1999-03-13,1999-03-26,central_north,3.64219968,8.57101086,train,2.74162486,42.04185822,2.68173092073993,23.29196171483338,3.272403831421687,31.188086311855418,3.172292508498335,23.30680617819936,3.110344144156314,21.064524664941317,-1.86208707,21.59370237
1999-02-26,1999-03-13,1999-03-26,central_south,12.08361665,50.35065708,train,13.48836008,45.48763891,13.908747028790813,34.164703149516676,14.289996281686747,42.576689767493974,14.253989010878644,34.01819268438112,14.32561613084675,34.20072661776615,11.87813198,28.60185168
1999-02-26,1999-03-13,1999-03-26,east_north,2.72221772,34.76777488,train,0.88074741,50.77281652,3.2222479244543107,35.6012317804334,2.289324472433736,42.934928191566264,3.073702544736032,35.97180255415006,3.340092474107434,33.81315449548873,1.13828613,68.93428155
1999-02-26,1999-03-13,1999-03-26,east_south,12.93967034,39.21872054,train,12.74537671,43.57090998,14.181966431756022,38.036317038791196,13.714148570361445,38.63963611693976,14.127107668595297,36.039634356891355,14.158844485266656,37.23496299816996,13.66911635,77.34710236
1999-02-26,1999-03-13,1999-03-26,west_north,5.59690844,11.14454039,train,0.99534804,45.71345222,3.0707767723997663,23.658589062917333,1.5312155474457834,38.182568325927704,2.6827597959075673,25.975990735067736,3.1149257747036443,27.19895079186905,-0.3705766,52.25572079
1999-02-26,1999-03-13,1999-03-26,west_south,10.85897314,11.79656291,train,9.74209828,14.85331245,11.195915498478515,9.870038162548962,10.190749488000002,13.114525009036145,10.974580117854558,8.90765052073925,11.212518310974733,8.3750883713705,8.29646216,14.01752209
1999-03-12,1999-03-27,1999-04-09,central_north,8.65584893,40.68313216,train,6.28513453,50.98488621,5.7351507556954235,28.5789658922116,6.8159135014216865,40.13111430185542,6.423978822482026,29.653989380130536,6.649791284035279,27.595944680581578,1.14828094,17.18826814
1999-03-12,1999-03-27,1999-04-09,central_south,17.60289939,41.28450127,train,15.4759816,51.26449293,16.08704387153328,35.83593490769867,16.27761780168675,48.353543787493976,16.35431940549073,37.18960215373076,16.266503567658372,32.34524010913067,13.3938262,53.14531595
1999-03-12,1999-03-27,1999-04-09,east_north,9.71807006,19.99143816,train,4.0757671,40.30576425,6.072646117248476,38.46112358820619,5.484344162433736,32.46787592156627,6.025003251546336,35.45651036646147,6.258745919150647,32.917988902378795,0.25640921,25.87771877
1999-03-12,1999-03-27,1999-04-09,east_south,18.50166605,20.53271774,train,14.72918268,47.5458664,16.118596672881182,37.450864192802015,15.697954540361444,42.61459253693976,16.08234017210582,37.014930935786964,16.25283991842357,36.224107872928414,13.9973386,38.48669691
1999-03-12,1999-03-27,1999-04-09,west_north,1.81900721,27.92948179,train,3.1693715,39.55145426,4.9377195675107215,23.288987102262375,3.7052390074457833,32.0205703659277,4.661386299462974,24.358071841150423,4.9830890386188464,24.816467252087133,-0.65351007,42.38772353
1999-03-12,1999-03-27,1999-04-09,west_south,9.21601864,18.3292921,train,10.33032732,23.10618491,13.016361458139102,6.809000381364843,10.778978528000001,21.367397469036145,12.281869520727295,9.600903978140806,12.791617964858709,10.091473716524167,6.79028557,15.65001449
1999-03-26,1999-04-10,1999-04-23,central_north,7.85498153,43.54729964,train,8.67256807,51.29268289,8.877426891768044,33.78263234339461,9.203347041421686,40.438910981855415,9.190058616347216,34.15683075018218,9.060237025729197,32.8979876147765,-1.39623482,11.6909258
1999-03-26,1999-04-10,1999-04-23,central_south,17.5890866,18.06557798,train,17.85678141,59.19035365,18.249525449750507,37.462217340615275,18.658417611686748,56.27940450749398,18.579303852213993,40.88113108274696,18.337931682533963,31.753214578838534,9.50511225,10.96036362
1999-03-26,1999-04-10,1999-04-23,east_north,8.0148794,38.75729942,train,6.30424969,46.62360379,9.077320944967926,41.40303257584186,7.7128267524337355,38.78571546156626,8.652691029884572,39.89296465701007,9.272024909039612,39.427345457602954,-1.54778102,16.5489707
1999-03-26,1999-04-10,1999-04-23,east_south,17.66882785,13.0542373,train,16.71873124,39.6280176,18.083103126486687,38.060845295256115,17.687503100361447,34.69674373693976,18.00245432806712,35.852179081371474,18.391048489677615,35.44644138390049,8.92577996,22.28494133
1999-03-26,1999-04-10,1999-04-23,west_north,6.38549991,15.8538032,train,6.80849425,40.2505632,6.959323156684585,22.76380627321329,7.344361757445784,32.719679305927706,7.315770944386626,24.107790249735604,7.039273601723504,23.49671836223382,-0.17135736,32.62688243
1999-03-26,1999-04-10,1999-04-23,west_south,13.97367084,7.83804831,train,14.17467656,11.91955808,14.956814088336287,4.231936398939959,14.623327768000001,10.180770639036144,14.949726894575928,4.599782346810661,14.444714770889128,3.92412964205538,8.45449562,1.9787741
1999-04-09,1999-04-24,1999-05-07,central_north,12.37472915,50.72587988,train,12.06670968,56.45528768,11.961598075898143,38.32548473399447,12.597488651421687,45.60151577185542,12.323524905223934,39.1938549239393,11.885631556266077,38.47862346604049,0.28759483,21.39188148
1999-04-09,1999-04-24,1999-05-07,central_south,19.32499119,61.71975067,train,19.93544093,37.09653848,20.32918539182502,38.88789429630609,20.737077131686746,34.18558933749398,20.548399320995888,36.64318198333122,20.35296555056922,39.1172604470636,13.32217393,29.20672925
1999-04-09,1999-04-24,1999-05-07,east_north,12.46094591,13.87342343,train,11.20523492,48.56075363,12.055095858418994,44.03021326617004,12.613811982433736,40.722865301566266,12.34657952702425,42.14777780892682,12.264702504900537,43.22133405555935,-1.32062017,55.51973996
1999-04-09,1999-04-24,1999-05-07,east_south,18.22488829,65.31645682,train,19.08261134,46.81686259,19.998701388632146,40.327205380675686,20.051383200361446,41.88558872693976,20.055745422417104,39.86524989355712,19.91317541036792,37.74846989749457,10.21063493,23.35951039
1999-04-09,1999-04-24,1999-05-07,west_north,7.00389344,35.11009063,train,9.12792049,29.34261891,9.135718329890649,21.877370824824567,9.663787997445782,21.811735015927702,9.452524027544293,21.045601621660335,8.880683653326866,22.500046859650908,1.04988456,28.34953979
1999-04-09,1999-04-24,1999-05-07,west_south,13.5750147,9.27594608,train,17.58328688,2.16518406,16.987273413223193,2.6835587870965396,18.031938088,0.42639661903614434,17.461858153993507,0.9747256415836851,16.824725179345528,5.150328498024951,10.59450404,2.40987877
1999-04-23,1999-05-08,1999-05-21,central_north,14.20092656,48.57333297,train,15.31043924,58.61366833,14.860877816999404,41.73797326777704,15.841218211421685,47.759896421855416,15.267096713557237,42.64606212468483,14.579923287028286,43.26768776946956,2.62843888,9.31083865
1999-04-23,1999-05-08,1999-05-21,central_south,22.08392209,35.29560611,train,22.36929771,29.42896044,22.2783832139802,39.991849195696865,23.17093391168675,26.518011297493977,22.603258331126487,35.87879006944594,22.526868935188983,39.310280445902904,11.90205444,51.03918759
1999-04-23,1999-05-08,1999-05-21,east_north,14.65485714,28.76072112,train,14.94869778,47.38626251,14.842578057698029,46.02667865703612,16.357274842433736,39.54837418156627,15.427319007332674,43.484617194339805,14.967588647426567,45.506665807920086,2.10529261,36.59501323
1999-04-23,1999-05-08,1999-05-21,east_south,20.90879397,33.99028795,train,21.6918158,39.70906215,21.803804907686736,44.339946045095665,22.660587660361447,34.77778828693976,22.11396982054443,41.33385165307401,21.680290262156298,40.29647639187547,12.43643446,32.04153429
1999-04-23,1999-05-08,1999-05-21,west_north,8.72128454,16.21740337,train,11.00214762,31.74664685,11.43910351785825,20.486734145722384,11.538015127445783,24.215762955927705,11.479752531646653,21.327356871691304,11.146863377657468,23.17696040193157,4.67083789,9.90052708
1999-04-23,1999-05-08,1999-05-21,west_south,18.45838701,0.20452863,train,18.84392489,6.24681481,19.06374825190481,2.497344309848758,19.292576098,4.508027369036144,19.113435860279846,2.7562004748168167,18.7281101640894,5.3165672653982945,10.26662507,10.03009083
1999-05-07,1999-05-22,1999-06-04,central_north,16.89858914,37.58153279,train,17.24523363,51.92083109,17.464312030945027,43.73275701145023,17.776012601421687,41.06705918185541,17.4789204393377,43.06242631872881,17.01592473803468,45.1031651348019,7.80749576,33.04231099
1999-05-07,1999-05-22,1999-06-04,central_south,23.89682876,46.87040747,train,23.67203948,22.85448258,24.055117693145856,40.70333060485615,24.473675681686746,19.943533437493976,24.09002336638914,35.43539415491466,24.27397025588303,38.82803666378982,16.13316367,44.84204051
1999-05-07,1999-05-22,1999-06-04,east_north,17.32485304,33.50649114,train,16.70250027,42.2705848,17.301656982407614,47.21283695354033,18.111077332433737,34.43269647156627,17.484063279446445,43.75004157327402,17.123833367463003,45.35201599540463,8.31360254,15.83848065
1999-05-07,1999-05-22,1999-06-04,east_south,23.13222979,24.77082766,train,22.69919784,67.98451703,23.44443203488195,49.76267906603537,23.667969700361446,63.053243166939765,23.47888082837318,53.68714424000946,23.535230187831072,57.90496776222349,17.06664147,26.43306409
1999-05-07,1999-05-22,1999-06-04,west_north,13.6590168,21.28356931,train,12.19184596,36.75804574,13.793087721981617,18.56410333258986,12.727713467445783,29.227161845927704,13.251432475984167,22.120498447869732,13.217034208296617,21.592033359030186,2.50482488,25.29598859
1999-05-07,1999-05-22,1999-06-04,west_south,19.47449719,6.92253612,train,18.97464063,1.07377763,21.114134781612737,3.720736785484582,19.423291838,0.0,20.264917241590535,3.4878587811279083,20.207907157591368,5.768905923475884,9.90653648,19.1147592
1999-05-21,1999-06-05,1999-06-18,central_north,18.76445881,50.01629148,train,20.45072585,49.18323892,19.670348603612783,44.24185274986913,20.981504821421687,38.329467011855414,20.020419126726974,42.88506729294143,19.699712050591256,43.18972125999208,8.12620025,38.4130022
1999-05-21,1999-06-05,1999-06-18,central_south,24.73435524,45.06408706,train,25.24941563,34.99010705,25.609405149827488,41.00763539396142,26.05105183168675,32.07915790749398,25.616125252057287,39.45357020293275,25.890806800110703,42.18688953255737,17.54106745,17.62050059
1999-05-21,1999-06-05,1999-06-18,east_north,19.78793825,22.81945312,train,19.40802004,53.16027672,19.322289767287103,47.57050158112364,20.816597102433736,45.322388391566264,19.73803072197675,47.193753970994024,19.255031011482927,47.810177106707386,8.05765495,35.60505123
1999-05-21,1999-06-05,1999-06-18,east_south,24.5633087,71.6702978,train,24.5553849,61.3387711,24.865894929926014,55.87588301981114,25.524156760361446,56.40749723693976,25.03144798080616,56.95083143582326,25.02342638536416,58.92940457402541,17.77303578,14.5036593
1999-05-21,1999-06-05,1999-06-18,west_north,14.58554502,14.56064098,train,15.75748877,22.78082771,16.064227211628168,16.223035085406604,16.293356277445785,15.249943815927704,15.950896156106278,16.743586158130604,15.912664143478182,16.87340425374263,5.88281685,15.58485505
1999-05-21,1999-06-05,1999-06-18,west_south,21.35115777,4.7447774,train,22.52840068,2.52225232,23.031510789887584,6.104058100006257,22.977051888000002,0.7834648790361445,22.80576529338416,5.652333726550001,23.354794295677188,6.4195010559171966,13.0322799,7.95596041
1999-06-04,1999-06-19,1999-07-02,central_north,20.76536894,54.89481076,train,21.33738869,40.15634963,21.38161084255015,43.409826756987485,21.868167661421687,29.302577721855418,21.327120893231324,40.6041898792447,21.70653744339582,38.86540201162984,11.94766367,52.48249067
1999-06-04,1999-06-19,1999-07-02,central_south,26.52639931,73.16828183,train,26.32243595,39.79857834,26.87420043727693,40.94095752815461,27.124072151686747,36.88762919749398,26.781372743924795,41.266517066675775,26.966140373299545,41.20535522047648,19.93202823,53.27686136
1999-06-04,1999-06-19,1999-07-02,east_north,21.37542449,38.70556204,train,20.47967476,49.05804156,20.821593190609278,47.23249854322236,21.888251822433737,41.220153231566265,21.015389304759214,46.487928196787664,20.91949376281764,46.42049968157505,11.56056257,19.51847047
1999-06-04,1999-06-19,1999-07-02,east_south,24.33632027,83.60098738,train,25.21716005,83.10665039,26.006850444455093,61.71094109449938,26.185931910361447,78.17537652693976,26.004251578864135,67.75456862822197,26.400306391602403,74.21906125300274,18.18937617,50.29306102
1999-06-04,1999-06-19,1999-07-02,west_north,17.33771072,10.35887273,train,17.976268,12.61126485,18.069173896832393,13.711294694210517,18.512135507445784,5.080380955927704,17.970476155248612,12.53055875052478,18.296764898133425,12.58319613466772,6.67934372,39.05097728
1999-06-04,1999-06-19,1999-07-02,west_south,25.92223576,3.55743399,train,25.41500158,3.86048933,24.67770580345127,9.155667693753959,25.863652788,2.121701889036144,24.94386841426818,8.349505306375685,25.649228955462103,7.2199785273902375,13.2250434,10.83224226
1999-06-18,1999-07-03,1999-07-16,central_north,22.59267533,37.52489646,train,21.52173611,45.81995392,22.503699834216146,41.545864779627955,22.052515081421685,34.96618201185542,22.06484517051662,41.417766601744376,22.509870300965574,40.60332834272401,13.45583335,53.34258677
1999-06-18,1999-07-03,1999-07-16,central_south,26.49844633,42.92780921,train,26.18609363,50.72831718,27.76410731921951,40.576065192399675,26.987729831686746,47.81736803749398,27.270499093485302,44.65309377083783,27.24010729873064,47.840915863042994,21.38992286,43.75704726
1999-06-18,1999-07-03,1999-07-16,east_north,22.42722541,30.81030197,train,21.36099691,54.983324,21.74094665884488,46.44007488900357,22.769573972433736,47.14543567156627,21.93643841220784,47.910040023599606,22.013707746991592,45.156353436087244,15.07174649,24.32715549
1999-06-18,1999-07-03,1999-07-16,east_south,25.77746513,70.19783112,train,25.25434048,87.87941953,26.798128543912476,66.24617244031683,26.223112340361446,82.94814566693977,26.514836515981102,73.08854036798641,26.80427254176494,79.09477197623838,21.07047199,46.93705686
1999-06-18,1999-07-03,1999-07-16,west_north,18.82446113,9.39897603,train,19.63832144,9.4338857,19.597148923835075,11.37092370031659,20.17418894744578,1.9030018059277038,19.533655383655702,10.243865432918735,19.961081473093255,9.677920118782893,8.05540383,17.2609956
1999-06-18,1999-07-03,1999-07-16,west_south,24.9615979,31.73169216,train,26.18035708,5.61307028,25.89753308448289,12.250914003704887,26.629008288,3.8742828390361437,25.986386823732754,11.6503361273368,26.25668124008959,11.128111952539559,18.12721855,0.29667184
1999-07-02,1999-07-17,1999-07-30,central_north,25.41960929,36.58358052,train,21.90179776,40.42508835,22.949646487551227,39.046495003989655,22.432576731421687,29.57131644185542,22.510161054484517,38.46832995544253,22.779825361042846,37.07322555532285,16.42440501,38.30879999
1999-07-02,1999-07-17,1999-07-30,central_south,28.32271573,21.0205196,train,26.3932125,37.9903473,28.18312683143744,40.00241692895707,27.194848701686748,35.07939815749398,27.62094326757988,41.246451296395364,27.420961036965323,38.79790853374908,23.35923283,45.45047353
1999-07-02,1999-07-17,1999-07-30,east_north,24.3299313,35.09314392,train,21.30001453,46.35441796,22.043021433249574,45.47851428456446,22.708591592433734,38.516529631566264,22.116317375165067,45.367958559414504,22.085646033649823,44.59520931851519,16.94791051,36.48688136
1999-07-02,1999-07-17,1999-07-30,east_south,28.13155197,35.04015904,train,25.6982785,65.81064297,27.167478287143147,68.62165557020985,26.667050360361447,60.87936910693976,26.928782352415826,69.32521722830722,26.815384816979858,65.12858079499244,22.56133088,20.20058007
1999-07-02,1999-07-17,1999-07-30,west_north,19.6247422,8.21226066,train,20.55369742,13.30820287,20.443738502384722,9.573653788247544,21.08956492744578,5.777318975927705,20.443329078607437,10.163709093932923,20.66335205240415,8.846097675682824,13.91972325,13.74437871
1999-07-02,1999-07-17,1999-07-30,west_south,24.15695871,24.99155166,train,25.99502506,10.38728599,26.541438274292933,14.77025361279998,26.443676268,8.648498549036145,26.337694145983736,15.342146719762386,26.09129969289533,16.667283496721478,19.91063772,5.24611866
1999-07-16,1999-07-31,1999-08-13,central_north,21.21409192,54.16475176,train,21.25055863,36.50943221,22.649983154719713,36.30694866819463,21.781337601421686,25.655660301855416,22.12201164739595,35.71944582810809,22.194399899424724,34.847742468638685,19.33787569,53.92619915
1999-07-16,1999-07-31,1999-08-13,central_south,28.95953401,20.5799815,train,26.71618717,34.46260838,28.040354869253292,39.30543350851901,27.51782337168675,31.551659237493975,27.734028970165603,39.833690724281055,27.61960891413902,36.688543699467644,25.34544488,43.83390168
1999-07-16,1999-07-31,1999-08-13,east_north,21.3173974,24.74783596,train,21.11946158,51.36902084,21.710353639701783,44.60615869706931,22.528038642433735,43.53113251156626,21.928626430911947,46.2139944468793,21.87558158067629,43.70164209816167,20.13871818,22.42922131
1999-07-16,1999-07-31,1999-08-13,east_south,28.21164957,32.2040538,train,25.7798814,83.3230987,27.049785999978475,68.32497825320223,26.748653260361447,78.39182483693976,26.993963369845634,73.85700248816562,27.278976232684574,74.82308799788089,24.93023713,53.95026722
1999-07-16,1999-07-31,1999-08-13,west_north,18.89793888,17.3302077,train,20.52938119,11.52140605,20.449139225020343,8.645599448491607,21.06524869744578,3.990522155927704,20.49541083241039,9.17606029306363,20.548090272880682,8.525776553238053,13.56952024,20.38835139
1999-07-16,1999-07-31,1999-08-13,west_south,23.43900056,23.3282741,train,26.13227077,12.01077225,26.492141835689267,16.235339919741346,26.580921978000003,10.271984809036145,26.440416274355854,16.976950481357854,25.883541844728583,17.23787188314652,20.31718827,3.49088319
1999-07-30,1999-08-14,1999-08-27,central_north,21.58715516,19.37013079,train,20.91587144,36.84122843,21.566703938992784,33.64123719774679,21.446650411421686,25.987456521855417,21.432419319742905,33.67959139470433,21.356303579548097,32.25903164605812,20.03713093,44.47190559
1999-07-30,1999-08-14,1999-08-27,central_south,28.0902204,18.6791886,train,26.28238373,31.05391758,27.27041171667251,38.549663873741686,27.084019931686747,28.142968437493977,27.175005079343133,38.31116175271944,27.23995964594088,38.242684103535964,25.68881543,72.59066081
1999-07-30,1999-08-14,1999-08-27,east_north,20.5575767,52.11382513,train,21.18012844,35.51359821,20.746358500553832,43.99333789147094,22.588705502433736,27.675709881566263,21.44721659647526,41.314242054127476,21.635809561597394,44.666893028432156,20.21735771,32.85861822
1999-07-30,1999-08-14,1999-08-27,east_south,26.87443804,74.52440214,train,25.30778494,69.26364227,26.40079961024111,65.30621777746562,26.276556800361448,64.33236840693976,26.459797585038665,67.86546285005652,26.413196725922436,67.19360943542672,23.91699698,95.46379422
1999-07-30,1999-08-14,1999-08-27,west_north,19.68966347,9.53851006,train,18.06400021,12.08851731,19.53262715259826,8.797830563941128,18.599867717445782,4.557633415927705,19.01488962937105,10.010311481434957,18.63043731890755,10.416128588661667,17.38945498,10.89757324
1999-07-30,1999-08-14,1999-08-27,west_south,25.25355592,14.58751745,train,24.63155202,6.85324099,25.689639086467768,16.412395310435315,25.080203228000002,5.114453549036144,25.41640379805553,16.02433596177517,24.95271730772438,15.409809839359554,25.2688288,6.35508754
1999-08-13,1999-08-28,1999-09-10,central_north,19.80961221,32.78301624,train,18.41032593,33.36664964,19.708043519313446,31.228555077753622,18.941104901421685,22.512877731855415,19.373485421668292,31.15233205429818,19.21807560992412,31.489059225140675,22.20168302,43.05313165
1999-08-13,1999-08-28,1999-09-10,central_south,26.94374253,23.99377758,train,25.30815583,14.57707593,25.853969353144176,37.769525609674005,26.109792031686748,11.666126787493976,25.982748624312094,33.142076187854315,26.154978513759442,37.39140532980768,26.68803539,45.48499561
1999-08-13,1999-08-28,1999-09-10,east_north,20.5782497,34.3448311,train,18.07655788,36.2746382,19.178725842753657,43.68523578012418,19.485134942433735,28.436749871566263,19.31270243266521,41.71553263305391,19.060891212715504,47.015594427523624,22.30451463,40.4316504
1999-08-13,1999-08-28,1999-09-10,east_south,25.39039631,57.69087179,train,24.52089338,34.30026784,25.211299100934674,59.99608024842609,25.489665240361447,29.368993976939755,25.424537169265427,54.41239170268891,25.913432855850346,57.79527575703017,25.78204633,74.43370124
1999-08-13,1999-08-28,1999-09-10,west_north,15.43451914,14.26236967,train,16.29269074,12.08475955,17.715516257492858,10.078347828210804,16.828558247445784,4.553875655927704,17.30345108154899,10.92128567214193,16.95142613118237,10.983480242522532,18.98644639,8.58953409
1999-08-13,1999-08-28,1999-09-10,west_south,22.9900011,14.31682547,train,23.03849497,5.30190108,24.14896622005846,15.35965964325767,23.487146178,3.5631136390361444,23.92266785712096,14.778006105878351,23.753463329682656,13.676052892078765,25.50096235,24.63820622
1999-08-27,1999-09-11,1999-09-24,central_north,14.21189086,17.81431001,train,16.5932125,26.15126034,17.14035753805645,29.09717419811176,17.123991471421686,15.297488431855417,17.165711112844484,27.281824224813963,16.89754817584112,28.386347642354874,24.87098616,40.58694965
1999-08-27,1999-09-11,1999-09-24,central_south,21.94696545,17.39209358,train,23.20017426,12.53367505,23.833379198792983,36.969413657317546,24.00181046168675,9.622725907493976,23.968900880825057,31.816234966300666,24.131244609804003,35.747246889414825,27.88531195,21.67719267
1999-08-27,1999-09-11,1999-09-24,east_north,15.48429486,89.39432225,train,16.25783751,36.20226217,17.064183331013,43.59704992510424,17.666414572433737,28.364373841566263,17.373676389804316,41.33210385054025,17.24507688357089,45.35469120363308,24.15515479,27.25811811
1999-08-27,1999-09-11,1999-09-24,east_south,21.49097023,92.26338033,train,22.17405283,47.82912289,23.51825173563177,53.222679809006955,23.142824690361447,42.89784902693976,23.502273771282486,52.88981641985244,23.310760212187255,55.3761936376782,27.61141379,41.06471428
1999-08-27,1999-09-11,1999-09-24,west_north,14.8424605,5.91051507,train,13.8019698,16.92338161,15.127116873878753,12.356389172892486,14.337837307445783,9.392497715927703,14.837123145967201,13.734965083031419,14.654071651948708,13.64088242231374,19.02761442,8.99214145
1999-08-27,1999-09-11,1999-09-24,west_south,21.40736358,22.24374971,train,21.45093854,4.26619601,21.966452124823245,13.40844950495368,21.899589748,2.527408569036144,22.035583391739873,12.666915064164481,22.101033352896174,11.160106151667097,24.18083214,28.64791732
1999-09-10,1999-09-25,1999-10-08,central_north,11.00380587,31.20618882,train,11.24411315,31.1795285,13.993607079032078,27.14807054079697,11.774892121421686,20.325756591855416,13.137192948899852,27.633639349104296,13.482595486181864,32.57828675281243,22.27937039,42.42179047
1999-09-10,1999-09-25,1999-10-08,central_south,20.36799838,20.45633214,train,20.21250662,16.96854894,21.319195812850033,36.13269415704074,21.014142821686747,14.057599797493978,21.280654454980052,32.185618187519964,21.403158838768352,36.0627235800014,28.97030158,20.44286471
1999-09-10,1999-09-25,1999-10-08,east_north,12.96924651,45.92919596,train,12.33545766,36.77183531,14.492904818632725,43.542231595966435,13.744034722433735,28.933946981566265,14.257940636997528,41.55260564278059,13.940691469585033,43.094534933108235,21.58618956,30.49754341
1999-09-10,1999-09-25,1999-10-08,east_south,21.15506221,79.25737738,train,20.23634596,48.52197336,21.40989074110196,46.04504185691887,21.205117820361448,43.590699496939756,21.452299640005254,47.27894630277861,20.976044904635344,46.36204338173374,28.20157486,30.00809581
1999-09-10,1999-09-25,1999-10-08,west_north,10.34828483,6.16848574,train,10.44157124,16.58840376,11.991714320626947,15.342913833217716,10.977438747445783,9.057519865927702,11.652178264677726,15.704764535177752,11.869636648894733,15.558611550441643,19.42728154,15.20450138
1999-09-10,1999-09-25,1999-10-08,west_south,19.96516663,0.66182442,train,19.3843147,2.05915499,19.31247493653397,11.082466739663895,19.832965908000002,0.3203675490361444,19.639175397911966,9.850923580337726,19.68652341816203,8.142123331645083,23.52250759,26.48836179
1999-09-24,1999-10-09,1999-10-22,central_north,10.35554438,12.92104498,train,9.39802711,31.46049855,10.45801096520105,25.21117148236568,9.928806081421685,20.606726641855417,10.309842709085142,25.40104993004787,10.285359729502002,26.439946996264094,21.03750227,32.6800608
1999-09-24,1999-10-09,1999-10-22,central_south,18.4033146,31.8026435,train,18.28491287,20.23882135,18.485179112133046,35.236959876339874,19.086549071686747,17.327872207493975,18.81543914349706,31.66304336485393,18.606685112030558,30.862508383306174,28.34115405,17.2792206
1999-09-24,1999-10-09,1999-10-22,east_north,10.56622023,43.6497795,train,9.05684399,29.03490609,11.59056101931223,43.28686383716202,10.465421052433737,21.197017761566265,11.171426717761502,39.01903274559234,11.15073684779112,36.09987384014829,20.8184866,41.36440586
1999-09-24,1999-10-09,1999-10-22,east_south,19.69550448,84.68116565,train,17.31617136,26.58282094,19.022782981005154,39.539951556425706,18.284943220361445,21.65154707693976,18.756413692946595,36.30754864576474,18.79454660557999,37.55839882085681,27.19776037,68.73965421
1999-09-24,1999-10-09,1999-10-22,west_north,9.1158153,4.55661442,train,6.95317232,21.70272851,8.59858392855563,18.64313789159854,7.489039827445784,14.171844615927704,8.240364480361617,19.202169660378875,8.818340954763183,17.942435482249813,19.11570258,12.52530903
1999-09-24,1999-10-09,1999-10-22,west_south,17.17040648,1.41407804,train,15.59003049,6.02487008,16.41152442925734,8.974024300629477,16.038681698,4.286082639036144,16.35328952150135,9.198985314900508,16.659154646208748,9.442289665782226,24.8702374,12.66583781
1999-10-08,1999-10-23,1999-11-05,central_north,8.62397214,5.80280837,train,5.1497157,32.80257247,6.771113798706626,23.119477909796885,5.680494671421687,21.948800561855418,6.36545354651589,23.993434194611044,6.833261684879129,23.333248830426076,20.99981436,32.70273917
1999-10-08,1999-10-23,1999-11-05,central_south,15.14367725,25.35455223,train,14.77645733,22.12842102,15.551748694351984,34.271413563852214,15.578093531686747,19.217471877493978,15.601497230634376,31.127274545392762,15.632647836969582,29.83962679983718,27.42019414,22.58873476
1999-10-08,1999-10-23,1999-11-05,east_north,8.63228944,36.43785358,train,6.15785594,44.16669058,8.516242976490346,42.61711470708576,7.566433002433736,36.328802251566266,8.159566731924336,41.98583823136414,8.209201258154904,39.121239198119596,20.81331694,40.03711127
1999-10-08,1999-10-23,1999-11-05,east_south,14.42432891,27.2439548,train,15.35066942,30.53314194,16.530563166776094,34.589045682810706,16.319441280361445,25.60186807693976,16.42412288977331,32.92721931918339,16.14779609323189,31.35264930306587,25.69559182,56.8967413
1999-10-08,1999-10-23,1999-11-05,west_north,7.16071229,19.23866999,train,3.97250083,26.02190758,5.260650612722236,21.8299304106979,4.508368337445783,18.491023685927704,5.04044062616849,22.16250206062285,5.674824384200955,19.374235653983973,16.13197281,14.99174707
1999-10-08,1999-10-23,1999-11-05,west_south,15.05369149,0.7197778,train,12.79824271,8.3800704,13.513020124413746,7.605621232061448,13.246893918000001,6.641282959036143,13.458282866013878,8.261620397680566,13.755085279355946,8.937813873693983,23.33054304,15.48640784
1999-10-22,1999-11-06,1999-11-19,central_north,9.25950849,1.8856423,train,3.0018963,21.93007408,3.1964603902858233,20.782149191891556,3.5326752714216867,11.076302171855417,3.329050037243604,18.48987203356409,3.4683440913721815,14.835438660562613,14.12996052,18.57282608
1999-10-22,1999-11-06,1999-11-19,central_south,16.52257798,0.29130805,train,13.23560229,22.06468313,12.760328054154503,33.25171434185483,14.037238491686747,19.153733987493975,13.275506425003151,29.399740655530348,13.055610262989472,24.76124866118143,22.59697196,21.26811481
1999-10-22,1999-11-06,1999-11-19,east_north,6.102489,6.86496905,train,3.92396109,37.90513251,5.455199962724997,41.403594905739986,5.332538152433736,30.067244181566267,5.382674842371085,38.65255171285499,5.344500406199949,33.36393290847663,16.15767646,94.09511644
1999-10-22,1999-11-06,1999-11-19,east_south,14.95357091,1.3902192,train,13.46105503,27.02795906,14.125754673745346,31.71274313157611,14.429826890361445,22.09668519693976,14.154114844088998,29.08454135638946,14.012577470058002,28.004074256820825,22.40737247,102.56749033
1999-10-22,1999-11-06,1999-11-19,west_north,7.12286434,19.68762081,train,1.45768911,37.44380085,2.269786990467446,24.52231704946622,1.9935566174457835,29.912916955927706,2.228303481582621,26.516266273911587,2.8176301372739676,25.015416049920987,14.94300482,5.59898832
1999-10-22,1999-11-06,1999-11-19,west_south,13.94514952,3.35980621,train,10.40880532,15.58900858,10.858261465280819,7.3085770177974885,10.857456528000002,13.850221139036144,10.86792915545578,9.291681633413821,10.913064261425077,8.509868572523148,21.82765932,17.17568511
1999-11-05,1999-11-20,1999-12-03,central_north,3.5646145,15.68213883,train,-1.30655746,36.63446755,-0.003159854738188833,18.237894558233183,-0.7757784885783133,25.780695641855413,-0.3473751436129342,20.393199127174274,0.06998656592539743,17.06928612998404,11.32776394,26.44495982
1999-11-05,1999-11-20,1999-12-03,central_south,12.40394302,16.89123432,train,10.93303909,35.24185092,10.343002555873824,32.22819350316716,11.734675291686747,32.33090177749398,10.872803627417284,31.51731114897837,11.09870148698585,31.218371567053968,20.31077491,16.10533117
1999-11-05,1999-11-20,1999-12-03,east_north,6.08813732,35.70170363,train,1.83434708,54.01457723,2.6063738113592194,39.64706831106885,3.242924142433736,46.176688901566266,2.833757158928953,40.858770590946875,2.988024665343432,41.16508018597257,13.89693499,48.34008757
1999-11-05,1999-11-20,1999-12-03,east_south,13.60384639,27.25293163,train,12.52178034,32.87139795,11.997582411310386,30.98681043263204,13.490552200361444,27.94012408693976,12.469471974427176,29.09391424740976,12.51244982092512,29.90166509462387,21.02367257,76.64032463
1999-11-05,1999-11-20,1999-12-03,west_north,1.73734279,33.89091687,train,-1.60895956,40.35153424,-0.14260763294531134,26.452305864271842,-1.0730920525542165,32.8206503459277,-0.5013597807050969,28.363526399332134,-0.36998294595467707,27.355705375296136,10.9121054,4.63334077
1999-11-05,1999-11-20,1999-12-03,west_south,8.73646353,1.49780893,train,7.47350609,13.76243117,8.649662401103628,8.14648579410478,7.922157298,12.023643729036143,8.294086833436538,9.065773685509496,8.079321365866583,6.53052705095792,20.35715845,6.83993697
1999-11-19,1999-12-04,1999-12-17,central_north,-0.60738947,23.49933737,train,-2.06974208,23.69283751,-2.5937274437208875,15.674632343520576,-1.5389631085783133,12.839065601855417,-2.221627518913154,14.02866766634116,-1.856220181914654,13.457765292818461,10.87707118,17.34660999
1999-11-19,1999-12-04,1999-12-17,central_south,8.65451781,43.28319544,train,9.13044358,28.72810158,8.492976044382559,31.28489016965888,9.932079781686747,25.817152437493977,8.989200204489617,28.518013082917133,9.131034699212513,26.493480812159266,19.12021697,36.05824701
1999-11-19,1999-12-04,1999-12-17,east_north,3.88795642,46.4372087,train,0.41982285,46.84517129,0.16585257969185108,37.4941744798383,1.828399912433736,39.00728296156627,0.7814615843709392,36.561264757618275,0.8652316821297699,37.81081802911987,10.63467766,40.18868796
1999-11-19,1999-12-04,1999-12-17,east_south,12.18926246,24.02447303,train,11.11661602,42.25407505,10.309578489931578,32.05852887194016,12.085387880361445,37.322801186939756,10.876501797408611,31.698361821785223,11.142449722599611,32.718578407626524,20.32125331,78.41570444
1999-11-19,1999-12-04,1999-12-17,west_north,-1.36109783,26.47756869,train,-1.46272108,44.48179376,-1.832335108724,27.505975211938722,-0.9268535725542164,36.950909865927706,-1.4554638298742053,29.065752215543124,-1.2994239647844643,31.20693176160579,9.37400546,6.51085696
1999-11-19,1999-12-04,1999-12-17,west_south,5.12075469,1.32253685,train,6.85346358,11.53243056,7.027877678439605,9.900975733831267,7.302114788,9.793643119036144,7.047347737040751,8.865718971147079,7.003831321057226,7.015116009722373,17.43465943,1.46183975
1999-12-03,1999-12-18,1999-12-31,central_north,-3.25288594,4.82369745,train,-4.23601989,33.04743395,-4.394725980038435,13.409300123423016,-3.705240918578313,22.193662041855415,-4.159301644477822,14.513488072140138,-3.7751025819258537,16.987321030791605,8.89414298,6.46085633
1999-12-03,1999-12-18,1999-12-31,central_south,7.06820352,14.15279885,train,7.79692214,43.86192044,7.341205798245075,30.529020788757222,8.598558341686747,40.95097129749398,7.773848733774897,31.496277519041055,7.951771111555673,31.776880520388882,15.20944528,25.54583977
1999-12-03,1999-12-18,1999-12-31,east_north,-3.26625794,11.4107168,train,0.25997615,57.23531738,-1.691649262046024,35.21866767433519,1.6685532124337359,49.39742905156626,-0.3457551041915772,36.65705629036009,-0.15541410024425062,39.682627318798566,8.77199649,38.22724359
1999-12-03,1999-12-18,1999-12-31,east_south,8.24109656,23.41868509,train,10.83598821,51.36935507,9.18088386746901,34.25685572608208,11.804760070361445,46.438081206939756,10.112457359286722,34.949289404924,10.35825009238058,35.19348251698342,14.93616452,36.86992323
1999-12-03,1999-12-18,1999-12-31,west_north,-1.51258187,7.38306205,train,-4.90536177,43.67403892,-2.751847637575248,27.730622223603827,-4.369494262554216,36.143155025927705,-3.451227769143178,29.275828536424452,-3.6064464386683204,25.80732721831875,7.54915033,17.74287093
1999-12-03,1999-12-18,1999-12-31,west_south,6.36316284,1.66107442,train,4.33739663,11.17152394,6.06068753408528,12.123000892866868,4.786047838,9.432736499036144,5.419785439160491,10.374784502950494,5.4074901626268685,6.37144826301404,15.31417257,0.61874899
1999-12-17,2000-01-01,2000-01-14,central_north,-2.71232311,13.41388907,train,-2.51126473,24.10442433,-5.304013899801829,11.812169079345228,-1.9804857585783133,13.250652421855417,-3.9538703178014094,9.73080190508731,-3.6417329510739496,13.43791933559848,9.46995056,0.7530214
1999-12-17,2000-01-01,2000-01-14,central_south,10.40468089,25.04142878,train,8.65884666,34.21587039,6.943077809915037,30.068128031397293,9.460482861686748,31.304921247493976,7.902725118003336,27.737314590890147,8.028354958878825,26.812733816542245,16.44660878,0.1155231
1999-12-17,2000-01-01,2000-01-14,east_north,1.39334433,37.37675447,train,-2.71685326,41.07718825,-2.843399363906567,33.1403317956164,-1.3082761975662642,33.239299921566264,-2.2567821624350817,31.080436143033563,-2.20730825170909,34.045521122917364,6.26069691,8.60369664
1999-12-17,2000-01-01,2000-01-14,east_south,12.22475215,35.29096815,train,9.87032879,29.9962292,8.671247294718569,36.8113772076608,10.839100650361445,25.064955336939757,9.402407353970638,30.903323645450488,9.139752797435381,33.88288896073588,14.74433392,1.29680385
1999-12-17,2000-01-01,2000-01-14,west_north,-1.97769617,35.88204189,train,-2.06523495,34.54440824,-2.9390289930644458,27.29587720330005,-1.5293674425542163,27.013524345927706,-2.3767220659241106,25.071660436786924,-2.6869275320404293,29.81556531148907,7.81150134,18.74811176
1999-12-17,2000-01-01,2000-01-14,west_south,5.17090338,2.96479761,train,5.85700592,9.19183167,5.744943327384875,14.270103530288969,6.305657128,7.453044229036143,5.891070405406345,10.387230479217763,6.09913450527666,10.75328690533457,14.37236109,3.32029369
1999-12-31,2000-01-15,2000-01-28,central_north,-6.37423815,7.46570437,train,-2.33937262,24.8963648,-5.259888232212328,11.322703273256762,-1.808593648578313,14.042592891855417,-3.80209101451542,9.226105482779031,-3.569688590738134,12.909702118665265,3.79552047,15.09401614
1999-12-31,2000-01-15,2000-01-28,central_south,8.26606072,15.98479241,train,10.6626854,29.04705505,7.290838279591431,30.014095900822728,11.464321601686748,26.136105907493977,8.979629581360797,25.4417507175605,9.243746194094456,25.486939695134534,12.5317336,12.9190708
1999-12-31,2000-01-15,2000-01-28,east_north,-9.28346968,18.88757337,train,-0.12543062,54.9913078,-3.167395856596743,31.692801748634835,1.283146442433736,47.15341947156627,-1.2747891497928898,32.49221452800525,-1.1738237737687165,30.978192848734952,6.3908865,35.90447874
1999-12-31,2000-01-15,2000-01-28,east_south,4.7409112,50.0064902,train,11.48401208,35.24692088,8.801176002587962,38.875784358179104,12.452783940361444,30.315647016939756,10.220726945541355,33.02959902446635,9.859409324290361,33.63186002554704,14.2096071,27.31203623
1999-12-31,2000-01-15,2000-01-28,west_north,0.18893609,35.99770568,train,-4.41172669,59.86737697,-2.494261151050857,26.481020296999635,-3.8758591825542164,52.336493075927706,-3.0142009910277707,31.69055525637351,-2.940932691630983,32.90555325830874,2.09137924,30.76826236
1999-12-31,2000-01-15,2000-01-28,west_south,10.80305959,12.92633426,train,5.36849796,23.75791268,6.029705305561198,15.696396192492319,5.817149168,22.019125239036146,5.930016058508776,15.20480279329771,6.2869607573910935,15.750348284643444,9.32029011,1.53110278
2000-01-14,2000-01-29,2000-02-11,central_north,-3.11837911,4.53429237,train,-3.57738775,31.56668221,-4.331629878723756,12.187619170816673,-3.0466087785783134,20.712910301855416,-3.701710687336786,12.104751584059404,-3.9738437278465746,13.733057915729415,0.80719628,23.95381184
2000-01-14,2000-01-29,2000-02-11,central_south,7.65002104,7.45549523,train,9.46998691,46.17999004,8.284755287247494,30.412201789028053,10.271623111686747,43.26904089749398,9.15282569598234,30.736408884784534,8.859806002831231,31.42741160046211,9.7343312,47.28423788
2000-01-14,2000-01-29,2000-02-11,east_north,-4.17435179,17.71392207,train,-1.40845279,55.57861552,-2.670683817279315,31.125665938045906,0.00012427243373602792,47.740727191566265,-1.4470068738579984,32.63776688785961,-1.6976125379602163,29.168170249239164,4.27722491,44.50466802
2000-01-14,2000-01-29,2000-02-11,east_south,7.13829906,19.62282193,train,11.74156424,44.65449478,9.505561798443058,39.99140413360847,12.710336100361445,39.72322091693976,10.829075571746724,36.29978197532337,10.536629790084824,35.24527910366875,12.20152742,23.19398928
2000-01-14,2000-01-29,2000-02-11,west_north,0.3478694,19.98685818,train,-5.08720825,33.32757817,-1.5639171015538798,25.55405922520142,-4.551340742554216,25.796694275927706,-2.7426117375688945,24.271170875779767,-2.141975372276849,25.41665696054853,-1.65071713,26.94598927
2000-01-14,2000-01-29,2000-02-11,west_south,9.07410217,6.69814704,train,4.12947785,25.54806412,6.807292564053607,16.021824513755867,4.578129058,23.809276679036145,5.936271926047178,16.36608935085252,6.752873662580613,12.982202453246575,5.22894621,1.35910461
2000-01-28,2000-02-12,2000-02-25,central_north,0.39617121,24.99505327,train,-3.11777153,34.16491478,-2.627971372589971,14.516026012083698,-2.5869925585783133,23.311142871855413,-2.4482817197177016,14.795061725027363,-2.9712604504808486,14.165465371963744,-3.97145922,5.85430315
2000-01-28,2000-02-12,2000-02-25,central_south,14.48224713,19.25488174,train,10.46198142,48.18114744,9.79380023719153,31.264645298389375,11.263617621686748,45.27019829749398,10.51608882045262,31.965834833381916,10.380096948238819,31.676121950696366,6.57990659,14.24459493
2000-01-28,2000-02-12,2000-02-25,east_north,0.36429735,47.61487372,train,-3.45979982,68.06084643,-1.3973286410190529,31.59434030935922,-2.051222757566264,60.22295810156626,-1.4700411402731297,37.29338640292981,-1.187091959501952,40.246346307481716,-3.15707927,12.9131735
2000-01-28,2000-02-12,2000-02-25,east_south,12.89602678,31.36234142,train,11.34703938,60.58473887,10.69274430697603,40.017911905508,12.315811240361445,55.65346500693976,11.456852533263852,40.99032515506521,11.164934048944346,38.207941514128734,8.00226604,24.24124321
2000-01-28,2000-02-12,2000-02-25,west_north,0.50749306,44.49696406,train,-1.05871421,35.07824082,-0.28322086496611004,24.728316126716948,-0.5228467025542165,27.5473569259277,-0.23996685007699448,23.16912096178848,-0.26221819619384057,21.10835009920166,-0.72928593,12.18835276
2000-01-28,2000-02-12,2000-02-25,west_south,9.05311495,32.80464625,train,8.39209963,14.46306539,7.96928844329604,15.072763626637784,8.840750838000002,12.724277949036145,8.44771392742165,11.6821896307646,8.473316839176032,13.800463270433177,6.61704314,1.68277406
2000-02-11,2000-02-26,2000-03-10,central_north,6.03967882,24.40026524,train,2.56933952,38.71256856,-0.30174744884672394,18.202591213471113,3.100118491421687,27.858796651855418,1.3416033115944073,17.635839152072048,2.2890836968526767,18.81509527715739,-1.99829175,12.96161323
2000-02-11,2000-02-26,2000-03-10,central_south,14.98563515,24.01945421,train,12.66427743,53.57502995,11.666618125894766,32.51392654869158,13.465913631686748,50.664080807493974,12.591045931588159,34.2612394515363,12.475318746591356,34.41518038825018,10.61478945,24.36180238
2000-02-11,2000-02-26,2000-03-10,east_north,6.42437155,16.05181538,train,1.24780307,59.64723871,0.5514668764388473,33.08471030801823,2.656380132433736,51.80935038156627,1.6712895936623327,35.32293028540546,1.9949711338105682,28.868309547597615,2.41154394,35.57973342
2000-02-11,2000-02-26,2000-03-10,east_south,15.60328162,14.08358436,train,12.92211876,40.50939974,12.247245154774575,39.20192969383749,13.890890620361445,35.57812587693976,13.041134352994028,35.16048532476927,13.17576856949892,35.324759237430754,12.31901126,34.41634261
2000-02-11,2000-02-26,2000-03-10,west_north,2.33308835,33.85228329,train,1.73780298,38.96502979,1.2408392084886888,24.111253554922364,2.2736704874457834,31.434145895927706,1.8827135925087486,23.426484414071613,1.667172001040338,20.225028538533564,-2.58289874,30.75266748
2000-02-11,2000-02-26,2000-03-10,west_south,8.30190451,27.08503136,train,10.18469391,13.780769,9.416346037322942,12.966547553525784,10.633345118000001,12.041981559036143,10.094946191363082,9.932638135473368,10.27091983076646,14.054862848702559,4.48667786,2.94499822
2000-02-25,2000-03-11,2000-03-24,central_north,3.53941796,23.27418733,train,3.02286587,44.23870324,2.4713277837692873,22.927005008596645,3.553644841421687,33.38493133185541,3.1717878152601733,23.447447075677722,3.325104974342607,21.246117466630057,-5.90079654,6.81121973
2000-02-25,2000-03-11,2000-03-24,central_south,13.41246266,59.16047035,train,14.72425525,42.91856754,13.754884607886222,34.04805263388989,15.525891451686748,40.00761839749397,14.676436732397363,32.785465560465724,14.824839781923782,37.33742867532075,9.48120696,7.98716272
2000-02-25,2000-03-11,2000-03-24,east_north,3.93413164,51.63491764,train,0.97883774,58.93260662,3.029507845549144,35.4110011970115,2.387414802433736,51.09471829156627,3.017607273762432,37.88150155438096,3.3975397227039594,35.41868314897937,-8.5768002,20.60930459
2000-02-25,2000-03-11,2000-03-24,east_south,14.24412815,60.79826831,train,13.63498798,48.96538912,14.047117833124943,38.10632023352974,14.603759840361445,44.03411525693976,14.430084195683893,37.16669150209863,14.405184231410338,35.92874471939773,5.98330161,50.25525852
2000-02-25,2000-03-11,2000-03-24,west_north,2.98793327,19.59520392,train,0.81646979,44.73601497,2.9432098516725067,23.68466365642195,1.3523372974457835,37.2051310759277,2.5308544886197546,25.730278869618843,2.970199283687484,27.05424112629036,0.67660983,39.48210591
2000-02-25,2000-03-11,2000-03-24,west_south,11.22669221,7.87242383,train,9.32384979,17.84764858,11.071266823445159,10.090462061050887,9.772500998000002,16.108861139036147,10.731856592109715,9.934607047056934,11.100913343969705,9.407310328835381,11.20830193,12.3058543
2000-03-10,2000-03-25,2000-04-07,central_north,6.53399463,14.41168611,train,6.97977947,47.12892436,5.512233000434924,28.19693465295598,7.510558441421687,36.27515245185542,6.581106014680025,28.036393532066274,7.111790948621074,28.530231773845816,-3.56513921,4.56546257
2000-03-10,2000-03-25,2000-04-07,central_south,16.32812929,52.25180776,train,16.72507773,42.23503166,15.931020048366662,35.716077420869894,17.526713931686746,39.32408251749398,16.77190940791837,34.23172546482333,16.748934080574696,37.245479676705145,5.69518552,16.14056258
2000-03-10,2000-03-25,2000-04-07,east_north,7.94836962,43.45035761,train,5.12311983,61.74984758,5.861715813402734,38.2491998889469,6.531696892433736,53.911959251566266,6.382686717280381,40.545274478360994,6.806091142476649,37.002733556546644,-5.92918138,14.75123065
2000-03-10,2000-03-25,2000-04-07,east_south,16.53478696,36.30994548,train,16.39068067,53.47802649,15.978317846146311,37.460328777823136,17.359452530361445,48.54675262693976,16.708716564054146,37.98021405937146,16.703990843037356,34.43209577096219,5.45018081,20.07853158
2000-03-10,2000-03-25,2000-04-07,west_north,6.45160404,9.28039617,train,4.31490364,42.91785926,4.799312061138056,23.317968156137365,4.8507711474457835,35.386975365927704,5.068240030509893,24.825700266497012,5.033817119422648,23.127843002674528,-0.17814236,17.39694836
2000-03-10,2000-03-25,2000-04-07,west_south,13.65700062,7.74979923,train,11.14212523,24.35010399,12.882016191558554,7.018924178349019,11.590776438,22.611316549036147,12.547968609948892,9.750007412078045,12.686988275349215,8.656678437017291,8.50637888,4.23933302
2000-03-24,2000-04-08,2000-04-21,central_north,7.1482967,28.66113681,train,8.52307161,43.62199334,8.653285617414538,33.42642146305693,9.053850581421687,32.76822143185542,8.988727227123729,31.814117851050757,8.861004803799915,32.02218318386767,-1.54441611,20.47365498
2000-03-24,2000-04-08,2000-04-21,central_south,17.12708788,24.29528524,train,18.10464511,47.46808775,18.09715533981318,37.35101251235157,18.906281311686747,44.55713860749398,18.577356439810494,37.533460739877654,18.287745100164965,34.84172163843844,13.96579022,17.11918352
2000-03-24,2000-04-08,2000-04-21,east_north,7.70788564,56.69547949,train,6.62194195,50.25300926,8.861525355626853,41.198933801880266,8.030519012433736,42.415120931566264,8.672428821264486,40.5031180963409,9.176357395810896,39.895419639878625,-0.88620096,48.27878233
2000-03-24,2000-04-08,2000-04-21,east_south,16.60590931,40.31867378,train,17.33425191,52.27188935,17.94359539847386,37.96593144635876,18.303023770361445,47.34061548693976,18.205659128552487,38.84469069468172,18.084056317782604,34.75121229465297,12.38911231,31.43094439
2000-03-24,2000-04-08,2000-04-21,west_north,8.67098342,22.34478632,train,7.0619621,25.29200392,6.809691316091849,22.81107402605823,7.597829607445783,17.761120025927703,7.312293404963281,20.020843414414955,6.836568816363498,20.475885690357668,0.67231393,43.58318919
2000-03-24,2000-04-08,2000-04-21,west_south,15.5178119,9.89259844,train,15.2350467,6.84741509,14.814829641840742,4.387388611048945,15.683697908000001,5.108627649036144,15.30643972200724,2.9496510721355698,14.768140545444307,6.390465201609841,9.65973903,31.53875709
2000-04-07,2000-04-22,2000-05-05,central_north,13.71932126,20.5050661,train,12.04191023,62.52611514,11.746034835934797,38.03382226797175,12.572689201421685,51.67234323185542,12.205881428343112,40.49071570447592,11.873781513132236,37.90053704940304,7.40144405,26.0999517
2000-04-07,2000-04-22,2000-05-05,central_south,19.77341274,44.04505173,train,20.61470048,46.5229775,20.184467510310615,38.795555986020894,21.416336681686747,43.61202835749398,20.77127674246862,38.761214033371985,20.324686231210055,37.23922812552861,15.24493961,24.77743665
2000-04-07,2000-04-22,2000-05-05,east_north,10.34741794,35.78984117,train,10.91114445,55.33276265,11.846905507781532,43.86040972288477,12.319721512433736,47.494874321566265,12.121921778174457,43.808728013130064,12.046734737833358,44.93762951817513,6.58561562,16.61128683
2000-04-07,2000-04-22,2000-05-05,east_south,17.47901716,27.305723,train,19.56225355,34.45760326,19.864871719424126,40.10605702276597,20.531025410361448,29.526329396939758,20.161272926340374,36.191696615868935,20.26028647478105,35.16418960712875,15.16561951,13.89864544
2000-04-07,2000-04-22,2000-05-05,west_north,10.573896,12.42973189,train,7.80079722,33.46915383,8.975480770993679,21.956273964437468,8.336664727445783,25.938269935927707,8.817914536940823,22.53263280750528,8.728005986661595,23.624001436107168,2.15782783,34.51987048
2000-04-07,2000-04-22,2000-05-05,west_south,18.73481604,0.86463748,train,15.92797295,4.01561576,16.840059864744564,2.751408381749645,16.376624158,2.2768283190361442,16.69292210158917,1.9593835348383788,16.078057338288836,4.2407815053677,8.04301751,29.03037103
2000-04-21,2000-05-06,2000-05-19,central_north,14.34629622,44.18583494,train,13.97829807,50.64231075,14.66235262726629,41.53905095154979,14.509077041421685,39.78853884185541,14.587135807894832,40.7208682347392,14.078689477689014,42.70366576840598,1.96722683,21.64052197
2000-04-21,2000-05-06,2000-05-19,central_south,23.57488924,19.3579706,train,21.8026594,32.62233686,22.14436024366467,39.92549237697853,22.604295601686747,29.711387717493974,22.299968593413325,36.769536566303486,22.218644733049572,41.01322975715455,13.20733783,51.11505681
2000-04-21,2000-05-06,2000-05-19,east_north,16.25156041,54.44080142,train,12.98438974,50.44150779,14.652886017248507,45.909722293432026,14.392966802433735,42.60361946156627,14.507831193707336,44.7416731265039,14.440579573198917,46.27192465444905,3.78396699,53.83357273
2000-04-21,2000-05-06,2000-05-19,east_south,23.0205874,4.16332614,train,20.4491471,40.49372219,21.679698535859206,44.00017283709776,21.417918960361447,35.56244832693976,21.528023443543002,41.60325866860367,21.316919462535697,40.48966730773094,14.83274906,60.92211064
2000-04-21,2000-05-06,2000-05-19,west_north,9.83734589,28.40935902,train,11.25342656,24.16116211,11.271670256805615,20.604160724644547,11.789294067445782,16.630278215927703,11.481390262754381,19.235305313000595,10.925802405405303,21.22761867568516,2.47777722,21.94393041
2000-04-21,2000-05-06,2000-05-19,west_south,18.64054722,1.31572599,train,18.85735689,3.27374771,18.915245849096742,2.462710542410835,19.306008098,1.5349602690361441,19.033878917112997,1.8505486742262462,18.606925287522273,4.7326455222512624,10.79860546,8.15784941
2000-05-05,2000-05-20,2000-06-02,central_north,16.95746503,39.4529353,train,16.83542158,65.03970049,17.290361420782727,43.64001875040721,17.366200551421684,54.18592858185542,17.236576387082103,46.50370122848642,16.731039101293735,47.498507998205696,7.16496039,17.94005706
2000-05-05,2000-05-20,2000-06-02,central_south,25.60544579,39.33544453,train,24.30664141,33.63285565,23.93490942025906,40.66615449300638,25.10827761168675,30.72190650749398,24.310476664357417,37.97190078867793,24.404553119685747,41.96911167275445,16.08842694,61.6265307
2000-05-05,2000-05-20,2000-06-02,east_north,15.40691763,46.80309663,train,16.83581545,50.65498315,17.13940595806274,47.156299243824165,18.244392512433734,42.817094821566265,17.467062859342363,45.79326753600051,16.84510523338533,48.07456558975137,7.93715439,42.44807674
2000-05-05,2000-05-20,2000-06-02,east_south,24.18482904,34.53531107,train,23.12953689,42.70926389,23.333836374321457,49.34209041110084,24.098308750361447,37.77799002693976,23.55275714316582,46.47028384285166,23.12837548553945,46.39292561940101,16.29292206,36.4858223
2000-05-05,2000-05-20,2000-06-02,west_north,14.97357524,12.91002104,train,11.92577544,34.45374861,13.625792177795528,18.717479257749986,12.461642947445783,26.9228647159277,13.045744740169468,21.62082162207525,12.972033171405037,21.85586619275008,6.07667717,10.51358703
2000-05-05,2000-05-20,2000-06-02,west_south,23.78971507,0.77136816,train,19.31637292,4.06699262,20.97062359761494,3.5903432114183804,19.765024128,2.3282051790361438,20.335536270878837,3.986333594056209,20.38746698567759,6.800018539788976,12.80195601,9.8463717
2000-05-19,2000-06-03,2000-06-16,central_north,19.02128881,42.87519095,train,19.02758575,62.05437562,19.52804331788995,44.25277224795926,19.558364721421686,51.20060371185542,19.369815512505532,46.67518774726108,19.213239382928567,48.48903371320401,6.66766797,20.40858871
2000-05-19,2000-06-03,2000-06-16,central_south,24.71531761,51.91092062,train,25.20956469,41.73972749,25.507078918335033,40.99888239846171,26.011200891686748,38.82877834749398,25.555490769483875,41.171533005608424,25.79662311601265,43.995809666392745,17.27263301,23.69497873
2000-05-19,2000-06-03,2000-06-16,east_north,17.95557048,56.39065655,train,18.36903631,59.58511519,19.194412609812648,47.57034979435063,19.777613372433734,51.74722686156627,19.244499391617275,49.14952399031496,18.586548540203523,48.83885969276221,7.53113202,46.00572546
2000-05-19,2000-06-03,2000-06-16,east_south,24.78459771,36.44576444,train,24.31951515,63.01786289,24.772889298089154,55.436164740062765,25.288287010361447,58.08658902693976,24.883464927471543,57.07157006131415,24.90812207358176,59.42313468843449,16.30610511,39.62895539
2000-05-19,2000-06-03,2000-06-16,west_north,16.13436673,15.66712442,train,15.78756198,18.38809198,15.908433438651516,16.3995159904974,16.323429487445782,10.857208085927702,15.870358340194286,15.621083639202713,15.85592116707583,16.883320396289264,8.13825752,22.34586462
2000-05-19,2000-06-03,2000-06-16,west_south,24.02951985,2.92120603,train,23.41669712,2.84650151,22.901769790335486,5.904769379208223,23.865348328,1.1077140690361442,23.10628514587717,5.225729648990608,23.79847370312532,5.033222915642245,15.60499665,9.66457184
2000-06-02,2000-06-17,2000-06-30,central_north,19.09793979,57.88413975,train,23.1883833,42.95626106,21.277823621191374,43.50784641424123,23.719162271421688,32.10248915185542,22.04836841170724,40.75719397421868,22.121741033199264,38.124218354541995,12.19492588,30.01604481
2000-06-02,2000-06-17,2000-06-30,central_south,25.95876621,66.29943609,train,26.57328424,37.61908322,26.795189812857494,40.95661771642315,27.374920441686747,34.70813407749398,26.837276327053004,40.560495198014905,27.07892281524529,40.22130083590808,19.18572275,34.25594925
2000-06-02,2000-06-17,2000-06-30,east_north,20.37411119,57.83911331,train,21.37679066,47.29771254,20.733166332188546,47.27498888579816,22.785367722433737,39.459824211566264,21.337438210862523,45.70313746142706,21.509598540952133,45.638899758848495,9.32144409,46.05240475
2000-06-02,2000-06-17,2000-06-30,east_south,26.14198837,77.21659365,train,25.57741858,63.25362952,25.9360950421495,61.32558207184103,26.546190440361446,58.322355656939756,26.077339839746497,62.04195241194951,26.19292773076464,62.1410139766342,17.20683203,25.92459542
2000-06-02,2000-06-17,2000-06-30,west_north,17.79955334,8.56359587,train,17.12380896,12.02761256,17.939232125552625,13.889415554549993,17.659676467445784,4.496728665927704,17.53978138836153,12.71411314468536,17.723059485086956,13.960678028453213,10.35167159,11.65748185
2000-06-02,2000-06-17,2000-06-30,west_south,24.74011909,18.71701039,train,24.31159258,1.60549445,24.5723934520711,8.928538297307187,24.760243788,0.0,24.417522011410416,7.874236251327314,25.000399416157546,7.861535994332895,18.08732961,1.16941413
2000-06-16,2000-07-01,2000-07-14,central_north,23.87407269,46.67651617,train,21.35501789,40.72580622,22.445013996421878,41.70497590346378,21.885796861421685,29.87203431185542,21.95050952700209,40.19757577815275,22.413331282033752,39.06709974677321,15.45068297,32.02026608
2000-06-16,2000-07-01,2000-07-14,central_south,28.34695491,14.87025984,train,26.01582014,39.90314287,27.71500609670781,40.61013524287983,26.817456341686746,36.992193727493984,27.149229974511456,41.82685280665157,27.07776023380803,41.25547784954952,23.58487945,23.00351587
2000-06-16,2000-07-01,2000-07-14,east_north,20.12352147,31.82789898,train,19.90032208,49.66537378,21.695421634736554,46.50567540627705,21.308899142433734,41.82748545156627,21.287076952545576,46.9797489100396,20.865031052896697,46.143026044995835,16.58910794,38.76457515
2000-06-16,2000-07-01,2000-07-14,east_south,26.56216456,40.81021333,train,25.41774465,61.23062686,26.75475666013635,65.98527529396945,26.386516510361446,56.29935299693976,26.506890619714497,65.75130445302587,26.34235403207897,62.85806944358785,22.46865039,5.9252575
2000-06-16,2000-07-01,2000-07-14,west_north,18.57222994,9.66194377,train,20.95796762,14.65821653,19.508348104615184,11.524404298325434,21.493835127445784,7.127332635927705,20.0434905232727,11.264966824098352,20.815029490235286,8.138301268141255,9.82149383,26.7829542
2000-06-16,2000-07-01,2000-07-14,west_south,24.53341342,8.46086423,train,25.99742486,13.46820293,25.827850873835093,12.04209375596362,26.446076068,11.729415489036144,25.881537509703037,13.584343437759898,26.210112110199894,15.255078336573103,19.05666289,1.1513215
2000-06-30,2000-07-15,2000-07-28,central_north,20.97167571,32.93782432,train,22.26502118,40.86555336,22.94184112211845,39.23737016108007,22.795800151421687,30.011781451855416,22.654717736178196,38.588121752452096,22.947252389413645,36.54080462277862,16.34182827,43.24014574
2000-06-30,2000-07-15,2000-07-28,central_south,28.29434698,16.0663722,train,26.77830708,31.15991522,28.170845778809472,40.04840708547115,27.57994328168675,28.248966077493975,27.75859237269235,39.32761242886892,27.669917446779838,36.0279710072634,25.17929634,41.29622262
2000-06-30,2000-07-15,2000-07-28,east_north,19.27880281,54.25118369,train,21.00157294,46.55259375,22.042401756258915,45.54691890804882,22.410150002433735,38.714705421566265,21.987088410967925,45.54667408702245,21.836339794018155,44.969218331760814,14.6612402,62.37794944
2000-06-30,2000-07-15,2000-07-28,east_south,26.04098256,68.94339002,train,25.98058495,53.66747193,27.15656126643097,68.5369993400179,26.949356810361447,48.73619806693976,27.01415855716774,65.93733946903134,26.785700614413052,62.59469093647206,24.09279254,34.02132561
2000-06-30,2000-07-15,2000-07-28,west_north,20.82149433,4.91997409,train,20.93820574,15.00139701,20.409651461863785,9.67655634265027,21.474073247445784,7.470513115927704,20.584276605330867,10.538047112902056,20.934836426663885,8.519982791411945,14.74584787,14.90171573
2000-06-30,2000-07-15,2000-07-28,west_south,27.19428022,4.97631213,train,25.95569385,12.71720859,26.517318450916516,14.620805308638364,26.404345058,10.978421149036144,26.307148425362435,15.835106208629377,26.138813623013935,17.9993733420193,23.03042952,0.57095924
2000-07-14,2000-07-29,2000-08-11,central_north,23.36473974,33.36207871,train,21.82580626,38.17276977,22.697155307838578,36.50321834681821,22.356585231421686,27.31899786185542,22.38787471752804,36.12401166474453,22.461206707605744,34.438028949084824,18.911417,42.78780202
2000-07-14,2000-07-29,2000-08-11,central_south,28.1666056,25.85602078,train,27.10959005,33.81162173,28.070795162966892,39.35777148115316,27.91122625168675,30.900672587493975,27.909914238746385,39.57473414913518,27.831975976209286,36.20295510907658,24.64817738,48.10956552
2000-07-14,2000-07-29,2000-08-11,east_north,21.5835586,66.48359456,train,20.98780494,60.44273618,21.75522122939821,44.66121856709547,22.396382002433736,52.60484785156626,21.91031852395718,48.700435122966056,21.932144752712603,46.96498588717219,17.78248528,48.1548306
2000-07-14,2000-07-29,2000-08-11,east_south,26.64714052,71.62479443,train,25.5972778,72.15137615,27.075456180106237,68.43867364502155,26.566049660361447,67.22010228693976,26.90724881887471,71.04585867879017,26.967409798125512,68.26833393276748,24.56242303,28.5664279
2000-07-14,2000-07-29,2000-08-11,west_north,22.50796881,3.5155427,train,21.15261351,11.38873425,20.47891699312868,8.67771221827446,21.68848101744578,3.857850355927705,20.76800923924899,8.96503862122145,21.083315592221936,7.782822483695645,15.83300806,14.70974017
2000-07-14,2000-07-29,2000-08-11,west_south,26.91965218,11.13276272,train,26.14485542,8.3135192,26.520329196372117,16.172267695197178,26.593506628,6.574731759036144,26.44980034995307,15.948606672647049,25.899793494714896,15.766388668706274,23.50259218,3.26993893
2000-07-28,2000-08-12,2000-08-25,central_north,22.15421101,29.73202044,train,21.04278274,40.96564381,21.670202314447774,33.82450537479643,21.573561711421686,30.11187190185542,21.547386575131668,34.896236640888844,21.513814099708902,33.85246245300222,18.76310732,64.54832429
2000-07-28,2000-08-12,2000-08-25,central_south,28.43500106,7.99345275,train,26.58129438,34.09080965,27.346942740559037,38.604680420865016,27.382930581686747,31.179860507493974,27.34471464248421,39.084800179312836,27.37135321191907,38.074444143996914,26.08354971,63.98516124
2000-07-28,2000-08-12,2000-08-25,east_north,18.54096516,37.90730649,train,19.49179352,44.43980613,20.83571580982667,44.02676985373558,20.900370582433737,36.601917801566266,20.8027991335254,44.2711938233229,20.36923585982134,45.11038541374222,20.84968859,60.67709061
2000-07-28,2000-08-12,2000-08-25,east_south,25.44636672,34.18456158,train,24.95509092,72.93960494,26.46521482799316,65.60551131328299,25.923862780361446,68.00833107693975,26.351943760166453,69.19768540794063,26.398633493930383,68.45967241503524,26.45866706,65.5009629
2000-07-28,2000-08-12,2000-08-25,west_north,19.13060678,6.31574225,train,19.1880532,12.1929188,19.628836061504668,8.749082272594526,19.72392070744578,4.662034905927704,19.535244938602894,9.668841238799692,19.30012576307538,9.421675053733322,17.20477637,10.62499888
2000-07-28,2000-08-12,2000-08-25,west_south,25.45713633,15.76624896,train,25.10211759,9.27646082,25.772083614788066,16.44290385601137,25.550768798,7.5376733790361445,25.660049100258618,16.56316994475855,25.177701703052566,15.854304745662834,25.07135058,13.84309501
2000-08-11,2000-08-26,2000-09-08,central_north,21.68187779,20.21134618,train,19.79360924,28.15174665,19.865464073629287,31.391069202686538,20.324388211421685,17.297974741855416,20.029539712015257,29.50484798040684,19.89827072886125,28.815261397937963,23.13646351,47.73682657
2000-08-11,2000-08-26,2000-09-08,central_south,28.90940511,12.8578815,train,25.48085616,26.55995803,25.97606760701311,37.82581382452949,26.282492361686746,23.649008887493977,26.14337414064029,36.347604170645326,26.306195896510605,41.11804700049109,27.76815655,22.43012182
2000-08-11,2000-08-26,2000-09-08,east_north,19.41609543,28.68506585,train,18.03571473,38.89348422,19.30969107682477,43.69826220157423,19.444291792433734,31.055595891566263,19.37176788027203,42.4825264261754,19.029141993425995,46.904288108508226,19.74739904,37.02849771
2000-08-11,2000-08-26,2000-09-08,east_south,24.58825562,100.5868019,train,24.35363886,48.71809696,25.31368989650568,60.43549918341933,25.322410720361447,43.786823096939756,25.437513254876098,58.653256040864065,25.447222497983777,61.719567512803096,26.32771162,47.18087143
2000-08-11,2000-08-26,2000-09-08,west_north,15.39903822,19.33448069,train,17.73122343,14.96561024,17.873014652097762,9.951259031386746,18.267090937445783,7.434726345927705,17.99647184214518,11.181541153098351,17.755361602461598,10.94304656093081,18.40628764,9.95965099
2000-08-11,2000-08-26,2000-09-08,west_south,22.50302393,15.56077092,train,23.47066729,5.82854509,24.281896523421295,15.46992730617114,23.919318498000003,4.0897576490361445,24.177312530327402,14.912139951968886,24.002901053617762,13.679496499230606,24.37909224,11.8169179
2000-08-25,2000-09-09,2000-09-22,central_north,17.58508152,26.82650607,train,17.76292909,38.96361085,17.344869796770443,29.241629530126115,18.293708061421686,28.10983894185542,17.794068922824145,30.480348675951173,17.667725737119884,30.36086570892272,21.21657124,28.61826261
2000-08-25,2000-09-09,2000-09-22,central_south,25.29317563,22.91844311,train,25.03403865,30.43857028,23.99577235746638,37.02750765789221,25.835674851686747,27.527621137493977,24.86093758721293,36.076452349582325,25.03159953585231,41.45646117247662,28.46139002,17.55358532
2000-08-25,2000-09-09,2000-09-22,east_north,17.06852383,45.55063497,train,17.17974188,33.69145726,17.231638812036813,43.59961081811343,18.588318942433737,25.853568931566265,17.84967038311799,40.44592863865334,17.98895361427928,44.36131245709693,19.24693041,46.9160429
2000-08-25,2000-09-09,2000-09-22,east_south,23.39077706,56.73918792,train,24.21501854,43.64475227,23.65429472993946,53.73307342716196,25.183790400361445,38.71347840693976,24.427789311202943,51.573627857236886,24.691536310201055,54.64649707278605,26.09695862,78.48946796
2000-08-25,2000-09-09,2000-09-22,west_north,15.90809647,11.59123632,train,13.93612938,17.02246075,15.333258181732898,12.165993522542905,14.471996887445783,9.491576855927704,15.008921908057783,13.655445289515736,14.822829564105405,13.507219201901673,20.75180541,4.80813315
2000-08-25,2000-09-09,2000-09-22,west_south,23.98250573,2.2650281,train,21.47219159,6.5691861,22.14036839276878,13.567170658109477,21.920842798000002,4.830398659036144,22.147332359982848,13.461117064619156,22.190168644008374,11.485862631950411,26.93243609,5.87024694
2000-09-08,2000-09-23,2000-10-06,central_north,12.04985397,29.80906741,train,13.94730324,28.58269852,14.23383494520484,27.28470649416951,14.478082211421686,17.728926611855417,14.402465724642955,26.275689933784296,14.067833220298752,26.996358896934748,23.13331938,37.77631259
2000-09-08,2000-09-23,2000-10-06,central_south,20.91844979,25.02634084,train,21.45589086,16.16198158,21.511762999882,36.1941773250964,22.257527061686748,13.251032437493976,21.911564592389936,31.707057049482682,21.912447999999078,33.70153454934891,28.04614778,23.40242857
2000-09-08,2000-09-23,2000-10-06,east_north,13.03647969,48.01595439,train,12.68615252,35.59460356,14.689236666807876,43.54997776387167,14.094729582433736,27.756715231566268,14.516443998459852,41.22397528170774,14.22831891971127,43.03463846612911,21.60723821,68.39196338
2000-09-08,2000-09-23,2000-10-06,east_south,21.57571128,62.02239234,train,20.54018379,51.28516359,21.571597059890568,46.547537108904585,21.508955650361447,46.35388972693976,21.680646668964673,48.370062556706245,21.165321858469504,47.206247446443015,26.5094654,67.27093494
2000-09-08,2000-09-23,2000-10-06,west_north,10.9425537,11.8943667,train,11.87906007,17.66703038,12.227886087537945,15.114138591182366,12.414927577445782,10.136146485927704,12.390990459334681,15.453546199978732,12.175866507507628,14.829757170719702,22.60754841,3.41791998
2000-09-08,2000-09-23,2000-10-06,west_south,20.71145173,3.88175945,train,19.48143669,9.34794821,19.5131129690687,11.248334387138135,19.930087898,7.609160769036144,19.809710333797078,11.961410920041633,19.877996732703384,8.72591116602311,27.1406092,9.53030706
2000-09-22,2000-10-07,2000-10-20,central_north,10.6325029,13.01053685,train,10.48703931,32.69392623,10.718591746812908,25.352952947002457,11.017818281421686,21.84015432185542,10.920321602913877,25.59150516583951,10.67326686201146,25.527296722595175,22.29197216,27.99515494
2000-09-22,2000-10-07,2000-10-20,central_south,15.62685207,29.63108935,train,18.83383063,19.15417635,18.693705094344153,35.30325003624604,19.63546683168675,16.243227207493977,19.166658187647023,31.349309881483027,18.931994495817406,29.86260725599872,28.47483049,10.57802367
2000-09-22,2000-10-07,2000-10-20,east_north,10.26006581,20.85100164,train,10.51280698,38.32429566,11.80563164000931,43.31665828478084,11.921384042433736,30.486407331566262,11.924598980089403,41.13094209670314,11.626635122759918,40.02249668860473,18.72451425,36.81332297
2000-09-22,2000-10-07,2000-10-20,east_south,16.32876166,4.55795994,train,18.60547964,44.3240696,19.19899034733027,39.96175003843531,19.574251500361445,39.39279573693976,19.43480512433838,40.99371845364601,18.82759072204945,38.38228374242746,25.53138424,36.14459519
2000-09-22,2000-10-07,2000-10-20,west_north,8.8054002,20.80910735,train,7.87275546,22.8998144,8.842809876534115,18.406193517209314,8.408622967445783,15.368930505927704,8.769700067069369,19.15283139528832,9.10235583994562,17.221247600893605,19.23239784,5.77976541
2000-09-22,2000-10-07,2000-10-20,west_south,15.28828451,20.55100723,train,16.29362026,8.10862708,16.621640498311592,9.105429460450953,16.742271468000002,6.369839639036144,16.776056580933535,9.722175350632476,16.955410363373325,8.522008208262974,25.66429787,15.61017504
2000-10-06,2000-10-21,2000-11-03,central_north,12.00576253,39.47156796,train,7.26888419,36.73127737,7.0339254053422255,23.276601745525124,7.7996631614216865,25.877505461855417,7.414817094735002,24.581193227320714,7.457784629981495,23.868558170703654,22.20213162,21.60166473
2000-10-06,2000-10-21,2000-11-03,central_south,19.79347423,53.50545576,train,15.58212923,45.51538467,15.759449780995833,34.342550873509744,16.383765431686747,42.604435527493976,16.105569209732053,37.21074917704729,16.10127067995023,38.26696834267874,29.36660925,11.20552096
2000-10-06,2000-10-21,2000-11-03,east_north,10.30154805,7.24983595,train,7.19854814,37.70321572,8.737704216017317,42.682120115304215,8.607125202433735,29.865327391566268,8.715570085639133,40.09672524993276,8.486789175683423,36.0017851127716,19.77130242,36.94780405
2000-10-06,2000-10-21,2000-11-03,east_south,18.02565985,1.70913097,train,15.82991306,24.66108198,16.707996214327036,34.87759135642404,16.798684920361445,19.729808116939758,16.72251440530253,31.53426026974162,16.49184777695578,29.6712298267456,25.06324017,97.17693225
2000-10-06,2000-10-21,2000-11-03,west_north,5.26326812,28.9737582,train,4.5085761,27.16466029,5.490757877842792,21.614697070249722,5.044443607445784,19.633776395927704,5.402941487832314,22.24028287164712,6.003950213086013,19.23203373269443,16.19323295,19.25487041
2000-10-06,2000-10-21,2000-11-03,west_south,11.4010634,40.62378966,train,12.61918283,14.11683462,13.714674843137265,7.670344597133921,13.067834038,12.378047179036145,13.514862621888007,9.988232404836568,13.876420934730636,10.139828579974381,22.59424513,17.36049427
2000-10-20,2000-11-04,2000-11-17,central_north,-0.68442852,33.4966821,train,1.11752706,33.41737427,3.442368397058194,20.95727281228901,1.6483060314216869,22.56360236185542,2.70705342917264,22.375584872667307,3.0479113507550135,18.404790087821137,18.78460439,22.73446962
2000-10-20,2000-11-04,2000-11-17,central_south,9.77182899,85.6706986,train,13.05835689,34.88137481,12.949901110453405,33.32547906898935,13.859993091686748,31.970425667493974,13.339040007828832,33.00261916296006,13.466884252820282,33.36500565273094,25.32805009,20.98654653
2000-10-20,2000-11-04,2000-11-17,east_north,6.53182179,33.84956891,train,3.73346993,45.54003226,5.669190758205878,41.50912713615374,5.142046992433736,37.70214393156626,5.444874620215679,40.9169992370942,5.586695540127208,37.563847107522804,17.49257843,40.50436257
2000-10-20,2000-11-04,2000-11-17,east_south,14.55168857,29.15505214,train,14.39768745,25.39608934,14.290497613027473,31.845175194302797,15.366459310361444,20.46481547693976,14.64418800668949,28.547108341366982,14.375950035756897,26.431580057011768,23.22551244,52.47959315
2000-10-20,2000-11-04,2000-11-17,west_north,-3.32779259,14.33590484,train,0.49095209,37.69614505,2.4665236466307765,24.35293266078783,1.0268195974457834,30.165261155927702,1.9418744673906017,26.870488455935547,2.3281947141158983,24.24655115439861,16.66816214,8.08808718
2000-10-20,2000-11-04,2000-11-17,west_south,5.90552055,13.80991886,train,9.95994847,28.07861922,11.035177618256139,7.291254565537703,10.408599678000002,26.339831779036146,10.809916150751345,12.825536326078836,10.76921523264997,14.466025677692489,24.20309681,2.46064723
2000-11-03,2000-11-18,2000-12-01,central_north,-2.24249364,9.47461289,train,-3.05464414,32.13758046,0.2077043578500344,18.423313877967587,-2.5238651685783133,21.28380855185542,-0.9621280435076016,20.004659990113336,-1.4181787386979159,14.321867055648,13.07830673,27.7323352
2000-11-03,2000-11-18,2000-12-01,central_south,8.17673183,51.77762867,train,8.01814796,51.06147333,10.498833042083643,32.29980484529767,8.819784161686748,48.15052418749397,9.775674528754859,36.78355590669521,9.487931381368576,38.30903097185008,21.62483126,24.41393089
2000-11-03,2000-11-18,2000-12-01,east_north,-0.01333966,25.44086044,train,1.45111606,51.92042939,2.798565506756315,39.78822597556268,2.859693122433736,44.08254106156627,2.784197034736337,40.630284442316736,3.0269682635809816,39.91581860601377,13.27880076,39.47568156
2000-11-03,2000-11-18,2000-12-01,east_south,8.86117814,42.37417942,train,12.42172633,53.32307184,12.136718299230223,30.972694930370125,13.390498190361445,48.391797976939756,12.549467882747066,34.612553749465036,13.040590279035488,38.43573004504432,21.683074,75.19487831
2000-11-03,2000-11-18,2000-12-01,west_north,-1.64110998,11.7355183,train,-4.3079489,32.18912755,0.006897106651604555,26.343107133176257,-3.7720813925542167,24.658243655927706,-1.5555559722801515,27.081954839581957,-2.451218327322411,24.111350910602035,11.20389508,16.03978137
2000-11-03,2000-11-18,2000-12-01,west_south,7.50649092,1.45140194,train,4.51054804,17.27296246,8.78921972652529,8.052141736076255,4.959199248,15.534175019036143,7.145073880808118,10.965752004499638,6.359662606920344,3.159164777173764,21.08091387,3.20602166
2000-11-17,2000-12-02,2000-12-15,central_north,-7.85067137,13.35688174,train,-1.55680673,23.38307758,-2.433108023287122,15.852179273495917,-1.026027758578313,12.529305671855415,-1.913021510939389,13.996753640669436,-1.5608732813864812,13.470455876303607,9.23336426,21.08439661
2000-11-17,2000-12-02,2000-12-15,central_south,5.37106989,19.17764209,train,8.02419501,35.02262861,8.603102447095313,31.34740119782041,8.825831211686747,32.11167946749397,8.6037619369423,30.6598058403093,8.569955894472056,29.742032287944962,15.9068559,34.18692026
2000-11-17,2000-12-02,2000-12-15,east_north,-3.72699826,26.31361759,train,-2.08705482,46.68164028,0.3227257689345837,37.65585099747511,-0.6784777575662642,38.84375195156627,-0.17580452097189259,37.52758889156338,0.15615797105139162,36.417610352125024,10.42717663,30.45713243
2000-11-17,2000-12-02,2000-12-15,east_south,8.72540145,18.13176545,train,8.15217862,30.82750182,10.412710236162297,31.93539005587771,9.120950480361445,25.896227956939757,9.676781507046666,29.61208384669109,9.671150231812224,26.633486295373846,17.02391689,5.91265233
2000-11-17,2000-12-02,2000-12-15,west_north,-2.82797994,16.00464086,train,-0.75674592,37.56401459,-1.7371628144189968,27.45963255651457,-0.22087841255421647,30.033130695927703,-1.1148511291584857,27.04634980435686,-1.0615387329388943,31.531929080381477,8.53816476,18.85510531
2000-11-17,2000-12-02,2000-12-15,west_south,8.16415796,2.47936126,train,7.14117856,20.08593897,7.12238933194524,9.753816722460304,7.589829768,18.347151529036147,7.240227044804704,10.997540982279741,7.286184030654166,10.545667399384715,15.74747099,19.7373895
2000-12-01,2000-12-16,2000-12-29,central_north,-11.38217501,13.12333728,train,-5.43101964,22.47446523,-4.295046373736679,13.553090055405839,-4.900240668578313,11.620693321855416,-4.621565632561858,12.26972571777123,-4.768585211425893,12.252767657271296,12.95701785,33.72951253
2000-12-01,2000-12-16,2000-12-29,central_south,2.5963872,42.1248885,train,5.05742675,44.12350362,7.398685137581422,30.574359642338237,5.859062951686748,41.21255447749398,6.661092384010873,32.534722685689346,6.252984692284051,29.58516315988579,19.87885399,42.24356349
2000-12-01,2000-12-16,2000-12-29,east_north,-6.844204,44.27580789,train,-4.43897086,42.21481377,-1.5814724130749624,35.3780067590291,-3.0303937975662647,34.376925441566264,-2.276887355434795,34.378217589956805,-2.019374483304075,32.46587235118673,10.45830131,11.22425462
2000-12-01,2000-12-16,2000-12-29,east_south,4.49184676,32.40886734,train,8.09487626,46.98615151,9.241272729238545,34.07965633736495,9.063648120361444,42.05487764693976,8.991567635248128,34.59463271270286,9.236970237639415,31.549651985928154,18.17255162,1.77267797
2000-12-01,2000-12-16,2000-12-29,west_north,-3.4019956,13.83376559,train,-3.16046873,31.75928152,-2.7112857075569665,27.738812343200493,-2.624601222554216,24.228397625927702,-2.718428925303649,25.62001030012392,-2.8728824598140204,29.621050114579692,6.28943856,30.54151748
2000-12-01,2000-12-16,2000-12-29,west_south,5.95352636,2.01266086,train,4.99073769,16.20211969,6.10775985325423,11.960749484317255,5.439388898,14.463332249036144,5.729453255321327,11.426131016076276,5.768358409763881,9.852221201418862,12.38383063,41.85977759
2000-12-15,2000-12-30,2001-01-12,central_north,-4.4252589,4.64682552,train,-7.86774411,25.54846278,-5.2345679287792874,11.977888738054453,-7.3369651385783135,14.694690871855418,-6.158662334207831,12.032395891931788,-6.789716828722701,12.749572664121505,1.09105079,38.04726681
2000-12-15,2000-12-30,2001-01-12,central_south,3.3300119,17.83612059,train,3.86748528,42.17096653,6.95191496498928,30.11005963050247,4.669121481686747,39.260017387493974,5.912398164877913,31.476662836748677,5.813401601822258,26.840586747392134,11.24311094,87.89761032
2000-12-15,2000-12-30,2001-01-12,east_north,-4.99927793,13.81996615,train,-5.67908451,54.77031153,-2.7304341177106473,33.40340108162967,-4.270507447566264,46.932423201566266,-3.412889077974863,35.93074883193721,-3.3107464742205712,33.563435470221194,7.57574926,32.72750794
2000-12-15,2000-12-30,2001-01-12,east_south,3.59048979,11.24529539,train,7.41468581,59.43751956,8.703175304761508,36.464476745139585,8.383457670361445,54.50624569693976,8.440257851109395,39.28780790962463,8.760161596201918,38.008496360830435,15.51296444,24.01116074
2000-12-15,2000-12-30,2001-01-12,west_north,-1.84873563,13.03740152,train,-4.31756081,39.06719583,-2.9547024689616364,27.387576093040046,-3.781693302554216,31.536311935927706,-3.323883777914255,27.11891984047593,-3.229770650388901,26.675131174863022,-2.14385507,14.56397134
2000-12-15,2000-12-30,2001-01-12,west_south,6.58753289,23.50308614,train,4.01972442,17.23351516,5.750469379586245,13.998546897404603,4.468375628,15.494727719036144,5.134648646150852,12.964673771376205,5.477214880152034,10.125718364600644,6.79397267,14.46552427
2000-12-29,2001-01-13,2001-01-26,central_north,-5.38686864,7.97320635,train,-6.17463307,32.0822252,-5.322147776427071,11.314686947763361,-5.643854098578313,21.22845329185542,-5.439333213307206,12.374499382752454,-5.5831903024817215,16.107164825182313,-2.60142984,9.58389529
2000-12-29,2001-01-13,2001-01-26,central_south,5.30504243,36.67260685,train,6.49496272,46.82900745,7.198991785856845,29.99490978658939,7.296598921686748,43.91805830749398,7.206020101556007,31.48626296825716,7.2258538182040235,31.375258328552345,7.96812412,61.61504059
2000-12-29,2001-01-13,2001-01-26,east_north,-3.35435234,21.463556,train,-4.34552498,54.23976537,-3.1716073761356807,31.851219316207768,-2.9369479175662647,46.401877041566266,-3.0549049371444146,33.798911946699675,-2.8725266031989847,34.1639476233679,0.40258934,23.7539165
2000-12-29,2001-01-13,2001-01-26,east_south,8.4974578,29.85953255,train,9.47262078,41.94588097,8.745742824450414,38.63081217174458,10.441392640361444,37.014607106939756,9.349102750748862,35.28688915520854,8.960515020820843,34.46396454263386,9.23097424,47.02418318
2000-12-29,2001-01-13,2001-01-26,west_north,-4.23382691,15.74076834,train,-3.98427537,29.70254269,-2.590852142450494,26.610264906026938,-3.448407862554217,22.171658795927705,-2.9533514020535274,23.684976418212322,-2.5172305195229607,25.6734793720537,-2.38537498,9.26662507
2000-12-29,2001-01-13,2001-01-26,west_south,3.50326135,12.68989991,train,4.71993051,18.07844139,5.9563598341545605,15.55255717499439,5.168581718,16.339653949036144,5.596830070271296,13.821928612409046,6.151495340062848,12.564232629268073,6.7104623,1.35146429
2001-01-12,2001-01-27,2001-02-09,central_north,-4.68998498,30.66069222,train,-5.22147181,34.36585712,-4.514822137889781,11.974791984623982,-4.690692838578313,23.512085211855418,-4.501191171953124,13.183642796551794,-4.777055003051699,15.458663494189867,-6.93283333,11.45131456
2001-01-12,2001-01-27,2001-02-09,central_south,8.73416965,27.40624763,train,8.61780447,53.50090459,8.107836602015883,30.32692101522535,9.419440671686747,50.58995544749398,8.69684448386877,32.85230624779112,8.339328724662565,33.546544669718884,5.81085495,10.05697844
2001-01-12,2001-01-27,2001-02-09,east_north,-0.79456875,33.46601618,train,-3.34951452,63.05105258,-2.790881985305483,31.145156807424762,-1.9409374575662641,55.21316425156626,-2.326832686227137,35.23176966057814,-2.2266824946510937,36.211846719699324,-3.34662958,15.75540787
2001-01-12,2001-01-27,2001-02-09,east_south,10.58248223,15.59083097,train,11.80052128,51.67739159,9.372897401755834,39.89972769279811,12.769293140361444,46.74611772693976,10.778376003884684,38.046268796191995,10.566864505957938,35.38862923238142,8.17929363,13.28169551
2001-01-12,2001-01-27,2001-02-09,west_north,-3.53857673,14.70586963,train,-3.19203234,42.22563898,-1.7212203924156741,25.6842845827175,-2.656164832554216,34.6947550859277,-2.034283377347634,26.083617375871523,-1.6739594302622174,25.40108184891316,-2.57008175,11.76953942
2001-01-12,2001-01-27,2001-02-09,west_south,5.42287104,11.10607671,train,6.77096246,21.01827564,6.670160088051608,16.05239878031653,7.219613668,19.279488199036145,6.943536153255028,14.3161895133943,6.9470357929018105,14.469789737725339,8.50442727,2.2809043
2001-01-26,2001-02-10,2001-02-23,central_north,-7.30187468,12.54597283,train,-1.92288136,32.68371888,-2.9133784973162866,14.095362395069513,-1.3921023885783135,21.829946971855417,-2.125467736923203,13.626045061312695,-2.3031950311900973,13.561705665674701,-11.44960633,14.4297598
2001-01-26,2001-02-10,2001-02-23,central_south,9.91034993,51.15750684,train,10.32528052,38.90868945,9.552353235703837,31.11659138545087,11.126916721686747,35.99774030749397,10.292531910771878,29.3751914500322,10.326784900895358,31.18765294434441,3.11276743,43.54037017
2001-01-26,2001-02-10,2001-02-23,east_north,-2.11736534,27.52009811,train,-0.03004019,60.33985955,-1.6235052569098354,31.462574128894907,1.378536872433736,52.501971221566265,-0.18946925569096695,33.979799530469805,-0.14165806301710937,27.959075236004548,-5.94484221,57.00055502
2001-01-26,2001-02-10,2001-02-23,east_south,12.62771854,36.91133842,train,12.02884737,43.71864339,10.49781747060731,40.07541279376388,12.997619230361444,38.787369526939756,11.588478059748642,36.28876017599458,11.403611263974934,35.72000294498915,5.59934567,24.26094554
2001-01-26,2001-02-10,2001-02-23,west_north,-2.60129652,22.77915933,train,-2.62521676,33.72779782,-0.48314932166015667,24.83466788395496,-2.089349252554216,26.196913925927703,-1.023965325256703,23.330264916871418,-0.5762086561768314,23.236279254729588,-3.24593772,20.9086538
2001-01-26,2001-02-10,2001-02-23,west_south,6.9253358,18.59748436,train,6.96692185,17.33845425,7.78371930231305,15.2850957494983,7.4155730580000006,15.599666809036146,7.738768951480042,12.996789744133263,8.105896853626458,12.997756710999955,6.14367754,2.24981179
2001-02-09,2001-02-24,2001-03-09,central_north,-2.70434251,21.0528353,train,-5.54560383,35.38893915,-0.6656401179993556,17.60277368649173,-5.014824858578313,24.535167241855415,-2.2780415629981263,18.801954266797804,-2.5313421401837006,25.945810139587245,-5.52236508,5.68313593
2001-02-09,2001-02-24,2001-03-09,central_south,10.82940786,72.27132229,train,8.93790709,62.3907937,11.382582177152099,32.31489212355307,9.739543291686747,59.479844557493976,10.875643467123911,37.53715695361501,10.949038679816898,34.63523116255578,2.79922631,16.66324494
2001-02-09,2001-02-24,2001-03-09,east_north,-1.34246966,29.58762297,train,-4.31738831,55.54672023,0.23686178647745315,32.8145630010717,-2.9088112475662644,47.70883190156626,-0.8542824005026852,35.71660475394947,-0.9930083455954226,37.57718967121744,-5.89194776,14.46375013
2001-02-09,2001-02-24,2001-03-09,east_south,13.00286777,41.95181479,train,11.05055642,68.49850741,12.007335727152524,39.35138276749478,12.019328280361444,63.56723354693976,12.162231473480237,43.177124860937724,12.153548154390801,43.29701032483045,3.10134571,20.62776005
2001-02-09,2001-02-24,2001-03-09,west_north,0.30874062,18.71402313,train,-1.77146787,37.22962731,1.011160924450714,24.185967975018617,-1.2356003625542165,29.6987434159277,0.26993861347546444,24.05495845187384,0.7733484627342571,25.601023982613853,-2.137269,6.94918743
2001-02-09,2001-02-24,2001-03-09,west_south,7.75961484,40.65489241,train,8.3118052,27.65634523,9.19537848939434,13.326134092868982,8.760456408000001,25.917557789036145,9.201032825854686,14.376664412077755,9.463563215159915,15.36059313030663,6.57095408,8.98029477
2001-02-23,2001-03-10,2001-03-23,central_north,1.92755927,16.73449394,train,-1.35844649,29.61550328,2.0546697476431888,22.205767178860757,-0.8276675185783132,18.761731371855415,1.0688250025707626,20.30002217806251,0.9576174010916239,22.476407452971035,-4.70103634,7.98402281
2001-02-23,2001-03-10,2001-03-23,central_south,11.81926575,43.58063604,train,10.02234689,43.53534249,13.448507160260759,33.81688195300819,10.823983091686747,40.62439334749398,12.529265479033366,34.15523612880338,12.679383390607093,34.858048461161985,5.08364503,45.9676909
2001-02-23,2001-03-10,2001-03-23,east_north,2.55087827,50.11060523,train,-1.93350202,39.52851378,2.6495302586682157,35.038612485330425,-0.524924957566264,31.690625451566262,1.542171155075825,33.262714598544605,1.860669315071308,36.10383767927499,-2.98290347,21.26061563
2001-02-23,2001-03-10,2001-03-23,east_south,13.23263404,85.50264169,train,10.70342168,57.86825145,13.77944753779725,38.25296382289961,11.672193540361445,52.93697758693976,13.061442550109579,40.44588905107079,13.23760125458178,45.15925931143083,9.03753707,33.96088069
2001-02-23,2001-03-10,2001-03-23,west_north,4.13760712,13.85501332,train,2.60182772,31.50220501,2.690398332647988,23.73788549341627,3.137695227445784,23.971321115927704,3.1044699679467596,21.569557605778225,2.932612596208072,20.040618703880902,-3.94311928,17.71536557
2001-02-23,2001-03-10,2001-03-23,west_south,10.97732095,5.42146077,train,11.14406175,20.20498481,10.824344995849005,10.528005773246536,11.592712958000002,18.466197369036145,11.352672311554535,10.173255892167106,11.35521010479922,11.787311097843912,3.66678467,23.74459968
2001-03-09,2001-03-24,2001-04-06,central_north,3.51024823,16.50992153,train,6.70917603,55.8473573,5.067963014912133,27.432469660784875,7.239955001421687,44.99358539185542,6.230624645802619,29.682673510931334,6.9158389488092045,28.230355091970328,-4.45649011,20.36751178
2001-03-09,2001-03-24,2001-04-06,central_south,14.22981214,31.87523649,train,15.78346265,53.50376457,15.61881133133603,35.475904828571466,16.585098851686748,50.592815427493974,16.21971523248998,37.1810375549653,16.027211202085144,32.31272337737836,8.01284899,23.66499062
2001-03-09,2001-03-24,2001-04-06,east_north,2.48257775,31.94426822,train,5.30777785,56.84493401,5.442482725621569,37.82721171913104,6.716354912433736,49.00704568156627,6.212958394993733,38.701173991070235,6.5861080791718445,35.49077736858922,-2.07500999,29.06532614
2001-03-09,2001-03-24,2001-04-06,east_south,13.45609769,51.51502381,train,15.99386644,41.81014196,15.69828854707465,37.49693566661954,16.962638300361444,36.87886809693976,16.36165085235302,34.89948836012138,16.79074993219014,34.51925860264008,9.0675377,15.52924528
2001-03-09,2001-03-24,2001-04-06,west_north,5.18684247,21.00756139,train,2.99959779,38.07364804,4.524854517749291,23.373875075988714,3.535465297445784,30.542764145927705,4.35220380534429,23.860612665328585,4.620964416038609,24.121179930417927,-2.78561667,16.9085974
2001-03-09,2001-03-24,2001-04-06,west_south,13.70221507,6.01646582,train,10.07368956,21.84893196,12.615198368373084,7.445380109953867,10.522340768000001,20.110144519036147,11.944824747350765,9.602296273583114,12.43150995657729,9.582871857483106,5.64451387,12.0757721
2001-03-23,2001-04-07,2001-04-20,central_north,9.12268572,42.13168495,train,7.9816372,44.99829128,8.204287522183728,32.704548556329215,8.512416171421686,34.14451937185541,8.513957684488553,31.622202749833516,8.401338333618108,31.512617181297475,-7.4940438,21.90205328
2001-03-23,2001-04-07,2001-04-20,central_south,19.09866119,19.38360573,train,16.90237468,46.42844111,17.791202711885795,37.12569913047269,17.70401088168675,43.51749196749398,17.902133441510426,37.309056160032114,17.825661242607993,35.32812146675856,10.19192625,51.81247174
2001-03-23,2001-04-07,2001-04-20,east_north,9.22162042,32.84832113,train,5.28530142,48.54624702,8.429755245527248,40.7863639348576,6.693878482433735,40.70835869156627,7.869661336199013,39.984948437111214,8.614055155928558,40.10925327944865,-0.75115157,29.05668824
2001-03-23,2001-04-07,2001-04-20,east_south,19.06611078,10.46996016,train,16.11444278,44.58235548,17.66391120349651,37.801472997829734,17.083214640361447,39.651081616939756,17.525756996941237,36.91692998206847,17.80716675332823,36.069347584135485,13.12488731,25.8681474
2001-03-23,2001-04-07,2001-04-20,west_north,4.63323406,24.61854635,train,7.24893311,32.63722138,6.512842151965445,22.900279958555622,7.784800617445784,25.106337485927703,7.2397103874594,21.802553542974604,6.764976177061347,23.235037749910642,-3.86062552,20.5633244
2001-03-23,2001-04-07,2001-04-20,west_south,12.19621117,9.4952615,train,14.50267779,9.81203653,14.532303411613544,4.713619910473278,14.951328998000001,8.073249089036144,14.849731615038792,4.047596638970946,14.317760096341473,5.424842797480787,6.1064436,20.1946574
2001-04-06,2001-04-21,2001-05-04,central_north,14.02053568,37.75803632,train,9.75655674,47.84402028,11.312230255007696,37.433545575902265,10.287335711421687,36.990248371855415,10.984410791591017,36.697386276363716,10.821587997577481,38.12455613593875,-3.4846958,22.44839178
2001-04-06,2001-04-21,2001-05-04,central_south,19.69886237,18.23793546,train,18.40588457,50.73577415,19.893088186557346,38.60603731066821,19.20752077168675,47.82482500749397,19.695975428044328,40.270245987959825,19.742416298341894,36.8495255273189,10.88803914,65.17154926
2001-04-06,2001-04-21,2001-05-04,east_north,14.1116649,8.26099577,train,8.13303646,47.86668576,11.427802854061913,43.51135791802421,9.541613522433735,40.02879743156627,10.716125577178634,42.27197360646048,11.51344373996967,42.15697593622113,-2.03246797,31.55963867
2001-04-06,2001-04-21,2001-05-04,east_south,18.96506955,15.71047882,train,17.54423056,47.36600159,19.59559305904794,39.69119149112058,18.513002420361445,42.43472772693976,19.19312096315081,39.77502863538403,19.419931467656607,38.59829539164889,13.30053999,52.80542989
2001-04-06,2001-04-21,2001-05-04,west_north,9.30668637,17.46007989,train,9.9983721,22.93935389,8.657079480949896,22.106361010656684,10.534239607445782,15.408469995927703,9.546404307489059,18.97259552251746,8.898918011593466,19.20844638995484,-0.18140063,20.5489354
2001-04-06,2001-04-21,2001-05-04,west_south,16.12962683,6.07534803,train,17.42556051,4.95964247,16.546452298547305,2.9080139738398048,17.874211718,3.2208550290361444,17.162904918846067,1.6682188272123213,16.527983203470118,5.668048625200736,7.64482456,37.60974756
2001-04-20,2001-05-05,2001-05-18,central_north,16.59423696,41.05336017,train,13.93399701,57.86563339,14.260915515960665,41.11950303777739,14.464775981421687,47.01186148185542,14.363290950456712,42.13700635808024,13.754520944312308,42.52076852639232,1.52754776,16.17419821
2001-04-20,2001-05-05,2001-05-18,central_south,22.3858327,36.31613221,train,21.51227922,48.87059042,21.873747413188163,39.786765328436374,22.313915421686747,45.95964127749397,22.06259304998487,40.882831691397286,21.864334879673024,40.49086331150204,11.07027143,53.58225884
2001-04-20,2001-05-05,2001-05-18,east_north,14.17838487,27.26069307,train,12.60372987,39.02481215,14.268622421278005,45.66335581223065,14.012306932433736,31.186923821566268,14.11945996429235,41.468086903253834,14.216927730648976,40.146802384673606,1.80772543,33.21038119
2001-04-20,2001-05-05,2001-05-18,east_south,21.02363519,13.02031551,train,20.6112734,38.6743346,21.429045912206462,43.34348213776066,21.580045260361448,33.74306073693976,21.456854587215137,40.410193323584465,21.233218710133276,39.312378527515776,12.64728233,83.4028619
2001-04-20,2001-05-05,2001-05-18,west_north,13.13055091,12.17330255,train,10.35264054,38.88602146,10.937801250667928,20.830638596151275,10.888508047445782,31.355137565927706,10.95187411382911,23.403435332718363,10.827299436768506,23.007929219105275,3.68766074,15.47243042
2001-04-20,2001-05-05,2001-05-18,west_south,20.6500243,4.13780482,train,16.53731853,4.32661372,18.618014641323036,2.4155389883108205,16.985969738,2.587826279036144,17.904993297383058,2.6620342633404626,17.70505336316921,5.183669652932849,10.21499539,9.42771068
2001-05-04,2001-05-19,2001-06-01,central_north,13.93795973,51.69335871,train,16.03832112,52.98962458,16.936516905941406,43.431475988943326,16.569100091421685,42.13585267185542,16.688873095604766,43.23384998625335,16.296507004614732,45.77496105796217,2.31286525,13.06233634
2001-05-04,2001-05-19,2001-06-01,central_south,22.52997372,51.89723677,train,23.20135576,33.50539043,23.691192887438092,40.58548846810225,24.002991961686746,30.594441287493975,23.716600515472326,38.0682099710653,23.795608468417754,43.18575377744311,13.27291699,29.51653977
2001-05-04,2001-05-19,2001-06-01,east_north,14.36777237,64.8879526,train,15.34744687,63.53519294,16.808300107139303,47.0302640278889,16.756023932433738,55.69730461156627,16.68794728331168,49.40460599838636,16.121192100469585,49.71168009360382,1.90801967,47.56518928
2001-05-04,2001-05-19,2001-06-01,east_south,22.52820942,56.24701199,train,22.15609173,60.08606241,23.109382331418175,48.51308136949259,23.124863590361446,55.154788546939756,23.05418362263162,50.599683228963485,22.94842048967491,52.71376944909311,12.85763672,52.79958132
2001-05-04,2001-05-19,2001-06-01,west_north,15.95551665,4.90269706,train,14.14288864,23.1982661,13.290231407078425,19.017389080229876,14.678756147445783,15.667382205927705,13.772763474409548,17.972537524335888,13.340281657442464,19.069356121598915,5.52350698,18.44265126
2001-05-04,2001-05-19,2001-06-01,west_south,22.97524353,3.08619401,train,20.56057645,2.28246029,20.681786231458467,3.3481785026104953,21.009227658,0.5436728490361442,20.69668342530703,2.760313990464626,20.763632564466896,4.565958865080432,14.3258028,0.57823956
2001-05-18,2001-06-02,2001-06-15,central_north,18.26636819,61.63882405,train,19.89146118,53.3791755,19.2359973418295,44.25352845951364,20.422240151421686,42.52540359185542,19.55549661541764,43.94017099204649,19.105300614383577,44.83596471705482,8.76265088,44.86986986
2001-05-18,2001-06-02,2001-06-15,central_south,26.00753931,69.3459156,train,25.2201344,48.08616557,25.298131044530535,40.97556769161692,26.021770601686747,45.17521642749398,25.4570456948287,42.68007946604213,25.671914676405276,45.842514662689965,19.51664086,22.02488742
2001-05-18,2001-06-02,2001-06-15,east_north,18.41327241,44.98657103,train,18.71103147,56.25878681,18.930751786517458,47.55897252522455,20.119608532433737,48.42089848156626,19.237068421438906,47.99287229086393,18.581816273372866,48.55237055146179,9.46051712,34.28661087
2001-05-18,2001-06-02,2001-06-15,east_south,25.14953358,86.76354995,train,24.45856523,57.35568177,24.582690579419967,54.55406587613615,25.427337090361448,52.424407906939756,24.824887387161134,54.72656268108052,24.687899321125936,56.49451086500642,19.61406053,11.53023773
2001-05-18,2001-06-02,2001-06-15,west_north,13.97382752,22.56123897,train,16.33064538,15.93410288,15.593103915577164,16.749299484348523,16.866512887445783,8.403218985927705,15.921186951227366,14.890614622253572,15.950928133605892,15.218561143367747,4.30173983,23.3404064
2001-05-18,2001-06-02,2001-06-15,west_south,23.07072166,0.46194817,train,23.44988397,2.62492376,22.638379459776615,5.517444621442404,23.898535178,0.8861363190361444,22.97425260227316,4.7097526875083044,23.63611975706053,4.309399042446229,11.43232746,14.0897972
2001-06-01,2001-06-16,2001-06-29,central_north,21.26951517,24.71432573,train,21.47006657,46.0713852,21.061358182654686,43.687438968599025,22.000845541421686,35.217613291855415,21.213024299165674,42.13476447329195,21.32446581857023,41.11643370146136,14.03886605,30.38743306
2001-06-01,2001-06-16,2001-06-29,central_south,25.73470907,25.50861229,train,25.53431477,32.88485853,26.63158103000514,40.98322759269529,26.33595097168675,29.97390938749398,26.300844686137122,39.53843821959191,26.486738431234766,40.440274941164375,19.43520376,12.39923451
2001-06-01,2001-06-16,2001-06-29,east_north,21.08897082,48.06108581,train,19.52722365,51.1733663,20.547479762001373,47.352551061568626,20.935800712433736,43.33547797156626,20.465242502737105,47.25331032331677,20.13242720980536,47.06641943430867,12.17998808,9.0472019
2001-06-01,2001-06-16,2001-06-29,east_south,24.84976992,64.90695821,train,24.91556345,66.72908633,25.789342476500877,60.53621901716877,25.884335310361447,61.79781246693976,25.720523333050302,62.46509838792983,25.894411986720385,63.30322177942608,17.95146823,12.79151689
2001-06-01,2001-06-16,2001-06-29,west_north,18.36377545,9.62564209,train,18.39673081,14.70646873,17.67235742465658,14.247696351609267,18.932598317445784,7.175584835927704,17.928373245990905,13.13804450201517,18.34715241044403,12.022429063892652,9.17506443,19.76382885
2001-06-01,2001-06-16,2001-06-29,west_south,25.38825954,5.11872935,train,24.69435577,3.91243337,24.355468108657757,8.475900039597523,25.143006978000003,2.1736459290361445,24.45805257447295,7.890990378267512,25.1817913970631,7.526154487108903,16.39593132,6.54710493
2001-06-15,2001-06-30,2001-07-13,central_north,22.63183729,30.69001179,train,22.18778534,46.52305173,22.317391569897,42.01286633888936,22.718564311421687,35.66927982185541,22.233568981694308,41.597330763856036,22.617186845832368,39.792421000420575,15.91917179,43.58752196
2001-06-15,2001-06-30,2001-07-13,central_south,27.87885938,30.28689287,train,26.12858386,37.38156345,27.60973398950658,40.67495093408162,26.930220061686747,34.470614307493975,27.12749111774175,41.08102885193112,27.111129035413672,40.00773162892246,21.81241681,38.71686688
2001-06-15,2001-06-30,2001-07-13,east_north,19.59455125,39.94609051,train,21.33943941,48.41725687,21.594940016379432,46.63389991070359,22.748016472433736,40.57936854156627,21.825657136474586,46.19181472114694,21.950862012766223,45.19664159840012,14.89754776,20.36622557
2001-06-15,2001-06-30,2001-07-13,east_south,26.161644,63.04530044,train,25.10013832,63.74744056,26.66165154167669,65.43105580488194,26.068910180361446,58.81616669693976,26.31902409393167,66.0177024543419,26.216444672048127,63.46839700952644,20.64632188,13.30778243
2001-06-15,2001-06-30,2001-07-13,west_north,21.57064535,13.49011211,train,20.33930891,12.59787234,19.32054265255484,11.83919737918483,20.875176417445783,5.066988445927705,19.671553600415233,11.048783556493309,20.348738707869106,8.75536425187294,12.35283519,13.54035371
2001-06-15,2001-06-30,2001-07-13,west_south,26.30336876,14.83411687,train,25.62725354,8.95849482,25.679836920364302,11.616310691362717,26.075904748000003,7.219707379036144,25.628981924028885,12.09570828936403,26.003391161133024,13.058218500495471,19.48178953,4.41411237
2001-06-29,2001-07-14,2001-07-27,central_north,24.21223998,54.71772853,train,21.458048,47.44272097,22.91486448721194,39.61500301194724,21.988826971421688,36.588949061855416,22.306151407287217,40.819490706635264,22.660566745981512,41.516268757963815,14.47304817,48.57487459
2001-06-29,2001-07-14,2001-07-27,central_south,28.73606925,20.88550607,train,26.3921718,44.05365286,28.137776174527986,40.13841144796665,27.193808001686747,41.14270371749397,27.59339374740322,42.878928800558484,27.42185523466316,42.23882027569658,22.76277915,42.60707051
2001-06-29,2001-07-14,2001-07-27,east_north,21.5301718,32.18342191,train,21.29576728,59.37255128,22.031433568652503,45.684871091462846,22.704344342433735,51.53466295156627,22.11888266606567,48.89891037787092,22.17650271293167,46.72142392759244,14.74639125,69.0119299
2001-06-29,2001-07-14,2001-07-27,east_south,25.4779418,74.77855539,train,25.78852088,64.04589746,27.12733276811164,68.32665523249048,26.757292740361446,59.114623596939765,26.926875912565762,68.537984916057,26.78242506284594,64.37576490219801,22.56038254,53.0577413
2001-06-29,2001-07-14,2001-07-27,west_north,19.08057089,10.14190844,train,21.03426094,14.21512752,20.328692263607596,9.89539235249167,21.570128447445782,6.684243625927704,20.57006225265228,10.404000245354574,21.025118018716643,8.184849186781848,15.30989019,5.67830191
2001-06-29,2001-07-14,2001-07-27,west_south,24.94578301,11.43095514,train,26.50191097,7.43792012,26.458536568566288,14.30601958165701,26.950562178000002,5.699132679036144,26.483908652330005,13.974314629844017,26.32340878866454,13.775064532499446,22.54569586,3.19574604
2001-07-13,2001-07-28,2001-08-10,central_north,25.14178389,29.54880307,train,22.77417223,40.640758,22.779476794136436,36.896681826142704,23.304951201421687,29.786986091855415,22.826690923993926,36.76615914393321,22.96939369117031,34.23778239122932,17.60955147,57.58416446
2001-07-13,2001-07-28,2001-08-10,central_south,28.52046321,29.92746702,train,26.91341888,36.21511123,28.122089231361795,39.461511201721876,27.715055081686746,33.30416208749398,27.85153344421005,40.34730165169364,27.704450637180795,36.80011859853478,25.6557036,71.9119042
2001-07-13,2001-07-28,2001-08-10,east_north,23.31574907,29.45453873,train,21.84806331,55.81958781,21.835243479994418,44.775299998754576,23.256640372433736,47.98169948156627,22.297323534118487,47.28712516072237,22.542963034550635,43.53778393401201,16.75654004,46.71882269
2001-07-13,2001-07-28,2001-08-10,east_south,26.08227507,63.90695951,train,25.99514659,63.84938182,27.118666117213834,68.62352121992117,26.963918450361447,58.91810795693976,27.073913135011704,68.85491295261329,26.95866513933406,65.13933031290046,24.71338454,76.82836053
2001-07-13,2001-07-28,2001-08-10,west_north,20.68604319,10.1358144,train,21.16150817,9.49074102,20.52428620454766,8.758471197987765,21.697375677445784,1.9598571259277042,20.784335640010344,8.515859986530533,21.117561827628858,7.455001467046561,14.53423105,19.99293435
2001-07-13,2001-07-28,2001-08-10,west_south,25.67903063,19.96838703,train,26.63013797,8.05476813,26.56512141090571,16.02618330714939,27.078789178,6.315980689036143,26.667508663101977,15.610642919302219,26.161111001300124,15.016700208356536,23.70954628,0.45185052
2001-07-27,2001-08-11,2001-08-24,central_north,21.42408483,33.34707217,train,20.8291887,44.20905055,21.865209772429385,34.19495116665632,21.359967671421686,33.35527864185542,21.56561827895726,36.153399788149045,21.602028733969068,36.21451158705166,20.52379504,36.30612547
2001-07-27,2001-08-11,2001-08-24,central_south,27.47535557,36.79880065,train,26.44853882,34.73552,27.49002197824574,38.714351213442946,27.250175021686747,31.824570857493978,27.362608129443192,39.425767553900954,27.351417762410794,37.74597316656063,25.67138044,27.16784096
2001-07-27,2001-08-11,2001-08-24,east_north,20.96236024,45.17846034,train,19.71673129,38.43501265,21.00509674025684,44.098491376019396,21.125308352433734,30.597124321566262,20.972803424041185,42.71457229994596,20.59270597159674,46.394343563225945,21.29980177,48.94342201
2001-07-27,2001-08-11,2001-08-24,east_south,26.38092804,54.74180348,train,25.31989374,55.44082935,26.585699031286552,66.16757456533867,26.288665600361448,50.50955548693976,26.53411187639432,64.91301547496343,26.42758245024775,64.18156715447074,24.92247935,69.59544208
2001-07-27,2001-08-11,2001-08-24,west_north,20.11850579,8.9487578,train,19.82369116,12.98038467,19.807226464133894,8.669135317989824,20.359558667445782,5.449500775927704,19.89398352320888,9.66500263272128,19.815261619398626,9.10598897317181,17.54184015,10.00333499
2001-07-27,2001-08-11,2001-08-24,west_south,25.01186533,19.48681009,train,25.66830255,8.94152142,25.925493862500996,16.484459467511225,26.116953758,7.202733979036145,25.974237345359914,16.371096652136526,25.491490251839906,15.48899217806547,24.61855735,4.83853438
2001-08-10,2001-08-25,2001-09-07,central_north,21.50225091,26.26622397,train,20.35234536,36.11534637,20.169233019550063,31.72062691547933,20.883124331421687,25.261574461855414,20.444096843809323,31.783174056806164,20.391861624068664,30.800720818877696,22.97112505,28.07713979
2001-08-10,2001-08-25,2001-09-07,central_south,25.75220267,87.35756525,train,25.33349589,28.18133448,26.21082280744526,37.9381241882299,26.135132091686746,25.270385337493977,26.212111150272356,37.00249525366094,26.365636062116078,40.65273733100315,27.54853793,33.41069331
2001-08-10,2001-08-25,2001-09-07,east_north,19.33755344,31.58017275,train,19.04745036,25.02603223,19.563104532459164,43.72802008351187,20.456027422433735,17.188143901566264,19.907707466845526,38.60960279679631,20.00513580310627,44.417404130103634,20.2467688,38.55642472
2001-08-10,2001-08-25,2001-09-07,east_south,25.63193362,55.75534461,train,23.98479517,42.82202009,25.510611026359722,61.290209997345116,24.953567030361448,37.89074622693976,25.38121939156677,57.9376223362797,25.49537833021454,60.859549533622086,26.12547247,65.96703369
2001-08-10,2001-08-25,2001-09-07,west_north,18.90158128,5.94686377,train,17.80668888,15.52637779,18.175824342213307,9.712863170737283,18.342556387445782,7.995493895927704,18.193135795038437,11.234548608789787,17.90982581077694,10.889081788839224,21.39089617,12.88632935
2001-08-10,2001-08-25,2001-09-07,west_south,24.68736141,5.04384899,train,23.68154646,8.45123247,24.53764331143998,15.67581222786002,24.130197668,6.712445029036145,24.409690776007704,15.789742060127843,24.170902350770117,14.408088770269618,26.29581731,13.69680165
2001-08-24,2001-09-08,2001-09-21,central_north,16.17374029,49.13629477,train,16.99943931,47.06922511,17.74472145352671,29.533638801304843,17.530218281421686,36.21545320185541,17.71450927835294,33.240567373048535,17.56704043434057,32.80217140954052,24.22798123,47.45991524
2001-08-24,2001-09-08,2001-09-21,central_south,23.94180026,38.965153,train,23.72041211,27.01363658,24.312715320969666,37.14317729320599,24.52204831168675,24.102687437493977,24.483888925435384,35.818973715181656,24.5997663896201,42.062093296421835,28.74184006,18.81292398
2001-08-24,2001-09-08,2001-09-21,east_north,17.160089,29.35064388,train,16.20524798,28.19106458,17.559358781723187,43.605631593552395,17.613825042433735,20.353176251566264,17.616450090881155,39.45056217498748,17.5153993064879,44.39048415123338,21.49081676,19.5345312
2001-08-24,2001-09-08,2001-09-21,east_south,22.68121261,53.90384484,train,22.69501182,23.99690968,23.919798513783007,54.746014560891126,23.663783680361448,19.06563581693976,23.90921286063817,47.751403946857835,24.521366524900643,50.03797097689032,25.43730107,66.31513441
2001-08-24,2001-09-08,2001-09-21,west_north,15.601438,7.05007103,train,13.63544723,19.43090807,15.736701288795242,11.796697977398486,14.171314737445783,11.900024175927705,15.112800693958388,14.268193816584624,15.030355004477105,13.677316518787109,19.11881518,12.24814231
2001-08-24,2001-09-08,2001-09-21,west_south,22.61158955,8.62291061,train,20.87074495,16.41052332,22.480621669123543,13.877929195192133,21.319396158,14.671735879036143,22.105856937919047,16.632165806553083,22.297161333042975,15.927560485042573,25.03438521,9.69406125
2001-09-07,2001-09-22,2001-10-05,central_north,13.55134711,17.15648719,train,13.70729352,32.25257734,14.70796310031741,27.55843527028499,14.238072491421686,21.39880543185542,14.581458643692947,27.718387256092495,14.24916472989942,29.02242038045443,25.23874721,36.30081028
2001-09-07,2001-09-22,2001-10-05,central_south,19.29346613,11.91730299,train,20.46016751,18.2848993,21.89164970894177,36.31625653910425,21.26180371168675,15.373950157493976,21.71889877349066,32.855110587618356,21.931143714720857,38.07603875785445,28.53634898,32.0215379
2001-09-07,2001-09-22,2001-10-05,east_north,14.01028781,40.48466034,train,14.05071786,39.35389479,15.076583213248785,43.5627275716007,15.459294922433736,31.516006461566263,15.31849865628001,41.964942129630145,15.057462490105028,43.919427544764304,22.25177442,39.86934669
2001-09-07,2001-09-22,2001-10-05,east_south,19.44273613,38.97704016,train,20.86661148,36.85134057,21.890466308217828,47.56156229110649,21.835383340361446,31.920066706939757,21.98034466289368,45.36750447360197,21.926534981390407,48.03053823482037,25.76603823,77.9441123
2001-09-07,2001-09-22,2001-10-05,west_north,15.03134904,4.392518,train,11.64968684,21.58228766,12.695800927585344,14.662056872420946,12.185554347445782,14.051403765927702,12.569300389350214,16.416296052229363,12.535563410212564,16.023753751222326,20.55039592,9.39819445
2001-09-07,2001-09-22,2001-10-05,west_south,21.9643743,1.29230823,train,19.75411256,6.31754226,19.910221370084482,11.582623257601057,20.202763768,4.578754819036144,20.148783294406822,11.499160662133743,20.21706166695633,8.960219780377692,25.77792051,18.58295446
2001-09-21,2001-10-06,2001-10-19,central_north,9.70287304,39.75970536,train,10.62129656,33.2647025,11.237031424142321,25.634264869769563,11.152075531421685,22.410930591855415,11.280384317207162,26.12521352491623,11.07270423566369,26.59554450002958,21.15089329,29.80672125
2001-09-21,2001-10-06,2001-10-19,central_south,16.91116225,68.56598477,train,18.79579516,18.64224505,19.10886249093262,35.43473013273683,19.59743136168675,15.731295907493976,19.395116572894494,31.523200118682222,19.254818302281684,31.48659774937664,27.48603006,41.21976006
2001-09-21,2001-10-06,2001-10-19,east_north,10.71545399,37.13185132,train,10.24189623,30.3146472,12.232854046820751,43.37007222775532,11.650473292433736,22.476758871566265,12.048448219423324,39.3407406882211,11.951199009576609,37.75691569916815,21.70460282,42.7831296
2001-09-21,2001-10-06,2001-10-19,east_south,17.74565454,23.57115265,train,18.40744824,26.67240671,19.549498623888013,40.828509868037855,19.376220100361447,21.74113284693976,19.53171163480574,37.222629693904636,19.54222899222605,38.40025516925502,26.70087757,54.30759543
2001-09-21,2001-10-06,2001-10-19,west_north,8.75850244,13.59416694,train,8.11280511,25.11597887,9.331675858429314,17.931128281577312,8.648672617445783,17.585094975927703,9.158442073280817,19.519543972047504,9.547416159139942,17.85172565262513,20.52328748,8.95143979
2001-09-21,2001-10-06,2001-10-19,west_south,17.04609105,4.89254247,train,16.45636497,13.06990002,17.041550424436547,9.379141841226453,16.905016178,11.331112579036144,17.101510244698513,11.385656866487476,17.352148785396043,9.966071115167802,25.12605,23.96992892
2001-10-05,2001-10-20,2001-11-02,central_north,9.14976226,18.21487885,train,6.17770004,37.98086331,7.560873442074359,23.58698200736375,6.708479011421687,27.127091401855413,7.271304039483593,25.72142199184498,7.7552000857556385,25.332620211537588,21.74802595,26.35933611
2001-10-05,2001-10-20,2001-11-02,central_south,17.58742196,2.18638649,train,15.7513212,25.39211159,16.17668041885946,34.483907181632226,16.552957401686747,22.481162447493976,16.389792987972992,32.14841028694356,16.2477537033256,30.730240268664364,25.94150348,82.46931947
2001-10-05,2001-10-20,2001-11-02,east_north,10.19984795,21.04889473,train,8.33913077,45.31750941,9.180527519100817,42.80375358349625,9.747707832433736,37.479621081566265,9.470686040324967,42.04722688581201,8.953363610898062,38.38173229831648,19.5122908,38.03517194
2001-10-05,2001-10-20,2001-11-02,east_south,16.96143125,13.69243429,train,16.45849189,14.96432262,17.063917508920586,35.486535341123194,17.427263750361448,10.03304875693976,17.185394468336312,29.419416455926676,17.30643205322553,27.398372211406038,25.78316083,51.40804621
2001-10-05,2001-10-20,2001-11-02,west_north,7.69509391,21.42061347,train,3.89817288,35.31388193,5.955964919567552,21.177017684561626,4.434040387445783,27.782998035927704,5.436824565022051,24.483212729694333,6.070334118684391,20.95222304005978,19.67192544,4.23617346
2001-10-05,2001-10-20,2001-11-02,west_south,16.73564969,2.26352743,train,13.10924726,9.41037625,14.121429169612115,7.816213481756281,13.557898468000001,7.671588809036145,13.95552329437962,8.901568442291286,14.340378072142443,9.58058816339563,24.76119498,5.05748815
2001-10-19,2001-11-03,2001-11-16,central_north,9.34338344,5.78992549,train,4.04635744,30.05603137,3.9395875092782067,21.304003510943268,4.577136411421687,19.202259461855416,4.221949324935167,21.024805848376435,4.398957807052107,18.821883742888343,16.79575271,52.1795666
2001-10-19,2001-11-03,2001-11-16,central_south,16.02987416,24.85471228,train,12.35242506,30.54342954,13.334500531413395,33.472808256376545,13.154061261686747,27.63248039749398,13.2679118888082,32.396099562885084,13.547189978057961,33.67765976206174,24.33596547,38.0496875
2001-10-19,2001-11-03,2001-11-16,east_north,6.96810414,9.16776933,train,4.4915776,36.32823657,6.100129183208761,41.71159301866031,5.900154662433736,28.490348241566267,6.003510277813505,38.59907274252693,5.946109993447534,32.961524412840916,17.38573571,16.04522639
2001-10-19,2001-11-03,2001-11-16,east_south,14.98411158,9.48525865,train,13.96413082,22.81113529,14.623984077843806,32.14370473350183,14.932902680361444,17.879861426939758,14.662439025788018,28.420511344360232,14.481267322812005,26.353927536677848,22.80917754,54.03622551
2001-10-19,2001-11-03,2001-11-16,west_north,6.32617278,15.64363362,train,2.41431482,30.25688845,2.8686771999676624,24.00259299628403,2.9501823274457832,22.726004555927705,2.973922184922952,24.229871384897415,3.522576476704093,22.162061646426263,15.23141524,10.37048126
2001-10-19,2001-11-03,2001-11-16,west_south,14.1974745,8.87445114,train,10.60271165,20.05192593,11.395657940455317,7.274447677152055,11.051362858000001,18.313138489036145,11.282826096556235,10.68306219984769,11.360174763572388,10.454875687255452,22.66712049,8.65385146
2001-11-02,2001-11-17,2001-11-30,central_north,3.37900942,36.44511759,train,1.43798035,24.12700982,0.638509862854566,18.793319478127003,1.9687593214216865,13.273237911855418,1.1595393637348708,16.918515905357445,1.3621859555567304,14.057067510501515,14.73214288,15.29646531
2001-11-02,2001-11-17,2001-11-30,central_south,11.54903996,69.22062228,train,11.17708868,30.67752911,10.819009847825333,32.44408166981402,11.978724881686748,27.766579967493975,11.254887056000221,30.667580532107227,11.404618432045527,29.973982641164444,19.87737182,16.79564478
2001-11-02,2001-11-17,2001-11-30,east_north,7.64569308,35.08680888,train,1.82716301,43.19686187,3.1889469761871574,40.06399864374362,3.235740072433736,35.358973541566264,3.1588550246751366,38.60364685470748,3.304170946878749,35.94770471777851,14.20112626,51.50468145
2001-11-02,2001-11-17,2001-11-30,east_south,16.60311943,22.51674019,train,11.56821408,35.58235934,12.421569568493837,30.97317004211402,12.536985940361445,30.651085476939755,12.334001210978595,30.3741605804807,12.543517268650174,30.964308600446895,19.86182316,45.92166186
2001-11-02,2001-11-17,2001-11-30,west_north,0.44621127,47.16953636,train,2.01420246,28.36263512,0.3169460412474584,26.111143662749296,2.5500699674457836,20.831751225927704,1.2709579865951774,24.045022466760596,1.1560818657247105,22.792113463304812,15.75958725,4.08023162
2001-11-02,2001-11-17,2001-11-30,west_south,8.10484346,10.29001366,train,9.99148976,16.12010181,9.07725156696597,7.8782825889239065,10.440140968000001,14.381314369036145,9.612320343638618,8.946250029817927,9.595087774978744,6.192723336104059,22.39066416,0.97005402
2001-11-16,2001-12-01,2001-12-14,central_north,1.9392151,13.3528592,train,-2.25248664,26.10492428,-2.0999139095557293,16.21120232179947,-1.721707668578313,15.251152371855415,-2.003038188228342,15.377887649525913,-1.6331530111553811,13.754414854373664,9.61804137,46.56428027
2001-11-16,2001-12-01,2001-12-14,central_south,12.0096836,47.39346556,train,8.34096857,34.7283376,8.833995950305052,31.47511800900749,9.142604771686747,31.81738845749398,8.874848745289558,30.727941277210387,8.880542654541035,30.015180075587804,17.47272198,70.56471521
2001-11-16,2001-12-01,2001-12-14,east_north,6.5632664,24.25521452,train,-1.32711592,39.20018261,0.6452109607167476,37.976753729378636,0.08146114243373592,31.362294281566264,0.31896542663391947,35.71149212125988,0.6980971995572303,34.602831233378566,11.98287331,38.66707682
2001-11-16,2001-12-01,2001-12-14,east_south,16.25581962,28.01312257,train,10.04049039,41.49349007,10.627467439776469,31.707681847891664,11.009262250361445,36.56221620693976,10.615544617418752,31.805761278278336,10.949898610556286,31.907790569748723,18.64308266,22.68842472
2001-11-16,2001-12-01,2001-12-14,west_north,-1.72682367,44.21545221,train,-0.98974154,37.56434001,-1.534920904883155,27.353912047334433,-0.45387403255421654,30.033456115927706,-1.0898766249334622,27.19074532043329,-1.0066178161538042,30.972334075288334,9.05831678,13.37227946
2001-11-16,2001-12-01,2001-12-14,west_south,5.34693032,10.84359181,train,7.16993624,21.87560646,7.321474185328219,9.467601083822036,7.618587448,20.136819019036146,7.375725374062589,11.396007909243458,7.383407657134624,11.291374252890975,17.40108044,5.23155038
2001-11-30,2001-12-15,2001-12-28,central_north,-2.30702707,14.5999252,train,-5.15372081,28.93308418,-4.081933184176235,13.850604061776604,-4.622941838578313,18.079312271855418,-4.371224017417792,14.23686219276222,-4.436979398976945,14.185965975331325,8.80597311,17.2135385
2001-11-30,2001-12-15,2001-12-28,central_south,7.64330831,38.35063423,train,7.0306359,42.02682522,7.525252016084845,30.669484744757458,7.832272101686748,39.11587607749398,7.557382668723623,31.528082466886392,7.5244983240226775,30.91103013734539,16.99855701,2.03075606
2001-11-30,2001-12-15,2001-12-28,east_north,-0.19081013,33.54490195,train,-0.41178139,54.24518271,-1.3502184793672498,35.69962768993837,0.9967956724337359,46.40729438156627,-0.4367513301370658,36.63293541899991,-0.314930005977901,40.07043185429572,9.30003598,19.39470375
2001-11-30,2001-12-15,2001-12-28,east_south,9.69644668,15.70755554,train,11.30272779,50.80908283,9.371598682544333,33.73120753829533,12.271499650361445,45.87780896693976,10.41612996269803,34.42656250884234,10.718336547879662,34.723857972595155,16.29747463,14.18263
2001-11-30,2001-12-15,2001-12-28,west_north,-4.0235212,21.10587117,train,-7.21069076,32.47934389,-2.6187975412141524,27.744834581622964,-6.674823252554217,24.948459995927706,-4.35739893476003,27.225063666367216,-5.03407774285454,23.67719941602746,7.89320639,20.29646894
2001-11-30,2001-12-15,2001-12-28,west_south,4.45414282,6.23039106,train,2.81003628,23.17755006,6.211998476073724,11.635478071776546,3.2586874880000005,21.438762619036147,4.889856106698085,13.83913932054124,4.565369688365694,7.343783347022299,17.1499944,2.14710877
2001-12-14,2001-12-29,2002-01-11,central_north,-3.87011761,2.60878859,train,-6.87972916,16.60211958,-5.192674676291881,12.06870040344869,-6.348950188578313,5.7483476718554165,-5.739585976170569,9.454779666036039,-6.014993131536544,11.584974156038907,9.37275966,6.73121503
2001-12-14,2001-12-29,2002-01-11,central_south,4.45600237,16.03016672,train,4.2307508,29.64769556,6.9620305659641,30.13400649161467,5.032387001686748,26.736746417493976,6.04573435571363,28.099004638443656,6.00503004882419,25.51609716746517,16.74331655,6.65666323
2001-12-14,2001-12-29,2002-01-11,east_north,-2.69867679,18.24211138,train,-7.88930743,32.82183503,-2.6678273946412236,33.53919935968899,-6.480730367566264,24.983946701566268,-4.34446890610266,30.980814558468925,-4.935174351472143,24.89385135407321,7.43802691,10.83660329
2001-12-14,2001-12-29,2002-01-11,east_south,5.71692602,27.81366256,train,5.43605801,41.16105756,8.723981179075794,36.28806429383633,6.404829870361445,36.22978369693976,7.588238238782187,34.99500695152648,7.62071718584423,26.436963512410163,15.49413822,8.39112303
2001-12-14,2001-12-29,2002-01-11,west_north,-0.88590441,29.34788574,train,-2.8336305,35.13643256,-2.957637239509124,27.430233989822483,-2.2977629925542162,27.605548665927707,-2.713070086037565,25.664781853813874,-2.8787058759927415,29.510080765448162,6.32778004,14.65493774
2001-12-14,2001-12-29,2002-01-11,west_south,7.21922131,9.93634869,train,5.75266853,42.59516371,5.757842638395565,13.857942611710603,6.2013197380000005,40.85637626903615,5.907868438538966,19.042782262813358,5.777285927456534,27.716685356634844,14.59170195,7.89906131
2001-12-28,2002-01-12,2002-01-25,central_north,-2.41247661,8.83412812,train,-6.94307427,21.38010841,-5.346400391539047,11.320953833594787,-6.4122952985783135,10.526336501855415,-5.798685059707474,9.808595840291488,-6.012702161207011,14.161300586141397,5.10450963,30.41114024
2001-12-28,2002-01-12,2002-01-25,central_south,8.9843389,38.91577819,train,6.51475332,32.26487253,7.15814395263698,29.988779657211996,7.316389521686747,29.353923387493975,7.160403546120451,27.633217223587547,7.434167746850074,27.771193967009534,12.71740876,60.61975786
2001-12-28,2002-01-12,2002-01-25,east_north,-0.02499312,29.34384537,train,-7.44872801,35.72751273,-3.167383317959308,31.93703035333705,-6.040150947566264,27.889624401566266,-4.3896927530260905,29.982943829591303,-4.550688758681132,26.43167701585357,7.76487334,23.3474179
2001-12-28,2002-01-12,2002-01-25,east_south,10.85750727,66.91441167,train,6.97424184,54.99418005,8.722514836529543,38.501158990754604,7.943013700361445,50.062906186939756,8.30879456925458,39.458179007783414,8.746209366954428,34.87068984158107,16.12233073,22.36035005
2001-12-28,2002-01-12,2002-01-25,west_north,-3.2874307,20.50921301,train,-2.3570096,30.76473827,-2.6353019915653735,26.6738295168456,-1.8211420925542166,23.233854375927702,-2.2996195550179466,23.498574005405334,-2.5375527849179593,26.43569340329063,1.8127005,40.08236452
2001-12-28,2002-01-12,2002-01-25,west_south,5.00796271,0.84869674,train,6.1362916,11.33422267,5.923563935473239,15.472354325610986,6.584942808,9.595435229036145,6.154169000966447,11.533735491950932,6.328343582299509,12.042153898651332,9.07907399,8.95676312
2002-01-11,2002-01-26,2002-02-08,central_north,-2.87977849,18.77977189,train,-5.54276161,31.78925577,-4.600334627997391,11.879698442074574,-5.0119826385783135,20.935483861855417,-4.694980587443179,12.521416612811606,-4.991034476861836,15.39449102905444,1.8342307,14.6256699
2002-01-11,2002-01-26,2002-02-08,central_south,8.5605968,38.14646453,train,9.17006573,53.02221867,8.023465459503061,30.28781803519864,9.971701931686747,50.111269527493974,8.873295569706475,32.50562701500863,8.465180370439871,34.35853821431006,11.65245297,50.47991053
2002-01-11,2002-01-26,2002-02-08,east_north,1.17184506,26.35038461,train,-1.88643238,59.7463077,-2.844935686233365,31.162860687322176,-0.4778553175662641,51.90841937156627,-1.7573252032331723,33.891889725421166,-1.9461390557846396,31.69655122314899,6.7320592,31.06357904
2002-01-11,2002-01-26,2002-02-08,east_south,12.42856334,34.81875731,train,12.36609173,53.13202119,9.310372227385578,39.84527027403562,13.334863590361445,48.20074732693976,10.975926224308736,38.19886238891061,10.976640828331249,35.44683540042702,16.35764227,25.97210196
2002-01-11,2002-01-26,2002-02-08,west_north,-4.51021351,20.31960542,train,-5.51270047,40.14139184,-1.79709295531894,25.750080853939064,-4.976832962554217,32.6105079459277,-3.05826861445727,26.316567785529646,-2.49009405467079,27.8495431296158,-1.89263268,43.16049014
2002-01-11,2002-01-26,2002-02-08,west_south,4.52504062,8.14383708,train,5.89294591,20.43367778,6.604628564057277,16.057787988684066,6.341597118,18.694890339036146,6.531660672683487,14.43816795453938,6.900277612155034,13.917819634188511,5.83012012,12.34441469
2002-01-25,2002-02-09,2002-02-22,central_north,1.50210374,13.15492192,train,-4.78383096,20.84552354,-3.051150032582001,13.895750683268536,-4.253051988578314,9.991751631855415,-3.4289971587912236,11.23005690633605,-3.936383828435429,13.8297930103099,-1.57480084,19.35091217
2002-01-25,2002-02-09,2002-02-22,central_south,9.26209854,14.43478193,train,6.78426056,38.49578067,9.434552868854016,31.045713281059022,7.585896761686747,35.584831527493975,8.736440207771103,30.319006784124614,8.939992915516882,27.052673927500418,8.07769902,61.5244237
2002-01-25,2002-02-09,2002-02-22,east_north,0.84903622,20.14316519,train,-5.19366207,40.08101579,-1.7312821567289367,31.404706508059583,-3.7850850075662645,32.24312746156627,-2.455084966363404,30.208516685000927,-2.5071173079152493,30.001943171449486,1.60386722,38.43372165
2002-01-25,2002-02-09,2002-02-22,east_south,11.24784172,11.67185715,train,8.31639629,55.16622995,10.403280536358686,40.097132346802546,9.285168150361445,50.23495608693976,9.995228498609283,40.497411351418094,9.969168752163977,37.508210032303836,11.52407223,19.64185299
2002-01-25,2002-02-09,2002-02-22,west_north,0.10543207,15.66849722,train,-2.73424751,21.311919,-0.5811966245746446,24.889474350653266,-2.1983800025542166,13.781035105927703,-1.1539473194567003,20.091813096279115,-0.7292748076025812,19.883631458874408,-3.72229169,29.9293735
2002-01-25,2002-02-09,2002-02-22,west_south,8.45859296,2.28708406,train,7.04731775,9.69004408,7.69318507940126,15.382003582215312,7.495968958000001,7.951256639036144,7.700982358704662,10.990850028034135,8.064838881827185,11.959324685101517,3.80104622,6.94581646
2002-02-08,2002-02-23,2002-03-08,central_north,-4.95029117,14.53290789,train,-1.53176217,26.59719685,-0.8439995735151931,17.311293950470493,-1.000983198578313,15.743424941855416,-0.7204584798647118,14.909631148803776,-1.4332735288356346,14.011135010228255,-4.86464145,2.89273651
2002-02-08,2002-02-23,2002-03-08,central_south,7.44701193,13.5521168,train,8.82578595,54.47604055,11.2423292063687,32.217702158109404,9.627422151686748,51.56509140749398,10.729423283203168,35.355892123808786,10.847146355482181,31.279349619082563,3.88862576,16.18772873
2002-02-08,2002-02-23,2002-03-08,east_north,0.92177116,23.27514884,train,-2.61428774,48.3090839,0.08377658436385182,32.6862120265176,-1.205710677566264,40.47119557156626,-0.24665440620073897,33.10478255905747,-0.2316258069682413,31.799099740268023,-3.81152908,16.10965903
2002-02-08,2002-02-23,2002-03-08,east_south,8.92710356,51.59082189,train,10.73752387,64.26503638,11.889364093902055,39.42324063047741,11.706295730361445,59.33376251693976,11.951392432765289,42.16374186500259,11.833761284324083,41.277140285855694,4.85725676,27.32390573
2002-02-08,2002-02-23,2002-03-08,west_north,-2.94164187,18.16039549,train,-1.1756682,28.17030835,0.8977007883748666,24.224924376182237,-0.6398006925542166,20.639424455927703,0.4331758062551966,21.448990837908926,0.7522040773202523,21.0538018852987,-1.34442019,31.05404743
2002-02-08,2002-02-23,2002-03-08,west_south,8.45326489,3.23082588,train,7.78404718,31.06487413,9.086528596886021,13.4994615060049,8.232698388000001,29.326086689036146,8.91948856118847,15.530593162531442,9.327926401875828,16.61489976745919,6.92457841,9.46018494
2002-02-22,2002-03-09,2002-03-22,central_north,-0.93247245,22.96585344,train,-1.12587567,29.37632855,1.8485439115024755,21.849890582372232,-0.5950966985783134,18.522556641855417,1.045435119964095,19.821893786231236,0.8268499380633783,21.215523057410874,-2.16973967,6.27752088
2002-02-22,2002-03-09,2002-03-22,central_south,13.0928631,58.35128331,train,10.52582603,46.08360328,13.29607665809491,33.702481369024625,11.327462231686747,43.17265413749398,12.654707624208196,34.515929771078774,12.840667606622908,33.30060951634812,9.25483809,21.89887986
2002-02-22,2002-03-09,2002-03-22,east_north,3.40885464,46.04167792,train,-2.18991978,46.88238574,2.4624270619165882,34.85672735034552,-0.781342717566264,39.04449741156626,1.338874249564634,35.08288926747133,1.6056084657011258,36.94936690398721,0.1027593,22.53572671
2002-02-22,2002-03-09,2002-03-22,east_south,16.23746099,42.12238914,train,10.99843969,59.4220608,13.646704796121552,38.32904461900339,11.967211550361444,54.490786936939756,13.109272480343048,40.755802059874256,13.232834586514851,43.90435154651473,10.36463184,51.86375853
2002-02-22,2002-03-09,2002-03-22,west_north,-0.71920338,25.15971643,train,2.22229009,28.11292054,2.565160047341326,23.76515941395463,2.7581575974457833,20.582036645927705,2.865003970208828,20.754196238177794,2.713157641855573,18.980031952951954,-3.13066327,15.72180773
2002-02-22,2002-03-09,2002-03-22,west_south,9.4769004,2.85891299,train,11.68888949,13.56793418,10.702102081969477,10.744662702048364,12.137540698,11.829146739036144,11.496459691919,8.342911548048415,11.748165861038782,12.843941941567063,5.7254851,1.33142137
2002-03-08,2002-03-23,2002-04-05,central_north,1.65610238,12.41612357,train,3.47570535,46.39653536,4.8467278257544315,27.05048004465247,4.006484321421687,35.54276345185542,4.733793636351297,27.851900615429035,4.709120199206002,24.899402543562957,-3.15683379,21.49440071
2002-03-08,2002-03-23,2002-04-05,central_south,14.23971835,32.7822465,train,14.25304183,52.59261644,15.46268781128319,35.35571305103358,15.054678031686748,49.68166729749397,15.487956893207858,37.266484949203615,15.515294191322194,31.924269972784632,8.84470043,51.52177813
2002-03-08,2002-03-23,2002-04-05,east_north,4.15292916,47.03523387,train,3.01713268,63.51472919,5.234317169947092,37.61745327989535,4.425709742433736,55.67684086156626,5.147681979987024,40.96085090383292,5.761077146341113,39.618635731839305,1.42527259,33.35904002
2002-03-08,2002-03-23,2002-04-05,east_south,16.52690389,38.08301103,train,14.77280421,60.53094025,15.55860285798559,37.52360240157357,15.741576070361445,55.59966638693976,15.804435605403,40.18961892430589,15.675161054155701,36.67438774498282,13.32151893,23.03749322
2002-03-08,2002-03-23,2002-04-05,west_north,5.32833154,8.53632484,train,2.53898959,33.20633009,4.388798998463322,23.400961275005397,3.0748570974457836,25.675446195927705,4.072608891996277,22.668430268293967,4.406695929256374,23.529561267136216,-4.71169227,18.8444049
2002-03-08,2002-03-23,2002-04-05,west_south,13.94225209,3.0695517,train,11.09625888,12.68248691,12.482746157950562,7.661448815315197,11.544910088000002,10.943699469036144,12.280820066012794,6.937007371530191,12.321779030061116,5.673031603548955,3.97017542,8.00337647
2002-03-22,2002-04-06,2002-04-19,central_north,12.13997709,28.27131297,train,9.07807139,44.8568567,7.979532232460183,32.33929529208517,9.608850361421686,34.003084791855414,8.846934963664086,30.864171040949298,9.078293161600918,31.764967689750602,1.6402139,11.26386397
2002-03-22,2002-04-06,2002-04-19,central_south,20.10804985,44.31337085,train,16.69467599,50.00754219,17.637661898396427,37.01169869921895,17.496312191686748,47.09659304749398,17.7360699779821,38.1538246236812,17.6615505979902,33.53013724617368,8.79888539,17.23760008
2002-03-22,2002-04-06,2002-04-19,east_north,13.06944677,37.67465554,train,6.82397477,50.43551849,8.213909967378488,40.57817322255049,8.232551832433737,42.597630161566265,8.396813411752728,39.74007438905775,8.678515915366091,38.59235536553615,0.53072143,17.18954241
2002-03-22,2002-04-06,2002-04-19,east_south,20.04878563,25.70011635,train,15.93465107,36.6769729,17.523785704039003,37.73166955331112,16.903422930361444,31.74569903693976,17.3581330192595,34.75052106743067,17.902499507356826,35.25932590423926,10.5223547,34.94511122
2002-03-22,2002-04-06,2002-04-19,west_north,7.60416133,24.71282592,train,6.55934446,32.89074038,6.365627501640499,22.94236281709333,7.095211967445784,25.3598564859277,6.869878132691864,22.040169063239905,6.463367686489922,23.082244520562877,-0.45053884,18.54236013
2002-03-22,2002-04-06,2002-04-19,west_south,16.05886993,3.17514236,train,14.18315409,7.91962004,14.391784180380844,4.884038142811074,14.631805298000002,6.180832599036144,14.634995150144103,3.6952242653219827,14.173088496890575,5.3795966839154,7.88095947,2.56258665
2002-04-05,2002-04-20,2002-05-03,central_north,8.06652275,41.40215585,train,9.9214195,52.11650606,11.09407617168804,37.125236951430544,10.452198471421687,41.26273415185541,10.941137840977099,37.44537272134957,10.689803962600163,37.23337786643195,-4.6288088,13.42214219
2002-04-05,2002-04-20,2002-05-03,central_south,21.46621811,20.80520323,train,18.49160478,43.04535577,19.746457431326714,38.508934235498735,19.293240981686747,40.13440662749397,19.638077729432467,38.04909695299932,19.631999646323397,39.199141634662425,6.49514827,14.47655567
2002-04-05,2002-04-20,2002-05-03,east_north,8.30559578,62.30278151,train,8.48400645,54.21208563,11.217004014786728,43.33231235624843,9.892583512433736,46.37419730156626,10.758951817725546,43.60576519207541,11.4540799298465,43.76932369699122,0.5168267,28.61032874
2002-04-05,2002-04-20,2002-05-03,east_south,21.63053595,20.68772038,train,18.00183494,39.29426488,19.460185478717086,39.497516776321596,18.970606800361445,34.36299101693976,19.296112271185297,37.263318542600544,19.545762883898853,36.34413853694434,8.88859203,54.81264786
2002-04-05,2002-04-20,2002-05-03,west_north,7.16536722,12.98619433,train,8.1086053,34.9674758,8.498945712175974,22.17762684891909,8.644472807445784,27.436591905927706,8.691446980767529,22.725786613619686,8.34913237592399,23.441461145903872,-1.8007215,14.21517784
2002-04-05,2002-04-20,2002-05-03,west_south,15.16781884,1.9309615,train,15.67188445,6.29546105,16.400095564168776,2.9965923761659194,16.120535658,4.556673609036144,16.3521190468201,2.564630969447231,15.71362256221003,4.3383791214274545,8.61668537,0.480568
2002-04-19,2002-05-04,2002-05-17,central_north,11.4540184,58.69396522,train,13.83670753,51.68884795,14.058080853024531,40.89903326276143,14.367486501421686,40.835076041855416,14.200974553772998,40.27212852211214,13.623813911304484,41.60524135229498,-0.13363477,25.34941265
2002-04-19,2002-05-04,2002-05-17,central_south,22.53570588,31.55014527,train,20.83575043,42.40172758,21.737188028688163,39.71443229235862,21.63738663168675,39.49077843749397,21.69436097654331,39.24858976823781,21.61671407289013,42.08628130176639,14.38962907,52.02989356
2002-04-19,2002-05-04,2002-05-17,east_north,12.69370311,57.79805122,train,12.54397322,48.20869598,14.074144392729352,45.5340365018466,13.952550282433736,40.37080765156627,14.005544916009033,43.72290680317286,13.97112857577796,45.011136981801826,4.60990102,37.01779904
2002-04-19,2002-05-04,2002-05-17,east_south,22.11024656,30.06114309,train,20.34035093,36.57444747,21.302537792112815,43.02692414540681,21.309122790361446,31.64317360693976,21.271140724303592,39.620742211987036,21.160152804822452,38.43503973040542,16.52922107,32.33082925
2002-04-19,2002-05-04,2002-05-17,west_north,9.26734404,8.6614231,train,10.87862883,20.93307109,10.77143558007072,20.93967573168438,11.414496337445783,13.402187195927702,11.050261866232582,18.47489626770515,10.422888067714311,19.46159666875562,-1.57482764,31.70436166
2002-04-19,2002-05-04,2002-05-17,west_south,18.57437353,0.2171467,train,18.27775085,3.72944065,18.46934693145999,2.4030468405617196,18.726402058,1.9906532090361442,18.55255396533553,1.8452561114282178,18.028003700619635,4.838186605977764,8.98487477,5.62795484
2002-05-03,2002-05-18,2002-05-31,central_north,14.9945719,22.63945065,train,15.16377627,52.17072431,16.756695207809706,43.31566136628525,15.694555241421686,41.31695240185542,16.22366377991072,43.11957372380722,15.917798926266943,46.16900431654817,0.48837362,13.06738387
2002-05-03,2002-05-18,2002-05-31,central_south,21.32959434,36.65324393,train,23.38003195,30.29806199,23.56772436635619,40.54199437969961,24.181668151686747,27.387112847493977,23.719280757761165,37.04656991022675,23.799626247377375,41.56705387640683,13.57290534,39.36294167
2002-05-03,2002-05-18,2002-05-31,east_north,13.62221638,33.6244075,train,13.43708232,70.82668952,16.639518043587486,46.960736140907464,14.845659382433736,62.98880119156627,15.810087654922793,51.80505087182574,15.837295917589127,50.740180922901985,3.62861582,54.08752766
2002-05-03,2002-05-18,2002-05-31,east_south,20.28217576,30.33759042,train,22.18496286,48.68194365,22.99556476289875,48.10527936736574,23.153734720361445,43.75066978693976,22.983580276866856,47.18880914592138,22.599938307142743,47.50091064530079,16.24060088,45.71072038
2002-05-03,2002-05-18,2002-05-31,west_north,13.46515691,16.33511731,train,12.91944096,20.08762684,13.122078827585122,19.16380157752578,13.455308467445782,12.556742945927702,13.16458854278881,17.561652437205915,12.785915263288622,20.097225408969134,4.41048946,9.45199212
2002-05-03,2002-05-18,2002-05-31,west_south,19.8478549,2.18723981,train,20.26773854,3.71740831,20.536547513083367,3.2366664323151086,20.716389748,1.9786208690361444,20.498168571482793,3.0639064542309065,20.517583715101694,5.0988298683904265,13.56463626,3.10265793
2002-05-17,2002-06-01,2002-06-14,central_north,19.44835948,47.80074237,train,19.28959182,49.97989706,19.0863269991547,44.24320595802014,19.820370791421684,39.12612515185542,19.215444326602373,43.14426862679994,18.911326324610705,44.27718512519036,10.63888367,23.70075597
2002-05-17,2002-06-01,2002-06-14,central_south,26.29669351,29.92944177,train,25.04288673,35.22626262,25.19156344392464,40.96096702821942,25.844522931686747,32.31531347749397,25.30141611363989,39.24946975364497,25.56225661265354,42.60918209126473,18.49764948,44.11994747
2002-05-17,2002-06-01,2002-06-14,east_north,18.29352818,56.83296301,train,18.45181984,62.51203985,18.795021631009227,47.54761255401283,19.860396902433735,54.674151521566266,19.065617054775846,49.641100291483056,18.273939833040526,49.19801589909663,10.50954059,36.30153675
2002-05-17,2002-06-01,2002-06-14,east_south,25.71184961,39.43298503,train,23.8798106,76.14534645,24.485544431802843,54.11244238524239,24.848582460361445,71.21407258693976,24.56242794309968,59.47936388118417,24.793724681082853,65.98023832326182,18.60529843,26.92111112
2002-05-17,2002-06-01,2002-06-14,west_north,14.63421742,15.789402,train,15.06567288,20.15418983,15.433713860582234,16.922387831176255,15.601540387445782,12.623305935927704,15.312537103572641,16.458197181619145,15.20785719831433,18.27334927950675,8.2955983,21.19873278
2002-05-17,2002-06-01,2002-06-14,west_south,23.45842721,0.43993127,train,22.4757564,3.13321532,22.504838462171247,5.329823682038985,22.924407608000003,1.3944278790361444,22.49384562027299,4.937838244976312,23.060328137097617,5.550771698586546,16.44831367,3.00982442
2002-05-31,2002-06-15,2002-06-28,central_north,22.68694503,31.9805908,train,20.97278755,50.59643973,20.94874803428682,43.768748753151925,21.503566521421686,39.74266782185542,20.949966752301478,43.48375683796091,21.058547455092736,43.307914128324995,8.53063856,42.44772469
2002-05-31,2002-06-15,2002-06-28,central_south,25.95033721,33.15546107,train,25.80197867,42.82036288,26.54704986117782,40.99411618379666,26.603614871686748,39.90941373749398,26.3830775117051,42.02443446833492,26.567071192025992,43.336163877647735,21.83962846,17.32797298
2002-05-31,2002-06-15,2002-06-28,east_north,20.41903358,39.33540876,train,19.43943566,55.06739427,20.45025677048124,47.387423279383135,20.848012722433737,47.229505941566266,20.380812909332754,48.27162121827145,19.98553111072335,47.33189851729338,9.63933447,51.78399118
2002-05-31,2002-06-15,2002-06-28,east_south,24.8448744,81.54061091,train,24.79244693,77.300056,25.71339778472526,60.132954749835335,25.761218790361447,72.36878213693976,25.64385699841381,64.93804515818297,26.003655864172977,69.55493507501923,21.68209627,16.99467421
2002-05-31,2002-06-15,2002-06-28,west_north,19.0759819,8.9574659,train,19.07918184,7.21833712,17.53558296630593,14.427586647135865,19.615049347445783,0.0,18.124313402762514,10.999452285347537,18.77536498887859,9.482436872276242,6.45869193,15.91965224
2002-05-31,2002-06-15,2002-06-28,west_south,25.44610885,1.09938557,train,26.18531332,2.20599275,24.24397118450564,8.250870302921328,26.633964528,0.4672053090361443,25.015652701635343,6.724053988286784,25.76574712498049,3.423441548389203,15.08801223,2.1129891
2002-06-14,2002-06-29,2002-07-12,central_north,24.45683737,29.3882876,train,22.36468328,46.03969252,22.248515933728118,42.16134137641836,22.895462251421687,35.18592061185542,22.266099982349512,41.473523970401644,22.62191184036231,39.41593620006384,11.25916042,55.84645465
2002-06-14,2002-06-29,2002-07-12,central_south,26.78423386,61.07010339,train,26.63177944,42.04389907,27.553634969424465,40.705628912344444,27.433415641686747,39.13294992749398,27.312629509378905,42.12754883654587,27.33636584826191,41.16109433362578,22.29742528,29.23020317
2002-06-14,2002-06-29,2002-07-12,east_north,22.25888869,19.40196061,train,21.02136898,52.30484356,21.540005360922137,46.69631068494394,22.429946042433734,44.46695523156627,21.666368843980123,47.321601609652134,21.653065884685194,45.43618017585902,12.17969049,67.4797575
2002-06-14,2002-06-29,2002-07-12,east_south,26.30695108,56.88552828,train,25.64142311,86.01286984,26.611971234140036,65.13829857063567,26.610194970361448,81.08159597693975,26.55455909001144,71.46781563780812,26.955353958283695,77.30632986071522,22.36622922,33.84641654
2002-06-14,2002-06-29,2002-07-12,west_north,21.28346932,7.17742399,train,19.86471013,14.0610402,19.221682117300784,12.000237438178555,20.40057763744578,6.530156305927705,19.418371781346014,11.653796960352643,19.948321318390622,9.398719220281507,8.7753962,8.88291482
2002-06-14,2002-06-29,2002-07-12,west_south,26.79510668,5.34242252,train,26.22947514,5.57068446,25.601610532921494,11.399785201764807,26.678126348000003,3.831897019036144,25.82803889351791,10.79352462992754,26.25391913261218,9.75839281650207,17.68295462,0.1983849
2002-06-28,2002-07-13,2002-07-26,central_north,24.38284603,23.39720261,train,22.47536185,41.99401301,22.895738285137604,39.80148110565251,23.006140821421685,31.14024110185542,22.707731923954093,39.162726280876186,23.043077601851806,36.82978169818827,13.21066175,26.46521406
2002-06-28,2002-07-13,2002-07-26,central_south,27.13622537,49.58202437,train,26.32292882,46.62838867,28.117050994770207,40.1823663106655,27.12456502168675,43.71743952749398,27.553385828105608,43.58752223233414,27.405597352355503,44.173151914647704,21.00761773,35.65931118
2002-06-28,2002-07-13,2002-07-26,east_north,22.11914052,36.3128532,train,21.42004614,54.74448699,22.021092714574216,45.75424383895323,22.828623202433736,46.906598661566264,22.152655669876726,47.66092503951211,22.22463167832396,45.00745198383987,12.60390875,30.44060057
2002-06-28,2002-07-13,2002-07-26,east_south,27.27370349,64.69395739,train,25.59821416,65.94036322,27.109065871805257,68.20123435562599,26.566986020361448,61.009089356939754,26.835820496028713,68.97994294289467,26.730273400513674,65.05311195214165,19.95190304,25.44806465
2002-06-28,2002-07-13,2002-07-26,west_north,22.09205846,10.09357581,train,21.13162511,17.01855892,20.281921465829324,10.011106923117108,21.667492617445784,9.487675025927704,20.586022555477832,11.16849524979449,21.03747733767659,8.43708017055176,12.5079914,16.48326639
2002-06-28,2002-07-13,2002-07-26,west_south,26.07906422,18.29312822,train,26.50705228,11.68799196,26.42394913167658,14.140981942714332,26.955703488,9.949204519036144,26.469789145719353,14.944120096212508,26.358923211531064,15.60654557856185,19.12415906,2.20381506
2002-07-12,2002-07-27,2002-08-09,central_north,23.62636962,36.19550289,train,23.6577927,43.47450068,22.81464431011156,37.09367485059984,24.188571671421688,32.62072877185541,23.217023041647504,37.375927840136384,23.507525320859017,34.83218730417926,20.18772882,42.55497675
2002-07-12,2002-07-27,2002-08-09,central_south,27.87137552,24.47223349,train,27.28219273,33.62210818,28.1429820923238,39.512872758114405,28.083828931686746,30.711159037493974,28.008220957388193,39.57672453253977,27.93419411402961,35.8581885016153,26.12296576,29.19436591
2002-07-12,2002-07-27,2002-08-09,east_north,22.87887617,26.07533133,train,22.15976356,47.55572405,21.870390074371663,44.83422558185665,23.568340622433734,39.71783572156627,22.42775757213175,45.04314824313276,22.730249532295907,42.37226998255164,18.71758091,53.09582877
2002-07-12,2002-07-27,2002-08-09,east_south,26.93083259,35.43128451,train,26.51871132,53.4177643,27.136231399255916,68.69458051531095,27.487483180361448,48.48649043693976,27.27942341822361,65.97550138659085,27.222563617380224,63.53146152148075,25.38469011,39.79483636
2002-07-12,2002-07-27,2002-08-09,west_north,18.66593028,8.77616199,train,21.0384817,11.31597746,20.539912891135092,8.806999599664755,21.57434920744578,3.7850935659277036,20.74024569755691,9.069100255434172,21.008761676103322,7.948909909950022,14.78783069,16.09120372
2002-07-12,2002-07-27,2002-08-09,west_south,25.17937042,14.97004202,train,26.27130521,12.73264425,26.581752886665093,15.94326928675072,26.719956418000002,10.993856809036144,26.530046172265372,16.896543824465326,26.02631086737098,17.552649191862574,23.59082653,0.3999992
2002-07-26,2002-08-10,2002-08-23,central_north,21.22506,53.18107556,train,20.31192454,37.33631278,21.956699469172687,34.382037517794714,20.842703511421686,26.482540871855416,21.38405200898926,34.666076815388735,21.40960532737953,34.50650063215818,21.67959932,36.91393864
2002-07-26,2002-08-10,2002-08-23,central_south,27.56290301,41.71140032,train,26.23102878,33.78430314,27.556570447674044,38.76898888863125,27.032664981686747,30.873353997493975,27.30305301566437,39.30524816623675,27.28585740372511,37.58919353936018,25.92792754,30.186612
2002-07-26,2002-08-10,2002-08-23,east_north,23.61782206,21.28695642,train,19.6057067,38.78905662,21.085093501486384,44.136783421481965,21.014283762433735,30.951168291566262,20.96756760936291,42.89507907476663,20.530817860208586,46.3591056621533,19.70774002,36.52320633
2002-07-26,2002-08-10,2002-08-23,east_south,27.02674942,44.64363892,train,25.36092899,65.77136237,26.6417643362079,66.4299055150377,26.329700850361448,60.840088506939765,26.598017275553772,67.84588162903383,26.514786721510337,66.23841165930395,24.90995574,75.52823894
2002-07-26,2002-08-10,2002-08-23,west_north,18.6899741,4.23263906,train,19.97942188,12.01382231,19.88936402857756,8.637947989793444,20.515289387445783,4.482938415927705,19.998992478287736,9.359011594990676,19.96049263193598,8.77784252360011,18.51312331,8.13028741
2002-07-26,2002-08-10,2002-08-23,west_south,25.87824303,5.14400746,train,25.75963077,7.74673796,25.996427636444228,16.495384935251554,26.208281978000002,6.007950519036144,26.045808032279904,16.054945342411973,25.561420837785658,15.20501830117816,25.28863078,0.9984884
2002-08-09,2002-08-24,2002-09-06,central_north,22.17632812,24.96733961,train,19.3343819,47.71382444,20.315516897422764,31.887689862164827,19.865160871421686,36.860052531855416,20.118753145393715,35.353352034536854,20.15627543120331,36.30383533702731,24.97970392,26.00428253
2002-08-09,2002-08-24,2002-09-06,central_south,27.05644388,19.84331166,train,26.01005941,32.481793,26.323431517878127,37.994150747439825,26.811695611686748,29.57084385749398,26.563904741156655,38.00876750069149,26.68873802225403,40.48212139058239,26.6380787,66.09978728
2002-08-09,2002-08-24,2002-09-06,east_north,19.64632925,33.49966648,train,19.19126372,38.29536255,19.685503382689742,43.744846980681324,20.599840782433734,30.457474221566265,20.05803384607208,42.13185847109155,19.92414677918868,46.27083542023021,22.97813757,32.04097038
2002-08-09,2002-08-24,2002-09-06,east_south,25.33482825,89.55125116,train,24.96149937,52.81424072,25.60510144604725,61.70480425314142,25.930271230361445,47.88296685693976,25.859992363454303,60.616523960305415,25.844388293078048,63.00147438847151,26.56273057,55.52673663
2002-08-09,2002-08-24,2002-09-06,west_north,17.91410184,7.21877034,train,16.85197572,13.43006239,18.321013064897823,9.60169872173263,17.38784322744578,5.899178495927704,17.86805184051837,10.955111668237357,17.482251530073494,10.873573403030559,20.81534072,7.99016906
2002-08-09,2002-08-24,2002-09-06,west_south,24.89547192,5.52445983,train,23.9682767,2.33944962,24.660368080771395,15.771119918159007,24.416927908,0.6006621790361442,24.585170803065964,14.198664321062843,24.402965886702695,13.494646082081967,26.46969186,3.97401576
2002-08-23,2002-09-07,2002-09-20,central_north,19.26845721,32.27716941,train,17.96035349,28.4533965,17.93994918635079,29.681295135064847,18.491132461421685,17.599624591855417,18.192764456433196,28.192134524781114,18.008876355081885,28.693266750898363,23.82670897,25.47906759
2002-08-23,2002-09-07,2002-09-20,central_south,24.85625778,62.74505836,train,23.62252823,25.47609073,24.46716637355393,37.20076953911724,24.424164431686748,22.565141587493976,24.527065580087353,35.55420651011073,24.678265126883772,41.94348540037275,26.94903196,49.9178582
2002-08-23,2002-09-07,2002-09-20,east_north,19.94352739,30.27651721,train,16.90410563,34.72955658,17.719548435510063,43.60925074842178,18.312682692433736,26.891668251566266,18.010753010791408,41.02603210270725,17.90569620396399,45.78413397306207,21.77437428,33.44118563
2002-08-23,2002-09-07,2002-09-20,east_south,25.22369718,67.78000097,train,23.0340229,41.07135506,24.049181301024035,55.24774656922174,24.002794760361446,36.14008119693976,24.156408211607907,52.59486356731426,24.27260012767474,56.96581690538552,26.95199622,64.44837494
2002-08-23,2002-09-07,2002-09-20,west_north,15.0694903,19.01212168,train,16.341256,8.66842156,15.933816411646898,11.618047424924892,16.877123507445784,1.137537665927705,16.33571909449721,10.492507637832446,16.02923930971267,10.127732000827837,22.63968544,8.18864706
2002-08-23,2002-09-07,2002-09-20,west_south,21.46070994,29.89821614,train,23.11536841,5.79255777,22.646816117168505,14.029543216322747,23.564019618,4.053770329036144,23.11988232511963,13.283831474318752,23.317458854158268,11.202957042018209,26.21967753,17.5972368
2002-09-06,2002-09-21,2002-10-04,central_north,13.52451834,38.66894933,train,13.58891489,45.07549681,14.941709509567287,27.69566485582033,14.119693861421686,34.22172490185541,14.689356515469019,31.34377877769506,14.574479133022734,30.880392794175552,24.00963891,36.89362146
2002-09-06,2002-09-21,2002-10-04,central_south,22.86588222,59.54098295,train,21.42513396,33.15487396,22.078826786136105,36.37686892485692,22.226770161686748,30.24392481749398,22.2579979903051,36.60831550648609,22.19356214660948,40.71630949942323,28.04280559,28.1420364
2002-09-06,2002-09-21,2002-10-04,east_north,17.1528571,59.04454672,train,14.67144252,41.66429428,15.267496917548856,43.56790865399945,16.080019582433735,33.826405951566265,15.692675244169436,42.4666186822367,15.447208458058022,43.90318028118611,23.08170635,30.55575914
2002-09-06,2002-09-21,2002-10-04,east_south,24.36117884,51.97493469,train,21.6760452,44.97361192,22.047517521754838,48.0723226990279,22.644817060361447,40.04233805693976,22.426808157829562,47.71624717352738,22.185297307433125,48.26082660505409,27.35601213,46.89274032
2002-09-06,2002-09-21,2002-10-04,west_north,10.73661545,13.75537358,train,11.55270102,19.67158699,12.927319233879258,14.439060355619395,12.088568527445783,12.140703095927705,12.657188672897178,15.869562492168225,12.709619721245282,15.612567218537688,19.2023657,8.37172604
2002-09-06,2002-09-21,2002-10-04,west_south,19.32659066,3.08578124,train,19.09059966,6.668241,20.10651604396533,11.750606809476716,19.539250868,4.929453559036144,19.985317854575584,12.018026734058342,20.154057797394014,10.429277061153591,25.35539873,16.57791274
2002-09-20,2002-10-05,2002-10-18,central_north,8.74214272,20.60219696,train,10.39212486,29.74829358,11.494706181604188,25.773909249608682,10.922903831421685,18.894521671855415,11.328401454779875,25.480180601435556,11.19832739259909,26.82421242292754,21.11871924,43.90094598
2002-09-20,2002-10-05,2002-10-18,central_south,17.95833938,50.17824257,train,18.40820969,22.08161978,19.31532278982471,35.49992331315188,19.209845891686747,19.170670637493977,19.36088925277745,32.70474123880703,19.34203783904902,34.691148618945675,27.38470514,41.27481502
2002-09-20,2002-10-05,2002-10-18,east_north,10.72767803,58.25225397,train,9.60200803,45.11865665,12.444881422361028,43.39383605565217,11.010585092433736,37.28076832156626,11.932137733451267,43.57924399307727,11.711845706444528,42.81206222908325,23.08442515,15.77720279
2002-09-20,2002-10-05,2002-10-18,east_south,20.51628954,67.8431478,train,18.15753986,24.91415228,19.723664482897693,41.27289840666224,19.126311720361446,19.98287841693976,19.528976361466185,37.262096541690795,19.71314282528025,39.50390838186922,26.4079369,44.7009779
2002-09-20,2002-10-05,2002-10-18,west_north,9.11276512,2.50284543,train,9.92294055,14.72205567,9.576085552063796,17.693320209536342,10.458808057445783,7.191171775927704,10.0391673845951,16.115924762005548,9.776396875272496,12.189586670355961,18.71685253,5.34347641
2002-09-20,2002-10-05,2002-10-18,west_south,17.41193832,4.01314428,train,17.38035419,13.17746801,17.251158769433893,9.521099058013657,17.829005398,11.438680569036144,17.61221200038289,11.321533826938563,17.68267685864502,8.342753835855527,26.19002845,5.70431767
2002-10-04,2002-10-19,2002-11-01,central_north,2.24946369,28.95013547,train,6.43821853,29.38557815,7.824813060614654,23.740278287627234,6.968997501421687,18.531806241855417,7.520416331089532,23.59196869125467,7.832355148225883,23.89425876827541,22.09598865,35.44963568
2002-10-04,2002-10-19,2002-11-01,central_south,14.94218455,88.78687842,train,14.63287323,38.00453728,16.386030989855016,34.55410659497943,15.434509431686747,35.09358813749398,16.06967291375097,36.00067101409283,16.407995201103017,38.404969753858495,27.23434661,20.12855275
2002-10-04,2002-10-19,2002-11-01,east_north,5.54586614,40.59016507,train,7.14306445,48.02136339,9.401748480220133,42.86044826992921,8.551641512433736,40.18347506156626,9.10666313455335,43.29584596241993,9.029207328327868,40.992831509137744,20.196582,38.81679167
2002-10-04,2002-10-19,2002-11-01,east_south,17.83732852,37.42501738,train,16.27023592,41.13677343,17.242262259131127,35.80666225182401,17.239007780361447,36.20549956693976,17.26277528372544,36.73941258701339,16.8622670670621,34.799422278059026,25.68483821,85.9275177
2002-10-04,2002-10-19,2002-11-01,west_north,3.05016748,8.14967809,train,6.08396788,23.71012937,6.190861479317806,20.95483020569046,6.619835387445784,16.179245475927704,6.4692029092166505,20.653953982756505,6.6620034055644615,16.550282066546416,18.00481831,6.30521048
2002-10-04,2002-10-19,2002-11-01,west_south,12.93811554,8.16241364,train,13.90801194,10.03568333,14.326358026470063,7.897177785637914,14.356663148,8.296895889036144,14.41379237486752,8.973701031541893,14.67466453809729,8.915069990557907,24.70685548,4.44439921
2002-10-18,2002-11-02,2002-11-15,central_north,3.69158753,10.74338424,train,3.631427,32.94155153,4.1907097464525975,21.475544249872993,4.162205971421686,22.087779621855415,4.202453439271107,22.161244682523243,4.590362381809238,20.227845787577426,20.14939534,23.55604594
2002-10-18,2002-11-02,2002-11-15,central_south,12.58396276,52.53258899,train,11.0563673,51.68105607,13.529362953092203,33.546326395274946,11.858003501686747,48.77010692749397,12.881249624501951,38.560932721476675,13.013558307231822,41.25642315493174,25.50016907,47.50210042
2002-10-18,2002-11-02,2002-11-15,east_north,6.10732812,44.20571905,train,4.30446168,54.72186827,6.316929441184908,41.808488505910304,5.713038742433736,46.88397994156627,6.088251274403976,43.702340037039235,6.251045239158051,41.12206770027865,19.52056775,27.26377882
2002-10-18,2002-11-02,2002-11-15,east_south,14.75796537,63.20225258,train,13.97474987,60.14807059,14.79259258787381,32.30986853649348,14.943521730361445,55.21679672693976,14.837803566369995,38.5136230402245,15.181073911566095,44.86895072013955,25.23715343,65.81874002
2002-10-18,2002-11-02,2002-11-15,west_north,2.63792309,33.91601621,train,2.5825197,32.77988039,3.073944578135999,23.82179791554762,3.1183872074457835,25.248996495927706,3.1714707848600963,24.81270002841432,3.7714023897696984,22.845196308057524,15.47458181,20.34808499
2002-10-18,2002-11-02,2002-11-15,west_south,11.40004266,22.50196366,train,9.84188346,15.61974461,11.579087385400838,7.274992536426955,10.290534668000001,13.880957169036144,11.067381537126241,9.856793751995156,11.202940211277898,8.90610883549933,22.1390477,30.00453725
2002-11-01,2002-11-16,2002-11-29,central_north,1.10150642,4.39476855,train,1.43711661,30.68012367,0.85829058182221,18.977728841922595,1.9678955814216867,19.826351761855417,1.3015079069341036,18.892148822200486,1.6524381111766284,17.341400925883466,14.28240526,33.23866001
2002-11-01,2002-11-16,2002-11-29,central_south,9.26444518,9.96531516,train,10.20481874,46.59433963,10.98322807708747,32.51667738496811,11.006454941686748,43.68339048749398,10.97615728415304,35.33775566252038,11.141489661749286,37.58029881234708,22.72136348,63.39907171
2002-11-01,2002-11-16,2002-11-29,east_north,1.66374878,46.72685219,train,2.51521441,56.36813512,3.3869961103456365,40.19846796873426,3.923791472433736,48.53024679156626,3.5890066949295116,42.065033132106635,3.729099819369336,42.17365260287704,17.66562318,58.81629554
2002-11-01,2002-11-16,2002-11-29,east_south,10.01506246,38.8305044,train,12.16040659,49.09308165,12.567174435840343,30.988125854862282,13.129178450361444,44.16180778693976,12.695303848308267,33.85837563967495,13.167217352050727,36.53829477592214,24.45722483,59.70013216
2002-11-01,2002-11-16,2002-11-29,west_north,2.22072238,7.85499296,train,0.14591433,28.3640982,0.47740995515488543,25.988418700916128,0.6817818374457835,20.833214305927704,0.5857179002496986,24.648346875447487,0.8396756608302817,24.847738954262102,11.52948126,10.62478169
2002-11-01,2002-11-16,2002-11-29,west_south,9.96421065,1.21127119,train,8.77791837,16.18484193,9.225641512745472,7.799000107399201,9.226569578000001,14.446054489036145,9.194698181395925,9.38588327639567,9.116063700775257,7.88599821201041,20.2158985,3.22722504
2002-11-15,2002-11-30,2002-12-13,central_north,-2.69713848,6.57925497,train,-2.35472155,34.53910881,-1.927454733470433,16.392416426531142,-1.823942578578313,23.68533690185542,-1.9288520005455818,17.863414471007534,-1.4572620874755602,16.715841267916936,9.47246022,34.95196039
2002-11-15,2002-11-30,2002-12-13,central_south,6.67628919,56.42048611,train,8.28393055,59.49258991,8.954685757353918,31.54024073670097,9.085566751686747,56.58164076749398,8.968554620314471,37.42267155787769,8.909256009458346,43.47889576401218,19.08257639,62.14083439
2002-11-15,2002-11-30,2002-12-13,east_north,-3.55924556,27.92069333,train,-0.04565071,50.38638557,0.8107028607465967,38.13574966923946,1.3629263524337358,42.54849724156627,0.9733990722667261,38.461762646451845,1.211156931285609,39.47434280555774,12.30635479,47.4688113
2002-11-15,2002-11-30,2002-12-13,east_south,8.09357041,63.70952152,train,11.60370118,53.34789509,10.739019201285103,31.603672712690678,12.572473040361444,48.41662122693976,11.35852933233318,34.437182137847174,11.82455766677214,36.99000447655581,21.95445247,67.24387752
2002-11-15,2002-11-30,2002-12-13,west_north,0.19108932,12.3478661,train,-1.69270648,24.72982966,-1.4278602964430078,27.29445779453402,-1.1568389725542165,17.198945765927704,-1.3424949061999532,24.05441710460674,-1.4530151183159061,26.573602032640775,9.02272546,6.52998567
2002-11-15,2002-11-30,2002-12-13,west_south,7.49831377,11.92083168,train,6.04981052,33.87557998,7.4260177014770585,9.328925924959883,6.4984617280000005,32.13679253903614,6.991819085211297,14.902645683402053,6.69917057184828,18.675052910357454,17.28409338,3.16478564
2002-11-29,2002-12-14,2002-12-27,central_north,-1.35177728,15.54297768,train,-1.77476225,21.10524043,-3.968559563159114,14.004031424840731,-1.2439832785783134,10.251468521855415,-2.9055690626898545,11.259101259064995,-2.568047790551393,12.409286659214711,3.53532642,30.1396661
2002-11-29,2002-12-14,2002-12-27,central_south,8.20132018,44.00794631,train,6.06672662,62.82768557,7.594319550586886,30.719189693930986,6.868362821686747,59.91673642749397,7.232243650307231,37.43508881940595,6.831114657712601,43.97084321873952,15.79812041,88.95753329
2002-11-29,2002-12-14,2002-12-27,east_north,0.13309831,51.01049593,train,-1.13650421,46.65375009,-1.2292284403285993,35.861638600250195,0.2720728524337359,38.81586176156627,-0.6841334202959042,35.04625430445226,-0.532233580080236,37.74964665892266,6.17722283,52.32315479
2002-11-29,2002-12-14,2002-12-27,east_south,9.10497355,57.05798216,train,10.61202394,58.87957051,9.441505447303914,33.5605694884209,11.580795800361445,53.94829664693976,10.182118560383678,36.71486017563646,10.546663976869628,39.37263816504331,17.98804885,37.04334432
2002-11-29,2002-12-14,2002-12-27,west_north,-1.86617513,46.41558036,train,-3.06623422,32.06653418,-2.5668200310745517,27.742502920853696,-2.5303667125542164,24.5356502859277,-2.5922982230522713,25.835702917199413,-2.751426994879804,29.632559098463727,4.81082983,7.36800542
2002-11-29,2002-12-14,2002-12-27,west_south,4.15381084,25.20238028,train,4.23060298,22.00095563,6.269185075366876,11.47289917182403,4.679254188,20.262168189036146,5.5158266320740665,13.006106146309513,5.3485378230459455,10.237609040566173,13.33123232,9.81985188
2002-12-13,2002-12-28,2003-01-10,central_north,-0.35221932,6.70389961,train,-3.76167157,18.17658763,-5.146002364979157,12.164635245181493,-3.230892598578313,7.322815721855417,-4.406968870396848,8.97970518509305,-4.303087848171269,12.26849415288303,3.18245005,9.94981229
2002-12-13,2002-12-28,2003-01-10,central_south,8.49600036,21.10325379,train,5.99285184,30.86652984,6.97596715726058,30.159898839352937,6.794488041686748,27.955580697493975,6.791837651053879,27.908671543472376,6.865014215490286,27.437650992346565,12.3425694,51.73981267
2002-12-13,2002-12-28,2003-01-10,east_north,-1.19019356,37.79647641,train,-5.63111225,44.53282584,-2.601167788096694,33.677669268956976,-4.2225351875662644,36.694937511566266,-3.342249127342792,33.49839584873084,-3.176957280762011,30.566782281218817,5.55869532,45.16956198
2002-12-13,2002-12-28,2003-01-10,east_south,9.37021194,28.07003998,train,6.47806033,43.39672458,8.74802357014038,36.110018488272964,7.4468321903614445,38.465450716939756,8.039749161787768,35.155249719268184,8.287587805147865,28.34789092200482,14.96395439,63.55007758
2002-12-13,2002-12-28,2003-01-10,west_north,0.2091051,33.35321755,train,-1.3929166,51.69059435,-2.957243515207169,27.47062750707046,-0.8570490925542165,44.1597104559277,-2.081176803094644,29.642222124039204,-1.9911040147139891,32.79434891668946,1.68793571,33.37474049
2002-12-13,2002-12-28,2003-01-10,west_south,7.63767015,6.85309691,train,6.25850179,29.91597831,5.76832772505721,13.714385846907135,6.707152998000001,28.177190869036146,6.100565020677997,15.454399768426093,6.247256002139625,19.617970410349297,11.58727087,22.55356035
2002-12-27,2003-01-11,2003-01-24,central_north,-9.41077471,4.3790203,train,-3.78747262,20.51068444,-5.366033796148416,11.333955070417163,-3.256693648578313,9.656912531855415,-4.4949583418248515,8.587032681023437,-4.582001929693749,12.465155989517939,0.90431413,6.09261305
2002-12-27,2003-01-11,2003-01-24,central_south,4.09608661,7.22230845,train,7.26312341,54.27156123,7.120731686737769,29.984938384162877,8.064759611686748,51.360612087493976,7.488052150053233,33.22111350337265,7.3306122719642435,36.46913349620344,9.91453697,11.8774131
2002-12-27,2003-01-11,2003-01-24,east_north,-9.66634544,6.19648088,train,-4.11082666,49.41837555,-3.1589380559841835,32.02711839766489,-2.702249597566264,41.580487221566266,-2.9675587034793214,32.6156473608835,-2.8409747555496585,33.28212688685906,2.87419664,47.41814043
2002-12-27,2003-01-11,2003-01-24,east_south,3.93470096,8.36847783,train,8.67849432,75.49649328,8.70231245890868,38.36692175492223,9.647266180361445,70.56521941693975,9.042955603696985,44.24634242382635,9.295540181766448,52.78219757947612,10.99567577,39.65723263
2002-12-27,2003-01-11,2003-01-24,west_north,-0.02237703,21.40866775,train,-3.69929132,40.90474146,-2.6771180716951015,26.73655978667423,-3.1634238125542167,33.3738575659277,-2.8707823025946384,26.66978730333022,-2.6753085343561005,26.344956539715394,2.49157976,9.14221194
2002-12-27,2003-01-11,2003-01-24,west_south,9.02119455,1.64351726,train,5.5556557,34.15756457,5.893404272473676,15.386802071432399,6.004306908,32.418777129036144,5.930773609163271,17.705778489018673,5.99927838359711,21.936475882269566,10.14587253,0.66257944
2003-01-10,2003-01-25,2003-02-07,central_north,-4.98090664,11.02214015,train,-2.6779598,25.56444251,-4.681728878224863,11.792130751627864,-2.147180828578313,14.710670601855416,-3.5593461096017585,9.876204282727869,-3.597518669143862,12.64022309846435,-2.49426288,6.0145469
2003-01-10,2003-01-25,2003-02-07,central_south,7.36955156,23.26588614,train,7.73605048,52.42056682,7.941889685728077,30.25108190507965,8.537686681686747,49.50961767749398,8.219778995666275,32.76910648764783,8.028950182602074,32.37127493971832,6.59266161,45.38910234
2003-01-10,2003-01-25,2003-02-07,east_north,-4.77544602,26.31477067,train,-2.72472043,40.92010615,-2.8949272913346498,31.1858198086709,-1.3161433675662642,33.08221782156627,-2.176838531924733,29.193440561876965,-2.5584099891957894,29.506788253310784,-4.00117719,17.92294739
2003-01-10,2003-01-25,2003-02-07,east_south,7.83910127,33.83175507,train,9.62683128,64.446006,9.250435589209197,39.78506961844347,10.595603140361444,59.514732136939756,9.809524174690825,42.02002757251441,9.803296118344711,41.628992080797715,7.40246451,48.66623156
2003-01-10,2003-01-25,2003-02-07,west_north,0.82606751,30.08266284,train,-1.45157122,32.11974353,-1.871049168471497,25.81624213388575,-0.9157037125542165,24.588859635927705,-1.42056785147604,22.926771212913085,-1.7651098345598482,23.447613464693713,0.04597388,6.36978491
2003-01-10,2003-01-25,2003-02-07,west_south,8.93126919,0.17535283,train,6.60728624,18.17807666,6.541173501347353,16.056617322529824,7.055937448,16.439289219036144,6.784519624150792,13.602239213478263,6.846123307691044,13.732538455983619,7.87016736,12.05069781
2003-01-24,2003-02-08,2003-02-21,central_north,-4.6757076,14.23820593,train,-6.040337,27.91685628,-3.185553052379712,13.703374277574094,-5.509558028578313,17.063084371855417,-4.024832294807774,13.325732929388973,-4.222161622167057,18.29121992842898,-0.64312171,15.80759492
2003-01-24,2003-02-08,2003-02-21,central_south,9.08670992,52.16582343,train,6.73442193,62.1801257,9.318776839046112,30.976972439698233,7.536058131686747,59.26917655749398,8.686416556163127,36.51518878468147,8.78182039262606,35.33103232238524,8.73861179,54.82589209
2003-01-24,2003-02-08,2003-02-21,east_north,-6.3771377,37.07849355,train,-5.86963133,55.09711389,-1.8354598904300463,31.352219106993243,-4.461054267566264,47.25922556156627,-2.7764226158755463,34.327755090693216,-2.995541832014279,34.39765403966007,0.77477609,53.38524377
2003-01-24,2003-02-08,2003-02-21,east_south,9.12817406,45.66729324,train,8.64742896,81.44469271,10.310753709241709,40.11398034099352,9.616200820361444,76.51341884693976,10.12242639714422,47.32471129908346,10.83252081106152,56.285465327465076,9.95014989,70.93923196
2003-01-24,2003-02-08,2003-02-21,west_north,0.14625382,21.45674635,train,-0.90486206,37.4237459,-0.6779199863186364,24.945335560079435,-0.36899455255421654,29.892862005927704,-0.42018165703353283,23.77634748524997,-0.5721933976344529,21.572860629272416,-1.38911618,45.32315789
2003-01-24,2003-02-08,2003-02-21,west_south,8.31004773,32.11943052,train,7.18226827,56.13497826,7.604196796606659,15.472632285812374,7.630919478,54.39619081903614,7.784780356304802,23.27031428016739,7.270998117151964,32.07506880972822,4.73789779,25.16598675
2003-02-07,2003-02-22,2003-03-07,central_north,-8.15492421,9.7701479,train,-2.22209813,25.78590293,-1.019879753293268,17.025624389162815,-1.6913191585783132,14.932131021855415,-1.1161879624510644,14.647794560262316,-1.8648496315540868,14.183029227671348,-0.20400771,6.83969262
2003-02-07,2003-02-22,2003-03-07,central_south,7.1523689,48.28758726,train,8.06294302,57.09202298,11.103323255995708,32.12212674212098,8.864579221686748,54.18107383749398,10.330489847569108,36.17155286874349,10.480040572770406,33.30666614885,7.73769694,21.06881142
2003-02-07,2003-02-22,2003-03-07,east_north,-4.20395528,48.38999106,train,-4.83524326,46.81903664,-0.06641927896721267,32.5624612703916,-3.4266661975662647,38.981148311566265,-1.269617746379394,33.280976322783985,-1.3347639500792132,33.93230113516745,-1.55324509,44.88039703
2003-02-07,2003-02-22,2003-03-07,east_south,12.58641855,96.10208962,train,8.42973258,68.55051742,11.772773920793766,39.49286488003042,9.398504440361444,63.619243556939765,10.921680976347492,44.0449913850741,11.217229069391308,49.27046375873215,8.23303488,28.9536575
2003-02-07,2003-02-22,2003-03-07,west_north,-2.30865576,20.85544118,train,0.51217595,27.34719231,0.7851840632327692,24.264977302913074,1.0480434574457835,19.816308415927704,1.068856318849178,20.671708476940356,0.8145264372684445,18.171262429275604,0.35330712,39.10941267
2003-02-07,2003-02-22,2003-03-07,west_south,7.29974628,23.8616273,train,8.57409915,14.74650097,8.978801190727207,13.668247255871536,9.022750358000001,13.007713529036144,9.154356422969972,11.04083354902566,9.3619744074782,12.743962149168855,6.7952209,5.20849718
2003-02-21,2003-03-08,2003-03-21,central_north,2.96589639,25.17783896,train,-1.27298382,42.58489834,1.6439733884606451,21.497440545742695,-0.7422048485783134,31.73112643185542,0.8881725261807902,23.026184307690148,0.9224465253664522,23.860599544982193,-8.22342164,4.14625637
2003-02-21,2003-03-08,2003-03-21,central_south,14.89944219,29.57351328,train,10.58212527,52.3947902,13.14420932488095,33.58894949840122,11.383761471686748,49.483841057493976,12.599937333721645,36.017307505500355,12.779354985033347,32.47541029550297,5.69402377,7.41259117
2003-02-21,2003-03-08,2003-03-21,east_north,2.66251843,28.59884306,train,-1.59672847,77.00371075,2.2773365619134847,34.67789323390211,-0.18815140756626403,69.16582242156626,1.5333747358481986,42.654428132692374,1.710504297245977,51.30179491839412,-8.02750565,6.89959169
2003-02-21,2003-03-08,2003-03-21,east_south,16.17290716,85.51338353,train,11.96793672,86.57492776,13.514743709005216,38.40659152246234,12.936708580361445,81.64365389693975,13.486034815458058,47.6209507376048,13.96630288332597,56.39553899370907,5.94764778,6.16594252
2003-02-21,2003-03-08,2003-03-21,west_north,4.78850536,34.16093215,train,0.27776742,31.57354748,2.4407055520173575,23.792956352708696,0.8136349274457835,24.042663585927702,1.9831482209950342,22.25552503799442,2.340836064834603,22.861678670599407,-0.61580288,17.02916621
2003-02-21,2003-03-08,2003-03-21,west_south,11.4686614,21.73024643,train,9.2676722,15.04530824,10.580692230446996,10.959604558405168,9.716323408000001,13.306520799036145,10.413717520172206,9.613001150570856,10.697686850499586,9.585775869985493,8.72872949,3.72913347
2003-03-07,2003-03-22,2003-04-04,central_north,6.62321436,15.80881678,train,2.76809273,46.97578246,4.626171395500305,26.668948112947806,3.2988717014216866,36.12201055185541,4.312572216523066,27.861904185636728,4.398472535188333,25.086196884507775,-5.20568637,10.38905104
2003-03-07,2003-03-22,2003-04-04,central_south,14.79495517,11.45615152,train,12.74819944,65.34140776,15.306593779249964,35.235533477858446,13.549835641686748,62.43045861749397,14.791462604552894,40.95706129998729,14.952073081684858,36.44323099285688,6.73031448,12.07414663
2003-03-07,2003-03-22,2003-04-04,east_north,6.77708501,34.66780178,train,2.01404538,61.65491605,5.027210573595758,37.4087222561668,3.4226224424337364,53.81702772156626,4.606311897643498,40.55180618922509,5.246007925623631,40.65735073117936,-5.66849048,22.80759558
2003-03-07,2003-03-22,2003-04-04,east_south,16.00433426,23.77321247,train,13.15490795,72.2460858,15.41918054413554,37.55551867869846,14.123679810361445,67.31481193693976,15.068412865274958,43.75925338294279,15.398154387678762,47.16493478931123,6.49192884,21.94242194
2003-03-07,2003-03-22,2003-04-04,west_north,4.58876802,30.10515479,train,2.43546641,30.57697085,4.253522173819809,23.427575485536448,2.971333917445784,23.046086955927702,3.9467773249950806,21.95361151610434,4.258023682467832,22.580257229985545,1.94307314,35.42757566
2003-03-07,2003-03-22,2003-04-04,west_south,12.19999026,1.36317669,train,9.77950686,18.94014942,12.350945596628573,7.879099514671551,10.228158068,17.201361979036147,11.665732317221497,9.105907169642776,12.162089697091542,8.632991434297901,9.97782579,0.15844642
2003-03-21,2003-04-05,2003-04-18,central_north,8.34251728,27.69126197,train,7.77623526,55.3615638,7.7546747321733305,31.97144075537828,8.307014231421686,44.50779189185542,8.195098012640589,33.69221878998634,8.228657200566875,30.543851236252674,-6.28389235,14.64406701
2003-03-21,2003-04-05,2003-04-18,central_south,16.90420806,31.34471318,train,16.6569592,70.88226077,17.48377352875545,36.896875902288826,17.458595401686747,67.97131162749398,17.672104637178887,43.517911705209826,17.501762500394825,36.13948060670482,8.00178058,43.59248008
2003-03-21,2003-04-05,2003-04-18,east_north,6.29696399,45.9896171,train,6.62440069,58.83379182,7.998178091088079,40.36890197815542,8.032977752433736,50.99590349156627,8.208055995023777,41.77583237230729,8.603420999123745,40.07032117784115,-7.3426249,40.19195827
2003-03-21,2003-04-05,2003-04-18,east_south,16.32531325,83.12038734,train,16.64397061,70.95741004,17.383505985766817,37.669961597721255,17.612742470361447,66.02613617693976,17.638801621916464,43.46146287495908,17.725421731413647,41.97856291128241,8.34269362,58.2043646
2003-03-21,2003-04-05,2003-04-18,west_north,6.63998262,24.68496886,train,5.57702747,31.69258261,6.219220212981691,22.98286434946507,6.112894977445784,24.161698715927702,6.3751682621561105,21.987481212931588,6.205468603978495,22.54851487986082,-0.93183391,19.13966864
2003-03-21,2003-04-05,2003-04-18,west_south,12.55608012,11.15526416,train,13.31171453,10.6471654,14.251775419918573,5.059075570543036,13.760365738,8.908377959036144,14.197735494714546,4.746337139476552,13.849466945729343,3.991405622358144,7.5076048,29.5818256
2003-04-04,2003-04-19,2003-05-02,central_north,11.10677885,42.75767562,train,9.77690694,55.20997607,10.87514648442635,36.81169288221311,10.307685911421686,44.356204161855416,10.765685476381481,37.977329522669336,10.538911932292567,36.45191481525778,-7.50804643,9.69656546
2003-04-04,2003-04-19,2003-05-02,central_south,19.93232011,28.3048604,train,17.93959613,56.07988334,19.599220105195606,38.41032235624891,18.74123233168675,53.16893419749398,19.350310653564083,41.51345724429436,19.42410858207003,35.32997529484419,7.04445843,61.57138227
2003-04-04,2003-04-19,2003-05-02,east_north,11.3874096,32.9946847,train,8.40446166,56.34569726,11.005450231426625,43.15039459529743,9.813038722433737,48.50780893156627,10.613421718152328,43.96219020131828,11.288518823691632,44.054193616381156,-3.35504908,43.75775699
2003-04-04,2003-04-19,2003-05-02,east_south,19.40189342,44.84653007,train,17.76679058,54.2646456,19.324293746105546,39.31302330262128,18.735562440361445,49.33337173693976,19.150539443486554,41.07560823445213,19.283428642784912,38.98055763523807,12.34728846,76.03097185
2003-04-04,2003-04-19,2003-05-02,west_north,7.52703664,28.8899186,train,7.46301733,32.57415031,8.341541110595006,22.246433677616494,7.998884837445783,25.043266415927704,8.331460749948349,22.26292425129706,8.131545971826927,23.218494440066078,-2.21740348,17.64339955
2003-04-04,2003-04-19,2003-05-02,west_south,13.98204648,2.8517207,train,15.07667845,5.25971289,16.25406054303539,3.0918903247792215,15.525329658,3.5209254490361444,16.02204097364529,2.466232425353148,15.500949900561903,3.7870503652003045,7.35858623,26.082341
2003-04-18,2003-05-03,2003-05-16,central_north,12.96176333,64.2281855,train,12.90181458,64.73881241,13.853887412902631,40.67154650593585,13.432593551421686,53.885040501855414,13.722062544103451,43.75640674411984,13.366264691513646,42.17463942622035,1.50696119,18.35924636
2003-04-18,2003-05-03,2003-05-16,central_south,23.70141456,43.96957573,train,21.1654841,47.85605215,21.599813373907306,39.64014688061499,21.967120301686748,44.94510300749397,21.76842601763533,40.44225844214756,21.56307325064321,40.07110795028366,14.5712106,32.26673476
2003-04-18,2003-05-03,2003-05-16,east_north,12.85110804,59.61795345,train,12.48245246,53.73464131,13.878165800279985,45.40069419400914,13.891029522433735,45.896752981566266,13.883405081146467,45.00762612387629,13.74959483977479,46.72600120351085,0.8708465,15.04955036
2003-04-18,2003-05-03,2003-05-16,east_south,22.48909903,46.68868052,train,20.07230372,44.25320902,21.17526723964019,42.718446063685136,21.041075580361447,39.32193515693976,21.103908040539526,41.42247113601829,20.887859410173405,40.225890171415145,15.63948675,72.8936863
2003-04-18,2003-05-03,2003-05-16,west_north,8.43921214,28.9882384,train,9.69785769,32.04054777,10.605493277637024,21.045908497957406,10.233725197445782,24.509663875927707,10.487043192564602,21.779471257950593,10.275281394243006,23.70193962006454,4.26268015,36.88642262
2003-04-18,2003-05-03,2003-05-16,west_south,16.21287032,6.21026808,train,17.65469745,4.63151285,18.320683652276326,2.3979673477378443,18.103348658,2.892725409036144,18.213531509385618,2.1912751272286517,17.683048453027702,5.051960181369466,11.21300151,21.32905894
2003-05-02,2003-05-17,2003-05-30,central_north,15.47579529,23.18890069,train,15.31765181,54.28368964,16.574988873011794,43.19215423714736,15.848430781421685,43.42991773185541,16.19322490623649,43.443406610118316,15.805839079559874,46.01541771687235,6.70113243,20.39982521
2003-05-02,2003-05-17,2003-05-30,central_south,22.23755496,45.25370477,train,22.75669045,29.35528132,23.44320809040207,40.496392478805284,23.558326651686748,26.444332177493976,23.389826359352767,36.880025945628404,23.45756740631752,42.04779556285885,13.88340259,15.11913324
2003-05-02,2003-05-17,2003-05-30,east_north,13.56158117,53.82897723,train,15.04552075,59.50989111,16.468632941757697,46.88685481292672,16.454097812433737,51.67200278156626,16.370312607611517,48.14762560117752,15.845927653717379,49.206554574885814,6.81847318,48.77526346
2003-05-02,2003-05-17,2003-05-30,east_south,21.07697544,86.14026787,train,21.8124589,41.06192574,22.880713751758748,47.702345316149156,22.781230760361446,36.13065187693976,22.751320340360273,44.91115275215728,22.38841054065088,44.17350633441707,15.97832331,58.26960974
2003-05-02,2003-05-17,2003-05-30,west_north,15.12292082,6.13159774,train,12.61062901,25.62178496,12.953750823818394,19.307777775449253,13.146496517445783,18.090901065927703,12.954857257717997,19.140628687740968,12.601047150238955,21.825207721094536,5.14030341,28.06935723
2003-05-02,2003-05-17,2003-05-30,west_south,22.86367012,1.46194678,train,20.46527355,1.44834126,20.390818912365592,3.131695691768698,20.913924758,0.0,20.49801271322994,2.234602058103272,20.48958143685284,4.183498069301933,12.30194834,1.7894532
2003-05-16,2003-05-31,2003-06-13,central_north,16.04375743,50.88036379,train,19.19079102,53.94979646,18.93427206540858,44.22565145834904,19.721569991421685,43.09602455185542,19.098080625069954,44.12914879772791,18.676875010397332,45.42668855505191,7.93127074,22.56634913
2003-05-16,2003-05-31,2003-06-13,central_south,24.17435674,68.27301152,train,25.62411551,34.93941799,25.083635212785914,40.944379963287545,26.425751711686747,32.02846884749398,25.485383073145066,38.897805519464285,25.746497387380224,41.84022348866229,16.83149652,30.37720067
2003-05-16,2003-05-31,2003-06-13,east_north,16.06549839,72.91099454,train,17.75102319,49.96545319,18.656728401196453,47.53238734829985,19.159600252433737,42.12756486156626,18.673990785868984,46.455604024851624,18.169020970401416,48.196799538890986,6.37077234,48.30711658
2003-05-16,2003-05-31,2003-06-13,east_south,23.98342504,88.50659061,train,23.87872027,52.72383625,24.38706465876116,53.670936706775095,24.847492130361445,47.79256238693976,24.464742887704382,52.881830849381245,24.231200445254238,54.053272369032456,16.40488941,75.47425535
2003-05-16,2003-05-31,2003-06-13,west_north,16.23046464,10.03726678,train,14.81046616,22.48247213,15.273269232212897,17.094135790058655,15.346333667445784,14.951588235927705,15.122656899673462,17.198781219810275,14.990228215778728,18.782795442436512,5.93427924,26.15299908
2003-05-16,2003-05-31,2003-06-13,west_south,23.37072032,1.04051053,train,22.19266146,1.63712866,22.3701381793865,5.1465000620654635,22.641312668,0.0,22.298549467220006,4.415925202573712,22.80749721200544,5.038106199254969,12.2380119,10.93068948
2003-05-30,2003-06-14,2003-06-27,central_north,20.31843296,38.96958414,train,20.8486053,44.16000612,20.833265202492267,43.8442300538279,21.379384271421685,33.30623421185541,20.821775559757278,41.80809588306123,21.023720698464466,41.137072927438766,10.60539656,43.28883722
2003-05-30,2003-06-14,2003-06-27,central_south,25.42856875,58.45090773,train,26.70617932,30.6840544,26.460744886638984,41.00335405199326,27.507815521686748,27.773105257493977,26.690956123125222,38.465876088796605,27.102258844206116,38.32560712445739,19.61196901,26.92992089
2003-05-30,2003-06-14,2003-06-27,east_north,19.41939889,46.33497447,train,18.74409245,48.56357706,20.35013938913488,47.41955905086694,20.152669512433736,40.725688731566265,20.0217902453091,46.732296501339164,19.634038504144037,47.13808413425865,10.2144568,25.89719021
2003-05-30,2003-06-14,2003-06-27,east_south,24.82362438,81.08990314,train,24.34776483,72.84730365,25.63577556724019,59.72446730466836,25.316536690361445,67.91602978693976,25.40459815958839,63.53622800942594,25.672765539683276,66.4719446378542,18.81674498,42.94309261
2003-05-30,2003-06-14,2003-06-27,west_north,16.33658976,11.97152048,train,17.50338892,15.72257497,17.39668935162579,14.60779907933992,18.039256427445782,8.191691075927704,17.402926810043724,13.81649906711423,17.653286857231965,13.561952670176662,7.19234155,29.90591221
2003-05-30,2003-06-14,2003-06-27,west_south,23.10065493,2.97771058,train,24.82055798,1.60392292,24.13052880872906,8.027018621422068,25.269209188,0.0,24.378991471453265,6.768234161944045,25.15821202696764,5.664370328338245,13.55255872,3.10165836
2003-06-13,2003-06-28,2003-07-11,central_north,22.53956951,44.10263658,train,21.2077835,56.49582241,22.176305279985968,42.30596739458221,21.738562471421687,45.64205050185542,21.75840650876705,44.66791722895367,22.238733981174317,46.538393652092054,12.50151548,65.8395427
2003-06-13,2003-06-28,2003-07-11,central_south,26.50799587,54.25837861,train,27.2891911,36.14569757,27.495275247329246,40.735108499152766,28.090827301686748,33.23474842749398,27.54207578048662,40.32924910811106,27.695309306707745,37.661344043727965,23.33733603,37.58803445
2003-06-13,2003-06-28,2003-07-11,east_north,21.96055262,52.56669312,train,20.08303273,52.54230912,21.481956948415636,46.757444338070975,21.491609792433735,44.704420791566264,21.239245563851487,47.683286083926944,20.925042195830393,46.30607104399901,13.12514847,60.88329293
2003-06-13,2003-06-28,2003-07-11,east_south,26.16472353,82.95031616,train,25.26703492,73.72057646,26.560241228276727,64.83550065751973,26.235806780361447,68.78930259693976,26.343228203466943,68.0642834118544,26.60030609922384,68.36224916863736,22.54929828,49.3028436
2003-06-13,2003-06-28,2003-07-11,west_north,19.87265871,2.03270288,train,19.07870095,8.68289672,19.11961408589758,12.163523503608005,19.614568457445785,1.152012825927705,19.02081677446656,10.549912087485385,19.458182414084874,10.56649464882604,7.93606552,29.83646547
2003-06-13,2003-06-28,2003-07-11,west_south,26.88107346,1.88373309,train,26.3998243,1.40731393,25.520642629009682,11.181133929525163,26.848475508,0.0,25.843523905002044,9.422278719312644,26.353463391567868,7.517114282391134,15.52048003,6.29254221
2003-06-27,2003-07-12,2003-07-25,central_north,23.14798734,19.45971587,train,23.04819636,37.82340311,22.872884771951977,39.986210789747986,23.578975331421685,26.969631201855417,22.923579075751437,37.98404436310307,23.309909361953384,34.46263857032507,14.8282927,26.62641293
2003-06-27,2003-07-12,2003-07-25,central_south,27.73110219,33.94683914,train,27.10710048,34.37455479,28.093575405720483,40.225582555337944,27.908736681686747,31.463605647493974,27.842300745105383,40.0975432255277,27.78721459838043,36.406926154933174,22.21627908,53.77833712
2003-06-27,2003-07-12,2003-07-25,east_north,20.59472377,52.86769448,train,20.60079058,49.74369757,22.007519994885513,45.823760930596904,22.009367642433737,41.90580924156627,21.78909457512343,46.62654822853965,21.50866055115299,45.5547898699253,13.15816069,57.07463508
2003-06-27,2003-07-12,2003-07-25,east_south,25.69403619,83.75392434,train,25.6198298,63.56535285,27.088394378527155,68.06251239515395,26.588601660361448,58.634078986939755,26.82444107463666,68.21313017616569,26.65654125326696,64.16623730468707,21.20017963,88.56263585
2003-06-27,2003-07-12,2003-07-25,west_north,23.66712078,3.73926619,train,20.77060608,13.1129892,20.231027366289158,10.130868657493385,21.306473587445783,5.582105305927704,20.395771248055766,10.307409741463896,20.831492254890538,8.325432852310655,13.96525996,7.12981121
2003-06-27,2003-07-12,2003-07-25,west_south,28.52926972,8.12547661,train,26.31204008,7.08062877,26.38594945901107,13.971057971740569,26.760691288,5.341841329036144,26.354024541042648,13.630488538930152,26.263726077859157,13.635833891488819,22.07552519,1.44490432
2003-07-11,2003-07-26,2003-08-08,central_north,22.97488349,26.95081803,train,22.6648348,42.92673331,22.845830370630868,37.29070241401211,23.195613771421687,32.07296140185542,22.813526601909714,37.69356619186499,22.97297676905559,35.628596635699566,16.01003192,45.71900439
2003-07-11,2003-07-26,2003-08-08,central_south,28.19105986,34.19100213,train,27.29793398,28.41430409,28.16073343370411,39.56386731965682,28.099570181686747,25.50335494749398,28.01064943340647,38.2262393634839,28.0427713687308,35.069940919850126,24.19410588,50.94902416
2003-07-11,2003-07-26,2003-08-08,east_north,21.62703189,63.67553295,train,20.73625028,47.78407682,21.90228927731269,44.89433829420444,22.144827342433736,39.94618849156627,21.845435532320106,45.60282211717653,21.587357260148433,44.62902396119679,15.51548274,64.44661648
2003-07-11,2003-07-26,2003-08-08,east_south,25.92890235,95.05118115,train,25.60492241,66.62496189,27.151122002149904,68.75135669970314,26.573694270361447,61.69368802693975,26.924540683902233,69.79833868037322,26.839480338904217,65.82384534788235,23.28349519,81.26376232
2003-07-11,2003-07-26,2003-08-08,west_north,21.85106917,11.60688014,train,21.22034567,6.84201028,20.55086220677121,8.86087505763858,21.756213177445783,0.0,20.80978632405184,7.860225874147574,21.194495926105503,7.013320925066678,16.73611923,10.28527909
2003-07-11,2003-07-26,2003-08-08,west_south,26.11688865,18.01535342,train,26.87334859,5.63755029,26.594562249247918,15.853852466565996,27.321999798,3.898762849036144,26.771323833184336,14.752831071188634,26.34212893208442,13.831684586745023,23.87796936,1.28201739
2003-07-25,2003-08-09,2003-08-22,central_north,24.25918172,12.64331195,train,22.03039191,44.65353648,22.044169372721633,34.570298479596765,22.561170881421685,33.79976457185542,22.16166364828292,36.21098344756338,22.2351309097526,35.34364681443674,20.47278888,38.9324239
2003-07-25,2003-08-09,2003-08-22,central_south,27.29428598,28.57251458,train,26.55085223,41.26226642,27.619794292409185,38.823482299930674,27.352488431686748,38.351317277493976,27.48172150802305,41.239188118441575,27.36994398341294,38.75605386125419,25.49907227,64.80435471
2003-07-25,2003-08-09,2003-08-22,east_north,22.69975787,39.19563532,train,20.60560434,49.74635522,21.161944439672023,44.17669201686286,22.014181402433735,41.90846689156626,21.44468463227826,45.52174879926346,21.295199562808406,43.423610367212575,18.90670197,58.65258507
2003-07-25,2003-08-09,2003-08-22,east_south,26.16570761,74.38735805,train,25.02536385,56.50628041,26.695044627893516,66.67949571523044,25.994135710361448,51.57500654693976,26.467132044131322,65.70624185582817,26.32136822270039,64.00403100161674,24.8374593,92.03614148
2003-07-25,2003-08-09,2003-08-22,west_north,21.40248025,7.74361185,train,19.68229566,10.27007989,19.966772055720394,8.612617634711974,20.218163167445784,2.7391959959277044,19.91033339308572,8.995581226150971,19.760592970389325,8.782253429220697,16.05238609,12.26803438
2003-07-25,2003-08-09,2003-08-22,west_south,26.19050598,15.85592951,train,25.79344038,10.80416811,26.06349616570263,16.499673805521553,26.242091588,9.065380669036145,26.098733566826912,16.875095906458764,25.57345144415858,16.196440585833766,22.63746506,2.84944823
2003-08-08,2003-08-23,2003-09-05,central_north,21.06407929,42.37790958,train,20.975279,32.95998618,20.45802684102163,32.05628234858051,21.506057971421686,22.106214271855418,20.85637704410504,31.097509208845164,20.857110101705437,29.763930973550213,22.12605576,41.21163971
2003-08-08,2003-08-23,2003-09-05,central_south,26.25825085,57.10922871,train,25.26962796,25.4452444,26.432831837009807,38.05009343709531,26.07126416168675,22.534295257493977,26.30009882365794,36.47101076448219,26.456922177307888,40.11799891093341,26.01939351,60.43096479
2003-08-08,2003-08-23,2003-09-05,east_north,19.39083638,63.50122148,train,18.55240666,25.22884102,19.804998835402735,43.763031190107746,19.960983722433735,17.390952691566266,19.831298178903857,38.94021780167738,19.68147435636588,45.5765432042993,22.38412199,36.94802702
2003-08-08,2003-08-23,2003-09-05,east_south,26.67182353,50.37954638,train,23.55749929,39.15075354,25.696920758040868,62.11043796786033,24.526271150361445,34.219479676939756,25.297754652727118,57.79708849523874,25.44222816673349,59.5471643398636,26.00655739,74.74980364
2003-08-08,2003-08-23,2003-09-05,west_north,19.22833832,9.334255,train,17.63543364,16.45596103,18.461980407997572,9.495977607458887,18.17130114744578,8.925077135927705,18.277290898440892,11.473062634995326,17.90655427113984,11.105345418030243,19.33198739,2.35780025
2003-08-08,2003-08-23,2003-09-05,west_south,25.15892054,18.64636507,train,23.4916603,10.4374209,24.779602702537925,15.861140906028105,23.940311508,8.698633459036143,24.464721093477216,16.60571695789913,24.187227515841762,15.687350076257225,26.39536814,1.54285268
2003-08-22,2003-09-06,2003-09-19,central_north,17.98989849,39.87018919,train,17.30223853,26.9193866,18.131973156062873,29.830117089835955,17.833017501421686,16.065614691855416,18.022255335852847,28.18183572733371,17.77894817598374,29.36755678367236,22.70792895,29.93576121
2003-08-22,2003-09-06,2003-09-19,central_south,23.17069891,39.95713796,train,23.53412881,30.15591354,24.618874214314737,37.258210736094426,24.335765011686746,27.244964397493977,24.583719546130567,36.92911499610159,24.772042157589688,42.098273052528,27.85993587,35.19768279
2003-08-22,2003-09-06,2003-09-19,east_north,17.90315988,41.24556958,train,15.76290848,40.08050095,17.877242875397247,43.61337925550856,17.171485542433736,32.242612621566266,17.631097751769648,42.8786225037686,17.13850694396328,46.642752680771096,20.48899812,60.42034214
2003-08-22,2003-09-06,2003-09-19,east_south,22.92591878,38.53942077,train,22.23634193,61.16582678,24.176268228004254,55.745778482751064,23.205113790361445,56.23455291693976,23.93176917818879,58.59874385523845,23.66153538023134,59.667399508447104,26.03835077,76.22589237
2003-08-22,2003-09-06,2003-09-19,west_north,13.4230167,18.57866336,train,17.21429768,11.38362505,16.127739331231236,11.443555975809351,17.750165187445784,3.8527411559277036,16.81389949853828,10.872782307904206,16.741622667302313,10.878168680664107,23.43505169,2.14482788
2003-08-22,2003-09-06,2003-09-19,west_south,22.43716139,10.75323661,train,23.77964112,7.71352479,22.810296684155755,14.178369045437044,24.228292328000002,5.974737349036144,23.493369656961523,13.756841235014544,23.81205932705407,11.198363273811825,28.58768988,6.45858832
2003-09-05,2003-09-20,2003-10-03,central_north,11.29929829,22.02617828,train,13.99163756,35.03182992,15.173143806290476,27.833228576146457,14.522416531421685,24.178058011855416,14.972482750778028,28.752844382970036,14.665852393430235,29.778889315803223,23.06966644,25.5518697
2003-09-05,2003-09-20,2003-10-03,central_south,20.44709357,31.10309459,train,20.50005185,24.7400057,22.264066979769844,36.437207768135565,21.301688051686746,21.829056557493978,21.962526187308097,34.81028205657458,22.298054687850627,41.27823380374275,27.8879604,33.75767211
2003-09-05,2003-09-20,2003-10-03,east_north,13.2280418,63.64252505,train,13.7459757,47.74833681,15.456505100343518,43.57241246699109,15.154552762433736,39.91044848156626,15.425203074575808,44.462369885818646,14.887272119077846,44.64540849286634,21.44571696,65.54628953
2003-09-05,2003-09-20,2003-10-03,east_south,20.82439829,47.50757261,train,20.01729356,43.94234503,22.20290709636534,48.585061499413904,20.986065420361445,39.01107116693976,21.822443340321133,48.43893796948164,21.588050145964914,50.20965089000242,25.80794696,91.32893739
2003-09-05,2003-09-20,2003-10-03,west_north,14.75576589,2.35300717,train,12.33824754,20.68919216,13.157063037953302,14.21829794577965,12.874115047445782,13.158308265927705,13.118583109883541,15.813770934847799,12.972422297243256,15.610989046676703,22.22080206,12.11742874
2003-09-05,2003-09-20,2003-10-03,west_south,22.28795883,6.44756846,train,20.28469685,6.23188814,20.301188611061836,11.918855978734632,20.733348058,4.493100699036144,20.596855684560754,11.72992068302976,20.671762166552444,9.081063014774141,26.22280273,18.99069409
2003-09-19,2003-10-04,2003-10-17,central_north,12.99131652,19.05910637,train,11.56461118,34.8632682,11.751229493898826,25.912958069882556,12.095390151421686,24.009496291855417,11.977927675817153,26.665591636618952,11.690344005887948,26.70549847010435,24.18074629,12.41431501
2003-09-19,2003-10-04,2003-10-17,central_south,19.80187466,46.74947858,train,18.42567623,23.80896615,19.520924594023874,35.564755167417744,19.227312431686748,20.898017007493976,19.49245726271798,33.30216315149944,19.535705971656483,36.07211509536829,27.38887544,28.80596859
2003-09-19,2003-10-04,2003-10-17,east_north,11.86401988,37.84670666,train,10.79520155,27.07686403,12.655771222758517,43.41573731633816,12.203778612433736,19.238975701566265,12.52284963364712,38.53871342732009,12.490082747606252,36.974479141310695,22.42226636,45.5180023
2003-09-19,2003-10-04,2003-10-17,east_south,19.84413765,31.25506546,train,18.58567538,46.85879632,19.897015806392787,41.72422901134499,19.554447240361448,41.92752245693976,19.852351147520384,43.3566272801954,19.301389849665664,41.31860174669522,26.01458,87.12671996
2003-09-19,2003-10-04,2003-10-17,west_north,11.29309538,12.1061684,train,9.54697286,26.04307403,9.820325566639296,17.455538479393404,10.082840367445783,18.512190135927703,10.043879129428376,19.15846936055337,10.025913633388306,17.728433996464354,21.4690637,6.74057591
2003-09-19,2003-10-04,2003-10-17,west_south,19.48247794,9.07132235,train,17.5338912,10.75399263,17.460412266921843,9.666215890155335,17.982542408,9.015205189036145,17.79547833050092,10.837757343186187,17.873643816334233,7.996938119342133,26.35678004,15.02660276
2003-10-03,2003-10-18,2003-10-31,central_north,9.71739593,10.52824072,train,6.54792696,26.46445956,8.088932080035226,23.89234409348363,7.078705931421687,15.610687651855418,7.71668397710103,23.01062249198488,8.037381899424972,23.74648732318579,21.82372746,43.64845849
2003-10-03,2003-10-18,2003-10-31,central_south,18.12343456,11.0272867,train,15.3731982,19.00735467,16.595752254758956,34.623975323334314,16.174834401686745,16.096405527493978,16.47049466431558,30.894281463217883,16.618645277960418,30.77048493828175,26.81211222,55.5728297
2003-10-03,2003-10-18,2003-10-31,east_north,8.46224131,58.47578169,train,7.67726291,35.73058044,9.62274898875821,42.91444491931031,9.085839972433735,27.892692111566262,9.439531175408305,40.01955826582456,9.314759631460262,36.58055966425216,20.27839501,48.88704654
2003-10-03,2003-10-18,2003-10-31,east_south,17.67017002,44.96980831,train,16.39582355,41.4899048,17.420767462060482,36.13702517240399,17.364595410361446,36.55863093693976,17.42482405016952,37.13725389448312,17.011613816290897,35.142670365187826,26.86275856,40.24518682
2003-10-03,2003-10-18,2003-10-31,west_north,9.49579937,11.97180193,train,5.54145947,38.19830082,6.427148828721336,20.730587854654395,6.077326977445784,30.667416925927704,6.407484752369898,24.60201250975188,6.968309237291853,21.500588181189922,19.22732468,10.71352262
2003-10-03,2003-10-18,2003-10-31,west_south,17.85938244,0.24429587,train,14.32892829,5.5233831,14.532206001466822,7.983362883854498,14.777579498000001,3.7845956590361443,14.705042718945393,7.8125047917236525,14.897367664754562,7.921477708461492,25.2952416,17.81662973
2003-10-17,2003-11-01,2003-11-14,central_north,1.75019185,23.94001532,train,1.61835906,38.37195738,4.44338014664163,21.645831093426004,2.149138031421687,27.518185471855414,3.5195010538385465,24.48457729532771,3.8639842989741116,20.660789282890867,18.79562477,33.24756047
2003-10-17,2003-11-01,2003-11-14,central_south,15.73216385,14.2464807,train,12.14897333,42.57240608,13.725823052058933,33.61971759149573,12.950609531686748,39.66145693749398,13.440586161602283,35.95780816625761,13.748184831203343,38.705039015267886,23.60053679,40.77657321
2003-10-17,2003-11-01,2003-11-14,east_north,7.67527981,42.65678286,train,3.17380741,41.31448592,6.534518852573216,41.90247348356944,4.582384472433736,33.47659759156627,5.7209441652405815,40.69681356487807,6.1756693322164145,37.02368097061283,17.88280951,35.1667023
2003-10-17,2003-11-01,2003-11-14,east_south,18.15908476,23.21539012,train,13.63438296,35.20592082,14.96235364219961,32.48732280848455,14.603154820361445,30.274646956939762,14.754225163885856,32.257163187662655,14.73888413627699,31.516898325003364,23.27012643,41.3422362
2003-10-17,2003-11-01,2003-11-14,west_north,-0.05240166,21.78753745,train,2.31340736,29.57245813,3.2819022662011963,23.637366170042682,2.849274867445783,22.041574235927705,3.17709953864375,24.018590064910487,3.769879831592988,21.682264546211268,14.75825282,18.15833189
2003-10-17,2003-11-01,2003-11-14,west_south,11.01189164,22.89862173,train,10.89570065,19.42190697,11.764550589814109,7.281509630069422,11.344351858000001,17.683119529036144,11.627575013888976,10.629100670106371,11.74664663808256,10.435168685134073,22.99780955,13.55392014
2003-10-31,2003-11-15,2003-11-28,central_north,1.766471,27.15065922,train,0.28422375,40.50358046,1.08088070595223,19.16163081027999,0.8150027214216867,29.64980855185542,0.968872260058964,22.102027170200277,1.626152763428098,19.90765806383418,11.8064423,27.87946376
2003-10-31,2003-11-15,2003-11-28,central_south,12.54932461,59.15091481,train,10.66482115,43.0069743,11.15011151663658,32.58953263773479,11.466457351686747,40.09602515749398,11.263248807095614,34.389607380824145,11.49453444079451,36.37147284571883,21.05613432,35.71447073
2003-10-31,2003-11-15,2003-11-28,east_north,6.21341135,51.2969545,train,3.03404995,53.36525175,3.5868563061715246,40.33056818660339,4.442627012433736,45.527363421566264,3.920183645516859,41.302184699614884,3.941410905037791,40.847763598649536,14.84168198,83.49691518
2003-10-31,2003-11-15,2003-11-28,east_south,14.83856809,36.76341645,train,12.72823086,35.32990167,12.714823273928252,31.01312179197131,13.697002720361445,30.398627806939757,12.998336211721906,30.145407545952825,13.06789715195277,31.033550365034603,21.76715647,61.7950672
2003-10-31,2003-11-15,2003-11-28,west_north,-0.68307069,25.49140124,train,-2.4115365,37.78828084,0.6414423325937083,25.86123208799941,-1.8756689925542165,30.257396945927702,-0.36883821219989343,27.963262777511627,-0.6454352754164714,25.410217147572016,14.33960949,2.11705746
2003-10-31,2003-11-15,2003-11-28,west_south,7.881095,1.9286732,train,6.81465514,13.81659142,9.376887884005521,7.724959712407562,7.263306348,12.077803979036144,8.460600216296934,9.428158936575059,8.095284142923035,4.945924201263862,22.31920325,4.37927195
2003-11-14,2003-11-29,2003-12-12,central_north,-1.5026687,16.53626137,train,-2.74264437,27.32897718,-1.7511675284157,16.574594807067818,-2.211865398578313,16.475205271855415,-2.00022322518341,16.305416758996177,-1.777396072557857,13.266762044456765,13.10860167,18.87198579
2003-11-14,2003-11-29,2003-12-12,central_south,8.28742512,12.04266617,train,8.70950745,43.17877568,9.078816114463459,31.606151392039397,9.511143651686748,40.267826537493974,9.192045799912723,33.09979477129734,9.248595173251108,33.43236877418559,19.65427677,46.22462638
2003-11-14,2003-11-29,2003-12-12,east_north,-0.91538552,55.27979198,train,-1.00337319,46.81335461,0.9789459760540513,38.293625818966056,0.4052038724337359,38.97546628156626,0.6655891118895826,38.02964570222555,1.0292583906312036,37.35072283722377,11.60615322,35.36519213
2003-11-14,2003-11-29,2003-12-12,east_south,8.03758941,34.54572338,train,11.12908196,37.88226854,10.853301505228,31.506592453805183,12.097853820361445,32.95099467693976,11.200831050066274,30.505377146713318,11.43788399794932,31.839163541128695,19.77514748,31.69666315
2003-11-14,2003-11-29,2003-12-12,west_north,0.67754232,34.25774334,train,-1.627521,24.92847038,-1.3168499848052537,27.230562959555925,-1.0916534925542165,17.397586485927704,-1.2476021772248007,24.115821869773267,-1.340539585240919,26.504433332666526,11.54740538,9.21720994
2003-11-14,2003-11-29,2003-12-12,west_south,7.92316163,6.12883451,train,6.8819956,24.6677129,7.53387226434709,9.193453494399874,7.330646808,22.928925459036147,7.388777375433934,12.17556468523366,7.305819043632429,12.700928373080906,19.70254326,11.13725568
2003-11-28,2003-12-13,2003-12-26,central_north,-1.36450663,9.70721918,train,-6.80299357,25.75286726,-3.8506846940026493,14.16037494064257,-6.272214598578313,14.899095351855415,-4.933612841839275,14.29069855186544,-5.812018704235598,11.260231927617983,10.18286424,10.02198605
2003-11-28,2003-12-13,2003-12-26,central_south,7.63213598,18.62176403,train,4.76345252,44.76916214,7.667226388016012,30.770268148263973,5.565088721686748,41.85821299749398,6.697111901619446,33.17656479849245,6.1375236695538185,29.121431291294936,17.85959077,11.84908581
2003-11-28,2003-12-13,2003-12-26,east_north,-0.86731505,54.64510771,train,-3.86814292,42.73210948,-1.104723310074169,36.02427015341966,-2.459565857566264,34.89422115156626,-1.7627073950319505,35.07807126890181,-1.4823304483741282,33.44560629039586,7.95516257,57.21703388
2003-11-28,2003-12-13,2003-12-26,east_south,7.12015414,36.82104601,train,7.63959928,63.84157097,9.514551874974511,33.39273106889452,8.608371140361445,58.91029710693976,8.989418918966159,38.91898441782763,8.988400412782255,41.69795854896316,17.46807056,44.67835653
2003-11-28,2003-12-13,2003-12-26,west_north,-0.887069,35.1060061,train,-4.09895053,24.18577764,-2.510989151193376,27.73650429039204,-3.563083022554216,16.654893745927705,-3.005365935020307,24.1364882530216,-3.1524742757046984,27.04259404456732,11.36364819,13.55088064
2003-11-28,2003-12-13,2003-12-26,west_south,6.47920381,12.39644124,train,4.17294368,12.58524433,6.329760705174028,11.310651449577872,4.621594888000001,10.846456889036144,5.51027611111864,10.471554350506281,5.325392511766448,4.838525621773067,18.5057765,0.0975162
2003-12-12,2003-12-27,2004-01-09,central_north,-4.757364,16.27552796,train,-6.03147321,27.74604675,-5.094554389310636,12.26555703159536,-5.500694238578313,16.892274841855418,-5.312191165240677,12.358891661730759,-5.444684678700322,14.765968992526314,2.20179353,24.20120823
2003-12-12,2003-12-27,2004-01-09,central_south,8.71240194,24.43037234,train,6.72377373,42.57636973,6.993739710300343,30.187704102472726,7.525409931686747,39.66542058749398,7.127689836099145,30.8279678567971,7.169826074947975,30.971141884770784,17.01646889,11.1616755
2003-12-12,2003-12-27,2004-01-09,east_north,-0.36067663,35.5756231,train,-4.28088205,49.1622329,-2.5304797045687266,33.818680880762216,-2.872304987566264,41.324344571566265,-2.730404271363056,34.43893976983037,-2.4292733215362836,34.30628101575755,8.90154893,38.18293073
2003-12-12,2003-12-27,2004-01-09,east_south,10.39772451,10.1640138,train,8.92351785,41.95684407,8.77530708844785,35.93060268602416,9.892289710361444,37.02557020693976,9.074106919852863,33.89222675033045,9.14631958614384,33.54984836930058,19.06244418,23.08445115
2003-12-12,2003-12-27,2004-01-09,west_north,-6.53477637,42.97681385,train,-2.10339496,40.68376577,-2.9534771651504395,27.508654900431015,-1.5675274525542167,33.152881875927704,-2.397487596544443,27.02274039958267,-2.566864909279367,30.735140415656584,-0.46706954,21.45384221
2003-12-12,2003-12-27,2004-01-09,west_south,4.34152277,9.98997644,train,5.79231597,31.29053022,5.781952067309741,13.568079276587492,6.240967178,29.551742779036147,5.9138231540417525,15.895268549322232,6.026557637670936,20.437498060265895,11.66497874,9.16135441
2003-12-26,2004-01-10,2004-01-23,central_north,-4.01898156,9.25413975,train,-6.95503493,17.40461373,-5.381024348938997,11.35359855861416,-6.424255958578313,6.550841821855418,-5.839208727468824,8.816053104558645,-6.012383261626676,13.15842686172962,2.38030423,26.83076021
2003-12-26,2004-01-10,2004-01-23,central_south,7.76171214,30.47303027,train,5.27327993,32.9700097,7.086792327802861,29.9833694223906,6.074916131686748,30.059060557493975,6.593296191775816,28.239825456730717,6.893877861318821,27.19688320178828,12.86600609,46.93729835
2003-12-26,2004-01-10,2004-01-23,east_north,-8.52412544,14.99793769,train,-8.49077683,42.65235363,-3.1462727044914214,32.12138598410509,-7.082199767566264,34.814465301566266,-4.810403288975404,32.32715437132613,-5.569587352717118,25.57432472486332,5.86122488,54.43056246
2003-12-26,2004-01-10,2004-01-23,east_south,6.60044862,14.94155683,train,5.84061523,57.44069357,8.685159150016535,38.2282576819359,6.809387090361445,52.50941970693976,7.807980145029315,40.2971925072665,8.116560451526334,35.69287285467698,14.44955025,33.46856066
2003-12-26,2004-01-10,2004-01-23,west_north,-2.92869,7.67439077,train,-2.50309391,27.26949767,-2.7162479931179395,26.798357263011987,-1.9672264025542165,19.738613775927703,-2.4207455220507796,22.736833286393686,-2.6407238129831203,25.96578414702889,-0.06497693,26.74277235
2003-12-26,2004-01-10,2004-01-23,west_south,7.28280976,6.37820878,train,6.27422229,19.11668984,5.8659190838739095,15.29603778363973,6.722873498,17.377902399036145,6.184326851083552,13.443183950533577,6.329123531541666,14.348428706016374,8.51814647,15.83605746
2004-01-09,2004-01-24,2004-02-06,central_north,-10.88551095,19.40331129,train,-8.58483759,22.18314526,-4.758959614140621,11.71206624735588,-8.054058618578313,11.329373351855416,-6.087733902771001,10.813836184592834,-6.326672876640473,15.989336714675577,-0.46446338,16.63201881
2004-01-09,2004-01-24,2004-02-06,central_south,6.41486601,57.81667147,train,4.76347473,49.93102695,7.863160884538343,30.216717065216045,5.565110931686748,47.020077807493976,6.9205389185007595,33.03187156775526,7.14131802449862,29.751462360950793,8.79632145,26.56313428
2004-01-09,2004-01-24,2004-02-06,east_north,-7.28000471,37.90605088,train,-10.65243018,30.15525806,-2.9408348719823953,31.213990830403908,-9.243853117566264,22.317369731566266,-5.546828808561727,28.914621823227524,-7.150397238928977,21.94724362915326,-0.20177222,41.60860987
2004-01-09,2004-01-24,2004-02-06,east_south,7.49802937,50.59751843,train,5.00389287,49.7683107,9.193124481024032,39.71914112151866,5.972664730361444,44.83703683693976,7.809166620259931,39.570650702221315,7.572453393768026,33.38335933726606,9.07489385,23.87951433
2004-01-09,2004-01-24,2004-02-06,west_north,-3.69792823,33.7984553,train,-2.47696601,27.76535866,-1.9430404691721312,25.882697036329347,-1.9410985025542165,20.234474765927704,-1.904119521547167,22.14577275633759,-1.8923947207717045,22.6069670653852,0.69435076,31.93493981
2004-01-09,2004-01-24,2004-02-06,west_south,4.78201056,10.54932177,train,6.2728611,20.74730288,6.47983510406807,16.04892554568398,6.721512308,19.008515439036145,6.608391335664259,14.376542852458023,6.776823129130338,14.506645309454147,8.06224469,3.58686151
2004-01-23,2004-02-07,2004-02-20,central_north,-4.9326258,4.09147791,train,-6.20102048,28.97689758,-3.3165280606390506,13.518292255316506,-5.6702415085783135,18.123125671855416,-4.1709356634533865,13.485917406876599,-4.366134785457603,18.513906717416518,-2.68550006,11.57485258
2004-01-23,2004-02-07,2004-02-20,central_south,6.49319285,35.11685052,train,6.22908019,60.4834385,9.205081816322213,30.910395487127904,7.030716391686748,57.57248935749398,8.400958964600441,36.148361212805185,8.541705265927368,34.932112636272635,7.11610587,19.36809661
2004-01-23,2004-02-07,2004-02-20,east_north,-3.468714,15.92482222,train,-6.10656938,55.1896383,-1.935996367979281,31.305133486732586,-4.697992317566264,47.351749971566264,-2.938964192920823,34.364460943880715,-3.2046053142003568,34.41021304218947,-0.73652437,66.98592131
2004-01-23,2004-02-07,2004-02-20,east_south,8.35358837,58.15892477,train,8.33581705,77.63769422,10.220281022158678,40.12583000889007,9.304588910361444,72.70642035693976,9.927306484578331,46.39969842511944,10.615141243236618,52.99702883536804,7.33508811,51.03235689
2004-01-23,2004-02-07,2004-02-20,west_north,-2.5274668,27.71997341,train,-3.1486121,26.86160934,-0.7732835156109039,25.00222304505909,-2.6127445925542165,19.330725445927705,-1.4388438945454878,21.719391156781768,-0.9273373518628079,22.071559461372093,-1.05763367,29.54916912
2004-01-23,2004-02-07,2004-02-20,west_south,6.07234078,4.34635294,train,6.14121999,22.36182885,7.516789450708443,15.556911079291865,6.589871198,20.623041409036144,7.2320057288027835,14.709238318115904,7.810843427038841,13.464885520489716,6.13925566,6.4696568
2004-02-06,2004-02-21,2004-03-05,central_north,2.02143194,31.1083084,train,-5.42138088,34.31974721,-1.1932148402300722,16.74590192663844,-4.890601908578313,23.46597530185542,-2.543847489043114,17.67089670639338,-2.702119428698097,24.157311836446187,-3.96987312,15.89487156
2004-02-06,2004-02-21,2004-03-05,central_south,11.50400322,59.15384749,train,8.1347851,58.26868481,10.96561771647815,32.02821172690471,8.936421301686748,55.357735667493984,10.278967723865502,36.34029341014451,10.408675380648852,33.327992296828796,9.03568809,19.5120758
2004-02-06,2004-02-21,2004-03-05,east_north,2.6695439,14.26718601,train,-5.47733188,54.04806476,-0.21366853177127787,32.443394586050935,-4.068754817566265,46.21017643156627,-1.6143680184110103,35.259882437065016,-1.9941172856138794,37.095095370813695,1.20272123,43.07951612
2004-02-06,2004-02-21,2004-03-05,east_south,12.78816125,37.41734684,train,9.6720628,62.69610907,11.657609967226994,39.56002148154533,10.640834660361445,57.76483520693976,11.3603049061492,42.10114887566395,11.421154912145685,42.203659821174156,10.52187787,8.73685091
2004-02-06,2004-02-21,2004-03-05,west_north,0.35505122,32.35751416,train,-0.10150464,29.89051633,0.6736302511995874,24.30614555336833,0.4343628674457835,22.359632435927704,0.7477183144362227,21.527521736306454,0.642009915860926,19.404777482338453,-6.42403971,46.8324946
2004-02-06,2004-02-21,2004-03-05,west_south,7.22274597,40.28592589,train,9.06870626,12.67266968,8.872222078477472,13.832325057744416,9.517357468000002,10.933882239036144,9.291876061258638,10.41113705265741,9.43262136897292,13.340126137969254,4.24385207,18.41398144
2004-02-20,2004-03-06,2004-03-19,central_north,2.81683169,11.19793445,train,-2.24571856,30.14096604,1.4410233993272892,21.148612072773044,-1.714939588578313,19.287194131855415,0.33964295837998537,19.715570773277978,0.24784928295743458,22.694791075943883,-3.89096353,9.01804797
2004-02-20,2004-03-06,2004-03-19,central_south,14.11396111,27.23634382,train,9.25722162,52.23244471,12.992949414427146,33.47634479294765,10.058857821686747,49.32149556749398,11.955495653801101,36.25278688279174,12.171245370364932,34.94080925580543,7.68454355,34.95536628
2004-02-20,2004-03-06,2004-03-19,east_north,1.04275245,32.23811643,train,-2.67556213,50.46299068,2.0943250019767015,34.50224074534161,-1.266985067566264,42.62510235156626,0.9264513439234405,35.7820058941349,1.080965852075681,37.66996244015479,-8.82447102,15.47051306
2004-02-20,2004-03-06,2004-03-19,east_south,13.47975849,20.88695727,train,10.08965335,63.7514455,13.383604855886512,38.48532507373317,11.058425210361445,58.82017163693976,12.580631684393666,42.187089185870335,12.810133189461109,47.93742120115789,6.40568377,16.70237938
2004-02-20,2004-03-06,2004-03-19,west_north,6.08448522,7.01359575,train,2.16053409,26.43878757,2.3170399579182814,23.821334346946724,2.6964015974457833,18.907903675927702,2.688026324540213,20.25305417595624,2.496211484065581,18.05722778384577,-2.69245186,12.66319374
2004-02-20,2004-03-06,2004-03-19,west_south,14.60017539,4.30518602,train,10.18726645,24.90309129,10.460131944970174,11.172605497576548,10.635917658,23.164303849036145,10.744833945344457,12.023680532929,10.736947386160459,12.886642380591429,7.48983474,4.20868963
2004-03-05,2004-03-20,2004-04-02,central_north,7.32693483,25.73903492,train,3.73083151,50.8628527,4.40635352347815,26.288095152357364,4.261610481421687,40.00908079185541,4.596733010340905,28.210375505872616,4.655655227252971,24.012177044392466,-10.77189542,14.90406022
2004-03-05,2004-03-20,2004-04-02,central_south,16.58058644,13.54830447,train,14.14514426,61.09507554,15.15056195372934,35.115428158820464,14.946780461686748,58.18412639749398,15.278675160499727,39.21955159275183,15.176169072669659,31.789546419946856,6.53336419,30.51644518
2004-03-05,2004-03-20,2004-04-02,east_north,5.58991381,42.10075357,train,3.31632655,62.49573696,4.821231730239808,37.20117088120412,4.724903612433736,54.65784863156627,5.035244102699533,40.11668344965071,5.535495419418717,37.1031641883076,-8.19552286,28.58985847
2004-03-05,2004-03-20,2004-04-02,east_south,13.99653354,12.29916607,train,14.37554355,58.76052786,15.280055316489971,37.59243383369198,15.344315410361444,53.82925399693976,15.47491206396733,39.75469893611323,15.35035177888566,36.64943880028649,6.61270915,46.67444118
2004-03-05,2004-03-20,2004-04-02,west_north,8.01433116,12.70173391,train,2.19290454,36.90157263,4.119021651935471,23.453796628081527,2.7287720474457835,29.3706887359277,3.779199092072704,23.65213219464151,4.148438867457943,24.58583992406132,-3.58531617,32.81189567
2004-03-05,2004-03-20,2004-04-02,west_south,15.89357312,4.15499425,train,11.1286821,13.13406261,12.219807330482874,8.09809657962603,11.577333308000002,11.395275169036145,12.144887494930234,7.227911314627615,12.16213517548374,6.441419401509123,5.19095777,11.77034478
2004-03-19,2004-04-03,2004-04-16,central_north,7.73800975,9.52044532,train,5.35107306,57.59421561,7.529767185959217,31.601195198772913,5.881852031421687,46.74044370185541,7.057891619815909,34.692762818575886,7.4241769499701125,30.99478607648513,-6.39292583,7.68419427
2004-03-19,2004-04-03,2004-04-16,central_south,14.79011235,52.3967416,train,15.81367144,57.73639882,17.329559948827484,36.78128680791776,16.615307641686748,54.82544967749398,17.209022046703268,40.143543552379626,17.237218157973334,32.13404193577651,5.50417655,62.91939325
2004-03-19,2004-04-03,2004-04-16,east_north,5.89049913,51.96475699,train,4.10165903,61.99994996,7.782625290112184,40.15869478522591,5.510236092433736,54.16206163156627,7.037338285580536,43.17539823947986,7.923527871742102,44.12364667595557,-4.08683592,25.78977943
2004-03-19,2004-04-03,2004-04-16,east_south,15.35216348,37.20085261,train,15.58267516,50.66205193,17.243098654562154,37.616196357063885,16.551447020361447,45.730778066939756,17.079339215583936,38.31475600257353,17.264918965658133,36.93261812332568,8.66755409,61.99119898
2004-03-19,2004-04-03,2004-04-16,west_north,8.50973943,14.76297753,train,5.2950237,34.48797242,6.073620136289416,23.02186014817328,5.8308912074457835,26.957088525927702,6.181096667367417,22.765047408170574,6.094310830791833,23.12089140716936,-3.24757981,25.79783621
2004-03-19,2004-04-03,2004-04-16,west_south,13.55426416,23.95606659,train,12.48284178,20.43165843,14.11228772590164,5.238539156767475,12.931492988,18.692870989036145,13.791201823368453,7.653978328112675,13.721835296382249,5.668154132358158,5.30466842,2.50493569
2004-04-02,2004-04-17,2004-04-30,central_north,11.12511744,39.64978063,train,8.941019,56.01434475,10.655485967823145,36.49307748877691,9.471797971421687,45.16057284185541,10.296168733239764,38.122769545612115,10.239639129528861,36.18371166331242,2.12656989,14.34989569
2004-04-02,2004-04-17,2004-04-30,central_south,19.62527437,49.42983054,train,17.32524973,61.38099236,19.451392143974516,38.31024352096429,18.126885931686747,58.47004321749398,19.022012746342845,42.951649883602585,19.16156933298873,36.7719665642519,11.14527403,43.10735072
2004-04-02,2004-04-17,2004-04-30,east_north,12.87364889,33.65503393,train,8.75434633,61.99275215,10.793199851379608,42.96571450549791,10.162923392433736,54.154863821566266,10.65349691865902,45.10768821337129,11.17094338026411,44.877984164204946,1.66024224,8.70333732
2004-04-02,2004-04-17,2004-04-30,east_south,19.88568576,17.03590803,train,17.39553673,56.05677234,19.187939201987707,39.137703737098974,18.364308590361446,51.12549847693976,18.92376180791165,41.45342982012157,19.16280846820888,39.95097759841528,11.33155048,37.49963284
2004-04-02,2004-04-17,2004-04-30,west_north,8.11777894,21.10647761,train,7.02621803,31.80612569,8.184877622723635,22.312829565118275,7.562085537445784,24.275241795927702,8.062103134931117,22.16129157626528,7.961853724108377,23.09326986857017,0.41887978,32.42494738
2004-04-02,2004-04-17,2004-04-30,west_south,15.65949433,2.48107749,train,15.05288769,8.84089367,16.108364152028965,3.19380050147789,15.501538898000002,7.102106229036144,15.93959714454434,3.4102026433814263,15.400949165634671,3.999052003839372,7.3358376,37.5115579
2004-04-16,2004-05-01,2004-05-14,central_north,13.55323766,37.39038651,train,12.97229517,39.69604448,13.648374527668965,40.43713512808734,13.503074141421687,28.842272571855414,13.59424709602104,36.83716014147626,13.36874986402633,37.937089902594764,2.17572166,28.49258497
2004-04-16,2004-05-01,2004-05-14,central_south,20.432119,62.25995166,train,19.47438038,41.74781879,21.46163831306935,39.56393143713721,20.276016581686747,38.83686964749397,20.975211686976433,39.22684084335265,21.129947595515002,44.10031004207613,13.59538805,41.85072422
2004-04-16,2004-05-01,2004-05-14,east_north,15.14997467,41.85562661,train,11.1931779,47.24957805,13.6807352613563,45.26338501402778,12.601754962433736,39.41168972156626,13.224773300961143,43.50775334720261,13.634441551365327,43.552181316614906,2.29041283,34.11208316
2004-04-16,2004-05-01,2004-05-14,east_south,21.29641373,47.47726679,train,18.56097797,43.36899246,21.047253372611163,42.41820044846269,19.529749830361446,38.43771859693976,20.40035381143634,41.36572404242314,20.52361428643631,39.863219017986594,14.26503681,19.47878387
2004-04-16,2004-05-01,2004-05-14,west_north,11.64752285,11.68150147,train,11.2600746,22.06117195,10.44000553960751,21.14933916801525,11.795942107445782,14.530288055927702,11.034017131929794,18.62221694153186,10.312631642142591,19.193921033020576,4.83869198,9.71835996
2004-04-16,2004-05-01,2004-05-14,west_south,19.57757792,0.57689314,train,19.04872268,3.63555343,18.172053020954223,2.400303021693695,19.497373888000002,1.8967659890361441,18.715382749764576,1.3916146964440461,18.220782279780874,4.644397923053937,13.39354207,9.92762795
2004-04-30,2004-05-15,2004-05-28,central_north,15.73416549,58.78692619,train,15.99164485,58.57066388,16.39143429771443,43.060964200465804,16.522423821421686,47.71689197185542,16.38343648258487,44.16855644660609,15.784274174824098,45.62171458804477,7.20511749,26.72851266
2004-04-30,2004-05-15,2004-05-28,central_south,24.49917377,21.45274218,train,23.02596711,33.32160272,23.31766283425697,40.44868423376498,23.827603311686747,30.410653577493978,23.44236183360109,37.72255222055196,23.472254093722118,42.55641061985659,17.18227718,14.50936654
2004-04-30,2004-05-15,2004-05-28,east_north,17.6130973,84.53193034,train,15.05354655,50.9362914,16.295683006488463,46.80861541045455,16.462123612433736,43.09840307156627,16.264506691799603,45.72704378137938,15.857988717879632,47.89247591035624,4.87361362,28.30240331
2004-04-30,2004-05-15,2004-05-28,east_south,24.83793115,18.71194803,train,21.56787259,61.5898809,22.764849288995954,47.304568979749476,22.536644450361447,56.658607036939756,22.623058028062776,50.040213612970106,22.621174433428862,52.20064446264469,14.48880036,10.55209277
2004-04-30,2004-05-15,2004-05-28,west_north,11.61609077,29.76029317,train,13.24520879,24.12202177,12.785300097006688,19.449266386571974,13.781076297445782,16.591137875927704,13.127251231125282,18.553571951064878,12.643837598529515,20.266198876640733,8.30858499,11.94671748
2004-04-30,2004-05-15,2004-05-28,west_south,19.51941258,0.52781209,train,20.1020602,2.84378459,20.244641890687603,3.0333782494641506,20.550711408,1.104997149036144,20.2695973551602,2.559630221212844,20.203179002049783,4.702937728531003,16.39677999,0.97560528
2004-05-14,2004-05-29,2004-06-11,central_north,18.60031582,55.64156974,train,18.4774858,58.57472218,18.779867834823577,44.20079734659001,19.008264771421686,47.720950271855415,18.72348034400428,45.47878199003682,18.374136812582424,47.121150566582344,6.80203207,9.34561583
2004-05-14,2004-05-29,2004-06-11,central_south,25.34816419,62.78487475,train,24.90485833,33.22041445,24.9743720453163,40.92578972831902,25.706494531686747,30.309465307493976,25.121776955608613,38.58380238109325,25.377914633296694,42.17202476551728,14.37006681,52.89425333
2004-05-14,2004-05-29,2004-06-11,east_north,16.83073436,45.64996533,train,17.96879783,56.10197288,18.51590048412784,47.51323778370093,19.377374892433735,48.26408455156626,18.69937410217386,47.91185298385474,18.003088169404872,48.94969604783884,5.38217313,66.63962577
2004-05-14,2004-05-29,2004-06-11,east_south,24.95286967,59.41004315,train,24.02132826,56.84132352,24.287274140159397,53.22992047003822,24.990100120361447,51.91004965693976,24.476443417306946,53.521109554064154,24.288289393676763,55.33121319071944,14.93975978,39.45038559
2004-05-14,2004-05-29,2004-06-11,west_north,14.40830001,21.65050448,train,15.45105482,17.6088796,15.111840540526376,17.264443439415928,15.986922327445782,10.077995705927705,15.294265251760365,15.744626044314124,15.190551918552384,16.95492810238586,8.45632413,13.44699046
2004-05-14,2004-05-29,2004-06-11,west_south,22.5779384,0.48674222,train,23.57023689,1.20916889,22.23433130049249,4.967670401996657,24.018888098,0.0,22.799818264489755,3.6446815523415417,23.396077674893977,2.9148243296460734,13.17313959,27.12243667
2004-05-28,2004-06-12,2004-06-25,central_north,17.53125275,46.96842515,train,20.92136226,54.01281663,20.714944039600468,43.913758434848326,21.452141231421685,43.15904472185542,20.804057727760874,44.37154459940359,20.76445479503806,44.5055474195253,11.725332,37.4126401
2004-05-28,2004-06-12,2004-06-25,central_south,25.75234522,75.90535593,train,26.42710627,40.50899934,26.372698651132268,41.01091206880099,27.228742471686747,37.598050197493976,26.54247032622016,41.09415657660993,26.796948866462795,41.869712290419116,19.37929374,42.27324469
2004-05-28,2004-06-12,2004-06-25,east_north,19.3694198,47.14158132,train,19.74069999,59.43651425,20.24714738789907,47.448862583064646,21.149277052433735,51.59862592156627,20.400973507839005,49.24080706770144,19.963087914580512,47.619162423790016,11.82015311,36.21289338
2004-05-28,2004-06-12,2004-06-25,east_south,26.30011543,80.1344252,train,24.7741319,68.27771498,25.556501690389155,59.31113415404721,25.742903760361447,63.34644111693976,25.52894254868225,61.8185684041366,25.747757025504573,63.71580098390686,19.12634584,15.073865
2004-05-28,2004-06-12,2004-06-25,west_north,16.27896566,10.31037938,train,16.46217733,15.24777596,17.2557556141145,14.788201978569235,16.998044837445782,7.716892065927705,16.888065841737966,14.085860105051925,16.982036149184182,15.313942092699445,8.06410514,21.31792418
2004-05-28,2004-06-12,2004-06-25,west_south,23.7014837,1.00473787,train,24.22350046,1.93722202,24.015198951818736,7.804582711585759,24.672151668,0.19843457903614437,24.064465805139214,6.812742237239311,24.794181484539227,6.4342787034295394,15.71225223,2.34485269
2004-06-11,2004-06-26,2004-07-09,central_north,19.55028705,50.05507984,train,22.90079522,47.1446166,22.100790995917848,42.44659343958752,23.431574191421685,36.29084469185541,22.40605384621364,41.70201399173091,22.65423974948166,39.38503510092971,13.662596,27.26198498
2004-06-11,2004-06-26,2004-07-09,central_south,25.96799999,73.86816044,train,26.28599108,35.62842414,27.434690753652596,40.76335586471504,27.087627281686746,32.71747499749398,27.085064354492076,40.4863930076297,27.162200940833834,39.25391841732531,20.38123453,45.46930159
2004-06-11,2004-06-26,2004-07-09,east_north,19.87355384,39.95420761,train,20.37364111,54.17165602,21.420807022822608,46.81719347747948,21.782218172433737,46.333767691566266,21.32745644592115,48.0150673879466,21.109276103541735,46.229329436338006,14.59731487,38.87250018
2004-06-11,2004-06-26,2004-07-09,east_south,26.16516675,70.29161825,train,25.40404674,59.13140133,26.50648822805212,64.52296548545971,26.372818600361445,54.20012746693976,26.34077970767819,63.88018732392668,26.19659803540719,61.84458491855587,20.74549002,45.82555612
2004-06-11,2004-06-26,2004-07-09,west_north,18.28965638,13.96337529,train,19.13448677,12.38582026,19.014412963458092,12.32891749876739,19.67035427744578,4.854936365927704,18.990454972973037,11.576929705033827,19.411163600610298,10.508217544992764,11.53116792,12.18559448
2004-06-11,2004-06-26,2004-07-09,west_south,24.00977194,3.94628639,train,25.12400789,5.55081686,25.436987588796203,10.960583114153899,25.572659098000003,3.8120294190361443,25.26735153425113,10.710715304513627,25.68010689560554,11.376977010866092,19.23927028,0.67611407
2004-06-25,2004-07-10,2004-07-23,central_north,22.97192802,36.10217198,train,22.75405673,51.14050007,22.846328289373094,40.16904779844843,23.284835701421684,40.28672816185542,22.80620468791228,41.706376941171385,23.131897112379068,40.86304811469468,14.61243456,64.5313908
2004-06-25,2004-07-10,2004-07-23,central_south,27.26545092,20.58524048,train,27.06312554,42.8249985,28.067382423745673,40.26802928908019,27.86476174168675,39.91404935749398,27.82061643557403,42.34778497468682,27.67786847861851,40.08939044309234,23.82044398,41.37345089
2004-06-25,2004-07-10,2004-07-23,east_north,21.39689691,57.26377832,train,21.23054766,59.2217845,21.990720538195035,45.89332979616103,22.639124722433735,51.38389617156626,22.056549910499037,48.953489474418646,22.08908601477934,46.72160486205864,18.10549249,70.91409024
2004-06-25,2004-07-10,2004-07-23,east_south,26.54769886,54.45051953,train,25.8277563,72.33406738,27.06534170780388,67.91065278450043,26.796528160361447,67.40279351693975,26.909933942328507,70.32232988065675,27.039148902385357,67.93384615226277,24.48564028,19.68126195
2004-06-25,2004-07-10,2004-07-23,west_north,21.32270819,11.42512052,train,20.25498098,15.67766887,20.176065437317327,10.25456136796151,20.790848487445782,8.146784975927705,20.1503520155754,11.20847770467822,20.390981648645308,9.321535839743795,10.9143217,25.37472447
2004-06-25,2004-07-10,2004-07-23,west_south,26.88701646,12.67193661,train,26.05241077,3.26277014,26.34457831269193,13.796412791311296,26.501061978000003,1.5239826990361445,26.210836296160853,12.541306535178553,26.14513598936078,12.162949425719102,19.20369499,0.29391686
2004-07-09,2004-07-24,2004-08-06,central_north,20.32581602,37.42407131,train,22.05285864,45.47142307,22.87304688596791,37.48765555647427,22.583637611421686,34.61765116185542,22.572891373224422,38.704543764709186,22.753293242756005,37.980866467838865,18.23448617,45.88732844
2004-07-09,2004-07-24,2004-08-06,central_south,26.1129589,48.99088263,train,26.78627437,43.35184823,28.17536554841096,39.61447281335899,27.58791057168675,40.440899087493975,27.827047419179294,42.37145054655832,27.615440232916438,40.01788103303544,25.04547782,59.07048967
2004-07-09,2004-07-24,2004-08-06,east_north,20.46630297,74.33718391,train,20.61931345,43.32838768,21.93093855419734,44.955582035912286,22.027890512433736,35.490499351566264,21.79973163452569,44.502237332968505,21.483510498681248,45.14110269397429,16.69778135,53.25890591
2004-07-09,2004-07-24,2004-08-06,east_south,26.68480247,74.96413969,train,25.72854812,71.30998542,27.163352790909066,68.79383607187086,26.697319980361446,66.37871155693976,26.98694509651497,71.02107822345607,27.02605705476161,67.73205964596256,24.88887037,51.76851188
2004-07-09,2004-07-24,2004-08-06,west_north,20.54883385,8.71076406,train,20.75452279,11.8956153,20.55715833751297,8.920028265739633,21.290390297445782,4.364731405927704,20.622898398330996,9.381591767468384,20.787877742504996,8.44030966411499,14.57979292,21.60937636
2004-07-09,2004-07-24,2004-08-06,west_south,25.32016506,17.21041393,train,26.73976962,7.99698405,26.60356760547596,15.758001315063431,27.188420828,6.258196609036144,26.71966782352532,15.339767698397782,26.258738259433247,14.742421144301836,22.61123322,0.7338993
2004-07-23,2004-08-07,2004-08-20,central_north,17.46694236,25.01742333,train,21.3837982,39.72862485,22.127613487301222,34.759678158519385,21.914577171421687,28.87485294185542,21.924835343775708,35.27834482755053,21.909907381525176,33.960730444823184,18.14428262,60.25482451
2004-07-23,2004-08-07,2004-08-20,central_south,24.09379247,40.88895517,train,26.13674337,37.40894962,27.67969755708145,38.87782104957785,26.93837957168675,34.498000477493974,27.33073503510482,40.41062784006539,27.24997662901864,37.97481179707168,26.14846399,67.02135801
2004-07-23,2004-08-07,2004-08-20,east_north,19.21443124,47.97224287,train,19.62143225,49.76855823,21.235637939528264,44.21820944666761,21.030009312433737,41.93066990156626,21.069682441495836,45.894430761082305,20.604140865464288,44.9849159428266,19.23268817,53.06472356
2004-07-23,2004-08-07,2004-08-20,east_south,24.37854301,87.9906926,train,25.11191623,63.23100999,26.74554099460038,66.91615441880175,26.080688090361445,58.299736126939756,26.540196010139685,67.64831385723745,26.427532731006576,65.41057989553923,26.3315084,79.40923353
2004-07-23,2004-08-07,2004-08-20,west_north,20.04001551,9.81658012,train,20.12618324,11.58082519,20.039435838368647,8.593137913068947,20.662050747445782,4.049941295927705,20.13466465934686,9.203803364056007,20.112456419292553,8.628122354857405,15.34860681,16.24026098
2004-07-23,2004-08-07,2004-08-20,west_south,24.96837534,19.58502941,train,26.1128363,7.85908151,26.126688897769824,16.497284427542766,26.561487508000003,6.120294069036144,26.258068456167162,16.008959446168692,25.773232339823455,15.111894804976995,22.98759531,0.75482309
2004-08-06,2004-08-21,2004-09-03,central_north,19.99868018,36.06934454,train,19.90593038,48.26476783,20.5967347906067,32.226404815090326,20.436709351421687,37.41099592185542,20.511686099452547,35.66310200586253,20.553099449384593,36.61794812368163,18.79182766,48.59999578
2004-08-06,2004-08-21,2004-09-03,central_south,25.53414306,43.40131759,train,25.84330499,23.34988511,26.539004174838418,38.10595283762425,26.644941191686748,20.438935967493975,26.593323378706994,35.815307613216476,26.75710220846617,39.78816725227007,25.5248838,85.74980806
2004-08-06,2004-08-21,2004-09-03,east_north,20.08445873,50.5931395,train,18.87820184,46.73821062,19.921568345317283,43.782612898805525,20.286778902433735,38.90032229156626,20.06912951045107,44.58189858533481,19.69729554402195,44.75253821135321,19.58884169,34.24716676
2004-08-06,2004-08-21,2004-09-03,east_south,25.73127697,71.96165595,train,24.49233287,57.78494916,25.786052393998652,62.50678082883276,25.461104730361445,52.853675296939755,25.77125895839412,62.758209969763,25.61961530844284,63.778067369219315,26.05366933,74.44129321
2004-08-06,2004-08-21,2004-09-03,west_north,16.63725045,22.7242594,train,16.7921613,20.47923428,18.598671763065184,9.395759953860773,17.328028807445783,12.948350385927704,18.004896732081384,12.780600776807741,17.55066497217381,12.915601889001913,18.38391754,14.0455037
2004-08-06,2004-08-21,2004-09-03,west_south,23.7109097,3.42010378,train,23.80071088,6.46663934,24.895306469122378,15.945734970367173,24.249362088,4.7278518990361444,24.649137975121917,15.562185917934027,24.34385379996579,14.56192313346721,23.91928107,3.86156226
2004-08-20,2004-09-04,2004-09-17,central_north,18.97552993,34.27890036,train,15.69268099,43.98773016,18.320741662682163,29.980150016513434,16.223459961421685,33.13395825185542,17.485142555362824,33.39694543129957,17.819979025787617,35.98864130616711,23.12603315,31.8229881
2004-08-20,2004-09-04,2004-09-17,central_south,24.81164962,33.98729629,train,22.89479964,30.27007905,24.767793854249682,37.31550852880856,23.696435841686746,27.359129907493976,24.399734673310753,37.2722306317839,24.744408518108123,41.80312180770851,27.26042056,22.928836
2004-08-20,2004-09-04,2004-09-17,east_north,19.12457,65.6974405,train,16.52999882,40.23653455,18.03240702504735,43.61809256534995,17.938575882433735,32.39864622156627,18.039177152527028,42.74201691203605,17.651866022163308,46.52831787785625,21.1196665,58.55640148
2004-08-20,2004-09-04,2004-09-17,east_south,24.58934147,151.30644999,train,22.78700629,42.23465207,24.30102362490925,56.23970710815264,23.755778150361447,37.30337820693976,24.199348978975937,53.842826347072204,24.234601704543994,57.968990390506036,26.52523711,59.52927534
2004-08-20,2004-09-04,2004-09-17,west_north,15.0936628,15.7047734,train,14.80946278,16.77550542,16.318381609576768,11.273340219894834,15.345330287445783,9.244621525927702,15.922857857835783,13.017629546762084,15.667210281318159,12.696730343240137,20.92541299,10.84425271
2004-08-20,2004-09-04,2004-09-17,west_south,23.33360306,5.59227329,train,22.65453475,11.19379934,22.970996085159612,14.324201706471335,23.103185958,9.455011899036144,23.118915458887304,15.214465740824945,23.108562175769997,12.538730088881604,26.66548047,11.73717549
2004-09-03,2004-09-18,2004-10-01,central_north,16.0653641,25.05316642,train,13.45032114,29.57110332,15.40219247390298,27.971193831534855,13.981100111421686,18.717331411855415,14.867207188126876,27.676908667141316,14.736839847983141,30.938531416817316,20.35451172,42.33629367
2004-09-03,2004-09-18,2004-10-01,central_south,22.45574515,30.37711833,train,20.71268262,28.68417704,22.447302520134855,36.497281755962646,21.514318821686746,25.773227897493978,22.16430605691347,35.91332834206246,22.50853518310845,41.93290718992024,26.24275261,47.45616201
2004-09-03,2004-09-18,2004-10-01,east_north,15.83562895,66.35815117,train,12.6398801,33.43060149,15.643559554354226,43.57632800638347,14.048457162433735,25.592713161566266,15.043887154652644,41.118901957459784,14.677521602138174,43.36474069385929,21.24591952,73.32398555
2004-09-03,2004-09-18,2004-10-01,east_south,22.42544399,84.79643122,train,19.71377125,33.90162624,22.35658188069628,49.099383822377845,20.682543110361447,28.970352376939758,21.767865797683886,46.34269176932571,21.873868936712736,50.63860306144683,26.94135657,68.67868161
2004-09-03,2004-09-18,2004-10-01,west_north,12.06908222,17.5536719,train,13.07914509,16.30380562,13.384922208916128,13.999921257621711,13.615012597445784,8.772921725927702,13.550246465614613,14.3440184631386,13.262094747301425,14.156035552075014,20.70868793,8.34771858
2004-09-03,2004-09-18,2004-10-01,west_south,18.63479478,19.83363601,train,20.59032533,9.82264592,20.494153374554106,12.08714931100203,21.038976538,8.083858479036143,20.842619632756534,12.79177146195287,20.920963217249668,9.325969488627631,25.60112964,15.50721189
2004-09-17,2004-10-02,2004-10-15,central_north,11.35980521,23.50959224,train,13.40086329,25.38219891,12.006511410247619,26.05147240754951,13.931642261421686,14.528427001855416,12.878003050740883,23.775896793465012,12.836929970259195,22.543189206257562,17.97172602,23.01046317
2004-09-17,2004-10-02,2004-10-15,central_south,19.04113534,75.35906707,train,18.54639971,26.72779499,19.725584198073975,35.62922891261475,19.348035911686747,23.816845847493976,19.668700633921198,34.18047929291487,19.739371157910025,37.44552689304946,24.27230055,32.24871263
2004-09-17,2004-10-02,2004-10-15,east_north,11.8045673,15.34566524,train,10.64586201,17.36558303,12.865463142975967,43.43585295818512,12.054439072433736,9.527694701566265,12.565840970669715,36.131432176682935,12.666407893040532,32.077115072805285,18.55858063,50.5834486
2004-09-17,2004-10-02,2004-10-15,east_south,20.35136069,24.47027572,train,17.75151995,31.20854769,20.06948665262669,42.182192988793524,18.720291810361445,26.27727382693976,19.57866780005671,39.91878757076263,19.623948405343207,42.236770094444495,24.17628838,93.68671854
2004-09-17,2004-10-02,2004-10-15,west_north,11.76739366,7.79992689,train,10.1993452,21.57949965,10.064279979118016,17.217941439183644,10.735212707445783,14.048615755927703,10.45012093741811,17.694914775723518,10.253016058925454,16.020886977716202,20.0961024,8.43814029
2004-09-17,2004-10-02,2004-10-15,west_south,18.1540345,5.07486691,train,17.33884084,13.93045046,17.6692181155707,9.814306062784135,17.787492048,12.191663019036143,17.8425516329555,11.948801379952084,17.9943294071232,9.665189379828265,25.17770374,20.14784469
2004-10-01,2004-10-16,2004-10-29,central_north,10.43002098,31.61229454,train,6.70175816,25.64066223,8.353132486709498,24.043207503327753,7.232537131421687,14.786890321855417,7.935165470600256,22.968634458954,8.275595621258145,24.073641873876344,19.08042077,41.759968
2004-10-01,2004-10-16,2004-10-29,central_south,21.36555976,32.61562327,train,14.68666953,24.75430953,16.805754581421276,34.69350585489367,15.488305731686747,21.843360387493977,16.318919561874917,32.79091411671446,16.749130260644055,35.621510792315135,25.69258227,51.87017508
2004-10-01,2004-10-16,2004-10-29,east_north,9.42252541,40.27940437,train,6.53583781,44.45178912,9.843459646652516,42.965785097625776,7.944414872433736,36.613900791566266,9.108795801351352,42.83748561507231,9.351338879750397,40.80019553038194,20.4162992,56.44615696
2004-10-01,2004-10-16,2004-10-29,east_south,18.6846676,21.33136458,train,14.80483801,38.04082956,17.599361507788117,36.47745906487434,15.773609870361444,33.10955569693976,16.861461979951134,37.089299827882314,16.746906162138217,35.366416711437196,25.97918917,65.21985667
2004-10-01,2004-10-16,2004-10-29,west_north,5.76894553,53.79395056,train,6.95232303,23.37026287,6.664721827918873,20.504426648314663,7.488190537445783,15.839378975927705,7.110949926261687,20.166465903091687,7.098321891366085,15.90449397013197,17.29714766,24.02577503
2004-10-01,2004-10-16,2004-10-29,west_south,13.41943563,50.84713651,train,14.87474774,7.94349194,14.73888553796961,8.074660891739697,15.323398948000001,6.204704499036144,15.061504391985967,8.448252342082966,15.18271855942142,7.312427751227833,23.5654429,5.75930863
2004-10-15,2004-10-30,2004-11-12,central_north,6.31229555,31.04768283,train,4.48921212,33.16295167,4.697502786995916,21.814840951401532,5.019991091421687,22.309179761855415,4.862397236970337,22.421402993993873,5.136851028706847,20.85537258919834,19.67437562,28.1724575
2004-10-15,2004-10-30,2004-11-12,central_south,14.74579313,57.80584139,train,12.71796588,32.87245058,13.923796686709588,33.69296105680513,13.519602081686747,29.961501437493975,13.780534901285769,33.36706312237419,14.093973003057947,35.23342187382529,24.50008445,21.48107986
2004-10-15,2004-10-30,2004-11-12,east_north,7.42964787,36.96567248,train,5.38825232,48.56393141,6.7528238375113085,41.99353870440298,6.796829382433736,40.72604308156627,6.7916070871024194,42.07581279530025,6.623608601831762,38.811503302557284,19.14030716,58.29739404
2004-10-15,2004-10-30,2004-11-12,east_south,17.41361942,21.87313518,train,14.26111738,40.17303432,15.133198350344092,32.67607092810171,15.229889240361445,35.24176045693976,15.130237887649727,33.60833365232922,15.096807061249972,33.35068478828056,24.55885786,135.21435911
2004-10-15,2004-10-30,2004-11-12,west_north,4.09559565,19.93385347,train,2.23733925,45.84385445,3.4924699513854405,23.449387819712108,2.7732067574457835,38.312970555927706,3.3002387703606186,28.311879953532145,3.8813235288442334,25.94184922556983,15.09822869,15.25251341
2004-10-15,2004-10-30,2004-11-12,west_south,10.3707911,11.33884441,train,10.36086655,17.60229114,11.951976328746074,7.293994346646894,10.809517758000002,15.863503699036142,11.513743155884548,10.430794064939874,11.694470136763755,9.968043598499987,23.50858397,5.69594714
2004-10-29,2004-11-13,2004-11-26,central_north,4.19367229,18.30347926,train,0.51216907,32.03966137,1.3061967298688706,19.344946274409995,1.0429480414216867,21.185889461855414,1.1827549803904087,20.031309787152427,1.6530664349427902,16.9064512974233,16.80095812,28.10810069
2004-10-29,2004-11-13,2004-11-26,central_south,12.95532028,95.74102784,train,10.25150437,45.12266157,11.319592261045337,32.6626143527486,11.053140571686747,42.21171242749398,11.196678101026162,35.2318740764085,11.351071384529046,37.532921978138816,23.18408993,43.17154942
2004-10-29,2004-11-13,2004-11-26,east_north,5.88377503,38.1601465,train,1.66934254,55.4314656,3.788456130209246,40.46023556637278,3.077919602433736,47.59357727156627,3.473214226983661,42.48513026203368,3.8028812456981305,40.62570130797505,16.50317976,72.98716761
2004-10-29,2004-11-13,2004-11-26,east_south,14.46799816,51.40433799,train,11.64279629,41.64074378,12.864458112517568,31.04831679643727,12.611568150361444,36.70946991693976,12.646945968701441,32.281981018252225,13.00867569613322,32.9246955567215,22.70318141,109.21001472
2004-10-29,2004-11-13,2004-11-26,west_north,1.87307984,15.39676124,train,0.05802916,36.21956718,0.8089965749086174,25.729614693435213,0.5938966674457835,28.688683285927702,0.7629560759727617,26.750437722816404,1.1599737721703818,26.5557205488272,12.56499401,17.12107137
2004-10-29,2004-11-13,2004-11-26,west_south,8.67120535,18.3953714,train,8.02050478,22.38135399,9.530943599405859,7.656260939486627,8.469155988,20.642566549036147,9.074501064961133,11.346717997912265,8.915038024828945,10.706632589939431,19.54353196,17.54571936
2004-11-12,2004-11-27,2004-12-10,central_north,0.12975414,24.5370871,train,-2.24734674,33.01397689,-1.571114568571434,16.757612493017884,-1.716567768578313,22.16020498185542,-1.6762587696104267,17.875493317374033,-1.266425265058151,15.854566104265064,12.0905916,23.68615179
2004-11-12,2004-11-27,2004-12-10,central_south,10.17209403,55.56525879,train,8.09555985,54.80596787,9.206343466088194,31.672809129505346,8.897196051686748,51.89501872749398,9.033088028208144,36.5030052391876,8.89610496613005,39.939597941758166,19.95914233,73.22270677
2004-11-12,2004-11-27,2004-12-10,east_north,3.3298407,65.95750643,train,0.84078646,55.99298949,1.149877925953982,38.45027322224351,2.249363522433736,48.155101161566265,1.5553601513756898,40.06862938110153,1.7294665119161539,42.20648615553792,12.21141258,9.63239529
2004-11-12,2004-11-27,2004-12-10,east_south,13.00304243,41.45262131,train,11.25302579,53.0927899,10.970273880927458,31.41670873497853,12.221797650361445,48.16151603693976,11.35092587558125,34.50045452419336,11.848768715899702,37.07274384017133,21.30347739,17.8476692
2004-11-12,2004-11-27,2004-12-10,west_north,-2.32661996,37.9914416,train,-2.82386604,39.70686718,-1.2019006047050713,27.162198972250458,-2.2879985325542167,32.17598328592771,-1.651984403928048,28.4372660098222,-1.723149419447731,27.538717950785955,11.75612354,9.56287495
2004-11-12,2004-11-27,2004-12-10,west_south,4.85135048,14.01675168,train,5.41282238,29.02730034,7.645018180028968,9.061364150399775,5.861473588,27.288512899036146,6.8490473610652165,13.78122920643418,6.395338227025778,14.13787829139292,18.14304845,6.77655291
2004-11-26,2004-12-11,2004-12-24,central_north,-4.96028696,7.60049016,train,-6.06615708,31.36543895,-3.728343736470916,14.31948708265871,-5.535378108578313,20.511667041855418,-4.544052979900927,15.725548673789564,-5.15841179357584,13.684385470683694,9.36122585,29.94909081
2004-11-26,2004-12-11,2004-12-24,central_south,5.26916518,16.86880031,train,6.57702953,50.80446972,7.743957381748956,30.822678682585877,7.378665731686747,47.89352057749397,7.512609902698786,34.28952579389397,7.2774663257206065,35.54704917862806,20.2413445,34.39784954
2004-11-26,2004-12-11,2004-12-24,east_north,-2.89831801,38.98192433,train,-2.90077989,63.50960929,-0.9767499639569159,36.18738855099061,-1.492202827566264,55.671720961566265,-1.2460813216294597,40.4533919217309,-1.0333188570049623,41.4051430854569,9.5700965,44.83100279
2004-11-26,2004-12-11,2004-12-24,east_south,6.87895406,17.50490058,train,10.26043357,68.06925322,9.590718836789176,33.22799910519725,11.229205430361445,63.13797935693975,10.138589594685033,39.13227578187532,10.548475862013863,46.29800982639338,18.25213594,27.10663725
2004-11-26,2004-12-11,2004-12-24,west_north,-0.35993704,8.7906559,train,-5.1387856,35.50009393,-2.451283989560998,27.72676308150044,-4.602918092554217,27.969210035927702,-3.3842747978325765,27.514926683785543,-3.701704885695019,25.504675656917257,6.77616893,47.8868923
2004-11-26,2004-12-11,2004-12-24,west_south,6.73230305,0.63946941,train,4.21155853,35.44834086,6.393731427765741,11.148953910386192,4.660209738,33.70955341903615,5.605591640847252,16.44480965657557,5.170061820060081,19.341253717430764,14.38273763,39.18514586
2004-12-10,2004-12-25,2005-01-07,central_north,-4.55328093,29.13332788,train,-3.90966729,21.88397064,-5.023985446526737,12.39769168589718,-3.378888318578313,11.030198731855418,-4.396388805182291,10.279381500494672,-4.194076327330075,13.883335913777838,8.19024595,29.0473755
2004-12-10,2004-12-25,2005-01-07,central_south,10.58898064,26.05570266,train,5.60642222,51.60861621,7.02118579180525,30.22486668285762,6.408058421686747,48.69766706749398,6.690504730882473,33.65228100245962,6.493065517664542,34.78265431913256,16.3703666,53.49632155
2004-12-10,2004-12-25,2005-01-07,east_north,-0.00256923,40.28572975,train,-4.35969877,45.15908306,-2.437076780462025,33.997231089427316,-2.951121707566264,37.321194731566266,-2.719606100670037,33.597798199980986,-2.406100648427474,33.4080398325156,8.26130944,34.06987115
2004-12-10,2004-12-25,2005-01-07,east_south,11.59434581,20.88251092,train,8.8799198,53.53913858,8.81372680420069,35.70617512080703,9.848691660361444,48.60786471693976,9.09627615888034,36.852435090140034,9.304156027899495,36.09009717229226,18.00381111,19.41424797
2004-12-10,2004-12-25,2005-01-07,west_north,-3.26887944,36.21561275,train,-2.93060595,28.36892602,-2.9440341762086293,27.552455611546,-2.3947384425542166,20.838042125927704,-2.7617961008829557,24.1098105922683,-2.9402352077576595,28.96551473592829,4.13787884,23.29720956
2004-12-10,2004-12-25,2005-01-07,west_south,6.05191393,66.46555809,train,4.85116897,20.42043515,5.803293292530077,13.38277231746829,5.299820178,18.681647709036145,5.510337869774408,13.232538841491685,5.725395886854925,13.258176473034673,10.32338314,23.08245669
2004-12-24,2005-01-08,2005-01-21,central_north,-7.399855,16.07818042,train,-7.48928986,24.12405124,-5.396991282729558,11.41242345820896,-6.958510888578314,13.270279331855416,-6.067759450575829,10.847220851100328,-6.412562247800759,14.0408935410371,4.12717361,22.25402276
2004-12-24,2005-01-08,2005-01-21,central_south,8.890318,24.87765987,train,4.81776431,46.45080152,7.029474878365596,29.98697553949976,5.619400511686748,43.53985237749397,6.386924190626332,31.98578945697913,6.465611651684595,29.88411616448501,13.11105701,101.36905023
2004-12-24,2005-01-08,2005-01-21,east_north,-3.39280159,49.50658495,train,-2.80349878,51.85495672,-3.1082946318703666,32.32205433613939,-1.394921717566264,44.01706839156626,-2.4000443091991803,33.1271638279529,-2.4033206067268846,34.93068815840539,6.13733093,26.63319727
2004-12-24,2005-01-08,2005-01-21,east_south,10.0408827,36.18214872,train,9.96814726,48.25432831,8.660087583854242,37.93832345605934,10.936919120361445,43.32305444693976,9.495886068234526,36.359963859415515,9.254312655744943,34.791686362866244,15.26969876,40.12375626
2004-12-24,2005-01-08,2005-01-21,west_north,-2.57818718,37.02303483,train,-4.62870416,28.82550929,-2.786240695845892,26.91875471649297,-4.092836652554216,21.294625395927703,-3.3544223619657663,23.951379575380024,-2.8679547419467095,26.16247358292159,2.12919774,11.96970891
2004-12-24,2005-01-08,2005-01-21,west_south,8.43573867,35.57789281,train,5.10927715,10.91191444,5.819122684585682,15.09945239701329,5.557928358,9.173126999036144,5.646977447046956,11.534935761922359,6.061962742252844,11.628864983940677,9.0453543,18.38853802
2005-01-07,2005-01-22,2005-02-04,central_north,-1.06770656,6.67068964,train,-1.53266427,16.23720514,-4.900756057565902,11.574328464064338,-1.0018852985783133,5.383433231855417,-3.238773814461328,6.854708028749686,-2.9057629144793333,8.113432837431077,0.02004253,26.36514694
2005-01-07,2005-01-22,2005-02-04,central_south,6.77544158,36.99460355,train,7.9820366,44.76700758,7.714446990298099,30.155111087135978,8.783672801686746,41.85605843749397,8.162660706459715,30.569012878561463,8.02683945819268,30.163412723409646,9.77353361,49.26176276
2005-01-07,2005-01-22,2005-02-04,east_north,-7.22019941,15.6370116,train,-3.13270948,34.02458693,-3.0203181567355326,31.28577340506576,-1.724132417566264,26.186698601566263,-2.44933936710886,27.567365339772298,-2.871378057715981,28.802387877439134,3.13091371,72.18952347
2005-01-07,2005-01-22,2005-02-04,east_south,6.3846897,26.98391543,train,8.94002702,45.0155389,9.086523008225232,39.57021506957359,9.908798880361445,40.08426503693976,9.375408373791043,36.92765968422607,8.979053001497956,34.03693203211343,12.01248415,41.49568892
2005-01-07,2005-01-22,2005-02-04,west_north,0.98805064,10.52780114,train,-0.86663985,33.3644943,-2.0809310373800676,26.016189354655143,-0.3307723425542165,25.8336104059277,-1.3091255082657236,23.194226526939644,-1.7938149896512683,25.07881615207533,-2.61143092,30.35960072
2005-01-07,2005-01-22,2005-02-04,west_south,7.87596609,16.31358744,train,7.08018636,28.47598093,6.363669722367137,16.014172145767475,7.528837568,26.737193489036144,6.882633724307626,16.125068676649597,6.695666793295747,17.79492432189459,4.66751246,13.50143287
2005-01-21,2005-02-05,2005-02-18,central_north,-1.18830912,20.24862444,train,-5.96636211,24.23531081,-3.567959852802703,13.170218114682816,-5.4355831385783135,13.381538901855418,-4.236879686587249,11.833984280324735,-4.48772418127942,16.323358923669453,-2.44167156,6.35765419
2005-01-21,2005-02-05,2005-02-18,central_south,10.74671295,28.04793971,train,6.70324027,52.96539061,8.984161106113705,30.783832062293268,7.504876471686748,50.05444146749397,8.447757265266056,33.85508403943315,8.58978685058303,30.043704506110384,7.6259674,13.98228755
2005-01-21,2005-02-05,2005-02-18,east_north,0.79381331,33.13859276,train,-6.03625969,51.26326017,-2.1259836969192563,31.22723026180877,-4.627682627566264,43.42537184156627,-3.0374660206837074,33.19251230527773,-3.21857343502802,32.10716371943782,-1.96923203,28.76972968
2005-01-21,2005-02-05,2005-02-18,east_south,10.93391976,12.75098731,train,7.85872915,53.70713172,10.045672748643517,40.134074391971645,8.827501010361445,48.77585785693976,9.572224465833742,40.18006687092594,9.588475899401814,36.43551531713119,7.99468956,22.05982557
2005-01-21,2005-02-05,2005-02-18,west_north,-1.22703235,15.90349868,train,-0.36720553,27.83766977,-0.959782053788658,25.118946210101537,0.16866197744578348,20.306785875927705,-0.3911704225625634,21.116861358001824,-0.8185967542664754,20.10455288251847,1.04397913,22.53433542
2005-01-21,2005-02-05,2005-02-18,west_south,8.73793826,39.73129948,train,8.31052536,28.67975731,7.346860274391937,15.706174128626893,8.759176568,26.940969869036145,8.042391619863388,15.74353352899027,7.651586954922663,16.637156649328144,7.89463124,1.5729828
2005-02-04,2005-02-19,2005-03-04,central_north,-1.19915892,8.01650179,train,-0.22558204,25.16899204,-1.531987518237154,16.20482050371884,0.3051969314216867,14.315220131855416,-0.589319666839283,13.068916950394918,-0.5733803381234641,13.057473603782743,-5.20041024,25.64392791
2005-02-04,2005-02-19,2005-03-04,central_south,10.99108233,38.64471258,train,9.40738362,45.72922094,10.69432372740765,31.84554031470715,10.209019821686747,42.81827179749398,10.62356185735478,32.38306829765935,10.753698299570964,29.08582338168443,9.20509364,31.98834548
2005-02-04,2005-02-19,2005-03-04,east_north,-3.9753611,27.2867563,train,-2.48933271,34.46608856,-0.49910258732309387,32.21962839719045,-1.0807556475662639,26.628200231566268,-0.57243312029545,28.85496676371147,-0.9545695146149415,28.312609697894,-0.32382587,44.82018446
2005-02-04,2005-02-19,2005-03-04,east_south,10.20172305,56.54351977,train,10.17444563,66.51700773,11.431740396926461,39.686025208952685,11.143217490361444,61.58573386693976,11.438136547084333,42.956196963715925,11.48865801070908,42.83671550031285,10.4921109,31.47231729
2005-02-04,2005-02-19,2005-03-04,west_north,2.03206932,16.50451725,train,1.62398532,28.5547048,0.45349523681947523,24.391886923399337,2.1598528274457838,21.023820905927703,1.3312292920420097,20.596047880547214,1.0065251010264185,18.864888019946104,-3.20308997,34.66420354
2005-02-04,2005-02-19,2005-03-04,west_south,8.81920109,43.88356947,train,8.25953251,27.09420449,8.662615496885591,14.145721124579513,8.708183718,25.355417049036145,8.849452077627987,14.63419899146125,8.931206010012993,15.689662287956558,5.78505399,65.30129505
2005-02-18,2005-03-05,2005-03-18,central_north,0.38021195,5.41865896,train,0.10791362,24.49784516,1.0402470399227082,20.46258365011259,0.6386925914216868,13.644073251855417,1.0793304983746013,16.81232373714236,0.4534900477602657,15.567598510915065,-8.66801342,21.46684567
2005-02-18,2005-03-05,2005-03-18,central_south,11.32545748,24.01633143,train,10.46690666,42.68452793,12.69243274273577,33.254147537898106,11.268542861686747,39.773578787493975,12.266071990292058,33.04722500115403,12.428056099809737,32.59377359763222,8.02191481,30.99702512
2005-02-18,2005-03-05,2005-03-18,east_north,-1.48064098,23.66727485,train,-2.98347639,48.09233379,1.7348015197478706,34.16098999860968,-1.574899327566264,40.25444546156626,0.5818238463078198,34.86456650841163,0.7378978026476473,36.49444603763774,-1.93120132,62.75175732
2005-02-18,2005-03-05,2005-03-18,east_south,10.8099799,51.6526505,train,9.93812973,54.01628938,13.123958238728811,38.64523882785465,10.906901590361445,49.08501551693976,12.344819014109682,39.66151164186263,12.43385498928728,43.84703824620803,11.34281263,36.82351171
2005-02-18,2005-03-05,2005-03-18,west_north,4.55165024,5.95627018,train,3.24213964,30.20469084,2.0721001939511035,23.880054080337867,3.7780071474457833,22.673806945927705,3.000637559033043,20.828384065396637,2.831589369191425,19.309084952425213,-3.75929342,38.91785609
2005-02-18,2005-03-05,2005-03-18,west_south,10.98708004,10.18882651,train,10.23198341,22.86801226,10.22162904115112,11.591895040913833,10.680634618000001,21.129224819036146,10.617552703955173,11.668079485740893,10.621348479512829,13.176269550624983,7.34925866,36.73479302
2005-03-04,2005-03-19,2005-04-01,central_north,4.40318855,22.8726697,train,2.09974129,32.21125759,3.969175100692331,25.52930778847414,2.6305202614216867,21.35748568185542,3.629351761093484,23.06774537707305,3.3393599850157374,22.709814702165964,-1.8131525,6.90003039
2005-03-04,2005-03-19,2005-04-01,central_south,14.3777738,45.78766851,train,11.10676828,53.16166069,14.838819926877372,34.875688757561406,11.908404481686748,50.25071154749398,13.812501729685007,37.77212338818188,14.142511141084224,36.961491582633,7.62855929,34.03248741
2005-03-04,2005-03-19,2005-04-01,east_north,4.65214092,46.94992988,train,0.79301,46.06825177,4.412932545686411,36.790212923762795,2.201587062433736,38.23036344156627,3.7154141858047396,36.1132836600098,4.198546784823627,37.0737389797623,-8.52856719,16.83636279
2005-03-04,2005-03-19,2005-04-01,east_south,16.14233857,77.70611243,train,11.23635336,61.37101896,15.002833595408413,37.68023593486553,12.205125220361445,56.43974509693976,14.005672326890242,41.37798415836082,14.293856008931787,49.4237918090472,6.41428229,14.90524186
2005-03-04,2005-03-19,2005-04-01,west_north,3.13089447,50.91581405,train,3.63236118,38.843651,3.8523411586475995,23.505371634384424,4.168228687445784,31.312767105927705,4.230977370058273,23.599676918246235,4.143631337608562,22.13313137060923,1.1257562,10.83528332
2005-03-04,2005-03-19,2005-04-01,west_south,9.97455131,17.72819128,train,10.66915685,26.6607884,11.959561520215136,8.539182182687597,11.117808058000001,24.922000959036147,11.827474706051557,11.141621355086077,11.911997017110195,10.47911994010251,8.36040255,16.41161212
2005-03-18,2005-04-02,2005-04-15,central_north,11.15091893,25.27758358,train,7.13534573,44.50680642,7.08001343135097,30.854381966580515,7.666124701421687,33.65303451185541,7.528295069275218,29.912817033148823,7.498363593047914,29.588449099300984,-0.00712214,20.38508159
2005-03-18,2005-04-02,2005-04-15,central_south,16.7678728,36.54730861,train,14.97697151,43.19284374,17.02024974027445,36.54803759002012,15.778607711686748,40.281894597493974,16.658856571153105,36.22809731591373,16.87098979862741,38.05286496902316,10.42177051,30.73978566
2005-03-18,2005-04-02,2005-04-15,east_north,9.01889652,45.34310823,train,5.02169367,62.40418388,7.352321498765504,39.736058276695054,6.430270732433736,54.56629555156626,7.182121097998658,42.48645684095584,7.897311133763509,41.45338396180101,1.3348756,31.23141474
2005-03-18,2005-04-02,2005-04-15,east_south,16.48649038,61.11037152,train,14.16596247,48.72915674,16.96200992129044,37.53183865453076,15.134734330361445,43.79788287693976,16.325258175018927,38.036804080352965,16.7242947081057,40.74074254858007,10.72362418,24.86290019
2005-03-18,2005-04-02,2005-04-15,west_north,6.13841356,21.50324517,train,5.97809722,32.71444329,5.7848385601327035,23.0956421656475,6.513964727445784,25.183559395927702,6.302438403826528,21.9698124793047,5.958811486335681,22.863122676269185,-0.86492617,14.65870485
2005-03-18,2005-04-02,2005-04-15,west_south,13.22527889,3.09261201,train,13.21982465,9.9813671,13.834916891546603,5.60994965837372,13.668475858,8.242579659036144,13.92659009515031,4.770113774209026,13.600496371390179,4.8617655269929365,8.27776823,35.08967418
2005-04-01,2005-04-16,2005-04-29,central_north,9.6169131,26.15153563,train,10.79426173,62.82663034,10.214153942542834,35.84131053996223,11.325040701421687,51.972858431855414,10.840536915594356,38.64489331104889,10.751788286555733,35.30227754863901,-2.10785058,8.13449455
2005-04-01,2005-04-16,2005-04-29,central_south,17.80193797,15.54084754,train,18.56230252,69.61000365,19.154029524655385,38.105858512304906,19.363938721686747,66.69905450749397,19.39191769243728,44.40410048370383,19.208046361576844,36.898746624625005,10.64133697,35.47240959
2005-04-01,2005-04-16,2005-04-29,east_north,10.14028432,52.15120484,train,9.73724296,38.39318883,10.36684580223762,42.58852288903596,11.145820022433735,30.555300501566265,10.787603920957203,38.07373307769657,10.875981757951958,36.08731854884677,-3.87325248,30.54263595
2005-04-01,2005-04-16,2005-04-29,east_south,16.25953818,22.25919323,train,17.46061519,35.84436882,18.91392847411977,38.81450057416699,18.429387050361445,30.91309495693976,18.764183498157998,35.676541428716774,19.21073960152826,35.28742277909686,10.48137553,54.41165646
2005-04-01,2005-04-16,2005-04-29,west_north,7.70720597,28.9821891,train,6.93052502,35.88466363,7.873816073308388,22.438594056070574,7.466392527445784,28.353779735927702,7.8600455012140324,23.18852345384888,7.7550862921850845,23.57408642170553,1.36107784,16.89220324
2005-04-01,2005-04-16,2005-04-29,west_south,14.25751239,13.93135052,train,14.60314011,7.76774557,15.818051735965753,3.4169924448917603,15.051791318000001,6.028958129036144,15.591772444222268,3.264932017171981,15.121172222173193,3.6566862404649925,8.94980924,47.48866344
2005-04-15,2005-04-30,2005-05-13,central_north,11.15357292,35.21101411,train,12.87018614,62.76103253,13.23354928871529,39.94793630603664,13.400965111421685,51.907260621855414,13.367001003664885,42.4077193694596,12.905463347371057,40.65447587162373,0.50013932,4.78845756
2005-04-15,2005-04-30,2005-05-13,central_south,18.68100794,24.02762729,train,20.57860671,43.28829964,21.182945942166295,39.40580726054513,21.380242911686747,40.37735049749398,21.290167759047257,38.98580779945705,21.108061415257055,40.3539196864801,11.51184139,26.04069085
2005-04-15,2005-04-30,2005-05-13,east_north,10.92850948,21.97930191,train,11.97815365,55.31783995,13.281716491050947,44.977111638593,13.386730712433735,47.479951621566265,13.351030904472186,44.980262970149,13.238100502205604,46.532316963578964,-2.40176189,23.32415568
2005-04-15,2005-04-30,2005-05-13,east_south,18.75725539,44.78876018,train,19.30143158,38.48346598,20.789072432086925,41.842961223653504,20.270203440361446,33.55219211693976,20.56151636126214,39.23516732885308,20.608362652242516,38.02979021516083,10.66850118,31.26965079
2005-04-15,2005-04-30,2005-05-13,west_north,9.15761424,43.93017569,train,9.2067805,36.0931731,10.110510970884992,21.347821627232285,9.742648007445784,28.562289205927705,10.022898182125594,22.958163522348034,9.902568672073386,23.709526840824722,4.69708175,4.48669819
2005-04-15,2005-04-30,2005-05-13,west_south,15.7137116,7.04460752,train,16.43970836,8.12128804,17.87499800759864,2.42718924504804,16.888359568000002,6.382500599036144,17.471796440256576,3.259389665524621,17.08794657504323,5.497257144498141,10.92664746,11.22822886
2005-04-29,2005-05-14,2005-05-27,central_north,15.52179219,28.17160183,train,16.02716248,58.16773734,16.018926692076036,42.775603434910806,16.557941451421687,47.31396543185542,16.195324993661306,43.64857847833663,15.512968884918216,44.88439139303564,3.62115915,19.30336179
2005-04-29,2005-05-14,2005-05-27,central_south,23.21244006,21.51679462,train,22.99000822,30.7621108,23.063558444939297,40.34696184016805,23.791644421686748,27.851161657493975,23.286413057193876,36.81186323043569,23.292811504031388,41.10501217789367,13.66725152,35.2146235
2005-04-29,2005-05-14,2005-05-27,east_north,12.80908046,47.05645043,train,14.56742158,46.38747064,15.943745136281962,46.63906530815898,15.975998642433735,38.54958231156626,15.862255584193651,44.36816910807238,15.631711962665289,46.031074544114915,3.50706729,46.69404493
2005-04-29,2005-05-14,2005-05-27,east_south,21.2284238,33.95555171,train,21.26741004,40.54524241,22.5301592448441,46.5256067344981,22.236181900361448,35.61396854693976,22.331665019555643,43.824859043398774,22.020960411737047,42.829868988149045,14.6848406,91.60326101
2005-04-29,2005-05-14,2005-05-27,west_north,13.25025435,27.78162445,train,12.37693666,35.78028722,12.448233835536062,19.72459479736359,12.912804167445783,28.2494033259277,12.603912094777403,21.937787527886766,12.31653052643997,21.831349527598977,2.86936122,51.23479529
2005-04-29,2005-05-14,2005-05-27,west_south,22.16619626,1.34670295,train,20.04125345,2.15249569,19.951103779843997,2.857114684377115,20.489904658,0.4137082490361441,20.084613937231772,2.0889012597845724,19.94431969173064,4.370047886051957,9.98078616,17.65569576
2005-05-13,2005-05-28,2005-06-10,central_north,17.9441307,54.54258483,train,17.05169854,64.71289649,18.464152908189448,44.12894489869359,17.582477511421686,53.859124581855426,17.965438201317813,47.335892617905316,17.790320223532806,49.582411804753406,10.51249175,29.49473069
2005-05-13,2005-05-28,2005-06-10,central_south,24.38926871,60.66051319,train,24.80467879,25.8425625,24.751941017697533,40.88253839920596,25.606314991686748,22.931613357493976,24.945780164016654,36.476567567751786,25.24436598155446,39.38524017348216,16.46039854,48.27222689
2005-05-13,2005-05-28,2005-06-10,east_north,19.14924343,26.06946812,train,16.74158933,62.80209469,18.22675746486272,47.462946262532,18.150166392433736,54.96420636156626,18.040219328484405,49.87418897432026,17.418066256591867,49.65809396312606,9.15476289,45.6691882
2005-05-13,2005-05-28,2005-06-10,east_south,23.38284458,101.72352847,train,23.10373175,51.46770389,24.083851209387547,52.350825035101444,24.072503610361448,46.53643002693976,23.969959099285827,51.58795319289361,23.686086011946017,52.333935743495516,17.12677634,64.45048814
2005-05-13,2005-05-28,2005-06-10,west_north,12.00383906,29.38273171,train,13.46226405,29.47302936,14.786307844040577,17.60035341423272,13.998131557445783,21.942145465927705,14.306706633930382,19.599263863620525,14.195768422120523,20.287067643235993,6.00133869,21.30700764
2005-05-13,2005-05-28,2005-06-10,west_south,20.18266814,4.06170289,train,20.84970345,1.0424422,21.959605242425262,4.624255419213846,21.298354658,0.0,21.51026735482081,4.055768106683873,21.736612334225647,5.453301198426413,12.40640644,3.15732749
2005-05-27,2005-06-11,2005-06-24,central_north,21.30120382,42.03459627,train,20.4689639,57.10188183,20.469924658611745,44.034474521577614,20.999742871421684,46.248109921855416,20.484014305357203,45.279180798835796,20.415207975132112,46.02595677423622,10.5284815,23.68854454
2005-05-27,2005-06-11,2005-06-24,central_south,26.21260896,27.34698703,train,26.68412846,17.54445181,26.19151049205884,41.020875274003,27.485764661686748,14.633502667493978,26.507167963688403,34.81120276549153,27.167633414863033,32.83542807994161,17.50450254,14.21810597
2005-05-27,2005-06-11,2005-06-24,east_north,19.93868716,34.13427323,train,19.58439807,50.06862751,20.03262148258391,47.498599097972686,20.992975132433735,42.230739181566264,20.19896561506164,46.710870924164865,19.88581766955566,47.350574288938645,10.06580901,42.80897049
2005-05-27,2005-06-11,2005-06-24,east_south,25.08649764,56.74381347,train,24.60364789,58.5336689,25.39310157099579,58.471451661592056,25.572419750361448,53.60239503693976,25.345946096155014,58.540129558619455,25.299411007700037,59.049746393033175,15.79862046,25.85236966
2005-05-27,2005-06-11,2005-06-24,west_north,16.10683245,17.60226906,train,15.3397164,21.71017254,16.968082813851534,15.149060126526361,15.875583907445783,14.179288645927702,16.270791624748497,16.272949034639367,16.205475864516423,16.725898726775238,7.66266118,25.11464123
2005-05-27,2005-06-11,2005-06-24,west_south,23.66676728,2.71353067,train,23.04114738,1.45680605,23.77910808630642,7.3649026447944825,23.489798588000003,0.0,23.435699050527,6.595576679648676,23.933415216404004,7.194876060770508,14.59481381,9.84816253
2005-06-10,2005-06-25,2005-07-08,central_north,22.27241176,37.90185079,train,21.4479462,48.04064401,21.939978693687213,42.71524588610482,21.978725171421686,37.186872101855414,21.70633568467657,42.49736077987684,22.109897085641112,41.63548166698267,10.25349669,20.36229553
2005-06-10,2005-06-25,2005-07-08,central_south,27.64109143,37.25436493,train,27.04068016,33.97268221,27.306990839084357,40.81601901150015,27.84231636168675,31.06173306749398,27.322411439909253,39.74106756284449,27.55515930132824,37.6765518799146,18.04070528,24.01078722
2005-06-10,2005-06-25,2005-07-08,east_north,22.51627779,47.40142023,train,20.34338948,53.79361918,21.28925417817937,46.93210844388713,21.751966542433735,45.955730851566265,21.236613810636594,47.906016712598216,21.0236491488398,46.24215761862966,10.49871776,30.19795277
2005-06-10,2005-06-25,2005-07-08,east_south,26.48407027,92.86388502,train,25.18133553,58.28546883,26.393020324896618,63.86993538145812,26.150107390361445,53.35419496693976,26.17625719790861,63.14063608393268,26.00363442539211,61.34120435213809,17.99837852,44.35032523
2005-06-10,2005-06-25,2005-07-08,west_north,18.3566231,10.88575416,train,18.41600839,19.14567701,18.79491303611065,12.66547471196691,18.95187589744578,11.614793115927704,18.576503781207254,13.727417418087317,18.760453650019603,11.677187137639791,8.54313085,44.65912718
2005-06-10,2005-06-25,2005-07-08,west_south,25.368473,1.68787333,train,25.73670889,1.55982778,25.26183650416802,10.514700396702155,26.185360098,0.0,25.41333926250726,9.014322426926945,25.97812145350242,7.841479586864349,15.21865408,11.0373895
2005-06-24,2005-07-09,2005-07-22,central_north,24.86585343,25.45925453,train,22.02238127,39.52875994,22.78220711783439,40.528459269794126,22.553160241421686,28.674988031855417,22.436341394688636,39.07242639486488,22.839440548705348,37.083159858439345,15.04475369,41.96099362
2005-06-24,2005-07-09,2005-07-22,central_south,27.70465032,55.73181002,train,26.4209369,52.24748917,28.00697860025882,40.35048851148381,27.22257310168675,49.33654002749398,27.52751823370965,45.04248597661925,27.45963520108104,48.372264110786375,23.4757441,17.66990357
2005-06-24,2005-07-09,2005-07-22,east_north,23.94771534,50.92668249,train,21.66105803,46.78048617,21.94746449912372,46.03224335445152,23.069635092433735,38.94259784156627,22.18252796509141,45.56540665574627,22.365816489815057,44.550481156633396,12.31477317,42.56377149
2005-06-24,2005-07-09,2005-07-22,east_south,27.44406173,87.53784651,train,25.3089736,79.00430243,27.012188495019057,67.56823233237644,26.277745460361448,74.07302856693975,26.666260488574473,71.93429845865873,26.910519455447933,72.46307755414621,21.3942329,34.65856303
2005-06-24,2005-07-09,2005-07-22,west_north,21.9514883,5.70513566,train,20.62458072,13.79417488,20.054168928047545,10.513262765606752,21.160448227445784,6.263290985927704,20.226833387876916,10.708228266112673,20.689189219329776,8.4766508130267,12.47879172,33.05833816
2005-06-24,2005-07-09,2005-07-22,west_south,28.39251035,4.20651094,train,26.07059846,9.61796048,26.251891083026013,13.433647934574386,26.519249668,7.879173039036145,26.169444537327,13.875317668993386,26.208458196812785,14.815905381316313,21.25796364,1.12032124
2005-07-08,2005-07-23,2005-08-05,central_north,23.27808288,30.13752643,train,23.13256912,42.42975536,22.91562427552384,37.88088649732935,23.663348091421685,31.575983451855418,23.03459688880199,37.828515206983056,23.2607253989416,35.15217991603379,17.13385699,49.0916632
2005-07-08,2005-07-23,2005-08-05,central_south,27.25727341,28.84875316,train,27.02443546,38.70268772,28.19536637898537,39.714424493648636,27.826071661686747,35.79173857749397,27.920246608841722,41.11900849232478,27.732819553417446,37.51715376299555,23.70465867,60.55192631
2005-07-08,2005-07-23,2005-08-05,east_north,22.94388272,31.03826161,train,22.049391,52.16123973,21.978480113353015,45.08122258868919,23.457968062433736,44.32335140156626,22.43153794611248,46.45555564511676,22.717219784482612,42.922359403446904,17.85957769,27.57033228
2005-07-08,2005-07-23,2005-08-05,east_south,27.37930401,62.76964368,train,25.74179778,67.14143847,27.17989832012001,68.83591512128856,26.710569640361445,62.210164606939756,26.98479101790178,69.92447214079918,26.910776011061415,65.86444851153897,22.73219442,90.92934391
2005-07-08,2005-07-23,2005-08-05,west_north,21.04580015,10.89903913,train,20.4881136,9.92479951,20.555900530090653,9.053870723316592,21.02398110744578,2.393915615927704,20.498095200072115,9.021570193043274,20.625478636701082,8.520893405661575,12.41734777,26.16328821
2005-07-08,2005-07-23,2005-08-05,west_south,26.08165396,26.98411308,train,26.80994043,5.10899609,26.61024801105951,15.547308022658328,27.258591638000002,3.370208649036144,26.73745779656979,14.373663838298395,26.353719971698393,13.501837557190367,20.56440966,4.14232895
2005-07-22,2005-08-06,2005-08-19,central_north,22.08861185,45.55769607,train,21.85324059,49.9286214,22.28240754610652,35.14154971509202,22.384019561421685,39.07484949185542,22.21830213218341,38.14499853054018,22.351116480453367,39.251612012401566,20.58608636,49.70124047
2005-07-22,2005-08-06,2005-08-19,central_south,27.32148395,53.62217559,train,26.99297705,30.01846153,27.789566081662425,38.98598870536031,27.794613251686748,27.107512387493976,27.728624874522513,38.28920820172138,27.77360431301634,36.7622645584989,26.11329771,32.76685741
2005-07-22,2005-08-06,2005-08-19,east_north,22.90004085,32.06297624,train,20.6811566,39.82738548,21.373509695016615,44.30602198654279,22.089733662433737,31.989497151566262,21.56354898077264,43.02247638555298,21.37762883499639,45.30610916188117,20.47946369,38.02622903
2005-07-22,2005-08-06,2005-08-19,east_south,27.2584155,69.24572518,train,25.9188015,39.63117037,26.8381919635122,67.3499736183781,26.887573360361447,34.69989650693976,26.879537114186636,61.49536824829816,27.21208833595334,62.0438375958457,25.14576016,62.85933013
2005-07-22,2005-08-06,2005-08-19,west_north,19.41629269,12.89560923,train,19.9028165,13.45923127,20.170486313330837,8.571681159295212,20.438684007445783,5.9283473759277046,20.108761298882197,9.788328412639242,19.962612456752172,9.420829094057963,15.28377758,19.31118134
2005-07-22,2005-08-06,2005-08-19,west_south,24.28942012,31.00320182,train,25.82379503,8.64330049,26.24141552937002,16.472343257784587,26.272446238,6.904513049036144,26.193662355475507,16.319898438342296,25.63942415422464,15.829892079427399,23.01059284,1.5865612
2005-08-05,2005-08-20,2005-09-02,central_north,20.55488627,31.74577705,train,20.22493413,51.15249445,20.86264078367863,32.57122235485098,20.755713101421687,40.29872254185541,20.793985082776548,36.6693866383151,20.89957834536113,38.86319508130187,22.4520964,38.17848326
2005-08-05,2005-08-20,2005-09-02,central_south,27.48183228,46.84883562,train,26.28150014,22.15303616,26.741595515584287,38.21742063496248,27.083136341686746,19.242087017493976,26.882436039350544,35.51857685402675,27.066205136498255,39.15224779947074,27.62814643,28.74397671
2005-08-05,2005-08-20,2005-09-02,east_north,21.09417555,59.81317121,train,20.64611583,37.28777939,20.145843552414764,43.82611382504646,22.054692892433735,29.449891061566262,20.91167451488192,41.62734199403435,21.10689986836855,44.78796107232162,22.54543419,34.2405755
2005-08-05,2005-08-20,2005-09-02,east_south,27.08674405,52.91915809,train,25.18125644,49.2941886,25.956193070157873,63.27031323513087,26.150028300361445,44.36291473693976,26.136110024004235,60.93173061522013,26.196642095835514,63.162641315786345,26.31754814,83.52648007
2005-08-05,2005-08-20,2005-09-02,west_north,18.26649338,3.93692424,train,17.05190307,15.96967211,18.85902175544366,9.21205263125044,17.587770577445784,8.438788215927705,18.244368067521943,11.455135844274928,17.820616373504727,11.547480764005744,17.95020797,12.39904117
2005-08-05,2005-08-20,2005-09-02,west_south,25.29748682,7.26149197,train,24.2284687,8.11521463,25.11596909838825,16.098112357173886,24.677119908,6.376427189036145,24.94914100495627,16.054855523673478,24.599923347826557,15.00510537140422,25.18522667,3.03043513
2005-08-19,2005-09-03,2005-09-16,central_north,20.91690979,27.13678209,train,17.97315082,35.60897141,18.68831384965936,30.28401729163145,18.503929791421687,24.75519950185542,18.629782187389115,30.81066934676353,18.407857059442613,30.82168655706803,24.56785681,21.0426219
2005-08-19,2005-09-03,2005-09-16,central_south,25.5430637,20.33512714,train,25.32542815,10.73237352,25.057097490730648,37.42970284215676,26.127064351686748,7.821424377493976,25.54320951426238,31.531980705132955,25.84283246256152,34.35571908159069,27.49317062,58.07061015
2005-08-19,2005-09-03,2005-09-16,east_north,19.61044479,11.18197096,train,17.77253387,33.97403931,18.335008799174766,43.62956588382815,19.181110932433736,26.136150981566267,18.716419853923043,40.82090656079903,18.683399193332725,45.93521993971454,23.351813,60.73485702
2005-08-19,2005-09-03,2005-09-16,east_south,24.96024387,19.69839397,train,23.70293436,37.42214911,24.543403899225787,57.213655069523455,24.671706220361447,32.49087524693976,24.71206667983239,53.116773550025044,25.030651042325687,57.588962947544374,27.13875811,97.26867581
2005-08-19,2005-09-03,2005-09-16,west_north,14.83082996,8.89393418,train,15.76034304,9.61895281,16.68948092762627,10.946184856984852,16.296210547445785,2.088068915927704,16.51326066797237,10.713350431055403,16.173711056362233,11.014840912152085,21.54928098,5.56324836
2005-08-19,2005-09-03,2005-09-16,west_south,21.87612824,7.97160042,train,23.79013296,2.65567745,23.283790668708335,14.606083554726998,24.238784168000002,0.9168900090361445,23.75371093224341,12.928967245373418,23.988721983952512,11.834513894717674,27.98895051,3.18760668
2005-09-02,2005-09-17,2005-09-30,central_north,17.14033646,33.13464002,train,14.5372772,38.50020242,15.852845984029594,28.248595105102734,15.068056171421686,27.646430511855417,15.595921820286978,30.073930824351233,15.33327585456993,30.42348192938317,23.85316588,30.46330625
2005-09-02,2005-09-17,2005-09-30,central_south,26.03697739,42.78180412,train,22.05460482,20.0776196,22.80749582707201,36.61667060849503,22.85624102168675,17.166670457493975,22.917539064087965,33.457683031626274,22.99860449198019,38.909528276277854,27.50913498,28.57797127
2005-09-02,2005-09-17,2005-09-30,east_north,17.62835017,45.45914355,train,13.84395084,35.99705935,16.011619080332093,43.582749463527655,15.252527902433735,28.159171021566266,15.763655949511204,41.57982682324477,15.401920871477117,44.735388827194086,22.90531712,33.74435233
2005-09-02,2005-09-17,2005-09-30,east_south,25.45419629,29.08013588,train,21.10677219,22.34184341,22.658580132689924,50.13118336517863,22.075544050361447,17.410569546939758,22.50766594379312,43.75906288912921,23.063111796464877,46.93582819322913,27.57713398,62.1683496
2005-09-02,2005-09-17,2005-09-30,west_north,12.67968156,14.4072536,train,12.47316522,21.1344394,13.834551460802324,13.570923299576119,13.009032727445783,13.603555505927705,13.560267652278348,15.675922541448262,13.509845852389564,15.294283282793788,21.35013645,9.80345783
2005-09-02,2005-09-17,2005-09-30,west_south,21.84690347,6.07333833,train,20.07766408,5.4528546,20.874621593446975,12.42298009145375,20.526315288000003,3.7140671590361443,20.83908395847367,12.218147504430675,20.934058396730265,10.529017047440636,26.56795945,23.86011564
2005-09-16,2005-10-01,2005-10-14,central_north,13.09629137,29.23855876,train,12.45313719,39.53922924,12.512995924587743,26.327148793023554,12.983916161421686,28.685457331855414,12.801366406551882,28.239379251069398,12.520994295464785,27.895488298725585,21.92041848,39.70420391
2005-09-16,2005-10-01,2005-10-14,central_south,20.7694022,30.54001655,train,20.13106943,23.77124903,20.131746210121637,35.7571178629928,20.932705631686748,20.860299887493976,20.56520160065372,33.17582377637571,20.315953300714952,34.528076516241114,27.0350707,56.76296086
2005-09-16,2005-10-01,2005-10-14,east_north,15.66172139,82.13300157,train,12.80769974,23.27638603,13.281016079764596,43.47104353629735,14.216276802433736,15.438497701566266,13.724896604390985,37.21875441618414,13.98472009701052,36.37908438293505,23.38089728,29.47084227
2005-09-16,2005-10-01,2005-10-14,east_south,23.05844901,87.44743467,train,19.86570728,38.40930738,20.41152668522641,43.11674465527562,20.834479140361445,33.47803351693976,20.682140400842755,42.01982731326301,20.313759756876884,41.36605627607645,27.17786997,64.90770516
2005-09-16,2005-10-01,2005-10-14,west_north,9.13446723,23.15381722,train,8.39627778,33.09598281,10.550867657700914,16.74393722188928,8.932145287445783,25.565098915927706,9.997467329389387,21.173860461839023,10.435563860215314,18.616099929639518,19.98916633,12.00844724
2005-09-16,2005-10-01,2005-10-14,west_south,18.15956747,5.40762657,train,17.1827472,7.06606504,18.08511621011727,10.118641010449462,17.631398408000003,5.327277599036144,18.009241379423017,10.603937603515991,18.266251559045667,9.713417798334564,24.55384312,33.97449106
2005-09-30,2005-10-15,2005-10-28,central_north,9.1789641,11.87935458,train,7.61215762,24.15458624,8.881386717998563,24.34145482052697,8.142936591421686,13.300814331855417,8.62431409397082,22.729919760626018,8.766711519162271,23.378082898151785,21.00182855,42.20231541
2005-09-30,2005-10-15,2005-10-28,central_south,16.49414428,3.58395405,train,15.61816083,21.52485597,17.226244199265686,34.83152671326083,16.41979703168675,18.613906827493977,16.953705937041924,31.946911577416724,17.231462776524122,33.6279991923486,27.84904969,47.63234858
2005-09-30,2005-10-15,2005-10-28,east_north,8.53755257,75.72567568,train,7.72329401,39.56465452,10.283736379776562,43.060678021996544,9.131871072433736,31.726766191566263,9.85853127005172,41.44389822074402,9.8236536372805,39.20381366727345,21.08924164,55.19341937
2005-09-30,2005-10-15,2005-10-28,east_south,16.80970814,30.06301411,train,15.74776352,17.63213052,17.95653039988824,37.187822167777284,16.716535380361446,12.70085665693976,17.436634024853735,32.11360280566555,17.876191026632657,32.8306513295917,27.30895077,59.0236699
2005-09-30,2005-10-15,2005-10-28,west_north,9.79988226,12.00200007,train,6.65289419,27.6668584,7.143297875140024,20.046903990293114,7.188761697445783,20.135974505927702,7.274469944526157,21.27550150980466,7.617436881784711,18.38081554822962,18.23472041,6.0399626
2005-09-30,2005-10-15,2005-10-28,west_south,15.50127784,17.24168149,train,14.78048908,10.93125474,15.154385277300776,8.2721308052005,15.229140288000002,9.192467299036144,15.275608094402372,9.622134080408154,15.522161013431667,9.03095365798251,25.19238828,7.10475594
2005-10-14,2005-10-29,2005-11-11,central_north,8.96548319,13.77450934,train,5.12468675,36.57242626,5.209718652388562,22.1489572760148,5.655465721421687,25.718654351855417,5.438079237995391,23.593569262169336,5.738337563399229,22.65298670590902,21.25814495,21.60883039
2005-10-14,2005-10-29,2005-11-11,central_south,17.10513437,11.04996135,train,14.12967412,28.08672478,14.323944210459572,33.838926442616895,14.931310321686748,25.175775637493977,14.603799347001114,31.96301950846019,14.557977459817089,30.546072049827803,25.66780046,13.64830819
2005-10-14,2005-10-29,2005-11-11,east_north,9.29688303,24.75774036,train,5.77355105,60.81749109,7.191286748383031,42.16689238384583,7.182128112433736,52.97960276156626,7.237340934612856,45.5354459615679,7.151461265227902,43.54444644327688,19.55849151,11.56512817
2005-10-14,2005-10-29,2005-11-11,east_south,16.03971041,6.06702466,train,14.29455157,34.91048489,15.477860823846516,33.087401929023926,15.263323430361444,29.97921102693976,15.345845343075798,32.71005178008991,15.218482178099134,31.704575639818056,24.86426816,18.70160697
2005-10-14,2005-10-29,2005-11-11,west_north,5.58614689,38.89075618,train,3.16054265,43.8289969,3.9211034060604217,23.063170800988246,3.6964101574457837,36.2981130059277,3.9382137302524045,27.406475594679957,4.578519253492256,25.28751639313561,15.45626643,8.72954638
2005-10-14,2005-10-29,2005-11-11,west_south,14.31512829,2.27869275,train,12.08244418,8.11365358,12.332423182762136,7.336809692754995,12.531095388,6.374866139036143,12.447005534324447,7.603098030020213,12.60465245871718,7.699113655000712,22.5507837,9.32485693
2005-10-28,2005-11-12,2005-11-25,central_north,2.05993152,21.10375044,train,3.59493749,22.73939763,1.7646664705523385,19.7095205017853,4.125716461421686,11.885625721855416,2.7285554322625094,17.06252625677038,2.79206489845472,12.771048367922571,17.59962645,33.98151493
2005-10-28,2005-11-12,2005-11-25,central_south,11.6562306,17.65523553,train,13.04161466,15.21571542,11.66606673701675,32.80932872344994,13.843250861686748,12.304766277493977,12.520136975562824,26.726302142729278,12.101787541894655,17.538929582429272,26.67519033,49.04511142
2005-10-28,2005-11-12,2005-11-25,east_north,3.47241302,49.4678707,train,4.00678591,43.91055221,4.196587058926259,40.71203560306298,5.415362972433735,36.072663881566264,4.6748649249666805,39.07651418841952,4.432112087141329,34.84438049895385,18.88295408,45.48608282
2005-10-28,2005-11-12,2005-11-25,east_south,13.09690516,43.14873765,train,12.84453282,18.83804944,13.169448820829217,31.149889984945013,13.813304680361444,13.906775576939758,13.295347888189625,26.125979962262374,13.182232985480663,24.15332109348915,25.93820806,28.64275461
2005-10-28,2005-11-12,2005-11-25,west_north,1.96995815,12.69083206,train,2.60401424,39.68060179,1.154471447977411,25.453233006990132,3.1398817474457834,32.1497178959277,2.0428234191439314,26.83326648373347,2.4553337048197568,28.91811347865588,12.55571849,11.34383136
2005-10-28,2005-11-12,2005-11-25,west_south,10.82126945,0.70083333,train,11.00857028,8.38407059,9.84728530335183,7.535251619467179,11.457221488000002,6.645283149036144,10.492169984249468,6.780741167663866,10.450676113162647,2.9786921972421982,21.70902651,3.46565838
2005-11-11,2005-11-26,2005-12-09,central_north,-7.09601348,22.41298972,train,-2.59614851,23.49264736,-1.1999692137148847,17.125679199258148,-2.065369538578313,12.638875451855416,-1.620043307927714,15.926837618781128,-1.5129721149446391,11.618455005631724,13.0962009,33.59591013
2005-11-11,2005-11-26,2005-12-09,central_south,7.130413,28.04647771,train,7.4219283,23.97672513,9.47140531595626,31.808204209331542,8.223564501686747,21.065775987493975,8.855450083036327,28.832425542872297,8.45312184804375,28.252478809792454,20.89301113,29.04441862
2005-11-11,2005-11-26,2005-12-09,east_north,-0.19171501,48.88936322,train,-0.95568363,50.63711942,1.4995544800245586,38.75945939838746,0.4528934324337359,42.79923109156626,1.00111695626745,39.64015596281385,1.3238658545524054,38.05930002915497,15.46229936,79.03830959
2005-11-11,2005-11-26,2005-12-09,east_south,10.83663371,66.09019246,train,8.9890145,41.3308758,11.212119913202805,31.25957300239703,9.957786360361444,36.39960193693976,10.528410109818875,32.16291244365398,10.66043369387614,29.673629569130735,23.37812644,91.71465191
2005-11-11,2005-11-26,2005-12-09,west_north,-5.20809156,38.37546837,train,0.30874254,27.52746036,-0.9602396812505413,27.011969182046442,0.8446100474457835,19.996576465927703,-0.21644560677590097,24.257366882178207,-0.3837619458309307,25.411888234101937,9.55245981,25.94964254
2005-11-11,2005-11-26,2005-12-09,west_south,5.81650236,4.22053368,train,8.3341613,10.54448093,7.877095496845236,8.808033188624531,8.782812508000001,8.805693489036145,8.179143070120954,7.923866817044473,8.134323342837597,5.240517481737919,18.61894795,7.95133737
2005-11-25,2005-12-10,2005-12-23,central_north,-3.99391559,7.43093215,train,-1.56754116,28.57946523,-3.470414451211412,14.645430439079494,-1.0367621885783134,17.725693321855417,-2.5159943395338895,13.926570872891219,-2.0689470080394745,16.04515466396425,9.96721839,12.83869066
2005-11-25,2005-12-10,2005-12-23,central_south,6.17699221,18.48292097,train,8.59574994,53.57107756,7.908820924982705,30.9313291740291,9.397386141686747,50.66012841749398,8.460615761178534,34.57985556140051,8.6773830106866,38.389796349462614,17.45210944,6.57617204
2005-11-25,2005-12-10,2005-12-23,east_north,-4.26291777,24.04034878,train,-0.59505423,41.86321362,-0.7105925760460838,36.51455543964918,0.8135228324337359,34.02532529156627,-0.16549869221832747,34.37444481698091,-0.04524303260177209,35.61998196957363,9.91989667,85.92193825
2005-11-25,2005-12-10,2005-12-23,east_south,6.73834032,33.89964598,train,10.34911644,37.08395023,9.752329939211586,32.90908019165825,11.317888300361444,32.15267636693976,10.214576786011754,30.798432950627262,10.373671810383762,32.28756226340499,18.15007114,31.68566737
2005-11-25,2005-12-10,2005-12-23,west_north,-3.5394531,29.58333703,train,-1.57171892,41.02476865,-2.3201771336600023,27.695764205279012,-1.0358514125542164,33.4938847559277,-1.8022473421733602,27.92666823872916,-1.7833398043581878,31.81802400781621,10.32077366,8.4702369
2005-11-25,2005-12-10,2005-12-23,west_south,6.69806965,3.48929077,train,6.22244383,16.3593612,6.531873922424594,10.828079633386796,6.671095038,14.620573759036143,6.494720910134986,10.633127048213595,6.553432832540393,9.884031569154253,15.94297276,17.16986258
2005-12-09,2005-12-24,2006-01-06,central_north,1.90183126,12.13182761,train,-3.13774639,23.73105018,-4.894966061849603,12.62542419112631,-2.6069674185783134,12.877278271855417,-3.9988938826552642,10.784126090448385,-3.7194336352290582,14.183075291793386,8.97264786,13.68528462
2005-12-09,2005-12-24,2006-01-06,central_south,11.75775628,7.96741304,train,7.6976182,28.97161347,7.07789676042205,30.29061237516661,8.499254401686747,26.060664327493978,7.555455616140743,27.124191857411926,7.719476728762923,25.83859745014762,16.81509778,12.2248928
2005-12-09,2005-12-24,2006-01-06,east_north,1.21987609,46.87060309,train,-4.36906201,43.50774833,-2.273888366754589,34.29180848441434,-2.9604849475662647,35.66986000156626,-2.636386775454541,33.48429314760325,-2.3120553665800463,33.09326438756946,9.2218977,16.81223223
2005-12-09,2005-12-24,2006-01-06,east_south,10.67818554,45.25168173,train,8.55618111,44.6204835,8.886094169608365,35.34268817452605,9.524952970361445,39.68920963693976,8.982609863719027,34.41288163484633,9.180070258445404,32.72798630184319,15.77840515,5.54710626
2005-12-09,2005-12-24,2006-01-06,west_north,2.14443924,74.22322862,train,-0.99046845,47.94489877,-2.917557780325793,27.61447695059158,-0.45460094255421646,40.414014875927705,-1.9003905471318316,28.78675385508586,-1.7843396054002176,32.93268118593788,5.76018678,42.00195847
2005-12-09,2005-12-24,2006-01-06,west_south,9.16712804,19.34539093,train,6.92505402,26.36732816,5.848029672322385,13.0772557016471,7.373705228,24.628540719036145,6.412064176315177,13.991318526803074,6.624871948701325,16.40417485139807,14.33516581,0.60421741
2005-12-23,2006-01-07,2006-01-20,central_north,0.81913814,10.28124837,train,-4.75177115,23.5692203,-5.397929410244845,11.451400647925663,-4.220992178578313,12.715448391855418,-4.927197500966618,9.87033456219076,-4.932865301965969,14.487893319465883,3.60275056,20.53224264
2005-12-23,2006-01-07,2006-01-20,central_south,10.54934048,25.32532697,train,7.64057654,48.36809665,7.006164532886207,29.99211089754194,8.442212741686747,45.45714750749397,7.555197283645877,31.606304943086894,7.519688552516999,33.689666521306165,12.11131604,18.06991633
2005-12-23,2006-01-07,2006-01-20,east_north,1.9978079,50.99779337,train,-4.6716026,45.06254441,-3.0829925809451453,32.428244935266626,-3.2630255375662642,37.224656081566266,-3.183870899142886,32.03749663645843,-2.9803885915494974,32.260060793766016,4.70551466,54.71901266
2005-12-23,2006-01-07,2006-01-20,east_south,11.10634568,26.52020463,train,9.2137462,52.67897279,8.65221017508345,37.7874126948461,10.182518060361444,47.74769892693976,9.179432728152907,37.68145293744034,9.177581062605963,36.193802112583285,13.3212054,44.12605892
2005-12-23,2006-01-07,2006-01-20,west_north,-0.13834995,46.52787991,train,-3.8177427,31.07270382,-2.816999783900867,26.977152858584265,-3.2818751925542164,23.541819925927705,-3.0316228279737207,24.345116622556382,-2.7881242286369456,26.873512376232508,2.61420858,12.47220986
2005-12-23,2006-01-07,2006-01-20,west_south,6.3384284,2.80254033,train,5.11836448,13.60884534,5.799885412230515,14.993935297800085,5.567015688000001,11.870057899036144,5.640829914137426,12.185623404980753,6.036014553400535,12.20859401207932,11.26164278,2.5170125
2006-01-06,2006-01-21,2006-02-03,central_north,0.8232155,15.72373752,train,-2.98561813,25.0099646,-4.96523794190687,11.516582398479496,-2.4548391585783134,14.156192691855416,-3.873355209143001,9.595269950394282,-3.922530720129947,12.80481704826287,-5.89997886,20.5650202
2006-01-06,2006-01-21,2006-02-03,central_south,10.46600386,47.47599652,train,8.13934344,46.94682499,7.644561336902673,30.12787092405969,8.940979641686747,44.03587584749398,8.18726499633883,31.06940372745723,7.979781939951445,31.31606614250506,8.91447324,23.97379796
2006-01-06,2006-01-21,2006-02-03,east_north,1.73107996,33.47761089,train,-1.9549265,56.58749082,-3.0538579560761985,31.32927665692905,-0.5463494375662641,48.749602491566264,-1.9403978949524747,33.18888456391382,-2.157863071744101,31.705732969175084,-0.00727615,46.15615683
2006-01-06,2006-01-21,2006-02-03,east_south,11.75011327,35.31635526,train,10.74603443,52.56979685,9.037302709235654,39.48730112981061,11.714806290361444,47.63852298693976,10.111103102798854,38.28080153555844,9.73306470418379,35.32703959553528,11.27876465,49.97354518
2006-01-06,2006-01-21,2006-02-03,west_north,-0.17562254,33.90566742,train,-3.53391614,30.167667,-2.146730278652447,26.083071451028818,-2.998048632554217,22.636783105927705,-2.4740171361317214,23.252562964246177,-2.0548144108403914,24.20700783944123,-3.87549659,38.44483963
2006-01-06,2006-01-21,2006-02-03,west_south,6.87956517,2.57351056,train,5.40044987,7.10895593,6.308923630766441,15.98722627370889,5.849101078,5.370168489036144,6.104045541705541,10.99198170138876,6.675025037092742,11.559098997621422,6.7763751,4.01167876
2006-01-20,2006-02-04,2006-02-17,central_north,-4.55831887,8.65083578,train,-3.17409814,28.17802587,-3.688301562279379,13.007314559891718,-2.643319168578313,17.324253961855415,-3.1357115005367913,11.827580260807611,-3.549311231726379,12.981977182588441,-5.93686437,9.73734243
2006-01-20,2006-02-04,2006-02-17,central_south,7.8973099,19.12312587,train,8.2533772,55.50506843,8.87704826016203,30.723891112559944,9.055013401686747,52.59411928749398,9.034078097301208,33.95630727565381,8.882077998649333,31.69815816831382,4.92503474,22.55992727
2006-01-20,2006-02-04,2006-02-17,east_north,-1.14453192,33.0378509,train,-3.21547658,31.48385309,-2.2153569454398117,31.196432188032468,-1.8068995175662639,23.645964761566265,-1.9497908367618204,27.00658848961702,-2.5070936193560716,27.25249150028011,-4.87371321,30.48689379
2006-01-20,2006-02-04,2006-02-17,east_south,7.73992985,32.65245962,train,9.39062035,37.80205547,9.96162367757033,40.130263164444806,10.359392210361445,32.87078160693976,10.130436254853517,35.454659174555616,9.501115266299145,34.06447528648495,7.28332633,50.08823441
2006-01-20,2006-02-04,2006-02-17,west_north,-2.163463,8.89916456,train,-2.28257645,34.20716074,-1.0508398882289944,25.178708278999185,-1.7467089425542166,26.676276845927703,-1.2392663917384996,23.438264418382573,-1.0337148187950722,22.335914076841558,-5.25695542,18.34141083
2006-01-20,2006-02-04,2006-02-17,west_south,8.64420211,0.16945948,train,6.495935,34.57122615,7.264411087938747,15.771055321692785,6.9445862080000005,32.83243870903615,7.2403878319334805,17.91133221313895,7.346254153974146,18.96429608402465,5.72612868,3.46426915
2006-02-03,2006-02-18,2006-03-03,central_north,-2.81799697,2.87627836,train,-4.54283241,27.14219344,-1.6972946358298506,15.94370961520853,-4.012053438578313,16.288421531855416,-2.4925348129743874,14.734866789066146,-2.7456028001082755,18.477254080955742,2.31949442,11.83207094
2006-02-03,2006-02-18,2006-03-03,central_south,10.20703728,25.55106907,train,9.14399019,56.59661246,10.560844258900254,31.756869532680224,9.945626391686748,53.685663317493976,10.45139074824148,35.23019970006909,10.438375793442308,31.025511855939282,11.84219521,7.96438144
2006-02-03,2006-02-18,2006-03-03,east_north,-3.75684178,9.77866345,train,-6.5744938,41.57202409,-0.6371774103174612,32.11507592589844,-5.165916737566264,33.734135761566264,-2.353697076018648,31.924832070011004,-2.7404245979014346,31.91419299445973,1.17359154,44.28166824
2006-02-03,2006-02-18,2006-03-03,east_south,11.78991792,31.78473449,train,8.55593385,64.53139905,11.321124860679657,39.74443480659305,9.524705710361445,59.60012518693976,10.688553917249074,42.95356519696327,10.935503339859054,44.7211451118971,10.07646274,44.7183552
2006-02-03,2006-02-18,2006-03-03,west_north,-0.68328424,25.20665916,train,-0.08686063,29.93613927,0.3449589238542877,24.43648123681153,0.4490068774457835,22.405255375927705,0.5502005795379448,21.50369867640051,0.34631720948415345,19.214867329864607,2.5741874,84.60278478
2006-02-03,2006-02-18,2006-03-03,west_south,8.66173295,12.87087581,train,9.4500654,25.43890983,8.559643166457153,14.29473679852759,9.898716608,23.700122389036146,9.280756419378797,13.883501497716281,9.114560702902136,15.854712124599558,9.41788685,19.5801493
2006-02-17,2006-03-04,2006-03-17,central_north,2.6659481,30.14751258,train,0.79625549,37.25750227,0.8425521670116531,20.12575704398088,1.3270344614216867,26.40373036185542,1.274202662178601,19.645097514745203,1.003184989278555,17.523572028492598,0.83961529,9.99831899
2006-02-17,2006-03-04,2006-03-17,central_south,16.08507089,16.11599627,train,12.48999687,43.03776915,12.543268312534282,33.14466860730211,13.291633071686748,40.126820007493976,13.024676043002536,32.346615801945504,13.155884378503895,34.183754724341455,9.8413033,25.30482451
2006-02-17,2006-03-04,2006-03-17,east_north,3.8704312,29.95968735,train,0.04335528,49.26276568,1.55841982835409,33.99563948771478,1.451932342433736,41.424877351566266,1.7468403059863506,34.01082602034168,1.7996262557596923,30.398350607435315,1.24429894,45.05896886
2006-02-17,2006-03-04,2006-03-17,east_south,14.85073757,7.98058844,train,12.13363946,43.09185957,12.995533657835677,38.725865809815595,13.102411320361444,38.160585706939756,13.16720580199291,36.06776964345053,12.986026990660523,36.355847281955135,10.93415446,26.58333328
2006-02-17,2006-03-04,2006-03-17,west_north,-0.31152605,30.85676468,train,0.72085761,35.84025035,1.9508406240667935,23.91050004948989,1.2567251174457836,28.3093664559277,1.8824769978955593,23.096416920566806,2.0042643898095758,21.927099764966012,0.43600881,43.27133902
2006-02-17,2006-03-04,2006-03-17,west_south,7.70394793,17.11911272,train,9.93160309,17.3941119,10.103722434054983,11.797746514090605,10.380254298,15.655324459036143,10.411270309058004,10.41423702898281,10.521898473374879,12.418854725722142,7.02921528,2.16410487
2006-03-03,2006-03-18,2006-03-31,central_north,2.44748279,22.29326652,train,3.51518816,45.22847435,3.7519365602158943,25.1518118776369,4.045967131421687,34.37470244185542,4.120420564957839,25.690155319152286,4.073017189016676,22.89509128142549,0.70946864,14.64831041
2006-03-03,2006-03-18,2006-03-31,central_south,12.30846134,47.08205751,train,14.66132112,56.58735591,14.683179307019849,34.756178900627326,15.462957321686748,53.67640676749397,15.216394657186726,37.371723254637715,15.028154164180823,31.829847467840185,10.52518232,36.08484754
2006-03-03,2006-03-18,2006-03-31,east_north,3.04732469,4.96502512,train,4.20675059,53.33440598,4.210749770917142,36.587107266569575,5.615327652433736,45.496517651566265,5.041346824953911,36.703844835420156,5.409513874128673,33.32294914558754,1.7574239,35.94529614
2006-03-03,2006-03-18,2006-03-31,east_south,11.91154368,20.88477278,train,15.23068952,70.12711593,14.864807148968977,37.730600465543915,16.199461380361445,65.19584206693976,15.613533236953696,42.37522142967195,15.637130508794847,40.17997125499522,11.31566073,22.12821712
2006-03-03,2006-03-18,2006-03-31,west_north,3.29628461,29.24680183,train,1.05201723,43.27718046,3.720157763446495,23.530879209052888,1.5878847374457834,35.7462965659277,3.0821712854491903,25.552422939233022,3.5616064371226193,27.965566753044538,-0.83295509,32.64984827
2006-03-03,2006-03-18,2006-03-31,west_south,9.9798006,17.2493102,train,9.90538277,17.92830573,11.830476609255998,8.760795175277014,10.354033978,16.189518289036148,11.417501598314182,9.174099679428531,11.738223363202003,8.189045860972666,6.09750556,3.16591577
2006-03-17,2006-04-01,2006-04-14,central_north,11.03794526,24.79518681,train,3.85961246,43.33086008,6.855274370743693,30.47824417145793,4.390391431421687,32.477088171855414,6.028454638210928,30.282763651891063,6.438627177368794,30.829561872323968,-2.81084208,5.78105303
2006-03-17,2006-04-01,2006-04-14,central_south,19.69637485,11.38570177,train,14.15271765,66.68699832,16.86520106126044,36.4304930617955,14.954353851686747,63.776049177493974,16.26908034074472,42.53783773311649,16.476252413979402,38.05550366742864,8.10782946,29.06253166
2006-03-17,2006-04-01,2006-04-14,east_north,8.99041824,38.04891577,train,3.35077381,58.35610702,7.137703678828263,39.52392508762069,4.759350872433736,50.51821869156627,6.354896206159379,41.70404987226489,7.187744163445003,42.60556844736108,-1.24412896,33.93192454
2006-03-17,2006-04-01,2006-04-14,east_south,17.98168304,23.37866052,train,14.10019792,78.57654931,16.821384102097788,37.500897158838484,15.068969780361444,73.64527544693976,16.272693783197386,45.849578580266865,16.761652470596353,52.56589656153588,7.58959454,46.05956244
2006-03-17,2006-04-01,2006-04-14,west_north,7.16284333,40.83817985,train,4.78818826,29.69803208,5.641654457671121,23.13058443827343,5.324055767445784,22.167148185927704,5.718631934563957,21.50139621637131,5.6635705503222695,21.730577902549598,-0.44604704,14.32547054
2006-03-17,2006-04-01,2006-04-14,west_south,13.96878702,17.32590114,train,13.24943708,7.55525698,13.697054014766378,5.801488195156225,13.698088288000001,5.816469539036144,13.857717566793312,4.182763692010521,13.578745076356007,5.462399365379607,9.20038006,0.18363175
2006-03-31,2006-04-15,2006-04-28,central_north,11.89455694,22.51707226,train,10.32844585,50.37304616,9.992574410095683,35.50850813708349,10.859224821421686,39.51927425185542,10.500465767601458,35.154787649127385,10.32313622418802,35.19094350704286,-4.46566773,6.92416149
2006-03-31,2006-04-15,2006-04-28,central_south,21.37917084,30.07777409,train,18.1426874,60.05838163,19.004528286392752,38.00164208550951,18.944323601686747,57.14743248749397,19.116951013723618,41.84893029493,18.976833206067404,33.01337270815057,9.56828789,26.91009876
2006-03-31,2006-04-15,2006-04-28,east_north,11.32252293,43.93610664,train,9.23969639,42.85159516,10.152861899953143,42.39624685972744,10.648273452433736,35.01370683156627,10.469475344788815,39.17253789772407,10.565113097206627,38.11384584281514,-2.64375959,12.05109865
2006-03-31,2006-04-15,2006-04-28,east_south,21.11265893,44.39140421,train,17.39681384,40.54964696,18.77631645072018,38.666546166505796,18.365585700361446,35.618373096939756,18.67039868977515,36.74687046019589,18.95575888248423,35.86617963278448,11.65882862,32.01718561
2006-03-31,2006-04-15,2006-04-28,west_north,7.76673663,20.08776859,train,6.44027686,30.33128922,7.7194363219990425,22.498071764343223,6.976144367445784,22.800405325927702,7.560537871770072,21.834575922874464,7.509964334035435,22.588458309366768,-2.32133878,23.88278109
2006-03-31,2006-04-15,2006-04-28,west_south,14.62361827,3.99815352,train,14.20588183,5.09664256,15.673466434370026,3.5380241631167184,14.654533038,3.3578551190361443,15.342000352695674,2.690816746061703,14.973640524401489,3.157229660773041,8.13108828,11.68806475
2006-04-14,2006-04-29,2006-05-12,central_north,11.87256593,48.15217717,train,12.80537257,45.07911602,13.024317177691643,39.69336174218778,13.336151541421685,34.22534411185542,13.193636117933629,37.463327512193175,12.77626529470838,38.57205876755796,2.6295869,30.00137434
2006-04-14,2006-04-29,2006-05-12,central_south,20.72684541,72.07897423,train,20.01688222,38.79549083,21.042457952660488,39.32395061791978,20.818518421686747,35.88454168749398,20.971186042356585,37.82970252152374,20.920248177732137,41.46735884540443,16.138136,15.97978721
2006-04-14,2006-04-29,2006-05-12,east_north,12.99061725,32.36557155,train,10.98797867,41.30456592,13.080229159586025,44.82828066505012,12.396555732433736,33.46667759156627,12.801565880569164,41.384018100939755,13.097929512708614,40.0402235045086,3.37107217,32.73060961
2006-04-14,2006-04-29,2006-05-12,east_south,19.15238313,34.75314382,train,18.77149795,38.3338747,20.658943909743627,41.568216809755164,19.740269810361447,33.40260083693976,20.268858365584553,39.075636327779435,20.428958326020535,37.80002602844428,15.00866702,7.94436431
2006-04-14,2006-04-29,2006-05-12,west_north,10.18728061,7.88267527,train,10.12942303,32.61513338,9.946559006047785,21.442896138587464,10.665290537445783,25.084249485927707,10.31462702298981,21.720434813241656,9.752736031912967,23.042857819516,-0.3968034,29.68082606
2006-04-14,2006-04-29,2006-05-12,west_south,18.9026408,1.03567963,train,16.82827046,4.52053555,17.726625533216577,2.4517041777813446,17.276921668,2.781748109036144,17.548152526940942,2.1112034356130565,16.96896924669646,4.767402618773691,7.70717998,18.24833366
2006-04-28,2006-05-13,2006-05-26,central_north,16.16289975,21.80093441,train,16.26847154,53.03300005,15.830047167010397,42.62148160145486,16.799250511421686,42.17922814185542,16.184482501917717,42.002702751264806,15.51167687771784,43.49818583368787,1.04588353,14.80017735
2006-04-28,2006-05-13,2006-05-26,central_south,23.46083651,7.50321001,train,23.19260172,27.62995576,22.93503487729668,40.29295791960127,23.994237921686747,24.719006617493978,23.29664461935145,35.792774218518815,23.3074886000771,39.096681347577885,11.60169015,45.39396995
2006-04-28,2006-05-13,2006-05-26,east_north,12.90206515,57.30361661,train,14.63607588,38.29917471,15.764837300827537,46.547766880340966,16.044652942433736,30.461286381566268,15.77949515427343,42.04517549914189,15.639970687982746,41.82388903984932,1.59169801,5.38867081
2006-04-28,2006-05-13,2006-05-26,east_south,21.02197711,27.44394656,train,21.26175059,43.17242226,22.411372951925262,46.144957760372364,22.230522450361445,38.24114839693976,22.26956784170182,44.15444778199155,21.9309446421349,43.43792936522115,11.47016795,20.92713973
2006-04-28,2006-05-13,2006-05-26,west_north,15.91594732,16.52875566,train,12.13464476,25.75684644,12.279716211634408,19.858351178084064,12.670512267445783,18.225962545927704,12.393902476895455,19.372387479230447,11.953156650307282,21.85449517839278,2.94419778,27.2674603
2006-04-28,2006-05-13,2006-05-26,west_south,22.23783594,5.36065019,train,19.23805328,3.37265254,19.803820938526485,2.779355696538894,19.686704488,1.633865099036144,19.671284265325546,2.5237898899208453,19.461410627174914,5.114189945406942,9.805639,14.7132539
2006-05-12,2006-05-27,2006-06-09,central_north,21.15358816,26.21847021,train,18.98288349,60.02776623,18.302913054833812,44.0818367013722,19.513662461421685,49.17399432185542,18.67738244089017,45.35308230030179,18.0242610932867,46.451833485468725,9.94852054,31.76235752
2006-05-12,2006-05-27,2006-06-09,central_south,25.77519594,27.73436213,train,25.35931901,23.81819655,24.63882188983156,40.857849580886395,26.160955211686748,20.907247407493976,25.113015361465475,35.66532800374961,25.454162258873176,37.256095551184515,19.31640576,13.20999219
2006-05-12,2006-05-27,2006-06-09,east_north,19.07586427,54.21765748,train,18.18084351,47.95363692,18.078502484126567,47.43170350300366,19.589420572433735,40.115748591566266,18.535081437175446,45.375772347166134,18.028911570349617,47.212459358732204,8.49457328,34.38747799
2006-05-12,2006-05-27,2006-06-09,east_south,24.36153483,32.67685044,train,23.90715133,47.37009328,23.98026338574791,51.913470126413074,24.875923190361448,42.43881941693976,24.241622925016255,49.84268444650962,23.89839932111545,50.61803815183734,17.54645247,23.31094013
2006-05-12,2006-05-27,2006-06-09,west_north,15.05810723,22.05670673,train,14.24720526,20.26774577,14.62233955907102,17.76577143450204,14.783072767445782,12.736861875927705,14.529800107233974,16.947706450237536,14.326047823211827,19.48650863422787,6.37892464,43.99268937
2006-05-12,2006-05-27,2006-06-09,west_south,23.03578872,3.14935259,train,21.87942221,1.92356808,21.820788086244523,4.460038615240443,22.328073418000002,0.18478063903614417,21.867001952273657,3.7518374226943294,22.284876026602564,4.571270000129797,13.03827618,19.73100272
2006-05-26,2006-06-10,2006-06-23,central_north,20.74686976,34.67838517,train,21.65757399,46.50595367,20.343295646155752,44.08542964511474,22.188352961421685,35.65218176185542,20.89212810466466,42.05810099929967,20.68607099454431,41.22296766340318,12.73603441,22.94035271
2006-05-26,2006-06-10,2006-06-23,central_south,27.2835756,32.27758983,train,26.51449465,23.30588406,26.098431524983333,41.02322556322021,27.316130851686747,20.394934917493977,26.394760759752568,36.322878310306564,26.940555244689623,35.92237770912425,22.01717259,28.22853067
2006-05-26,2006-06-10,2006-06-23,east_north,19.38496685,41.64754733,train,19.21615498,38.17628465,19.92113001352086,47.5188502192962,20.624732042433735,30.338396321566265,19.961348307999195,43.62772528325915,19.848427489452718,45.18689583110968,12.15356956,47.27819871
2006-05-26,2006-06-10,2006-06-23,east_south,25.3843234,61.83178888,train,25.15124639,39.66397939,25.309026178244686,58.04586704763501,26.120018250361447,34.73270552693976,25.492883688464076,52.98954429994437,25.487116019769438,54.28833512602834,21.55120895,29.16484483
2006-05-26,2006-06-10,2006-06-23,west_north,16.52408822,16.25180506,train,16.28868212,24.86275393,16.821500526645163,15.329260048762936,16.824549627445784,17.331870035927704,16.59283486160921,16.858007711169417,16.609012232591873,15.46799055207422,7.56227731,22.33846119
2006-05-26,2006-06-10,2006-06-23,west_south,24.9515093,0.75065944,train,23.41256908,3.36846351,23.658462293663245,7.148126678464035,23.861220288000002,1.6296760690361445,23.526912362152732,6.747150377670065,24.181782905705145,7.239162179884321,15.01977445,3.58341268
2006-06-09,2006-06-24,2006-07-07,central_north,21.59848107,21.58741288,train,23.20895808,36.62302611,21.854744997195937,42.842974990008244,23.739737051421685,25.769254201855414,22.37369169698935,38.94920898611606,22.705226109106523,34.72445844880889,12.19226947,38.50218996
2006-06-09,2006-06-24,2006-07-07,central_south,26.00076331,38.80491668,train,27.05717508,36.98118482,27.239946850209954,40.84036765214118,27.858811281686748,34.07023567749398,27.295414927986588,40.49587429509647,27.48602405800481,38.704868934750436,20.68771121,66.3422691
2006-06-09,2006-06-24,2006-07-07,east_north,21.05110016,95.94405776,train,21.11532477,49.61315855,21.218878324955256,46.987059699457085,22.523901832433737,41.77527022156627,21.511062881812776,46.53858785856502,21.57739633098173,45.66137729064701,12.40597726,13.77681961
2006-06-09,2006-06-24,2006-07-07,east_south,25.99730179,80.08034628,train,26.10406829,51.58942637,26.333359032758885,63.530084566279115,27.072840150361447,46.65815250693976,26.514028245788776,60.767228221878,26.4743993538416,60.574348987316654,18.98087697,42.58790083
2006-06-09,2006-06-24,2006-07-07,west_north,20.78485492,9.76267812,train,19.22380106,15.96462178,18.68076678829788,12.836359958129654,19.759668567445782,8.433737885927705,18.84392147714576,12.691715444814541,19.290743610594998,10.405788461261345,10.05415509,7.64471689
2006-06-09,2006-06-24,2006-07-07,west_south,26.31570805,14.37785456,train,25.14510014,9.3840767,25.170451948176073,10.289832771609177,25.593751348,7.645289259036144,25.12633241378385,11.04886842212592,25.68390130330875,12.299330081871457,18.03352009,1.66372943
2006-06-23,2006-07-08,2006-07-21,central_north,24.59927437,33.17278936,train,23.61502958,43.09542404,22.744694364447454,40.70473820185587,24.145808551421688,32.24165213185542,23.08525210677274,39.59882578839391,23.465354556808045,36.210025180233515,14.54861013,25.68642398
2006-06-23,2006-07-08,2006-07-21,central_south,28.98442767,19.03292868,train,27.65246749,32.22645747,27.972835924510694,40.39043716898738,28.454103691686747,29.315508327493976,27.984039809294458,39.34583680143969,28.100304259630995,35.13480550621256,22.2081971,13.85208542
2006-06-23,2006-07-08,2006-07-21,east_north,23.45391254,43.09380088,train,21.69205801,60.88992876,21.921020737815283,46.10139404171561,23.100635072433736,53.05204043156626,22.20265487571056,49.304868914305075,22.376878806828035,46.301761988739045,12.19120679,71.22955933
2006-06-23,2006-07-08,2006-07-21,east_south,26.99286849,38.33879055,train,26.39961963,65.73386582,26.982136693660898,67.37805571389708,27.368391490361446,60.802591956939764,27.07761075568307,67.89771633490925,27.10276347244864,64.62097564642487,20.09048266,31.15333724
2006-06-23,2006-07-08,2006-07-21,west_north,21.95509196,7.42055739,train,20.61551525,13.54294741,19.987354042422705,10.648027275343166,21.151382757445784,6.0120635159277045,20.182077727257813,10.704609911301809,20.678266013488383,8.440488834343615,15.68111081,14.9620178
2006-06-23,2006-07-08,2006-07-21,west_south,27.94194909,12.50201458,train,26.61575123,5.93801645,26.200662815474903,13.245886563946993,27.064402438000002,4.199229009036144,26.35812648186685,12.548997179523937,26.442608953233787,11.689947426239073,22.03844682,5.36043677
2006-07-07,2006-07-22,2006-08-04,central_north,25.1529277,33.57008246,train,24.27418197,40.26192631,22.931014237217312,38.0769304302515,24.804960941421687,29.408154401855416,23.512906068959833,37.02252377672232,23.940759648743388,33.227378273448494,21.1596869,30.92524272
2006-07-07,2006-07-22,2006-08-04,central_south,28.22427012,38.21066631,train,27.63185328,34.19748335,28.20078467093972,39.76372277207166,28.43348948168675,31.286534207493975,28.164779169759917,39.755854098806736,28.108818486367312,35.42735543751776,25.87141783,28.74611581
2006-07-07,2006-07-22,2006-08-04,east_north,24.03748379,58.17551784,train,22.18679022,44.25189513,21.997370227247863,45.145491783556345,23.595367282433735,36.414006801566266,22.480660933459728,44.35679268370818,22.796108292321875,43.23285948580563,19.1653134,48.22595963
2006-07-07,2006-07-22,2006-08-04,east_south,27.90192967,55.0713474,train,26.29319381,77.38828852,27.18424664208721,68.83555288635374,27.261965670361448,72.45701465693976,27.231837393573187,72.44374398410474,27.454436051313667,70.94225792617591,24.43570199,34.07831199
2006-07-07,2006-07-22,2006-08-04,west_north,22.04292113,8.72062026,train,20.82104664,17.77005054,20.548407578171613,9.128401643398401,21.35691414744578,10.239166645927703,20.64302810173287,11.029764799424377,20.773590671880477,9.601365592294059,14.76302832,19.62606039
2006-07-07,2006-07-22,2006-08-04,west_south,26.54751927,33.16376454,train,26.00349875,19.79618284,26.607968459475494,15.43264070330277,26.452149958,18.057395399036146,26.420182719721705,18.418133957487914,26.239717874748894,22.656709922278786,22.79890146,0.70933539
2006-07-21,2006-08-05,2006-08-18,central_north,23.12613272,39.18540082,train,22.38006722,39.79718015,22.35375261028647,35.33390950002873,22.910846191421687,28.94340824185542,22.456264378751747,35.45417801776264,22.514891656327993,33.26441634182831,20.7990594,29.48292445
2006-07-21,2006-08-05,2006-08-18,central_south,28.79395263,34.590114,train,26.86804204,35.21799723,27.839546899061396,39.03979254262993,27.669678241686746,32.30704808749398,27.70930734551837,39.75608189987493,27.6433421713849,37.00786713794702,27.20703811,27.21955039
2006-07-21,2006-08-05,2006-08-18,east_north,20.81351183,16.61439688,train,20.62733725,38.52152094,21.43766822303476,44.35228371591538,22.035914312433736,30.683632611566267,21.570037656023537,42.74271484345276,21.36149856162779,45.69986622896202,18.698376,41.6945031
2006-07-21,2006-08-05,2006-08-18,east_south,26.98374414,56.60592662,train,25.35656073,53.2657233,26.880354336029505,67.54681242327432,26.325332590361448,48.33444943693976,26.68854308129672,65.43902661500896,26.566080080746687,63.44731648160034,25.02611636,60.83219182
2006-07-21,2006-08-05,2006-08-18,west_north,19.43642721,9.17378219,train,20.10698784,14.25797583,20.22885803664512,8.569667670503511,20.64285534744578,6.727091935927704,20.223706817966494,9.945226561952584,20.1258227205197,9.443393908938843,16.21038401,20.61172878
2006-07-21,2006-08-05,2006-08-18,west_south,24.78285954,29.56390369,train,25.99993702,11.87077723,26.29293906200769,16.449747242144298,26.448588228000002,10.131989789036144,26.297425658746874,17.111681125331803,25.733645647222072,16.85395196649979,24.58063138,2.97616659
2006-08-04,2006-08-19,2006-09-01,central_north,20.52781041,41.82644251,train,20.72095979,46.29616752,20.989790992883183,32.74589905519554,21.251738761421684,35.44239561185542,21.06113744259956,35.39688803905756,21.094848566134154,35.4850817110395,21.33552763,27.66334238
2006-08-04,2006-08-19,2006-09-01,central_south,27.26512752,43.230007,train,26.09292569,40.76166008,26.837984273414172,38.27302667743038,26.89456189168675,37.85071093749397,26.888149528923265,40.57849991419138,26.872640656296714,39.414330704024735,26.2214273,32.09891132
2006-08-04,2006-08-19,2006-09-01,east_north,20.03828962,62.35796736,train,19.53136384,31.09052884,20.253508329469728,43.8500974987819,20.939940902433737,23.252640511566266,20.49095293730443,40.40320533979457,20.383248295601607,46.665510501049454,21.55958108,97.14808193
2006-08-04,2006-08-19,2006-09-01,east_south,26.68713139,99.22750528,train,24.822467,51.14729579,26.037175652287736,63.63688365638835,25.791238860361446,46.21602192693976,26.0326521870547,61.843954950706376,25.990894451405804,63.25463308584034,26.39929154,68.58680995
2006-08-04,2006-08-19,2006-09-01,west_north,18.34528895,5.58593133,train,17.9540317,16.26887371,18.982584940056437,9.128660176511987,18.489899207445784,8.737989815927705,18.68809136515414,11.222690122412523,18.284143426358106,11.017001795661571,20.58796797,6.78859201
2006-08-04,2006-08-19,2006-09-01,west_south,24.64075094,16.05324817,train,23.89265207,13.49370177,25.220857085879015,16.165646649370334,24.341303278,11.754914329036144,24.87400871351669,17.67344501376518,24.55488571599471,17.57568605555522,26.59867132,10.39939037
2006-08-18,2006-09-02,2006-09-15,central_north,17.44042538,29.30950314,train,18.31867532,37.31768727,18.867022515372476,30.437929100234047,18.849454291421686,26.463915361855417,18.876997326676378,31.332228394582952,18.683162945324923,30.99600972936003,24.45649206,27.71101843
2006-08-18,2006-09-02,2006-09-15,central_south,23.52257365,38.19984997,train,24.46103089,28.00549632,25.19740045801166,37.486612922012604,25.262667091686748,25.094547177493975,25.29063928922946,36.48070039631132,25.446073987845494,41.924539860594535,28.41952387,28.29828076
2006-08-18,2006-09-02,2006-09-15,east_north,16.96870273,64.03141324,train,17.62339754,40.98086862,18.482380909904464,43.636466953130515,19.031974602433735,33.14298029156627,18.748417503488003,42.78818051343616,18.49131954291244,46.15047731540837,22.690465,49.28583681
2006-08-18,2006-09-02,2006-09-15,east_south,23.97985003,73.67648356,train,23.36369424,70.64534743,24.660964207068066,57.6928826233663,24.332466100361447,65.71407356693976,24.696862311040885,62.425445025771026,24.421624888330065,63.587099214499474,26.53632137,44.55280047
2006-08-18,2006-09-02,2006-09-15,west_north,16.87423448,7.76226495,train,15.64990363,14.81775109,16.869771709374074,10.789460819940013,16.185771137445784,7.286867195927704,16.575893947817974,12.073706852278178,16.250732416412433,11.927396636820443,21.35161537,9.34642942
2006-08-18,2006-09-02,2006-09-15,west_south,22.15773748,25.08002719,train,23.36219218,5.35330383,23.435759821406773,14.74173946326536,23.810843388000002,3.614516389036144,23.66412956270029,13.942939369869645,23.711084983407538,12.380670993424634,27.30041109,14.82790589
2006-09-01,2006-09-16,2006-09-29,central_north,12.84834032,41.74865065,train,13.92755361,41.77099298,16.07431099999051,28.388162040157415,14.458332581421686,30.91722107185542,15.472937111258915,31.326584813937753,15.523568101169452,32.33668626219736,25.11852724,35.07111487
2006-09-01,2006-09-16,2006-09-29,central_south,21.57390646,46.60100126,train,21.89104561,27.36710344,22.98432541945208,36.67600343998039,22.692681811686747,24.456154297493978,22.963674417794454,35.56232575831355,23.105964859165546,41.61396364886946,28.37762824,36.86811614
2006-09-01,2006-09-16,2006-09-29,east_north,15.11145789,40.86258724,train,14.16152348,42.97824205,16.192532383798003,43.58543219082661,15.570100542433735,35.140353721566264,16.01271285600791,43.40657635948787,15.522771724641473,45.44172736118135,23.92463572,53.05790277
2006-09-01,2006-09-16,2006-09-29,east_south,22.22671977,32.54742238,train,21.34221969,38.67873017,22.80680302558093,50.647855884797686,22.310991550361447,33.74745630693976,22.722732259220344,48.463767297632,22.719844819516,52.33672501961996,27.6201093,61.32100944
2006-09-01,2006-09-16,2006-09-29,west_north,10.95969388,21.62009221,train,13.54718935,9.06335998,14.056106856562765,13.36059661884565,14.083056857445783,1.532476085927704,14.1133051985367,12.068592535327792,13.806530686306104,11.143584114536853,22.66149211,9.29690454
2006-09-01,2006-09-16,2006-09-29,west_south,18.79967077,1.84097241,train,21.22145475,4.31486587,21.06195871764203,12.590072884397022,21.670105958,2.5760784290361443,21.423316012623204,11.755125545579087,21.541153832748503,9.627183569119534,27.27306189,32.05557706
2006-09-15,2006-09-30,2006-10-13,central_north,12.28256165,17.40285345,train,10.69958621,36.37301417,12.764023419548788,26.464439420322396,11.230365181421686,25.519242261855414,12.207344320140777,28.171843186255476,12.400060379300317,30.3682740424096,23.23180127,37.43984697
2006-09-15,2006-09-30,2006-10-13,central_south,20.81806235,16.88702552,train,18.47228466,32.40144104,20.33308558525069,35.820542335852444,19.273920861686747,29.49049189749398,20.004516855001366,36.13428414222341,20.37928472913966,40.54445968501685,28.71857181,35.66214986
2006-09-15,2006-09-30,2006-10-13,east_north,12.37683581,52.22309118,train,12.32233546,60.89802854,13.486760486384886,43.48628035481122,13.730912522433735,53.060140211566264,13.71014371014368,47.43189038727853,12.992137111256582,43.119651538046426,21.24663042,25.28465016
2006-09-15,2006-09-30,2006-10-13,east_south,20.04109666,16.26050894,train,19.98758848,54.25052117,20.5809676345926,43.59267426011175,20.956360340361446,49.31924730693976,20.86343942907012,46.61401395347956,20.163536226267937,44.40111294238994,27.41283339,53.7360272
2006-09-15,2006-09-30,2006-10-13,west_north,10.50514748,20.08659943,train,8.92251941,15.11295188,10.793268688873212,16.50784868595729,9.458386917445782,7.582067985927705,10.325020328275443,16.17439880431468,10.784698791754195,16.16912844289806,19.68234256,7.9011786
2006-09-15,2006-09-30,2006-10-13,west_south,18.13233391,16.52579036,train,17.25533591,8.31889137,18.292023594460407,10.274493610372549,17.703987118,6.580103929036143,18.16326446951135,11.123730711133472,18.464251937535995,10.113065314023821,24.78512472,29.85119673
2006-09-29,2006-10-14,2006-10-27,central_north,5.69905648,30.51677951,train,8.18566957,38.10032162,9.14524598191103,24.488909955726257,8.716448541421686,27.24654971185542,9.04467747883169,26.455540760743556,9.255979599243513,26.696473549651,21.11087391,46.52828271
2006-09-29,2006-10-14,2006-10-27,central_south,15.99272116,92.41037547,train,16.51080854,27.39181591,17.436552710718743,34.900006404467554,17.312444741686747,24.480866767493975,17.463198046423702,33.365370414851,17.46749785073003,34.15491835894359,27.74279434,44.39895388
2006-09-29,2006-10-14,2006-10-27,east_north,7.61140038,56.1267309,train,8.97654423,47.9289889,10.50316629359516,43.104329360906746,10.385121292433736,40.091100571566265,10.528451001495242,43.38982927254287,10.107435888677642,41.284306852124914,20.71819168,53.66827274
2006-09-29,2006-10-14,2006-10-27,east_south,16.00019147,30.26942329,train,16.48925095,27.45842004,18.13496286767491,37.55736429578424,17.458022810361445,22.52714617693976,17.87329244362406,34.84664212245163,17.772225830714522,34.7569062286625,26.91326456,60.21768847
2006-09-29,2006-10-14,2006-10-27,west_north,6.25668244,20.14330822,train,8.17676318,32.55577323,7.384084526434113,19.815826445533858,8.712630687445783,25.024889335927703,8.062365419677938,22.014219129293362,8.0222947804196,20.580435950024622,18.70629859,6.96340762
2006-09-29,2006-10-14,2006-10-27,west_south,13.74001883,12.78751305,train,16.31978309,15.12917927,15.363026750866906,8.378054069335521,16.768434298000003,13.390391829036144,16.051938742821857,10.418630876214756,16.023096504476396,6.577574849038546,24.50494685,17.30166026
2006-10-13,2006-10-28,2006-11-10,central_north,5.62447452,9.3337011,train,3.83624596,41.87881923,5.467617748452331,22.314037390219646,4.367024931421686,31.025047321855414,5.0611112224721895,25.648049159644906,5.732575705927238,23.62085876475823,17.29620772,31.06922274
2006-10-13,2006-10-28,2006-11-10,central_south,14.83532864,26.00303752,train,13.2139379,41.82920896,14.525946199572696,33.911611597196305,14.015574101686747,38.918259817493976,14.366938149687822,36.050475323308845,14.690501700360759,38.5426278038197,23.79010988,38.50142883
2006-10-13,2006-10-28,2006-11-10,east_north,7.22733551,62.40366088,train,5.90493332,52.25200843,7.411298150714418,42.249181768484696,7.313510382433735,44.41412010156626,7.408382408442176,43.39614235540816,7.255304970969574,40.56654706731176,16.91167643,59.63512739
2006-10-13,2006-10-28,2006-11-10,east_south,14.79865267,54.99104321,train,14.27184718,46.54284829,15.651538594577714,33.30993112598274,15.240619040361445,41.61157442693976,15.46375396910873,36.0587827273165,15.553462579600943,36.45869900633976,24.22647752,94.58148967
2006-10-13,2006-10-28,2006-11-10,west_north,4.90932644,34.33015465,train,2.16621858,35.13797709,4.138998040985087,22.865131285344365,2.7020860874457835,27.607093195927703,3.635836565725646,25.387245776800796,4.200162569994888,22.240099349766567,17.34084798,5.17581623
2006-10-13,2006-10-28,2006-11-10,west_south,13.67502365,0.52676068,train,11.10747889,12.83893306,12.525294647534906,7.367092640140636,11.556130098,11.100145619036144,12.163859534250815,9.291689797915138,12.449887498124713,9.130191957325277,22.7665544,22.53913539
2006-10-27,2006-11-11,2006-11-24,central_north,3.25391274,13.04786015,train,1.86385571,34.51140102,1.9976473315952146,19.890640430351123,2.3946346814216866,23.657629111855417,2.16363642676295,20.97497520986673,2.645995966344106,19.19466613182762,14.06317217,39.80278278
2006-10-27,2006-11-11,2006-11-24,central_south,11.03524661,21.25076784,train,11.19250478,49.69572396,11.842917483076125,32.88289914917858,11.994140981686748,46.78477481749398,11.915574856457848,36.59292281134731,12.181908650716373,39.42922021168758,22.24796835,46.91598056
2006-10-27,2006-11-11,2006-11-24,east_north,5.89020754,60.90555674,train,3.44426454,58.30550472,4.402973533368556,40.83405963872398,4.8528416024337355,50.46761639156627,4.588950646027946,43.25806220602574,4.679860814877692,42.990322503297904,15.88399272,40.02649908
2006-10-27,2006-11-11,2006-11-24,east_south,11.85233764,66.20774668,train,12.63874048,37.86186339,13.324683766072356,31.21653557340556,13.607512340361444,32.93058952693976,13.33869464576053,31.367087240594582,13.510663075051042,32.089500021213794,22.76570332,51.10484851
2006-10-27,2006-11-11,2006-11-24,west_north,3.24422384,35.61175564,train,1.30183002,45.87885482,1.3322861145653164,25.30855240068497,1.8376975274457834,38.347970925927704,1.6158884657895658,28.881703334651274,2.187956012886043,29.088073549602523,10.62678233,24.49090321
2006-10-27,2006-11-11,2006-11-24,west_south,11.66866339,0.91612814,train,9.1131876,25.42544064,10.009467752592098,7.4831050305882885,9.561838808000001,23.686653199036147,9.82819641328869,11.954109751179015,9.751619842592731,12.591492870403638,18.81135413,5.82190268
2006-11-10,2006-11-25,2006-12-08,central_north,-3.0716508,25.31861552,train,-0.69165057,24.53862337,-1.0090100032995903,17.310491924789172,-0.16087159857831324,13.684851461855416,-0.7079656012831121,15.821484115538993,-0.3587549233324052,13.71506356482027,13.36439507,17.46875707
2006-11-10,2006-11-25,2006-12-08,central_south,8.31999568,16.26535273,train,9.28339812,45.0499872,9.608843157885428,31.876861710175003,10.085034321686747,42.13903805749398,9.755842126442058,33.9421520299247,9.86817045946296,35.03621278002224,21.37128585,16.09151059
2006-11-10,2006-11-25,2006-12-08,east_north,3.63181394,27.48095132,train,-0.35381581,37.09466869,1.6781700975212175,38.911793996370804,1.054761252433736,29.256780361566264,1.3346223311791863,36.0695615133954,1.6981557837413108,33.612059321903814,13.05172355,51.07508334
2006-11-10,2006-11-25,2006-12-08,east_south,12.44605396,10.14452141,train,10.1419182,39.61432929,11.336905640874345,31.192826683742002,11.110690060361444,34.68305542693976,11.083571101952625,31.370441718762937,11.393575265064786,31.09072588031989,20.35197505,18.53086499
2006-11-10,2006-11-25,2006-12-08,west_north,-4.31465021,14.91851326,train,-0.26083844,42.33193243,-0.833561970713885,26.930066337462314,0.2750290674457835,34.801048535927706,-0.351370219379723,28.377752908019946,-0.03738956334873356,31.07450709798246,11.27970316,20.04364208
2006-11-10,2006-11-25,2006-12-08,west_south,5.75116326,1.83925095,train,8.04681442,10.61386842,7.997977693890644,8.68712868513073,8.495465628000002,8.875080979036143,8.132365645901718,8.026336973070107,8.040255504687313,5.707224622309489,18.74425555,16.49818167
2006-11-24,2006-12-09,2006-12-22,central_north,1.80887007,20.99919773,train,-4.32573044,23.09444924,-3.3349066607950655,14.811970383029003,-3.7949514685783132,12.240677331855416,-3.6013701079133593,13.561672251039827,-3.578286681693787,11.94237189210715,5.27731411,24.2868436
2006-11-24,2006-12-09,2006-12-22,central_south,11.46635132,32.72399081,train,5.66241641,48.51886951,7.99691285207788,30.987485293979937,6.464052611686747,45.607920367493975,7.2761792323473875,34.29564005109408,6.765758171121475,32.75103845507962,15.80478204,73.37905209
2006-11-24,2006-12-09,2006-12-22,east_north,4.38165946,10.87429962,train,-1.49310308,53.32583127,-0.5725086554406076,36.67834150464913,-0.0845260175662641,45.48794294156627,-0.4401744939086314,37.89141406370406,-0.16037950845368576,39.70950804549443,7.91238779,68.76170246
2006-11-24,2006-12-09,2006-12-22,east_south,13.23821997,11.62328843,train,9.00423987,67.33966887,9.837727926857571,32.755504049310716,9.973011730361444,62.408395006939756,9.756827938379342,39.184384788635285,10.007924345621127,45.439725470904236,16.29371534,31.40473323
2006-11-24,2006-12-09,2006-12-22,west_north,-1.42970493,37.85866947,train,-3.9108318,25.58278661,-2.248743721147143,27.67436936318724,-3.3749642925542167,18.051902715927703,-2.766199695922751,24.642812734997914,-2.977824120833424,27.113761271050887,6.85125491,18.12570467
2006-11-24,2006-12-09,2006-12-22,west_south,5.68497419,8.23850682,train,4.38142025,16.55476671,6.606049255795922,10.669334341563673,4.830071458,14.815979269036143,5.7686697448420325,11.222845145241337,5.486555820801928,6.157922683348865,14.4035,11.80364914
2006-12-08,2006-12-23,2007-01-05,central_north,0.14360522,30.39132246,train,-3.27430738,24.86207067,-4.823342875105427,12.745946035892558,-2.7435284085783134,14.008298761855418,-4.014133055567006,11.26722282081186,-3.7091065772486465,14.742661535157009,5.80651272,16.99217674
2006-12-08,2006-12-23,2007-01-05,central_south,8.12799674,72.46356488,train,6.43107627,51.84856971,7.112066816872279,30.326151412326936,7.232712471686748,48.93762056749398,7.085642949257417,33.65268527758657,6.976331897141527,36.03544276269709,14.54330892,47.14565218
2006-12-08,2006-12-23,2007-01-05,east_north,3.59407996,51.52808681,train,-0.39273306,46.29305392,-2.1864176487561444,34.44213112410439,1.0158440024337358,38.455165591566264,-0.9182302427313,33.10591243788829,-0.803969690514678,34.66252406693758,6.32463427,54.4521667
2006-12-08,2006-12-23,2007-01-05,east_south,13.32789703,83.66116713,train,10.08695078,61.35252981,8.927144649945422,35.16050793660692,11.055722640361445,56.42125594693976,9.675719930847372,38.254871841070425,9.92030847090938,41.22543630171492,14.52286309,55.67320297
2006-12-08,2006-12-23,2007-01-05,west_north,-2.3011977,35.52479043,train,-4.76027533,34.93576426,-2.899018595736315,27.641355120676128,-4.224407822554216,27.404880365927703,-3.491627095256707,26.620947184104008,-3.499640930614955,26.55694808709897,5.25572773,33.41687298
2006-12-08,2006-12-23,2007-01-05,west_south,5.2058304,8.46618541,train,3.62194265,16.1021155,5.875250713154229,12.92160020293707,4.0705938580000005,14.363328059036144,5.025400370626467,12.26655316301315,5.148615954164476,7.192946479017728,13.43019749,1.53485202
2006-12-22,2007-01-06,2007-01-19,central_north,-5.97271749,17.70149413,train,-2.19480303,19.38688657,-5.394148229977344,11.496611927207216,-1.6640240585783133,8.533114661855418,-3.8659225910635273,7.998711922077957,-3.5730215164620978,10.724421674425816,3.17171105,13.85582461
2006-12-22,2007-01-06,2007-01-19,central_south,6.4568317,47.21692857,train,6.1586927,45.58514039,6.986462504261143,29.999439182688445,6.960328901686747,42.67419124749398,6.915349969866528,31.372643619405114,6.934863429423927,31.504105555298718,11.75221342,21.26274233
2006-12-22,2007-01-06,2007-01-19,east_north,0.96359475,55.30222896,train,-2.062187,43.33899514,-3.0534917784238207,32.5381949842373,-0.6536099375662643,35.50110681156627,-2.081785731904888,30.851804431107578,-2.161150087070186,33.09721704874035,6.83287933,63.00041769
2006-12-22,2007-01-06,2007-01-19,east_south,12.12491285,37.33997694,train,8.67944685,50.01140445,8.64746348038431,37.63279344964834,9.648218710361444,45.08013058693976,8.944216980528907,37.055246479151364,9.04058508342279,34.95214553671546,12.65534685,60.49793279
2006-12-22,2007-01-06,2007-01-19,west_north,-6.90707433,13.33053501,train,-2.93144257,19.97306991,-2.844865455652189,27.034214793535202,-2.395575062554217,12.442186015927703,-2.699624978309306,21.185292041882132,-2.773394390356048,23.540697466783463,3.39055586,33.50385159
2006-12-22,2007-01-06,2007-01-19,west_south,2.97425846,3.3092328,train,5.39482505,10.54029835,5.783470397937286,14.8838137832878,5.843476258,8.801510909036145,5.737934937452437,11.223568924576139,6.06463896900637,11.674487445496236,11.97547379,0.91056778
2007-01-05,2007-01-20,2007-02-02,central_north,-7.46245521,8.58331995,train,-5.60977155,12.60202106,-5.025388739953111,11.4661941018756,-5.078992578578313,1.7482491518554166,-5.0339488427407,7.1183761332587565,-5.3900980851523475,10.820493312117026,-1.31814969,24.95216534
2007-01-05,2007-01-20,2007-02-02,central_south,4.04988267,39.51481858,train,3.97122022,43.76978468,7.577721440366103,30.103004021654975,4.772856421686748,40.858835537493974,6.393489985288529,31.548696429735283,6.596260331410234,27.0979339102628,9.92802345,15.73656272
2007-01-05,2007-01-20,2007-02-02,east_north,-6.16638176,8.86655638,train,-6.05504489,36.63420637,-3.083241946716443,31.377775342139586,-4.646467827566264,28.796318041566266,-3.7151540791188618,29.270316516733093,-3.6919515211101617,28.747598110396975,4.85246476,34.26473735
2007-01-05,2007-01-20,2007-02-02,east_south,7.16587425,53.86347145,train,7.78699096,59.28817267,8.990848005158654,39.398826507680276,8.755762820361445,54.35689880693976,8.852408783290858,40.944079501151634,9.261029857115428,38.20210542583381,13.29188565,16.50890658
2007-01-05,2007-01-20,2007-02-02,west_north,-4.49096959,5.21982628,train,-2.95597162,23.84861433,-2.2103646546985645,26.149936713927772,-2.420104112554217,16.317730435927704,-2.284849358444259,21.44205452360289,-2.127324501106756,22.646732536591976,-4.05855881,19.95857356
2007-01-05,2007-01-20,2007-02-02,west_south,4.31194668,13.00523818,train,5.71168925,26.45265576,6.2564559112420595,15.953990633896042,6.160340458,24.713868319036145,6.233902826322239,15.981823683512488,6.500554877788855,16.77081715440981,6.21246338,1.82748614
2007-01-19,2007-02-03,2007-02-16,central_north,-11.59262269,11.14235773,train,-4.64592433,22.16575021,-3.8049851935526355,12.851882506592204,-4.115145358578313,11.311978301855415,-3.8353191994143634,10.568102988545004,-4.434357386399267,12.825797225222395,0.81988492,8.78727525
2007-01-19,2007-02-03,2007-02-16,central_south,5.46959364,13.40425035,train,7.22155912,54.29243631,8.772242014786618,30.66620507365716,8.023195321686748,51.38148716749397,8.534187883794338,33.89935731853012,8.574928139433185,30.628749122524855,10.42637712,18.29314935
2007-01-19,2007-02-03,2007-02-16,east_north,-9.49377329,32.6433111,train,-6.25339972,39.12991484,-2.300933780339207,31.17107495522556,-4.844822657566264,31.292026511566263,-3.262629239097011,29.96556440718251,-3.350706598391871,29.09134194288755,3.1600047,9.02571091
2007-01-19,2007-02-03,2007-02-16,east_south,6.92227041,18.88846462,train,8.30305892,48.8661957,9.879801710404587,40.12104202701537,9.271830780361444,43.93492183693976,9.642280970648063,38.70249819167134,9.396025580230937,34.498615987878495,11.78528557,5.40851119
2007-01-19,2007-02-03,2007-02-16,west_north,0.77778809,28.53321927,train,-1.06640051,22.57057517,-1.140383590186527,25.2393494691473,-0.5305330025542165,15.039691275927705,-0.8082837482682017,19.991525934820782,-1.135676821924112,18.226193962083666,-0.91814637,33.2062005
2007-01-19,2007-02-03,2007-02-16,west_south,8.91448833,9.07332371,train,7.74268844,26.48544517,7.1836880783522865,15.829380579266662,8.191339648000001,24.746657729036144,7.695464807824924,15.393609549846847,7.421928474232517,15.993622437254192,6.50577108,7.41781155
2007-02-02,2007-02-17,2007-03-02,central_north,-0.74871748,27.64345722,train,-1.76042527,23.08391248,-1.859795788007328,15.689041791739324,-1.2296462985783134,12.230140571855415,-1.4334152984345874,12.526678050854311,-2.0047060047100906,12.305184180277,-0.22106703,38.83643601
2007-02-02,2007-02-17,2007-03-02,central_south,12.14187082,17.21697825,train,8.5878995,49.80648995,10.428883097121734,31.67003031864624,9.389535701686748,46.89554080749397,10.12552820482653,33.50418350357411,10.23326241384991,29.078985748562996,7.78980297,67.88558427
2007-02-02,2007-02-17,2007-03-02,east_north,-2.05928368,30.63639819,train,-3.45188348,45.80919527,-0.7720857260205367,32.01550145368202,-2.0433064175662636,37.97130694156626,-1.121453075758311,31.92118852564639,-1.1757125750989994,30.77376389194367,3.03647535,50.10516145
2007-02-02,2007-02-17,2007-03-02,east_south,11.73099711,39.87767269,train,9.47576116,54.83799066,11.212115650784295,39.79950230290254,10.444533020361444,49.90671679693976,10.988324322712355,40.09415044715395,10.729867578670174,37.99717314243533,13.08585851,86.01048023
2007-02-02,2007-02-17,2007-03-02,west_north,-0.51170582,34.20267637,train,0.67662088,26.89082162,0.237475313451541,24.48223320023117,1.2124883874457835,19.359937725927704,0.7973772370495039,20.446181860756262,0.42747338398709367,18.173635127388334,-2.55424529,30.78003616
2007-02-02,2007-02-17,2007-03-02,west_south,7.46626432,10.10591874,train,8.37257818,16.74947565,8.457929399602742,14.438439680380593,8.821229388,15.010688209036145,8.750611540372077,11.999720928531097,8.863974596274595,13.756498418415525,4.67833808,8.16315999
2007-02-16,2007-03-03,2007-03-16,central_north,2.48478946,7.58697975,train,2.50353866,46.89782335,0.6467407685512243,19.79329837653933,3.0343176314216866,36.044051441855416,1.8908472638234166,21.329339744921942,2.5408860032450016,20.231171747731658,-4.68553086,21.52791158
2007-02-16,2007-03-03,2007-03-16,central_south,13.56800266,25.93343863,train,13.19648779,43.22193072,12.394895935817823,33.03634398959911,13.998123991686748,40.310981577493976,13.232180034197096,32.02692563728465,13.383451848286679,35.84414744985972,7.65358773,63.76885202
2007-02-16,2007-03-03,2007-03-16,east_north,0.47185189,30.15786125,train,2.29370331,55.11115035,1.3843774720691995,33.83396585222976,3.7022803724337363,47.27326202156627,2.5964716070726634,34.64820983188997,3.011548896373826,29.73298658342021,2.58221967,58.74780725
2007-02-16,2007-03-03,2007-03-16,east_south,14.12822333,11.79295062,train,13.2112936,33.8765353,12.86809764510391,38.8065737603163,14.180065460361444,28.94526143693976,13.525186712848125,33.28694216240359,13.904241473334434,33.460290597557716,13.49387572,35.80827568
2007-02-16,2007-03-03,2007-03-16,west_north,5.45731988,10.92175621,train,0.71417384,34.94638519,1.8303992195681107,23.941735359342182,1.2500413474457834,27.415501295927704,1.8053623754163213,22.82977362200847,1.8782106508697214,21.428280634067328,-6.28561409,22.27022415
2007-02-16,2007-03-03,2007-03-16,west_south,13.07010703,0.19058268,train,9.94659553,8.40479895,9.986737445756093,12.000783307998656,10.395246738,6.666011509036144,10.330994145351063,8.12806435634661,10.532443088266898,11.076168540947766,3.39272591,3.41739013
2007-03-02,2007-03-17,2007-03-30,central_north,9.72807851,36.44395782,train,2.47300319,44.18081482,3.5356805711548196,24.775871539830952,3.003782161421687,33.327042911855415,3.5576955587018464,25.38584060530346,3.398366886446811,22.224862500664468,-6.50339807,8.02393399
2007-03-02,2007-03-17,2007-03-30,central_south,18.63800826,30.902151,train,13.43570929,48.89781769,14.527740062866384,34.63699164857952,14.237345491686748,45.98686854749397,14.599242219665918,35.571226692733845,14.67067058614008,32.77701381377983,4.20043941,33.61544716
2007-03-02,2007-03-17,2007-03-30,east_north,6.36470928,42.85097571,train,1.06756646,65.14607764,4.009969821476928,36.385782807423475,2.476143522433736,57.30818931156627,3.633214821789547,40.60808370548472,4.181258623703694,41.65158761526365,-5.89824594,9.50793996
2007-03-02,2007-03-17,2007-03-30,east_south,16.72705288,14.015201,train,13.27034192,53.19433678,14.727217876190789,37.78491978527507,14.239113780361444,48.26306291693976,14.682486708302747,38.498796020594796,14.622625507580903,37.6523368797894,7.12974192,33.55054148
2007-03-02,2007-03-17,2007-03-30,west_north,6.60291263,22.37242259,train,2.99680104,30.19181521,3.588743921884807,23.556300892068066,3.532668547445783,22.660931315927705,3.7960081621503012,21.41609144394117,3.7398672757524754,20.678652845623578,-4.28325188,5.12687417
2007-03-02,2007-03-17,2007-03-30,west_south,12.93107808,14.43195038,train,12.11552907,10.48238384,11.7020993174678,8.982803991526064,12.564180278,8.743596399036145,12.254879436158387,6.590717118282962,12.35392564536114,10.22237389769056,4.29650572,11.86050617
2007-03-16,2007-03-31,2007-04-13,central_north,2.13401349,37.81869508,train,4.80280203,44.32671556,6.630699558786398,30.100574742919488,5.3335810014216865,33.47294365185542,6.298393544083932,29.868525433961597,6.3778888874510145,29.011526591624733,-11.73020782,11.5622654
2007-03-16,2007-03-31,2007-04-13,central_south,13.70333354,38.96748493,train,15.02233975,53.15955749,16.70992310857904,36.31241333740419,15.823975951686748,50.24860834749397,16.52100619476033,38.51115834734672,16.62946486382062,32.76678088379482,5.78563094,21.853373
2007-03-16,2007-03-31,2007-04-13,east_north,3.98872651,42.07185695,train,3.54838709,53.2268198,6.9235312287615525,39.31144791296688,4.956964152433736,45.388931471566266,6.30790634229983,40.03458760526014,7.08760829090457,40.35481378339179,-8.66983537,21.92035327
2007-03-16,2007-03-31,2007-04-13,east_south,15.02606453,24.03709011,train,14.94301582,53.74997256,16.680741851940038,37.47720085640771,15.911787680361444,48.81869869693976,16.50131669213936,38.915921661344896,16.661195322460053,37.770777057494016,7.67422499,44.2005686
2007-03-16,2007-03-31,2007-04-13,west_north,5.8828031,15.78364803,train,4.67763133,29.33864358,5.499272466184049,23.164332828222108,5.213498837445783,21.807759685927703,5.591689606358961,21.38804016670013,5.53509281277589,21.54253998272375,-0.78141904,23.0138579
2007-03-16,2007-03-31,2007-04-13,west_south,15.07693244,3.10103989,train,13.58018425,6.62239839,13.559752798720398,5.996636607357373,14.028835458000001,4.883610949036144,13.917741462013776,3.8967123856479375,13.66791032079231,6.776623526594184,8.28606679,10.2480278
2007-03-30,2007-04-14,2007-04-27,central_north,11.26512666,44.94057387,train,8.51076926,46.24989256,9.77044801926772,35.1713324266889,9.041548231421686,35.39612065185541,9.609173297629145,34.299971441150504,9.495202555810497,34.94356536076326,-2.20670821,18.47345638
2007-03-30,2007-04-14,2007-04-27,central_south,17.04696344,36.80169614,train,16.16721273,45.4142457,18.854503307421176,37.89613813464277,16.968848931686747,42.50329655749398,18.181100413019877,38.44698267760758,18.59476606486576,40.79763749963014,10.61687448,10.85064147
2007-03-30,2007-04-14,2007-04-27,east_north,9.83880455,67.70975842,train,7.00125263,68.4582229,9.938420906739575,42.20167927996548,8.409829692433735,60.62033457156626,9.460540404919207,46.42340223420612,10.376617802244755,47.206634315954574,-3.81588992,23.01481523
2007-03-30,2007-04-14,2007-04-27,east_south,17.87092121,40.17557346,train,15.68181377,43.30831081,18.63832996715493,38.52762426449491,16.650585630361444,38.37703694693976,17.88163043775135,37.84082935027182,18.32104606741847,38.925808882827866,9.86077313,8.6796858
2007-03-30,2007-04-14,2007-04-27,west_north,7.34714558,24.53578287,train,8.53347741,18.75716425,7.565834386732331,22.555356535586757,9.069344917445783,11.226280355927702,8.331795364550107,18.05554991794172,7.792969912637215,16.698483437304365,0.54507556,37.1670299
2007-03-30,2007-04-14,2007-04-27,west_south,13.27413154,7.05351039,train,17.21406804,3.17057117,15.529281266053582,3.665168304229674,17.662719248000002,1.4317837290361444,16.51912247305568,1.2225398936724847,16.152593392435513,7.55582699152885,8.01870336,10.67136751
2007-04-13,2007-04-28,2007-05-11,central_north,16.20984091,42.81078468,train,11.62430211,52.41871799,12.813926133525625,39.43228817440555,12.155081081421686,41.56494608185541,12.597608870853023,39.49085594473486,12.207169328493006,40.47749993207367,2.13019904,13.9680266
2007-04-13,2007-04-28,2007-05-11,central_south,21.54164501,61.01425118,train,19.56354312,42.6945831,20.901228252451862,39.240268102853264,20.365179321686746,39.783633957493976,20.71229175806574,38.856766904750955,20.724526270161096,41.337472418258855,12.99737819,26.5713843
2007-04-13,2007-04-28,2007-05-11,east_north,14.09575916,22.65786005,train,10.34581476,57.53553065,12.877491671957,44.67574916634789,11.754391822433735,49.69764232156626,12.451755996109803,45.67172460263647,12.95252944654731,45.82127724601554,0.51273482,31.56543547
2007-04-13,2007-04-28,2007-05-11,east_south,20.77514708,17.77123048,train,19.06478552,38.33455042,20.52814920854182,41.302203086522425,20.033557380361447,33.40327655693976,20.320656002608203,38.69735284379067,20.41586274809585,37.5536186672837,13.97191609,32.27889573
2007-04-13,2007-04-28,2007-05-11,west_north,11.55097933,17.27664645,train,9.41918081,28.55354179,9.783171371560806,21.53521389497868,9.955048317445783,21.022657895927704,9.922063990714033,20.852096998862972,9.451832006312195,22.580119058807867,3.85435827,13.97519797
2007-04-13,2007-04-28,2007-05-11,west_south,18.05811634,5.81510075,train,17.35232585,3.5892799,17.578389549247635,2.483563087243379,17.800977058,1.8504924590361445,17.686097645139238,1.631004408936099,17.032532312120292,4.766274137004595,11.19974412,0.67572662
2007-04-27,2007-05-12,2007-05-25,central_north,16.15043938,31.97702133,train,15.10436453,60.3838775,15.639466433718678,42.45977467889965,15.635143501421686,49.53010559185542,15.607032890822492,44.105256385153766,15.015982379667115,44.89293751810044,8.60369755,26.90897521
2007-04-27,2007-05-12,2007-05-25,central_south,21.06408608,29.53972505,train,22.30969496,40.53174444,22.80555349690659,40.236868131365476,23.11133116168675,37.62079529749397,22.88102756448731,39.361803796412985,22.832666288138196,43.448056511834736,18.12768033,29.39063467
2007-04-27,2007-05-12,2007-05-25,east_north,14.53845694,31.61677537,train,14.97732487,48.59502568,15.584024835660534,46.45213496327319,16.385901932433736,40.757137351566264,15.843075126534956,44.49289701411355,15.394550701196959,46.81984985098411,5.57863039,57.65174825
2007-04-27,2007-05-12,2007-05-25,east_south,21.03417181,18.07437817,train,21.9189173,42.62434944,22.291651808399166,45.770539848937446,22.887689160361447,37.69307557693976,22.478696928044776,43.43525511598443,22.022688449325983,42.86150270817822,16.7515681,20.66165034
2007-04-27,2007-05-12,2007-05-25,west_north,13.00508148,14.7565758,train,11.97462292,26.85488954,12.111271659401712,19.98945316109095,12.510490427445783,19.324005645927702,12.238520638635816,19.719755098265534,11.793152277133299,22.112442422419203,7.1521316,18.46577505
2007-04-27,2007-05-12,2007-05-25,west_south,20.12379554,7.14195547,train,19.08036954,4.92300881,19.656246158990125,2.7086240616944073,19.529020748,3.184221369036144,19.52863801233843,2.843273545476851,19.295077484538407,5.508385002111673,14.02055008,14.21733993
2007-05-11,2007-05-26,2007-06-08,central_north,17.81059548,54.88356377,train,17.33499229,61.95357018,18.139465595795595,44.02720935730793,17.865771261421685,51.09979827185542,17.902036314622706,46.2643713334173,17.568442100147397,48.065087565716865,2.98025265,44.83158678
2007-05-11,2007-05-26,2007-06-08,central_south,23.98913738,42.69958203,train,23.86420155,29.8304805,24.52446529600955,40.83110220034911,24.665837751686748,26.919531357493977,24.43622811912123,37.63722897979284,24.603666237965143,42.27961684144897,14.24752199,43.93885013
2007-05-11,2007-05-26,2007-06-08,east_north,19.45948393,40.51536537,train,17.57883561,49.36125994,17.92783307137996,47.39633494543165,18.987412672433734,41.52337161156626,18.2036977523237,45.82985714832854,17.642666588104547,47.918607246713805,4.3342558,25.89770785
2007-05-11,2007-05-26,2007-06-08,east_south,24.12159452,56.22701679,train,22.92054712,54.1258073,23.87545399889056,51.47805247477224,23.889318980361445,49.19453343693976,23.78310131579446,51.5448708708922,23.54208434817443,52.70882846419093,14.96153833,15.43734576
2007-05-11,2007-05-26,2007-06-08,west_north,14.4775236,21.84013315,train,14.59343612,22.68489443,14.457658563662722,17.929380689896632,15.129303627445783,15.154010535927704,14.589996922016386,17.509352896491755,14.351203037697449,19.06252412699268,5.69741316,17.18868146
2007-05-11,2007-05-26,2007-06-08,west_south,21.42546289,1.25042454,train,21.13855655,5.34715531,21.681068325218764,4.301052383697089,21.587207758,3.608367869036144,21.48683126703968,4.693596307296875,21.822275661283612,6.531011154274061,14.74579741,1.78109797
2007-05-25,2007-06-09,2007-06-22,central_north,21.4190841,38.97349492,train,19.26238728,44.21481811,20.213966697313378,44.12996698648764,19.793166251421685,33.361046201855416,19.813811769923234,42.18112164126916,20.098258562059016,43.079355442846506,10.00729404,42.1643949
2007-05-25,2007-06-09,2007-06-22,central_south,25.76899732,60.48015637,train,25.12268097,26.68331787,26.003737180239277,41.02378628043087,25.92431717168675,23.772368727493976,25.765704429352482,37.59521477934116,26.028233581485388,39.668185160597005,16.63419721,31.18391756
2007-05-25,2007-06-09,2007-06-22,east_north,19.7828911,26.76994339,train,18.37746061,48.38373072,19.806848806957667,47.535905630212554,19.786037672433736,40.54584239156627,19.5653995156252,46.537376786625586,19.175497537781226,47.49794749911277,8.88333092,72.68063388
2007-05-25,2007-06-09,2007-06-22,east_south,24.81565954,47.12856583,train,24.31374772,69.40324723,25.223400807708934,57.61696534663584,25.282519580361445,64.47197336693976,25.147308169091186,60.73728598397062,25.371480337363934,63.714481861464435,17.14659586,48.80009398
2007-05-25,2007-06-09,2007-06-22,west_north,17.20264116,8.72130274,train,16.17666635,18.30031165,16.673191536503033,15.5091400364144,16.712533857445784,10.769427755927705,16.452376257599138,15.214045013825082,16.50074141448771,16.037164132562125,6.39861181,26.61453454
2007-05-25,2007-06-09,2007-06-22,west_south,24.37721328,3.89383787,train,23.46222149,1.00410991,23.536159364030905,6.933702326338379,23.910872698000002,0.0,23.47493083866511,5.8722494277790105,24.144585543846944,5.817417388480633,12.3454405,8.54991054
2007-06-08,2007-06-23,2007-07-06,central_north,22.04965917,37.66924037,train,22.33080285,59.7682274,21.766336274881237,42.96610987130329,22.861581821421687,48.91445549185542,21.99728377362428,45.38674599703009,22.08408283617817,45.703725090204316,15.32058601,48.56838493
2007-06-08,2007-06-23,2007-07-06,central_south,25.83751285,86.97602189,train,26.64942741,37.61280113,27.170820892830214,40.86334987126436,27.45106361168675,34.70185198749398,27.08551990713513,40.75640023442894,27.25459896739059,39.61074318005667,20.92474802,58.87236335
2007-06-08,2007-06-23,2007-07-06,east_north,20.18357745,36.09762047,train,21.54226123,55.87267348,21.145455096330267,47.04019757566897,22.950838292433737,48.03478515156627,21.65844662229064,48.04061348885308,21.73309947737765,45.20750523034725,12.97678654,31.504371
2007-06-08,2007-06-23,2007-07-06,east_south,26.20749029,51.56717686,train,25.7511401,63.79983512,26.271781928270347,63.18178400141154,26.719911960361447,58.868561256939756,26.351111900839452,63.797253277922266,26.447708467721363,62.911624068032765,20.68528806,17.91006987
2007-06-08,2007-06-23,2007-07-06,west_north,20.26810123,3.39649863,train,17.99611645,12.8098121,18.563792414806656,13.00879748365654,18.53198395744578,5.278928205927705,18.257963424317797,12.317968416258793,18.5108279021948,12.399454448690879,11.0208422,17.51080434
2007-06-08,2007-06-23,2007-07-06,west_south,26.7533023,2.52119815,train,24.59631982,2.52783691,25.076603129124713,10.063993626615439,25.044971028000003,0.7890494690361443,24.829451757628856,9.185030572967174,25.27407576762486,9.487139248576964,17.64429356,5.74414268
2007-06-22,2007-07-07,2007-07-20,central_north,22.59275008,31.40940569,train,23.01307546,56.31208355,22.703582458431182,40.878533708718535,23.543854431421686,45.45831164185542,22.831117493656695,43.380317966638145,23.13405899529885,43.6146741709328,16.59599114,23.31128195
2007-06-22,2007-07-07,2007-07-20,central_south,26.37680666,59.71125912,train,26.4645456,50.23178163,27.936112107667956,40.42948871880393,27.26618180168675,47.32083248749397,27.495328093294926,44.48283973994276,27.431721743730833,46.8156681213822,21.06016356,28.97167749
2007-06-22,2007-07-07,2007-07-20,east_north,21.47217445,48.02996893,train,21.88381793,54.58267087,21.89137587783165,46.170208730360045,23.292394992433735,46.744782541566266,22.251438577312687,47.591067270842984,22.505605684191,44.30171849283391,14.33362743,35.75727505
2007-06-22,2007-07-07,2007-07-20,east_south,27.0637552,53.85857017,train,25.88612957,78.17932255,26.949801142767747,67.175509442679,26.854901430361448,73.24804868693975,26.862847536896638,71.16805543436696,27.181981336956134,71.5522586421376,21.20157499,19.4860335
2007-06-22,2007-07-07,2007-07-20,west_north,22.41580009,8.37033994,train,20.36200083,13.12632746,19.916710582314185,10.786234676948766,20.897868337445782,5.595443565927705,20.03268774787542,10.73682425266501,20.484346743313186,8.735733987539366,13.38957577,12.80968465
2007-06-22,2007-07-07,2007-07-20,west_south,27.03425976,11.18781659,train,26.14285829,7.75723424,26.146238608398715,13.054120192157109,26.591509498,6.018446799036144,26.128946084620505,13.00020622797345,26.235904111321368,13.248266523314378,20.32716826,6.66486284
2007-07-06,2007-07-21,2007-08-03,central_north,24.22351544,26.13114506,train,22.4096417,44.29296483,22.9424927707277,38.272432419562236,22.940420671421688,33.43919292185542,22.74198425980817,38.82136908616944,22.96158842260339,37.19669975631426,17.42674183,57.58576979
2007-07-06,2007-07-21,2007-08-03,central_south,26.30289327,52.19313984,train,26.31476984,45.26352645,28.203182808038026,39.8125362021983,27.116406041686748,42.35257730749397,27.630290402319634,43.12832785603213,27.439985084378886,42.5733738840803,23.4088953,52.35047295
2007-07-06,2007-07-21,2007-08-03,east_north,22.15359058,29.7755052,train,22.29402153,52.65866333,22.013006064889908,45.21063692018689,23.702598592433734,44.82077500156627,22.544906697110413,46.58188622899175,22.925902587489098,42.71812387830094,19.5377814,40.69409134
2007-07-06,2007-07-21,2007-08-03,east_south,25.82954147,68.92231783,train,26.27174298,63.82552456,27.186002257469376,68.82096994373289,27.240514840361445,58.89425069693976,27.194547735567923,68.83817578853132,27.089776864277642,64.66746327918852,23.4458181,53.24480439
2007-07-06,2007-07-21,2007-08-03,west_north,22.44188903,15.37442936,train,20.94629691,11.76118816,20.536383324056448,9.207893842195313,21.482164417445784,4.230304265927704,20.673478405124012,9.442515562562932,20.973506668052305,8.15134525850717,14.63082987,15.90579167
2007-07-06,2007-07-21,2007-08-03,west_south,25.41642509,43.41164595,train,26.19588084,13.67297651,26.601975630147358,15.311888510864645,26.644532048000002,11.934189069036144,26.481267527196945,16.630965576846744,26.14499863028444,18.274255417672467,21.58896398,1.80877574
2007-07-20,2007-08-04,2007-08-17,central_north,24.295649,35.52816014,train,21.75833938,43.44576863,22.42106207840638,35.52712387834022,22.289118351421685,32.59199672185542,22.2361063358965,36.776258089701585,22.28948131684347,35.870218511687284,20.76116431,42.40321033
2007-07-20,2007-08-04,2007-08-17,central_south,29.02001552,12.85896928,train,26.13619194,39.88565535,27.886238189876423,39.093391579719004,26.937828141686747,36.97470620749398,27.433091013753902,41.275712245655015,27.295493292261522,38.78160999975573,25.82332416,54.9607339
2007-07-20,2007-08-04,2007-08-17,east_north,22.44884409,46.9809944,train,20.87769342,27.5019939,21.498629838391558,44.40008753694673,22.286270482433736,19.664105571566264,21.68442487821988,39.79541551532226,21.657430718728136,45.793503406709206,20.06181093,24.12191021
2007-07-20,2007-08-04,2007-08-17,east_south,29.18326631,28.34765447,train,25.8508251,51.72044029,26.919748280243486,67.73007667333752,26.819596960361448,46.78916642693976,26.91065257929678,65.01614143782002,26.860093125359864,63.61845666501348,25.03336161,44.41111052
2007-07-20,2007-08-04,2007-08-17,west_north,20.14225685,6.9289856,train,20.16845663,14.2352365,20.282455553710157,8.573431963283484,20.704324137445784,6.704352605927704,20.274734375001618,9.933072500668317,20.188204670605742,9.41763071173278,15.90348835,17.02584355
2007-07-20,2007-08-04,2007-08-17,west_south,25.84501677,18.01865546,train,25.51782149,10.68117418,26.34056603881677,16.42038460470109,25.966472698,8.942386739036143,26.11541234392787,16.940220805016658,25.554640010699455,17.272591735427586,23.25940837,3.80854308
2007-08-03,2007-08-18,2007-08-31,central_north,21.56679107,61.53540676,train,21.47248743,36.6754177,21.113043517144305,32.922068896226726,22.003266401421687,25.821645791855413,21.42430083662419,32.78133390133287,21.440587815938475,31.113322800931652,21.8601173,38.76839582
2007-08-03,2007-08-18,2007-08-31,central_south,27.88194705,42.70060254,train,26.30933411,20.09846316,26.931084533554145,38.32854468652872,27.11097031168675,17.187514017493978,26.990316502216782,35.119840275332024,27.16239808621916,38.205998853428,25.87632891,77.55843791
2007-08-03,2007-08-18,2007-08-31,east_north,20.76701478,51.2085112,train,20.81079737,41.80089027,20.35816530545737,43.87560747356988,22.219374432433735,33.96300194156626,21.101161084435418,42.87950070643642,21.23984187229074,44.026446268691814,19.69970007,24.88966404
2007-08-03,2007-08-18,2007-08-31,east_south,27.95995145,50.06412436,train,25.84345377,43.84213799,26.11541762178989,63.992925624349084,26.812225630361446,38.91086412693976,26.488449984286106,59.88042885572628,26.795934693571645,62.573368372296926,26.03088692,52.647446
2007-08-03,2007-08-18,2007-08-31,west_north,19.19417618,10.76752335,train,18.46613255,12.16963321,19.101681281275944,9.050965531509801,19.002000057445784,4.638749315927705,18.957983122515945,9.9547978298819,18.652510961698194,9.780733253973592,19.61133664,3.32462851
2007-08-03,2007-08-18,2007-08-31,west_south,26.72274823,13.02682363,train,25.17491502,3.04058113,25.32207249537891,16.227256272575048,25.623566228,1.3017936890361443,25.445299694215205,14.577919208963529,25.212550018234317,13.777551891060767,26.44436676,1.22775184
2007-08-17,2007-09-01,2007-09-14,central_north,18.46396701,28.66305715,train,17.24424867,42.97219195,19.042285700533633,30.593206580025647,17.775027641421687,32.118420041855416,18.534878420064185,33.35374300858868,18.55160722729547,34.038975822210745,22.78889646,27.28029846
2007-08-17,2007-09-01,2007-09-14,central_south,25.26756712,62.68346825,train,23.9349689,38.21263895,25.33475318449005,37.54340665598875,24.73660510168675,35.30168980749397,25.16504836923493,39.4500669098272,25.33894928370981,40.40059400425655,26.22906749,71.0531246
2007-08-17,2007-09-01,2007-09-14,east_north,19.56392623,30.86352306,train,17.90897549,51.55977523,18.627091693841173,43.64423473379302,19.317552552433735,43.721886901566265,18.96715387286479,45.559357884966516,18.630677963632557,43.766012769358326,21.64452124,44.37096177
2007-08-17,2007-09-01,2007-09-14,east_south,25.95137651,43.15146622,train,24.13956031,58.78763438,24.776063856332613,58.166424155169736,25.108332170361447,53.85636051693976,25.06522129929564,59.4466817041904,24.911717167051588,61.26014396140336,26.85952163,55.12205194
2007-08-17,2007-09-01,2007-09-14,west_north,17.35347904,8.94383432,train,16.26848273,12.90503416,17.046449449974034,10.637443411642264,16.80435023744578,5.374150265927704,16.928602417154494,11.320394298162011,16.584438574150255,11.378388546298297,22.81106758,6.35856942
2007-08-17,2007-09-01,2007-09-14,west_south,25.00074264,12.68129904,train,23.84286232,5.87647309,23.58469582533489,14.87361612950034,24.291513528,4.137685649036144,23.94902787218802,14.084943010122554,24.05150002308619,12.390068435570726,27.31371087,10.59547453
2007-08-31,2007-09-15,2007-09-28,central_north,17.5645157,27.52069225,train,16.66778006,37.1983138,16.29311078276566,28.52839205316141,17.198559031421684,26.344541891855418,16.736258088595033,29.42570591478506,16.537787336596928,29.56999736442803,24.00115834,30.31849891
2007-08-31,2007-09-15,2007-09-28,central_south,24.38859247,21.18425276,train,22.65320027,31.98162821,23.158894073655627,36.735107281173455,23.454836471686747,29.070679067493977,23.390965773526606,36.660087752403115,23.390951494017997,41.681362120234894,26.20159133,46.15357957
2007-08-31,2007-09-15,2007-09-28,east_north,17.47473188,24.33949476,train,16.66914028,35.20515846,16.37130842833436,43.58787999977213,18.077717342433736,27.367270131566265,17.15034799864896,40.624829321203876,17.339714354688468,43.28756947887092,21.4592359,46.71861085
2007-08-31,2007-09-15,2007-09-28,east_south,23.96689821,51.07732447,train,22.79053843,45.71017251,22.95311002167438,51.16450335574972,23.759310290361448,40.77889864693976,23.427341667436938,50.315774900964556,23.366771973075394,52.24849990097806,26.00755723,61.67484385
2007-08-31,2007-09-15,2007-09-28,west_north,12.21296018,17.858832,train,13.51793312,20.84590218,14.275348409033555,13.153244552515204,14.053800627445783,13.315018285927703,14.246208863959588,15.125987473152282,14.004386247170832,15.049435505684816,22.40576219,14.63636463
2007-08-31,2007-09-15,2007-09-28,west_south,19.84410168,13.53819692,train,20.80833123,5.47703814,21.247255488651813,12.75632107012814,21.256982438,3.7382506990361444,21.358662219953818,12.399698025283566,21.431665695693862,10.390747065449883,25.49577329,38.23237628
2007-09-14,2007-09-29,2007-10-12,central_north,15.62431594,36.20590157,train,12.77353234,37.80937679,13.01345939417232,26.60145243719691,13.304311311421685,26.955604881855418,13.22266994315294,28.088467599163177,12.911192844731463,27.997995665375736,24.54773269,35.71200236
2007-09-14,2007-09-29,2007-10-12,central_south,23.39689621,18.42898961,train,19.91661923,31.5901386,20.533156793443883,35.88362717649298,20.718255431686746,28.679189457493976,20.724731811264753,35.595770737432076,20.553854584920888,38.503231429064186,28.81770515,15.97040637
2007-09-14,2007-09-29,2007-10-12,east_north,16.86095423,22.75030264,train,12.85210693,45.20246612,13.691073819899055,43.50005506714365,14.260683992433735,37.36457779156626,14.022803375692394,43.215244012709235,13.592441820205352,42.97867225330586,22.90294423,41.09978172
2007-09-14,2007-09-29,2007-10-12,east_south,23.04952415,33.09945933,train,20.30963221,45.21601803,20.74927170262611,44.07392171564592,21.278404070361447,40.28474416693976,21.082685205074615,44.56789457961621,20.604669688218355,43.074118873018534,28.8109531,36.9173788
2007-09-14,2007-09-29,2007-10-12,west_north,8.97617259,26.3536352,train,9.52579563,31.06742056,11.03491982125281,16.272581816845644,10.061663137445782,23.536536665927702,10.745634618844026,20.12559579348038,11.016191804990914,18.165329829027666,20.28557892,8.86960636
2007-09-14,2007-09-29,2007-10-12,west_south,17.90304856,4.95257732,train,17.75876251,10.10968195,18.498113734692016,10.43253567420113,18.207413718,8.370894509036145,18.497955660945497,11.647971989645814,18.715507502049082,9.800955127377138,25.68459917,23.60724005
2007-09-28,2007-10-13,2007-10-26,central_north,10.85898993,51.53367661,train,7.95769596,43.53355349,9.408797614504936,24.635304940749762,8.488474931421687,32.67978158185542,9.113857171973713,28.186618786667136,9.577503403114473,28.089364202533513,21.73769817,63.50284378
2007-09-28,2007-10-13,2007-10-26,central_south,17.96298237,52.66505649,train,17.01020238,29.24711604,17.646784841702218,34.96812659506823,17.811838581686747,26.336166897493978,17.800658629530503,33.84880600876674,17.659701823984946,34.24248137247086,28.17279782,40.10441454
2007-09-28,2007-10-13,2007-10-26,east_north,13.71937567,59.9845767,train,10.48961245,43.17651217,10.72203408119093,43.14552123534974,11.898189512433735,35.33862384156627,11.28294394561052,41.78079944060457,10.773409287377817,38.309046346143816,21.02212758,54.43577321
2007-09-28,2007-10-13,2007-10-26,east_south,20.79807968,50.2703585,train,17.72027499,29.50695314,18.313199506640117,37.936203554721956,18.689046850361446,24.57567927693976,18.500579547073357,35.3716393611092,18.15445013060425,33.791857987746155,28.29452027,41.19960286
2007-09-28,2007-10-13,2007-10-26,west_north,7.71161288,26.20491635,train,5.78905654,34.09912769,7.625724186603809,19.583397599516097,6.3249240474457835,26.568243795927707,7.207262945075974,23.125967005980645,7.825717063760834,19.799981440443954,19.12199601,11.09553162
2007-09-28,2007-10-13,2007-10-26,west_south,15.30783381,1.9805776,train,14.63880564,16.52873365,15.572142446317812,8.48859325896893,15.087456848,14.789946209036144,15.475433033936877,11.51473957754349,15.838177076414123,11.333413906576045,26.64265459,11.63413057
2007-10-12,2007-10-27,2007-11-09,central_north,6.30289173,3.05606672,train,5.13627234,31.29789897,5.726580934543509,22.477787735940737,5.6670513114216865,20.444127061855415,5.739425290749321,22.66674161106994,5.984579890323864,21.261106235288164,19.5749382,29.39872461
2007-10-12,2007-10-27,2007-11-09,central_south,14.65441956,0.78615856,train,14.25704351,30.66957384,14.72911803857365,33.98407549228858,15.058679711686748,27.75862469749398,14.905558258079736,32.92145986915111,14.96333964899938,32.78993789742945,25.58541798,61.82605423
2007-10-12,2007-10-27,2007-11-09,east_north,6.25779006,39.2769191,train,4.95765535,44.91918363,7.631732142601043,42.328553186266724,6.366232412433735,37.081295301566264,7.130364772089499,41.92792847665926,7.382488230427405,38.89847373861569,20.10550573,33.96060285
2007-10-12,2007-10-27,2007-11-09,east_south,14.40498428,18.03695146,train,13.83737614,24.71253787,15.826020116279384,33.54364673722793,14.806148000361445,19.781264006939757,15.349202312107252,30.698468666416698,15.331497959830727,28.785047308801165,26.15156556,40.44861105
2007-10-12,2007-10-27,2007-11-09,west_north,6.40255684,3.51784799,train,3.20144758,30.42473872,4.359160506962783,22.66394331099598,3.7373150874457837,22.893854825927704,4.19140968525522,23.76479626561974,4.846203375401889,20.982749794930196,18.20409171,9.71334097
2007-10-12,2007-10-27,2007-11-09,west_south,15.48015065,0.4893576,train,12.1939195,10.01090347,12.719829434360967,7.403247901722745,12.642570708000001,8.272116029036145,12.73081783467012,8.323740449184978,12.951050540342372,8.534119737675596,25.45172678,15.38754792
2007-10-26,2007-11-10,2007-11-23,central_north,4.42206934,10.20253872,train,3.82401449,29.56300071,2.2330084761387767,20.07089626304523,4.3547934614216866,18.709228801855417,3.1149273688994406,19.277235129407075,3.2550154313780557,16.88408938738967,17.15414889,25.77099631
2007-10-26,2007-11-10,2007-11-23,central_south,14.30790883,17.12385092,train,13.21930373,27.68140355,12.022079653184347,32.956571617919735,14.020939931686748,24.770454407493975,12.832494030592176,30.271419834076685,12.554866127958523,25.801661337303035,24.37065258,27.31826521
2007-10-26,2007-11-10,2007-11-23,east_north,4.78053464,47.00019664,train,4.03576212,54.60399613,4.610810446581633,40.95343366627908,5.444339182433736,46.766107801566264,4.954217978723476,42.28067744938146,4.889703296649421,41.33496583854755,17.24434801,11.27552973
2007-10-26,2007-11-10,2007-11-23,east_south,13.51285792,12.95312601,train,12.95861665,22.38179666,13.48166293494425,31.293914606843533,13.927388510361444,17.450522796939758,13.540715405784756,27.322177907901807,13.418220395368753,25.857768309521273,24.06949337,62.23758751
2007-10-26,2007-11-10,2007-11-23,west_north,3.06728579,25.24498074,train,2.6374303,42.08960672,1.5134107534681676,25.159608356874188,3.173297807445784,34.5587228259277,2.2769030933541714,27.437343825392485,2.800821751364139,29.25405460809017,12.66201916,17.16686958
2007-10-26,2007-11-10,2007-11-23,west_south,12.47300562,1.65233932,train,10.91642067,10.66785288,10.174252509749467,7.436627780020072,11.365071878000002,8.929065439036144,10.656369614197992,7.531919072150661,10.634933996024749,5.054749577164458,20.47981063,13.81206192
2007-11-09,2007-11-24,2007-12-07,central_north,-3.34391723,19.48103954,train,-4.65686061,25.44970799,-0.8145513402353652,17.495671586904027,-4.126081638578313,14.595936081855417,-2.250916458163643,17.571239081036868,-3.167835216445331,11.615255808156864,16.46278541,37.63020833
2007-11-09,2007-11-24,2007-12-07,central_south,9.83221344,28.33486137,train,5.65925211,36.98619675,9.749484731866954,31.946106680817635,6.460888311686747,34.07524760749398,8.309320241475596,33.11312939698513,7.436884151121007,29.653903006829413,24.02674691,22.47216896
2007-11-09,2007-11-24,2007-12-07,east_north,-0.6307564,43.73433553,train,-0.86356957,55.65061211,1.859216644624535,39.06249169192828,0.5450074924337359,47.81272378156626,1.2624628291679771,41.345774786930775,1.5042504816253626,38.99049670258695,17.98542192,26.95954829
2007-11-09,2007-11-24,2007-12-07,east_south,11.73318332,12.37919478,train,10.81491611,45.699016,11.464205627878318,31.13428760218209,11.783687970361445,40.76774213693976,11.453585030752219,32.802799366002006,11.904460808829189,33.83070670601272,24.05180736,35.14986312
2007-11-09,2007-11-24,2007-12-07,west_north,-0.9976617,37.50517907,train,-2.24388068,31.56424382,-0.7030128919388178,26.84362036460551,-1.7080131725542167,24.033359925927705,-1.1218988641302272,26.1877710449936,-1.189629666666543,26.901279441927304,9.4579435,25.73570978
2007-11-09,2007-11-24,2007-12-07,west_south,8.24996977,35.15948825,train,6.49704029,11.2031096,8.122052827080749,8.570281086714644,6.945691498,9.464322159036143,7.5600804527302365,8.67679429697978,7.21296878632925,4.797371887159079,18.25833069,4.65578403
2007-11-23,2007-12-08,2007-12-21,central_north,-5.32491433,26.54850001,train,-3.77488085,26.68164299,-3.195093827811455,14.980696729065219,-3.2441018785783133,15.827871081855417,-3.282600777437863,14.53421912690957,-3.065819514269895,13.596685078478263,10.98322548,51.97110417
2007-11-23,2007-12-08,2007-12-21,central_south,9.83458612,42.72976637,train,7.82660156,43.33811865,8.088747693022192,31.044805905563507,8.628237761686748,40.42716950749397,8.227534263468883,32.338975644999124,8.257403461374242,32.146971473268096,18.94753581,50.85533166
2007-11-23,2007-12-08,2007-12-21,east_north,-0.92630113,54.38004456,train,-1.89016238,64.32197597,-0.4311567064403139,36.842089835552564,-0.4815853175662641,56.48408764156626,-0.5039302679208792,41.12510529432153,-0.2596916179017392,43.063257549658076,13.63056189,55.80688454
2007-11-23,2007-12-08,2007-12-21,east_south,13.401174,46.30510161,train,10.50240595,68.12963994,9.926154154402663,32.60625518576541,11.471177810361445,63.19836607693976,10.437716358497394,38.866835648234954,10.908831419337243,46.47718736852481,20.67146659,29.30793493
2007-11-23,2007-12-08,2007-12-21,west_north,-3.78918522,29.35362896,train,-2.71220695,57.92651684,-2.1733726832460083,27.64895780695697,-2.176339442554217,50.3956329459277,-2.1604289800542125,32.85685621678935,-2.0767182074677466,32.43179309609462,7.92285233,27.21163224
2007-11-23,2007-12-08,2007-12-21,west_south,4.4627229,25.061779,train,5.94543656,18.38705523,6.683626750904135,10.512001598808805,6.394087768,16.648267789036147,6.472988044045829,11.151923425702336,6.448761682227501,10.253861716892384,15.41243874,2.27998689
2007-12-07,2007-12-22,2008-01-04,central_north,-5.77903766,13.20166025,train,-5.59209982,29.25001704,-4.7469956980782655,12.870712562999675,-5.061320848578313,18.396245131855416,-4.933594507198097,13.318734227265534,-4.981199292384331,14.934305451713303,6.80124867,3.40146952
2007-12-07,2007-12-22,2008-01-04,central_south,4.84612728,19.19480082,train,7.26356872,41.62627443,7.150120641326675,30.363419181180053,8.065204921686748,38.71532528749398,7.436945107121773,30.75456359716699,7.546409370759051,30.62894482288524,14.37378854,3.32337884
2007-12-07,2007-12-22,2008-01-04,east_north,-0.74236627,39.72404272,train,-2.27477612,58.53139729,-2.0950722535363244,34.59429648295292,-0.8661990575662639,50.693508961566266,-1.6327179537505496,37.11632006880485,-1.425156326851817,40.24427689560922,7.43026129,52.59014511
2007-12-07,2007-12-22,2008-01-04,east_south,9.67835663,50.62629699,train,10.72448421,61.75558751,8.971435699757466,34.978419154829886,11.693256070361445,56.82431364693976,9.967447997781829,38.067376990880476,10.287262722165181,41.195828432378605,15.65385827,40.01277097
2007-12-07,2007-12-22,2008-01-04,west_north,-4.93549949,25.5427643,train,-4.18319847,49.3264911,-2.876894657913142,27.66534961946523,-3.647330962554216,41.7956072059277,-3.2115296015706942,30.302000745431837,-3.2839509661673345,27.8235968187405,6.41095129,3.47563275
2007-12-07,2007-12-22,2008-01-04,west_south,3.20189692,0.81163068,train,4.10863026,12.9520707,5.905735560967224,12.764299611628745,4.557281468,11.213283259036144,5.239999508800219,11.2040386206235,5.350168584441636,7.324408092606237,15.70697001,0.4862948
2007-12-21,2008-01-05,2008-01-18,central_north,-2.86646085,18.07441705,train,-4.44163926,24.3117235,-5.3856332827125915,11.547946018301127,-3.910860288578313,13.457951591855416,-4.796052890208555,10.08839084571214,-4.7353215507805,14.62712334482676,5.84534613,6.85168609
2007-12-21,2008-01-05,2008-01-18,central_south,8.92909,21.44344809,train,6.73731736,41.86097723,6.970398957496836,30.00893739159828,7.538953561686747,38.950028087493976,7.138525024679567,30.230145098997294,7.202218075803881,30.479918973444544,15.75378064,10.60245492
2007-12-21,2008-01-05,2008-01-18,east_north,2.49974233,38.24119399,train,-4.36404558,45.09861873,-3.019801772774411,32.651792503382744,-2.9554685175662643,37.26073040156626,-3.026577763584993,32.172665580436785,-2.8206524929817434,32.97400451971316,4.88938203,36.90472481
2007-12-21,2008-01-05,2008-01-18,east_south,11.41811955,35.24244683,train,8.61089939,43.57559444,8.645864734922265,37.47466660441165,9.579671250361445,38.64432057693976,8.89909292486995,35.28153026334597,8.909146383638387,33.83843372696188,13.01572843,6.92671559
2007-12-21,2008-01-05,2008-01-18,west_north,-3.83981623,42.13040878,train,-3.50311432,35.39817346,-2.8697867941275725,27.0898379078491,-2.967246812554216,27.867289565927706,-2.9280347672456846,25.51039753246737,-2.8581941610706525,27.4270127566294,4.73189515,25.31848119
2007-12-21,2008-01-05,2008-01-18,west_south,4.7581683,29.13271085,train,5.19844615,9.25371659,5.769913062419633,14.769253339594608,5.647097358,7.514929149036144,5.642143154282174,10.883263996404676,5.99674948393538,11.15984696290801,13.60930908,1.2003546
2008-01-04,2008-01-19,2008-02-01,central_north,-9.22785473,8.27331611,train,-8.226347,28.98284403,-5.08117012594926,11.423113921220507,-7.695568028578314,18.129072121855415,-6.136674638927243,12.26024105897043,-6.473496038430525,16.19358880256271,-3.0901713,20.87422507
2008-01-04,2008-01-19,2008-02-01,central_south,4.92804441,35.44929148,train,6.36609434,57.9815094,7.513974851492169,30.080506975091733,7.167730541686748,55.07056025749398,7.380165889752965,34.517800478176625,7.278221030319577,35.75432673390223,8.86419323,34.78986978
2008-01-04,2008-01-19,2008-02-01,east_north,-4.71895016,20.30387612,train,-4.87135521,48.58491702,-3.108456228341316,31.431204905819186,-3.4627781475662642,40.747028691566264,-3.2180213117204906,32.09430287394109,-3.1133215586480887,31.251545937371997,0.41804668,51.84800896
2008-01-04,2008-01-19,2008-02-01,east_south,7.28215154,41.64775132,train,10.31392487,50.86140076,8.947191768914305,39.30485920837186,11.282696730361444,45.93012689693976,9.864278586636697,37.83353333659943,9.453110260630655,35.051266592041614,12.34265466,18.29113449
2008-01-04,2008-01-19,2008-02-01,west_north,-6.55653915,36.84838662,train,-7.33350775,27.51240257,-2.2717830009587523,26.216701758991587,-6.797640242554216,19.981518675927703,-4.15047872179198,23.868230666241,-4.034271383132162,23.893953568939,-1.60953215,31.81399221
2008-01-04,2008-01-19,2008-02-01,west_south,4.27764826,37.77703935,train,3.37500528,31.35750307,6.206307015568573,15.914541736445203,3.823656488,29.618715629036146,5.23068494419981,18.002142266578897,5.7984154641047185,15.370091382778128,7.7481402,33.83591365
2008-01-18,2008-02-02,2008-02-15,central_north,-6.23052077,23.49210455,train,-7.3901758,29.26354727,-3.917955414754599,12.703951413675597,-6.859396828578313,18.409775361855417,-5.041679412191161,13.192766859946548,-5.242273784844791,18.96532376597583,-6.21910054,27.77828403
2008-01-18,2008-02-02,2008-02-15,central_south,10.45078334,22.01335469,train,6.45512213,53.17830275,8.669798272850509,30.61079277330896,7.256758331686748,50.26735360749397,8.14691989346861,33.78621032001952,8.289242008978501,30.30504413634588,9.76156818,32.64427108
2008-01-18,2008-02-02,2008-02-15,east_north,-0.88271153,79.37911158,train,-3.9512612,53.66314518,-2.3826788335501785,31.151156528403817,-2.5426841375662637,45.825256851566266,-2.325600191742169,33.032953074779314,-2.3060984893221184,31.50512133321389,-1.59393774,54.08319251
2008-01-18,2008-02-02,2008-02-15,east_south,12.25383711,31.36250992,train,10.53778639,58.72873486,9.800249129138354,40.10633270949042,11.506558250361445,53.79746099693976,10.543866613552257,40.560551832496586,10.191684513420924,37.39001369331156,13.10077687,34.81597917
2008-01-18,2008-02-02,2008-02-15,west_north,-2.57727508,28.22851811,train,-5.07080689,27.52014849,-1.2283720230297572,25.300824840562004,-4.534939382554216,19.989264595927704,-2.5315756645191465,22.61376269431293,-2.016060295819193,23.87500786415956,-3.41197832,25.25080068
2008-01-18,2008-02-02,2008-02-15,west_south,6.38432971,10.89650333,train,4.12915092,14.84434464,7.104728748984398,15.88111792005882,4.577802128,13.105557199036143,6.1107133688643716,13.496487721103893,7.17584090951027,10.167721501055663,5.21279186,25.9559599
2008-02-01,2008-02-16,2008-02-29,central_north,-4.57291293,17.403861,train,0.90625233,30.82776941,-2.0194265414748167,15.44092764876598,1.437031301421687,19.973997501855415,-0.3998227274855264,13.483466860689468,0.3286506090069139,14.684229663739249,-5.24003679,13.98783803
2008-02-01,2008-02-16,2008-02-29,central_south,10.06394211,40.57923835,train,11.64053324,41.70325226,10.298495634079458,31.585062248241606,12.442169441686747,38.79230311749397,11.308634180410557,30.271967929182107,11.41739041973008,34.09475427600461,6.0454242,29.33968375
2008-02-01,2008-02-16,2008-02-29,east_north,-3.54578719,31.07752166,train,-1.01429441,55.75782465,-0.9037750145965271,31.92096774307006,0.39428265243373595,47.91993632156627,-0.16386345400047597,33.65386563197461,-0.18947727060083364,28.433915671299555,0.43821991,41.88281473
2008-02-01,2008-02-16,2008-02-29,east_south,11.00587567,65.19203087,train,11.83532175,40.65002778,11.104757925884613,39.851026013132596,12.804093610361445,35.71875391693976,11.883445551614024,35.58125703850048,11.652623548871986,35.14864586315272,11.09399568,62.28310183
2008-02-01,2008-02-16,2008-02-29,west_north,0.28416384,17.3924856,train,-1.44043949,39.74656955,0.131069824856403,24.529145025251218,-0.9045719825542164,32.2156856559277,-0.13184283353124548,24.52331969969698,0.13560680793804547,23.59580459849634,-5.26682815,31.51665392
2008-02-01,2008-02-16,2008-02-29,west_south,8.83151258,17.46635199,train,7.85502678,15.67935271,8.357503503181865,14.576694477235762,8.303677988,13.940565269036144,8.46927551257235,11.947982335148826,8.710757020446469,13.029852699351306,2.95232289,1.42309853
2008-02-15,2008-03-01,2008-03-14,central_north,-0.88309116,13.74860512,train,-1.49374675,44.53150596,0.452878958591524,19.465385051613424,-0.9629677785783132,33.67773405185541,0.0989242264650344,21.67888355004749,-0.045707972214349746,20.294301984147275,-1.89235752,16.06751949
2008-02-15,2008-03-01,2008-03-14,central_south,11.13045829,45.12386692,train,12.11058257,54.36792298,12.247363595786375,32.929228581242896,12.912218771686748,51.456973837493976,12.70960534261555,35.18520761084547,12.612363615930832,32.076758714674725,9.13472272,16.61550656
2008-02-15,2008-03-01,2008-03-14,east_north,1.1350002,64.79445574,train,-1.95454429,80.89093519,1.2127382382649277,33.67608548929012,-0.5459672275662641,73.05304686156626,0.7632315923984574,42.65279816720606,1.1106212784462566,52.41304105735986,1.42429229,31.96825314
2008-02-15,2008-03-01,2008-03-14,east_south,13.1821855,54.4739559,train,12.22616342,61.99051511,12.741692707875567,38.8870912045978,13.194935280361445,57.059241246939756,13.087737843074482,41.04364155140179,12.824101853633163,38.91337275443327,10.34206513,15.90943491
2008-02-15,2008-03-01,2008-03-14,west_north,1.42852191,12.93435339,train,-0.79899445,41.26673422,1.7107856616759909,23.97380567850289,-0.26312694255421654,33.7358503259277,1.111053579116497,24.95764306105064,1.5899470838729668,26.706988836728453,-2.81991326,45.6695185
2008-02-15,2008-03-01,2008-03-14,west_south,9.69900813,0.41698884,train,9.62205507,8.10340908,9.870693674532772,12.20079563548762,10.070706278000001,6.3646216390361445,10.124699681733574,8.24769335034642,10.332985078223864,10.64501661552276,5.71375113,29.4051915
2008-02-29,2008-03-15,2008-03-28,central_north,2.23075911,30.53666562,train,1.00560408,46.26169038,3.3204692622925105,24.40170283225631,1.5363830514216867,35.40791847185541,2.823053291758359,26.048019379343938,2.9374673302562897,24.118467590802357,-9.70878443,8.10197575
2008-02-29,2008-03-15,2008-03-28,central_south,14.65717728,36.80611233,train,12.42843345,59.24115424,14.372539076095562,34.518188877560085,13.230069651686748,56.33020509749397,14.10607388302779,38.4707333881406,14.192909813975767,32.716853841295205,4.55592949,28.91367321
2008-02-29,2008-03-15,2008-03-28,east_north,2.29389292,42.87688208,train,-0.30740438,76.53873258,3.810661288594978,36.186387334822776,1.101172682433736,68.70084425156627,2.963421174552229,43.836039187871435,3.233323510737595,52.155094433609605,-4.56600353,19.89383741
2008-02-29,2008-03-15,2008-03-28,east_south,14.53004267,29.65276782,train,13.36384951,72.76558949,14.59010209348105,37.84292436850691,14.332621370361444,67.83431562693976,14.677300070281316,43.61921432377653,14.77224146332641,44.35246153904801,7.13542297,49.89846687
2008-02-29,2008-03-15,2008-03-28,west_north,2.1635926,18.62822014,train,0.44884633,39.24528539,3.458098897329898,23.58171073768445,0.9847138374457836,31.714401495927703,2.6696132950661813,24.581870051999605,3.144177070039412,27.466817132941348,-6.95903457,28.03637461
2008-02-29,2008-03-15,2008-03-28,west_south,11.33350105,1.28102613,train,9.31897285,15.57635997,11.574441804850984,9.204970360958665,9.767624058,13.837572529036144,11.019492125843701,8.936318783015842,11.458294448025224,8.011703518493091,4.01084786,37.43772863
2008-03-14,2008-03-29,2008-04-11,central_north,5.05350233,52.84105547,train,5.55932673,46.75559676,6.40634397560443,29.721592185929826,6.090105701421687,35.90182485185542,6.49273332756216,29.89296049520986,6.432876703537789,27.940215590792764,-6.13510124,24.30271332
2008-03-14,2008-03-29,2008-04-11,central_south,17.48084762,63.84523972,train,15.14289292,36.54293503,16.554441598097053,36.193857676015355,15.944529121686747,33.63198588749398,16.45350801980244,33.90871971866207,16.566918867556467,38.60536020712473,9.80138031,33.37104839
2008-03-14,2008-03-29,2008-04-11,east_north,7.15828455,37.51944898,train,3.24888495,50.90866276,6.709871506631407,39.0987774257357,4.657462012433736,43.070774431566264,6.0580303084948115,39.26908272230462,6.802171664255079,39.806626240518,-0.90503622,72.80985161
2008-03-14,2008-03-29,2008-04-11,east_south,17.43229091,65.23496625,train,14.08570917,45.25864689,16.54011219642171,37.46055512461889,15.054481030361444,40.32737302693976,16.04772717069612,36.8555423174019,16.41472302282234,39.04898555091303,12.4716747,38.73510189
2008-03-14,2008-03-29,2008-04-11,west_north,2.24301147,16.39298259,train,4.29917901,32.99690111,5.357690447226317,23.196967026975564,4.835046517445783,25.466017215927707,5.360146805352868,22.423316482858336,5.417306013763476,22.743593734411462,-2.81709335,34.9084647
2008-03-14,2008-03-29,2008-04-11,west_south,12.38509165,1.43831841,train,12.86443519,9.13814207,13.423023112704616,6.195180975095376,13.313086398000001,7.399354629036145,13.5461188514214,4.862729314272292,13.313227526629902,5.443712294982532,5.69901609,10.37197589
2008-03-28,2008-04-12,2008-04-25,central_north,9.7060856,28.94767134,train,8.11269648,44.06161936,9.547822027131208,34.829967576165615,8.643475451421686,33.207847451855415,9.315172502515761,33.49707048469941,9.263979204043682,34.586725840363826,-5.67601573,17.8431067
2008-03-28,2008-04-12,2008-04-25,central_south,17.24348264,20.60995109,train,17.05611716,48.42391144,18.703972235803608,37.78939437471166,17.857753361686747,45.51296229749397,18.475745299480785,38.79136308712694,18.590968349835006,36.36981600317331,9.69741703,40.55769854
2008-03-28,2008-04-12,2008-04-25,east_north,11.76833798,24.53876802,train,6.18746975,55.86309082,9.723584158419213,42.004945128076656,7.596046812433736,48.02520249156626,8.978429722936664,43.11094663690905,9.914440150567575,43.34854364197888,-2.79680785,43.78746093
2008-03-28,2008-04-12,2008-04-25,east_south,16.54265002,15.70180135,train,15.88419076,53.41189178,18.49999193485823,38.397672044431815,16.852962620361446,48.48061791693976,17.908422399077843,40.26712172875213,18.32673756073783,41.13286339519631,11.3573609,68.80355453
2008-03-28,2008-04-12,2008-04-25,west_north,5.34078421,11.77367061,train,7.15176245,28.63992905,7.413016876690581,22.610508790086516,7.687629957445783,21.109045155927703,7.687670040891355,21.068702505663783,7.261174358084258,21.944191102734575,-0.65469401,19.62427493
2008-03-28,2008-04-12,2008-04-25,west_south,14.42326827,0.24262631,train,15.34669888,7.81803905,15.385510206192281,3.7982830129474143,15.795350088000001,6.079251609036144,15.667468760137453,3.066975354002036,15.023620466487468,5.105555698107109,8.13763625,18.33051593
2008-04-11,2008-04-26,2008-05-09,central_north,9.90895486,42.85570701,train,11.40825462,49.78284138,12.602417146502301,39.164835691543175,11.939033591421685,38.929069471855414,12.386764108565973,38.56467529640017,12.034621336343235,40.080263627306394,-1.50001405,13.38362669
2008-04-11,2008-04-26,2008-05-09,central_south,19.0312283,45.81024467,train,18.72964472,36.75679347,20.759271460492624,39.154789396862256,19.531280921686747,33.84584432749398,20.275832799672596,37.40336800341774,20.48711056094822,43.71316433275129,10.40487321,43.2180075
2008-04-11,2008-04-26,2008-05-09,east_north,11.76099766,55.82384893,train,10.9832376,52.86803549,12.673556282063199,44.519593948674455,12.391814662433736,45.03014716156626,12.598990533982224,44.01765528652578,12.720873880309892,45.11348901519629,-0.49661916,65.03224092
2008-04-11,2008-04-26,2008-05-09,east_south,20.05811032,28.88809536,train,18.08667122,49.90500141,20.396707861930146,41.04501619230561,19.055443080361446,44.973727546939756,19.860826248391803,41.794792681498734,20.07554932187884,40.82995791510419,11.88687357,54.59511442
2008-04-11,2008-04-26,2008-05-09,west_north,8.54290185,10.75301309,train,8.90990987,25.95850197,9.620371839672783,21.624795036279252,9.445777377445783,18.427618075927704,9.61653407085451,20.30510890603875,9.22571640458245,21.834885951768484,1.58782078,9.12815608
2008-04-11,2008-04-26,2008-05-09,west_south,16.29484359,0.26442088,train,16.87175226,3.1388454,17.430313827848845,2.5227279747010236,17.320403468000002,1.4000579590361444,17.404450343645845,1.606914778947301,16.753399619567908,4.58699151102514,9.5263556,0.33806731
2008-04-25,2008-05-10,2008-05-23,central_north,12.90895067,30.68301692,train,13.70558957,56.80593776,15.447221666419281,42.29052204649676,14.236368541421687,45.95216585185541,14.91065712701893,43.38692670531002,14.505590326553584,45.14432296509783,2.54644004,26.79548087
2008-04-25,2008-05-10,2008-05-23,central_south,21.5796267,42.9242414,train,21.56367267,43.07460678,22.67513120370216,40.17870129656265,22.365308871686747,40.16365763749398,22.503454385522357,40.145270568447174,22.51291411176794,44.07617508967482,14.58776143,38.45404164
2008-04-25,2008-05-10,2008-05-23,east_north,11.75205411,48.10909204,train,13.21362271,58.86669975,15.40134964967362,46.35218658608059,14.622199772433735,51.02881142156627,15.024511668021159,47.608111096799846,15.001355183419214,47.8109261577964,2.21451785,35.0099442
2008-04-25,2008-05-10,2008-05-23,east_south,20.96940854,38.35690479,train,20.45986179,56.35360533,22.171015183914022,45.40259860686216,21.428633650361448,51.42233146693976,21.827406041978445,47.17776602456183,21.833136304779767,47.61590287197872,14.13316982,29.66925705
2008-04-25,2008-05-10,2008-05-23,west_north,12.53114458,21.76160347,train,11.85301432,30.43261025,11.942945307970245,20.117868695805534,12.388881827445783,22.901726355927703,12.103786567061281,20.70846753670641,11.682648866347876,22.534913628401455,2.42924964,19.71657961
2008-04-25,2008-05-10,2008-05-23,west_south,18.75135643,7.00797554,train,18.4321908,4.77996545,19.508416188827834,2.644994301137782,18.880842008000002,3.0411780090361438,19.17752082859853,2.877896605588628,18.92848845187815,5.789061905656187,11.26343761,1.35669558
2008-05-09,2008-05-24,2008-06-06,central_north,17.20961544,80.22774293,train,15.94266048,62.08991858,17.973846096810462,43.96502118212732,16.473439451421687,51.23614667185542,17.229294403330123,46.6137770213341,16.9885415948817,48.98018672207358,4.54904281,36.55260745
2008-05-09,2008-05-24,2008-06-06,central_south,26.55968504,25.37108719,train,24.60634613,33.56427253,24.40889429171254,40.80228547035484,25.407982331686746,30.653323387493973,24.691197354931084,38.28429264820893,24.872773537917496,42.24453174891819,17.38346331,48.10535919
2008-05-09,2008-05-24,2008-06-06,east_north,17.08580674,44.3129909,train,15.87826744,65.86490549,17.774780997969255,47.35679941130759,17.286844502433738,58.02701716156626,17.438573588303374,50.626194539114636,16.984618243821494,50.09430458911379,6.145013,42.55610757
2008-05-09,2008-05-24,2008-06-06,east_south,24.43197473,24.52119096,train,22.67985926,60.71755888,23.769444773302396,51.04492245014467,23.648631120361447,55.78628501693976,23.63594386182014,52.964736867668165,23.578363369693587,55.305696431202165,17.03127402,65.19344339
2008-05-09,2008-05-24,2008-06-06,west_north,11.75206924,38.19129282,train,13.67635852,19.64119451,14.29232980732595,18.091097261733793,14.212226027445784,12.110310615927702,14.111251269911353,17.031490981471837,13.873977471220485,20.149942618174773,1.78481152,16.81160378
2008-05-09,2008-05-24,2008-06-06,west_south,18.49716394,6.74806154,train,21.81728778,1.23439607,21.540495129153506,4.147467328481513,22.265938988000002,0.0,21.68686741590017,3.1887584822064134,22.05119473888065,4.035963781758296,12.75767822,0.82258405
2008-05-23,2008-06-07,2008-06-20,central_north,18.83884054,59.7270576,train,19.77747907,57.16786632,20.081972615683522,44.16797930444244,20.308258041421684,46.31409441185542,19.979903005390963,45.393182124452125,19.916410045466492,46.6488082996065,8.93549241,38.11060148
2008-05-23,2008-06-07,2008-06-20,central_south,27.03050398,38.82503634,train,26.16086444,33.32699248,25.907457780546945,41.0225318880557,26.96250064168675,30.416043337493978,26.158952462205804,38.947006874754265,26.512788635189306,40.44366895576681,16.77058724,31.29138794
2008-05-23,2008-06-07,2008-06-20,east_north,20.75105952,43.29683735,train,19.30645102,46.60428897,19.689800565010884,47.54968001693937,20.715028082433737,38.766400641566264,19.88626157710588,45.704308757529134,19.60473013387102,47.120113001234685,11.27633479,26.96356188
2008-05-23,2008-06-07,2008-06-20,east_south,26.34689943,39.79665623,train,24.86578573,49.02873639,25.13625038884171,57.185131303037686,25.834557590361445,44.09746252693976,25.291937606420642,54.78089145467932,25.152514268170695,55.75903140607511,16.52205415,15.26122139
2008-05-23,2008-06-07,2008-06-20,west_north,14.21042133,13.89922191,train,14.4292059,19.58098435,16.523233192025728,15.68857718647554,14.965073407445782,12.050100455927705,15.640780910030571,16.16959151492035,15.4481280931249,17.83893121217673,5.27848445,11.46445679
2008-05-23,2008-06-07,2008-06-20,west_south,24.47964945,0.09851978,train,23.70092084,0.56446389,23.412256279647806,6.721858447067492,24.149572048,0.0,23.504823591455185,5.446584090825201,24.23383835840128,5.01825474628027,13.81389257,0.81173145
2008-06-06,2008-06-21,2008-07-04,central_north,20.74298763,37.55724668,train,21.26340227,45.32139002,21.674785344682203,43.084505223069385,21.794181241421686,34.467618111855415,21.472007429717184,41.938165929126555,21.867598221851903,40.89877486119556,9.88334781,44.20355605
2008-06-06,2008-06-21,2008-07-04,central_south,26.19571085,36.69907759,train,26.32445861,37.51478993,27.099648285720964,40.88493260065884,27.126094811686748,34.60384078749398,26.907955673041673,40.795101170115956,27.064537239273132,40.15812410251026,18.95950511,41.80698503
2008-06-06,2008-06-21,2008-07-04,east_north,20.4934997,56.19704006,train,20.20730613,49.0340261,21.06899933224971,47.091415725020454,21.615883192433735,41.19613777156626,21.04309399360365,46.64285304417379,20.854933388167346,46.38444937416001,11.95186547,43.98366585
2008-06-06,2008-06-21,2008-07-04,east_south,25.76554941,56.41698907,train,25.19551205,61.25052442,26.20831579957102,62.82537221172949,26.164283910361448,56.31925055693976,26.075704712964882,62.98176604024637,26.0421411803336,61.787566910907245,19.57973602,24.352262
2008-06-06,2008-06-21,2008-07-04,west_north,19.84017819,4.69243544,train,17.39295229,14.40521115,18.444067621288376,13.182648273206315,17.928819797445783,6.874327255927704,17.94063371144958,12.99927633912959,18.077933747856022,13.319944350905107,7.97368999,10.66033451
2008-06-06,2008-06-21,2008-07-04,west_south,26.18710479,5.73516744,train,24.73340456,4.00944299,24.98034684457383,9.837419407588435,25.182055768,2.270655549036144,24.83355363027223,9.303800136600529,25.36977864414707,9.660212338827279,15.96630381,0.25619902
2008-06-20,2008-07-05,2008-07-18,central_north,22.5323288,44.72253456,train,21.86791517,43.87164371,22.658898830557117,41.04969545931548,22.398694141421686,33.01787180185542,22.30128444873025,40.54742230716252,22.719642421104236,39.06503993337854,12.46628085,31.98564894
2008-06-20,2008-07-05,2008-07-18,central_south,26.94074744,41.07518048,train,26.72159453,42.70654177,27.896842060129607,40.46761041928114,27.52323073168675,39.795592627493974,27.563920709104035,42.40041166735375,27.480703218400574,41.07275532420141,21.12528093,48.52930025
2008-06-20,2008-07-05,2008-07-18,east_north,22.12328946,39.94351929,train,20.90960409,47.42783778,21.85853760018299,46.23858670002408,22.318181152433734,39.58994945156626,21.808969644517855,46.02652655156824,21.706699226524478,45.38807041598348,12.00367813,58.58001696
2008-06-20,2008-07-05,2008-07-18,east_south,26.11962376,84.8776916,train,25.63876432,65.37125719,26.91520700308871,66.96081296319772,26.607536180361446,60.43998332693975,26.712580017336844,67.66337297552799,26.65414145376808,64.48548181547807,21.26282994,41.57213321
2008-06-20,2008-07-05,2008-07-18,west_north,20.20429409,3.42083245,train,19.68889647,15.03476902,19.842302367027127,10.927757792303158,20.224763977445782,7.503885125927705,19.7099008157358,11.519835415709899,19.95470542974414,9.850252754518406,12.57452473,13.56436344
2008-06-20,2008-07-05,2008-07-18,west_south,25.85965025,31.73438242,train,25.71844079,9.85373068,26.088665223195996,12.858540793577824,26.167091998,8.114943239036144,25.918902033295506,13.50476144250688,26.076178840581306,15.07240620722828,19.47694256,3.24569287
2008-07-04,2008-07-19,2008-08-01,central_north,23.5226019,44.84981748,train,21.92367906,41.07702047,22.950076879481646,38.4672681843104,22.454458031421687,30.223248561855417,22.532849932036516,38.25753319600298,22.757162071351466,36.922165479050165,16.46789932,66.17316524
2008-07-04,2008-07-19,2008-08-01,central_south,28.40592426,32.34981769,train,26.81134471,29.48125001,28.20258783249197,39.86083905643639,27.612980911686748,26.570300867493977,27.804723251965747,38.81428518838601,27.72573201006537,35.56825185439675,26.22852682,27.15354571
2008-07-04,2008-07-19,2008-08-01,east_north,22.52250913,67.86313125,train,21.0356174,49.29139041,22.02538795221156,45.27658691651643,22.444194462433735,41.45350208156626,22.014444294728545,46.13150941289513,21.876345794808948,44.67405702202639,15.6823959,34.51439254
2008-07-04,2008-07-19,2008-08-01,east_south,27.23279219,61.53126895,train,25.30482899,70.78037834,27.185183716395898,68.79221786928417,26.273600850361447,65.84910447693976,26.797203236163533,70.95118989903838,26.810128574452268,67.54285283013765,23.49399999,25.66729805
2008-07-04,2008-07-19,2008-08-01,west_north,20.52714666,7.75742227,train,20.23068223,12.97273203,20.519864298669177,9.292258858389266,20.766549737445782,5.441848135927704,20.362582822458897,10.037257057827304,20.422356427113627,9.372361067735525,11.33218234,43.36015525
2008-07-04,2008-07-19,2008-08-01,west_south,25.98491734,22.8066617,train,26.26656318,6.78589341,26.592296606869922,15.18515724405891,26.715214388,5.047105969036144,26.48799451302983,14.674719580134582,26.12586231862761,14.653702107810123,17.54730658,9.83809341
2008-07-18,2008-08-02,2008-08-15,central_north,21.71207893,37.12823516,train,21.9629547,40.30903609,22.484336925269318,35.72111683585367,22.493733671421687,29.455264181855416,22.3472549896068,36.03649132147129,22.38487607566709,34.308751172398615,18.78041701,78.83474445
2008-07-18,2008-08-02,2008-08-15,central_south,27.33761045,54.48669073,train,26.68028628,33.93952761,27.929651282548242,39.146771143144285,27.48192248168675,31.028578467493976,27.669858980537125,39.575630796592094,27.58966124009818,36.782516028698865,27.29249486,35.58739757
2008-07-18,2008-08-02,2008-08-15,east_north,20.03256609,50.8256313,train,21.3837549,52.91792505,21.55638637148165,44.44940784030942,22.792331962433735,45.080036721566266,21.96995438529224,46.401441658238596,22.053958308646,43.05898340815274,21.42319166,52.14973773
2008-07-18,2008-08-02,2008-08-15,east_south,26.25649741,57.30934788,train,25.8488257,58.36232567,26.95638034642397,67.8996363962259,26.817597560361445,53.431051806939756,26.938219032449435,66.90640469581578,26.80687525821182,64.41997360353042,26.97151355,34.1338052
2008-07-18,2008-08-02,2008-08-15,west_north,20.46630969,9.17095361,train,19.69767367,13.02624613,20.331278531494323,8.582944104938058,20.233541177445783,5.495362235927705,20.098134352504736,9.78076113349699,19.885634256649688,9.78028503444921,13.294335,19.8505184
2008-07-18,2008-08-02,2008-08-15,west_south,26.12725607,20.77521988,train,25.13164955,10.95471471,26.38429657090857,16.384252994781317,25.580300758,9.215927269036143,25.97396229250301,17.11792811311717,25.456884633109976,18.201236422228245,23.37268487,0.76350088
2008-08-01,2008-08-16,2008-08-29,central_north,20.71972556,21.83473533,train,20.61429685,41.98984817,21.232378514874426,33.0997127840345,21.145075821421685,31.13607626185542,21.138390761161116,34.63312398920068,21.099206776452313,33.88287955090399,20.78099732,34.52935043
2008-08-01,2008-08-16,2008-08-29,central_south,25.48719519,84.35381313,train,26.26861935,19.98762526,27.020885562331877,38.38397162086092,27.07025555168675,17.076676117493978,27.020077200781007,35.17769588866575,27.17903290606278,37.96473927982123,26.16898359,37.39115086
2008-08-01,2008-08-16,2008-08-29,east_north,19.90937896,25.22361477,train,19.74097613,49.35799022,20.459796051532717,43.902667686919216,21.149553192433736,41.52010189156626,20.720496641508266,45.27744983407564,20.460332820580792,43.78294928316025,20.08126286,50.89880935
2008-08-01,2008-08-16,2008-08-29,east_south,25.61044057,147.04848034,train,25.4158799,40.20267136,26.19090902762802,64.33815227262963,26.384651760361447,35.271397496939755,26.34284172313046,59.34292457992332,26.684797909963002,61.623821515953836,25.48272021,58.74819083
2008-08-01,2008-08-16,2008-08-29,west_north,19.19571067,9.36171307,train,19.03974543,13.53655594,19.21627008491607,8.97900554619579,19.575612937445783,6.005672045927704,19.260884736180703,10.115074384790674,19.0753007374046,9.6733569854811,19.23183935,4.08322339
2008-08-01,2008-08-16,2008-08-29,west_south,25.12422253,16.48884916,train,24.67531877,7.03190013,25.419585242016147,16.282833362480083,25.123969978,5.293112689036144,25.294671557850872,15.86980481582341,24.89723718844559,14.938126398824277,26.217876,4.30082014
2008-08-15,2008-08-30,2008-09-12,central_north,17.1809705,48.42107667,train,18.4110603,40.29892399,19.21406012598589,30.74988117744846,18.941839271421685,29.445152081855415,19.113672883674052,32.450715904086806,18.959096517418118,31.930485706055887,22.01377707,42.09762459
2008-08-15,2008-08-30,2008-09-12,central_south,24.76663464,73.22569194,train,24.20910252,18.91002372,25.469119685564017,37.60008977853939,25.010738721686746,15.999074577493978,25.319119636502403,34.355591362110516,25.50122468510732,39.944847851346324,26.7218917,44.04500548
2008-08-15,2008-08-30,2008-09-12,east_north,19.6559897,50.74377606,train,18.26598094,39.18277801,18.769110686429016,43.65293419803269,19.674558002433734,31.344889681566265,19.172536381905562,42.23542224178368,19.041098665330924,46.117823789727,21.55967869,45.94417031
2008-08-15,2008-08-30,2008-09-12,east_south,25.9415258,57.21417276,train,23.29674936,46.3805499,24.88867397917959,58.633893566206076,24.265521220361446,41.44927603693976,24.75343736046356,56.83759543136031,24.703910580007154,60.077736746664755,26.12256297,82.75141237
2008-08-15,2008-08-30,2008-09-12,west_north,14.58962702,14.55672554,train,14.75491463,14.21453565,17.219436677337917,10.490230999360525,15.290782137445783,6.683651755927705,16.392436952492748,12.107420013999537,16.202174970171544,12.064181151991246,20.44430187,3.44832005
2008-08-15,2008-08-30,2008-09-12,west_south,23.16100513,18.98947449,train,22.61329764,4.28698832,23.730540166220088,15.001526699663524,23.061948848,2.548200879036144,23.512303286964414,14.214111887456742,23.410074032775363,13.209502743123462,25.82458362,31.74460064
2008-08-29,2008-09-13,2008-09-26,central_north,17.72726743,40.40042837,train,13.74578405,44.54343761,16.509179169456196,28.669347788512823,14.276563021421685,33.68966570185542,15.649342399791976,32.49848927171176,16.02490024760737,34.81470920419534,23.40486209,49.20072718
2008-08-29,2008-09-13,2008-09-26,central_south,21.8648686,30.13100164,train,21.29535846,22.82397087,23.3311415755787,36.79399120672391,22.096994661686747,19.913021727493977,22.904433918918347,34.796359506157316,23.302008757269594,41.81822620281156,28.21633448,28.66008354
2008-08-29,2008-09-13,2008-09-26,east_north,16.55577879,29.76247175,train,15.06667836,44.97596807,16.547903673311108,43.59017991288667,16.475255422433737,37.138079741566266,16.597920596100565,43.804545611476016,16.13588863953852,45.31099102748367,22.60114279,62.76730252
2008-08-29,2008-09-13,2008-09-26,east_south,22.79143408,31.8899685,train,21.44756157,43.5372598,23.097453826599384,51.68071843433042,22.416333430361448,38.60598593693976,22.94560359933519,50.630345698891645,22.799701601750215,53.68065201741986,26.9905258,54.34874971
2008-08-29,2008-09-13,2008-09-26,west_north,14.59847246,7.5079976,train,12.12538039,21.29778568,14.492172044223567,12.949009218552941,12.661247897445783,13.766901785927704,13.786400835696558,15.626516749770872,13.92697815665677,15.02357339915283,20.44601017,8.40030796
2008-08-29,2008-09-13,2008-09-26,west_south,21.78671662,2.03195631,train,20.12112402,10.71735325,21.43043161047212,12.921503067916568,20.569775228,8.978565809036144,21.18525634134066,14.208987413277494,21.35645731987662,12.266024865985951,25.92598588,24.13839748
2008-09-12,2008-09-27,2008-10-10,central_north,13.48101823,27.18520918,train,12.05930201,35.00102019,13.261218941153908,26.738254486157064,12.590080981421686,24.147248281855415,13.062120890535095,27.77881748125908,12.85704030856158,28.935164170113314,22.36497333,37.42519012
2008-09-12,2008-09-27,2008-10-10,central_south,20.54310006,26.08401015,train,18.96292912,22.48151981,20.731880804050267,35.9463782600736,19.764565321686746,19.57057066749398,20.425226393582612,33.63355574344385,20.746647516480344,38.93228498318604,27.76591471,53.85370368
2008-09-12,2008-09-27,2008-10-10,east_north,13.35015498,43.63093834,train,12.24313819,36.36328657,13.8938998563215,43.51245185196846,13.651715252433736,28.525398241566265,13.87019588830303,41.17653147923686,13.613298186789955,42.24404109354735,20.55500948,54.06906019
2008-09-12,2008-09-27,2008-10-10,east_south,21.0306487,50.33629156,train,19.67644039,48.86054866,20.91637680379871,44.560139569228966,20.645212250361446,43.92927479693976,20.924191514059423,46.185362468837724,20.390202713587037,44.67685845576496,26.64661281,52.82914058
2008-09-12,2008-09-27,2008-10-10,west_north,12.10772274,16.81787601,train,9.78718496,19.43869713,11.275705262274318,16.038295991757856,10.323052467445782,11.907813235927705,10.972539625577173,16.891697811380578,11.251250526554124,16.459825177588794,20.42504568,8.74077052
2008-09-12,2008-09-27,2008-10-10,west_south,19.87694371,7.0865927,train,17.85377359,7.48902211,18.703294953972964,10.592562722061494,18.302424798,5.750234669036144,18.653010386417133,11.137614775579049,18.86574459300888,9.724749362819253,26.28762589,17.8462298
2008-09-26,2008-10-11,2008-10-24,central_north,9.47926292,45.96495251,train,5.40166763,35.84425319,9.671945377117531,24.780682295776497,5.932446601421687,24.99048128185542,8.184464966136133,27.195278367868962,8.591683561339021,28.850866786411284,20.5802993,20.7946193
2008-09-26,2008-10-11,2008-10-24,central_south,17.67691261,34.20761188,train,14.71807084,35.45269284,17.85685179621641,35.03588406349181,15.519707041686747,32.54174369749397,16.977309662557122,36.380649716571014,17.434012626328666,40.10288254979051,25.3561731,87.89987568
2008-09-26,2008-10-11,2008-10-24,east_north,10.20908065,11.87797884,train,7.84422202,54.61369612,10.940273120922562,43.1843101350905,9.252799082433736,46.775807791566265,10.325629856787202,45.78978493380421,10.2990001945127,43.086081784607885,19.89211337,18.77859817
2008-09-26,2008-10-11,2008-10-24,east_south,18.30992369,24.79062541,train,16.25443054,28.8624881,18.491169804697414,38.32411887148476,17.223202400361448,23.93121423693976,17.993901756916447,36.05881820847614,17.995244201275447,36.58916948169069,25.39472739,152.79189249
2008-09-26,2008-10-11,2008-10-24,west_north,6.59647459,10.17413601,train,5.53434795,15.93869409,7.868106056250742,19.349764563186476,6.070215457445784,8.407810195927706,7.209596134940171,18.3388608254578,7.8776560405637985,17.964356279947182,19.48247178,9.40338538
2008-09-26,2008-10-11,2008-10-24,west_south,14.88199755,3.63884061,train,14.55586044,6.60564532,15.781641547620252,8.603608513104353,15.004511648000001,4.866857879036144,15.547427884687067,9.104958314060745,15.992857674364878,10.061886931536968,25.20417137,17.06383959
2008-10-10,2008-10-25,2008-11-07,central_north,8.86439114,18.3529488,train,4.81421363,30.7434574,5.986510327879351,22.64020481694924,5.344992601421687,19.889685491855417,5.757429913064178,22.858432112580346,6.12982125128904,21.634849682694995,17.54434984,42.9784666
2008-10-10,2008-10-25,2008-11-07,central_south,14.92702356,5.89452315,train,13.72615591,26.14592396,14.933372311500452,34.056302160022966,14.527792111686747,23.234974817493978,14.797929661633997,32.054098183924864,15.037783177969935,32.57844848493714,24.86508401,63.74088709
2008-10-10,2008-10-25,2008-11-07,east_north,8.67734936,45.85282891,train,6.08030284,39.72008469,7.8525159698906375,42.40501662427662,7.488879902433736,31.882196361566265,7.722791096227458,40.35562660818478,7.594454682475647,36.14019121438295,19.95827098,59.13140722
2008-10-10,2008-10-25,2008-11-07,east_south,14.0650891,34.79290555,train,14.84864844,22.20590956,16.001234543938903,33.78849150595916,15.817420300361444,17.274635696939757,15.87519449141882,29.991802733913655,15.752911208499324,28.01911480316247,26.00355733,57.35563784
2008-10-10,2008-10-25,2008-11-07,west_north,7.09883432,28.76170571,train,3.81376681,30.55498991,4.581500291311068,22.459715492782703,4.349634317445783,23.024106015927703,4.579901703181429,23.557520157253336,5.200797725453244,20.692237943741407,15.29866173,12.1295248
2008-10-10,2008-10-25,2008-11-07,west_south,14.85776399,3.99906649,train,12.20406323,9.90434433,12.91594938227177,7.445232573377714,12.652714438,8.165556889036145,12.853061346412822,8.426558221698418,13.113300242754004,8.804074651605564,23.83042351,18.15676028
2008-10-24,2008-11-08,2008-11-21,central_north,0.97935184,16.98759824,train,3.44883743,41.28852617,2.4706608392404608,20.250228507054796,3.979616401421687,30.434754261855414,3.120238568279465,22.741004064617666,3.596451203100791,23.43593017597665,17.51459517,51.18926442
2008-10-24,2008-11-08,2008-11-21,central_south,10.73191699,24.35915904,train,14.06415741,37.76612128,12.203478437769322,33.030317097091164,14.865793611686748,34.85517213749398,13.314106649767528,32.820461884394774,13.171767428154293,30.22890454013253,22.51591482,41.38157041
2008-10-24,2008-11-08,2008-11-21,east_north,3.38531056,42.72784594,train,4.92704904,60.00448919,4.8200248148284,41.070113012917794,6.335626102433736,52.166600861566266,5.462288549281052,43.61255829661255,5.3710506780056555,44.27550963254053,16.80537485,25.81799324
2008-10-24,2008-11-08,2008-11-21,east_south,11.19599886,34.38144725,train,14.57340604,27.68068829,13.640323589398552,31.38213425357477,15.542177900361445,22.749414426939758,14.323417147280136,28.364615447500487,14.056545818169948,26.04638112951675,23.63870249,32.43620617
2008-10-24,2008-11-08,2008-11-21,west_north,4.97441661,24.11940769,train,1.23604848,42.68278089,1.6977861064719402,25.00645361067931,1.7719159874457835,35.1518969959277,1.802091654344246,28.030695204245088,2.3733936393749184,27.364764983805696,14.46369537,9.89785846
2008-10-24,2008-11-08,2008-11-21,west_south,11.77888849,2.05451077,train,9.83174443,23.43112066,10.34158324399496,7.395883690085494,10.280395638000002,21.692333219036147,10.327062917961634,11.322837137672757,10.298436739891635,11.403264785416479,21.49277882,5.2060197
2008-11-07,2008-11-22,2008-12-05,central_north,-1.43401322,8.17450186,train,0.19961828,32.92784134,-0.6166639338318001,17.68110752305755,0.7303972514216868,22.074069431855417,-0.08735385318937416,18.21965184912708,0.37508462352133554,18.058873280644196,14.57029115,26.87367453
2008-11-07,2008-11-22,2008-12-05,central_south,9.01184256,24.31629088,train,10.65645981,32.85065179,9.893277087588213,32.015900337299094,11.458096011686747,29.939702647493977,10.480527415692006,30.549521920584315,10.668332202927175,29.38892647780563,20.72330108,23.56166286
2008-11-07,2008-11-22,2008-12-05,east_north,0.05868892,38.67359085,train,1.51933773,53.9880517,2.0426277203760996,39.211457847645285,2.927914792433736,46.150163371566265,2.36599571384731,40.34330404755467,2.5113832643702265,41.29151459101283,13.48577511,46.049585
2008-11-07,2008-11-22,2008-12-05,east_south,8.52041551,43.28627124,train,11.16132519,46.85748655,11.59397255210542,31.08419171043208,12.130097050361444,41.926212686939756,11.679558456458317,33.04469497110344,12.146651228272688,34.57015978397342,20.71977564,35.2466794
2008-11-07,2008-11-22,2008-12-05,west_north,1.74396796,9.7619113,train,-0.25419934,55.61039257,-0.5686157467108105,26.752623114071806,0.2816681674457835,48.079508675927705,-0.16422707745415832,31.924276022782113,0.2906923902639811,32.643929638482234,13.46014781,16.27445223
2008-11-07,2008-11-22,2008-12-05,west_south,9.9028666,20.24432304,train,7.89011413,27.79929286,8.249291360798091,8.457645919753784,8.338765338,26.060505419036147,8.250522027020267,12.617691627451489,8.165565657898295,14.005294476359925,20.53574961,7.25490433
2008-11-21,2008-12-06,2008-12-19,central_north,-6.88920237,24.88700666,train,-5.26892361,24.90168973,-3.051021243377803,15.151466683237757,-4.738144638578313,14.047917821855417,-3.826873665387666,14.748547319268301,-4.316705078432815,11.432420257634444,10.23198539,37.28574994
2008-11-21,2008-12-06,2008-12-19,central_south,8.50758092,43.61940002,train,6.27882483,31.60846206,8.184299979113733,31.103248854636348,7.080461031686747,28.697512917493977,7.615611394160328,29.847362373808675,7.167837985184487,27.93198905860967,18.71670363,28.56835086
2008-11-21,2008-12-06,2008-12-19,east_north,-0.87590692,69.10347695,train,-3.38247668,48.69335888,-0.28658981020190666,37.005672625446905,-1.973899617566264,40.85547055156626,-1.0722938636002193,37.67098647321413,-0.9502677645452156,34.9518334554768,11.41293728,15.75369336
2008-11-21,2008-12-06,2008-12-19,east_south,12.2855998,56.65570489,train,8.82921856,64.45238159,10.017581632686596,32.46163520794745,9.797990420361444,59.52110772693976,9.784994608545063,38.39336905041273,10.005553850477302,43.19580731335256,19.26332933,44.0547905
2008-11-21,2008-12-06,2008-12-19,west_north,-4.54756115,23.70248024,train,-1.91571865,39.62201329,-2.0940534921499374,27.619468611741524,-1.3798511425542166,32.0911293959277,-1.8122327228056974,27.803597622035607,-1.8131195761003815,30.915780740614675,6.45855133,11.07080024
2008-11-21,2008-12-06,2008-12-19,west_south,6.02788932,29.3831925,train,5.82911419,27.64407342,6.764603745892806,10.356292268519459,6.2777653980000006,25.905285979036147,6.489533977772824,13.5881130889262,6.3945034942681955,15.344486267031268,15.51505648,3.59347708
2008-12-05,2008-12-20,2009-01-02,central_north,-6.656267,23.76458158,train,-7.5098772,33.03108712,-4.665940902398568,12.999578119161242,-6.979098228578313,22.17731521185542,-5.683834222281418,15.085815649578617,-6.543012940568545,14.197293761503534,9.00371156,17.13781905
2008-12-05,2008-12-20,2009-01-02,central_south,9.04414014,20.94837617,train,8.41326151,37.6386939,7.192061330089537,30.402378295446535,9.214897711686747,34.72774475749398,7.934727371704022,29.406166078333637,8.216424691327001,28.331811494568324,14.85810387,11.23428753
2008-12-05,2008-12-20,2009-01-02,east_north,-1.96532905,47.3389521,train,-2.17221744,55.81097095,-1.9998863305214272,34.74816893119484,-0.7636403775662639,47.97308262156626,-1.5411783059254014,36.53461359311939,-1.3389074201401736,39.56351348896253,7.73600416,41.56293676
2008-12-05,2008-12-20,2009-01-02,east_south,11.54848487,16.7165703,train,10.69844928,42.18885492,9.018962406741917,34.79671338140798,11.667221140361445,37.257581056939756,9.947336456892948,32.81377840213251,9.988797278014342,33.273752237854296,13.91464308,41.69575453
2008-12-05,2008-12-20,2009-01-02,west_north,-5.22405897,51.67143938,train,-4.14057384,55.67597942,-2.8511496522494792,27.686365763286744,-3.6047063325542164,48.1450955259277,-3.167433053112292,32.02775482475441,-3.2641723603431574,30.3861935970676,7.56961402,23.64177359
2008-12-05,2008-12-20,2009-01-02,west_south,4.37191331,14.15516977,train,5.94245341,26.3837148,5.9395039852547304,12.605570748509814,6.391104618,24.644927359036146,6.0505696806611216,14.09382519991588,6.220592265804473,16.90303598387311,15.57855591,3.96375539
2008-12-19,2009-01-03,2009-01-16,central_north,-8.39583552,10.4741881,train,-8.83622691,24.7414824,-5.354353817058844,11.668520666506236,-8.305447938578315,13.887710491855415,-6.623252306837944,11.763512744431015,-7.300223096775318,12.29879138315518,2.41152912,27.89759144
2008-12-19,2009-01-03,2009-01-16,central_south,7.33501376,26.46423141,train,7.63095867,40.94728654,6.949300173454483,30.03434559187849,8.432594871686748,38.03633739749398,7.493185497307811,29.768131882388584,7.590409648121442,30.204567766075986,11.68971253,27.53801035
2008-12-19,2009-01-03,2009-01-16,east_north,-5.7328733,36.18577043,train,-4.95731772,46.23768106,-2.939900738836826,32.88946950156489,-3.548740657566264,38.399792731566265,-3.23413698425386,32.90718555271985,-2.97872805242156,32.159085705062424,5.63050159,46.38814249
2008-12-19,2009-01-03,2009-01-16,east_south,9.63485865,37.83286914,train,9.52600273,51.38840984,8.652173412603839,37.1487336396563,10.494774590361445,46.45713597693976,9.292641637803499,36.863582771904916,9.282398906964545,35.81174320691255,12.60011505,34.53674774
2008-12-19,2009-01-03,2009-01-16,west_north,-1.92760424,29.96743604,train,-5.18140931,51.09640714,-2.910595316703661,27.196355141402417,-4.645541802554217,43.5655232459277,-3.6305096687861624,30.32673977521541,-3.554087214422826,28.297703145462062,5.0450013,27.88312407
2008-12-19,2009-01-03,2009-01-16,west_south,6.19887472,3.09018304,train,5.98606528,31.78888176,5.751509547268496,14.52750254404076,6.434716488,30.050094319036145,5.99556799284478,16.45855908890823,6.089469911904746,21.08585935591932,11.50508061,2.13583573
2009-01-02,2009-01-17,2009-01-30,central_north,-7.32653133,8.74851351,train,-2.32897975,17.9778073,-5.179478889302693,11.358653666357286,-1.798200778578313,7.124035391855415,-3.7545129648654108,7.407861338615014,-3.6312464226675507,9.740758055784989,-0.98550443,7.31752541
2009-01-02,2009-01-17,2009-01-30,central_south,7.06916814,12.80081218,train,8.49880937,27.3791158,7.395946991493571,30.042601176976437,9.300445571686748,24.468166657493978,8.140245264123747,25.710623475335698,8.111159477538209,26.083472420432283,9.42507349,18.08421
2009-01-02,2009-01-17,2009-01-30,east_north,-7.19909797,29.44507333,train,-4.70967303,48.35381284,-3.1463282739625047,31.552578408163225,-3.3010959675662646,40.51592451156627,-3.183222497867452,32.08606825482241,-3.0721041299540905,31.579171960607535,-0.16100654,37.89101111
2009-01-02,2009-01-17,2009-01-30,east_south,7.04235162,20.68499712,train,7.61477335,33.50794011,8.868401546842923,39.10077035194285,8.583545210361445,28.57666624693976,8.647033851605908,33.96851060972075,8.540370093744997,33.13222344108661,8.19619676,42.41849553
2009-01-02,2009-01-17,2009-01-30,west_north,-2.85986247,16.7435932,train,-1.72491565,28.50746837,-2.387765171479782,26.349587195113298,-1.1890481425542165,20.976584475927705,-1.8766558072036328,22.42647938715399,-2.28430023187447,24.650984743295272,2.41902876,10.86205441
2009-01-02,2009-01-17,2009-01-30,west_south,8.47627285,8.34924985,train,7.09006162,4.79036061,6.113127101979079,15.817346497829332,7.538712828,3.0515731690361436,6.673955505015031,9.712905662685955,6.714620848187635,9.54628219758337,10.3961392,20.2427397
2009-01-16,2009-01-31,2009-02-13,central_north,-0.7618922,16.70235191,train,-5.16054712,31.59968242,-4.1325391203316695,12.430680382670234,-4.6297681485783135,20.745910511855417,-4.238723381529834,12.843267139772426,-4.621689553390254,15.100417998656301,-6.83407041,20.07504754
2009-01-16,2009-01-31,2009-02-13,central_south,11.07127621,17.45757439,train,7.50747909,43.85710569,8.472220416818343,30.50685674939239,8.309115291686748,40.94615654749397,8.445898790237663,30.861510027173953,8.561927378796824,27.671138736728448,7.05385614,47.93599725
2009-01-16,2009-01-31,2009-02-13,east_north,-1.52146252,18.13127425,train,-5.53567131,52.83348845,-2.534539215791435,31.127604450536936,-4.127094247566264,44.99560012156626,-3.089431585354478,33.27030540203634,-3.0935452618243215,32.11932223345342,-0.90759897,66.72832965
2009-01-16,2009-01-31,2009-02-13,east_south,9.28311913,8.96694552,train,7.65150846,39.48676652,9.64811896263087,40.060187097278224,8.620280320361445,34.55549265693976,9.201563143543243,36.33048690895275,8.921722253989245,33.11963346227735,11.13396657,56.61648027
2009-01-16,2009-01-31,2009-02-13,west_north,-1.04375366,12.6785673,train,-3.45958466,42.98928744,-1.3995137229402312,25.4260825330237,-2.9237171525542163,35.4584035459277,-1.9385101709070627,26.240680682787744,-1.4383701406276845,26.382146808116143,-3.69745728,18.17807047
2009-01-16,2009-01-31,2009-02-13,west_south,7.01479865,21.77240225,train,5.0889302,25.22171909,6.952253240061453,15.964740332444508,5.537581408,23.482931649036146,6.432078548485379,15.95858925700514,7.127792241380447,13.672747877397605,6.55894854,17.24786665
2009-01-30,2009-02-14,2009-02-27,central_north,-3.90356099,14.13609478,train,-3.0795299,31.45725996,-2.329821108206135,14.964775257575733,-2.548750928578313,20.603488051855415,-2.2554642873907165,14.486497895631967,-2.8821595440249226,14.09074007599563,-7.21797237,29.60323117
2009-01-30,2009-02-14,2009-02-27,central_south,11.06556135,14.68413005,train,8.95705159,51.99644085,10.042664822029618,31.420891090643256,9.758687791686748,49.08549170749397,10.046674475805506,33.65307532109752,10.047394473353872,29.512952427353394,9.54374975,22.83918505
2009-01-30,2009-02-14,2009-02-27,east_north,-1.86320925,20.65028069,train,-3.16518213,37.72317307,-1.1572916771278043,31.74725155012473,-1.756605067566264,29.885284741566267,-1.252915195096127,29.364825409716648,-1.5731207298476182,28.86318905590849,-1.24879258,50.44686164
2009-01-30,2009-02-14,2009-02-27,east_south,9.19007254,23.18041375,train,9.81775248,41.02511051,10.895177518580073,39.9426723226944,10.786524340361444,36.09383664693976,10.908587300110415,36.32317268465913,10.299821586648417,34.958799151183314,12.98675198,17.64685301
2009-01-30,2009-02-14,2009-02-27,west_north,0.09271585,29.65299298,train,-2.32379377,41.82183607,-0.07839915192362597,24.626440124551962,-1.7879262625542165,34.29095217592771,-0.6287910068429647,25.35403706840022,-0.16479871017142833,26.01739713784195,-6.26655839,49.23939248
2009-01-30,2009-02-14,2009-02-27,west_south,8.70569821,12.39217928,train,6.43362988,23.17961633,8.160635952393015,14.836352178772358,6.882281088,21.440828889036148,7.764379935461908,14.509659591399465,8.459555968361016,13.523769454638334,3.94859591,26.25022935
2009-02-13,2009-02-28,2009-03-13,central_north,-2.09619474,20.65118606,train,0.12633043,41.94464314,0.07126900219637033,18.82388403219142,0.6571094014216867,31.090871231855413,0.546453262721316,19.865078685912255,0.39438599394183316,16.845970833183006,-6.86843895,10.1589937
2009-02-13,2009-02-28,2009-03-13,central_south,12.83022453,27.17798314,train,13.70203025,49.53458586,11.955014409057833,32.71884071646707,14.503666451686748,46.62363671749398,13.191693412780076,33.12246715152908,13.338199072669681,36.75963971528168,8.67230426,26.68071714
2009-02-13,2009-02-28,2009-03-13,east_north,0.79907946,38.23190224,train,-1.7820196,59.99371418,0.87692129730641,33.37215404786704,-0.373442537566264,52.15582585156626,0.5980165531014445,36.72132769409295,0.8024372709695757,36.60490783259482,-4.35759945,36.18472642
2009-02-13,2009-02-28,2009-03-13,east_south,12.36339463,46.0622152,train,12.54437613,52.17333565,12.492147741779222,39.04648269389962,13.513147990361444,47.24206178693976,13.052611215819962,38.355132254230284,12.80389286606238,36.74336816521557,10.41205486,37.928606
2009-02-13,2009-02-28,2009-03-13,west_north,-0.38781316,23.21912322,train,-0.75520688,50.83697002,1.4740858585163548,24.040620326957786,-0.21933937255421654,43.306086125927706,1.0029766108622231,27.418184516856396,1.448738575287615,29.524670390619637,-1.90798269,38.09843798
2009-02-13,2009-02-28,2009-03-13,west_south,10.40883446,6.09505406,train,8.68793054,26.99906821,9.641511486605799,12.590927709465344,9.136581748000001,25.260280769036147,9.629282459778508,13.731321017505323,9.898479327840036,14.72909535033332,5.9430984,3.13365419
2009-02-27,2009-03-14,2009-03-27,central_north,5.51283748,23.94286538,train,3.01495606,47.89990663,2.8934312897935603,23.659536272800555,3.5457350314216867,37.04613472185541,3.4200612080001704,25.12090531866058,3.5207360514293398,21.70584602895051,-8.59672813,8.75302668
2009-02-27,2009-03-14,2009-03-27,central_south,15.35957537,61.58746242,train,14.21685219,63.27895904,14.063003587281582,34.281983311916164,15.018488391686747,60.36800989749398,14.681387088914352,38.64582477641446,14.381809260112512,33.43300090013422,6.5326958,11.8509358
2009-02-27,2009-03-14,2009-03-27,east_north,4.12766561,19.41704385,train,2.84737591,56.85504112,3.4167321432863242,35.793967669320494,4.255952972433736,49.01715279156627,4.020617393158101,37.167090370795265,4.374541866418534,32.449728941740915,-8.63370714,18.56182145
2009-02-27,2009-03-14,2009-03-27,east_south,14.36305937,41.55751195,train,13.86373966,50.69845142,14.317438797966414,37.96889837187149,14.832511520361445,45.76717755693976,14.687466626082873,37.58080421874371,14.641663619845666,35.81156545676055,6.10755655,10.42946624
2009-02-27,2009-03-14,2009-03-27,west_north,4.05252055,27.15979069,train,1.76802208,31.5454334,3.1991147779170945,23.632784339598505,2.3038895874457834,24.014549505927704,3.056056622036802,22.026072559268922,3.2388890863528808,21.826533502519105,-2.78523732,16.02880147
2009-02-27,2009-03-14,2009-03-27,west_south,11.76817713,3.21740977,train,10.3867328,10.99999914,11.321336716753274,9.648824429780424,10.835384008000002,9.261211699036144,11.310762773606175,7.580950156530195,11.432858949477868,7.966270337873768,8.68947859,8.34924985
2009-03-13,2009-03-28,2009-04-10,central_north,2.81993942,30.59891708,train,7.21183038,41.2228872,5.95851320520528,28.960566931685214,7.742609351421687,30.36911529185542,6.920918911449718,27.148444330407298,7.297304049719227,27.999028530888626,-1.35244054,13.06417997
2009-03-13,2009-03-28,2009-04-10,central_south,13.8011552,33.59285915,train,15.33045562,47.62682685,16.242974416546218,35.95555804137209,16.132091821686746,44.71587770749397,16.375494904984492,36.4425235572873,16.368818586315832,34.053974756975606,10.0055846,16.94678898
2009-03-13,2009-03-28,2009-04-10,east_north,6.80056735,51.62508259,train,5.17675046,40.99386488,6.28436098008804,38.67346294531165,6.585327522433736,33.15597655156626,6.606872633446177,35.53067743004456,6.824346050436193,32.71533758511873,-2.69897732,18.40781082
2009-03-13,2009-03-28,2009-04-10,east_south,15.6507794,93.74759648,train,14.32714623,42.90939626,16.259009306124558,37.44759959678693,15.295918090361445,37.97812239693976,15.985398886388413,35.992156828670105,16.335573055659932,37.315712570762486,8.4357095,16.88837179
2009-03-13,2009-03-28,2009-04-10,west_north,3.53498227,26.60877914,train,6.23498772,28.68550799,5.076916628820535,23.259213650624854,6.770855227445784,21.154624095927705,6.003893405893828,20.551657700557694,5.762521030430254,21.465849787615795,-0.71392195,11.13370407
2009-03-13,2009-03-28,2009-04-10,west_south,11.37036383,2.0555388,train,13.83725083,17.34486166,13.151317618100862,6.6015849005998675,14.285902038000001,15.606074219036143,13.815467396438702,6.86951701070625,13.45658014200696,7.211511415259238,7.34176668,21.09346732
2009-03-27,2009-04-11,2009-04-24,central_north,9.92105297,31.20168672,train,10.26394829,52.34060925,9.101262886201768,34.135424778913844,10.794727261421686,41.48683734185542,9.982611593162794,34.28167229216024,10.128772645903489,34.67031211676097,-3.43424338,10.38795435
2009-03-27,2009-04-11,2009-04-24,central_south,17.44616778,53.50357983,train,18.09622673,43.7333468,18.401464549073424,37.57238363953245,18.89786293168675,40.82239765749398,18.735641521812404,36.883257859394064,18.509000925168547,36.37757703376715,10.34437031,14.26247739
2009-03-27,2009-04-11,2009-04-24,east_north,8.35882534,45.88916078,train,8.64573795,50.93495301,9.29297149093386,41.60549032653583,10.054315012433735,43.097064681566266,9.760159130083295,40.52615332571611,9.855377116611471,40.33586362737037,-2.14267291,28.0610487
2009-03-27,2009-04-11,2009-04-24,east_south,17.12748992,43.78229068,train,16.78601806,35.8054752,18.2223546781155,38.164371882276654,17.754789920361446,30.874201336939755,18.100757086548203,34.97966500531446,18.622112941612702,34.97343932268174,9.15744242,25.32236303
2009-03-27,2009-04-11,2009-04-24,west_north,7.91158992,17.85810225,train,7.04394499,30.25998718,7.10975691250436,22.714668081738036,7.579812497445784,22.729103285927703,7.47902801076846,21.438078679313314,7.036445340465578,22.489638894557025,-0.29732072,27.29400746
2009-03-27,2009-04-11,2009-04-24,west_south,14.44649492,5.64987383,train,14.66664698,7.96955222,15.09926383501205,4.08182467254438,15.115298188,6.230764779036144,15.226579036424742,3.368562365248817,14.657289935125466,4.577404755305448,7.76775432,13.03679475
2009-04-10,2009-04-25,2009-05-08,central_north,11.99209646,51.9292018,train,11.58328526,48.81220066,12.176211173785655,38.611300794017446,12.114064231421686,37.95842875185542,12.224967357407937,37.640419056845104,11.820543838193231,38.724237985100345,-2.1058693,28.51143093
2009-04-10,2009-04-25,2009-05-08,central_south,22.03656554,73.63392997,train,19.78597278,56.93137433,20.47323527176465,38.97856927068712,20.58760898168675,54.02042518749397,20.59978567648686,42.0923162632986,20.42642611783566,35.74629850001007,14.42559571,14.73062098
2009-04-10,2009-04-25,2009-05-08,east_north,15.0339215,54.27826846,train,9.90990894,56.40182527,12.262304358435046,44.196739388324566,11.318486002433735,48.56393694156627,11.931761302314712,44.8607864710939,12.407159295036212,45.23355580806182,1.75714513,40.25509866
2009-04-10,2009-04-25,2009-05-08,east_south,22.21730374,35.8726952,train,18.28045162,43.32526998,20.13196405083465,40.5574499793167,19.249223480361447,38.39399611693976,19.786160588073383,39.457314645406086,19.930118590725822,38.15025758886861,12.46418588,45.89395995
2009-04-10,2009-04-25,2009-05-08,west_north,7.92845406,39.06477817,train,10.82880983,24.18261588,9.296625064039887,21.795844986127467,11.364677337445784,16.651731985927704,10.241991496672075,19.16327180025763,9.578866186460651,19.692763629496778,-0.45833602,27.93414909
2009-04-10,2009-04-25,2009-05-08,west_south,18.11437058,1.5725173,train,17.92514098,6.22440566,17.13473406058805,2.622783721044967,18.373792188,4.485618219036144,17.69178345907789,1.9812788617272004,17.048326593883733,5.145743025469859,10.6518341,5.50917605
2009-04-24,2009-05-09,2009-05-22,central_north,13.87811181,31.91841856,train,14.8236305,55.87975576,15.057889685971658,41.929567040729886,15.354409471421686,45.025983851855415,15.165455086944522,42.319694987748605,14.525035577541399,43.55611199822526,4.85391526,21.71963488
2009-04-24,2009-05-09,2009-05-22,central_south,21.45059027,41.76625773,train,22.57581317,30.17836853,22.411529912996212,40.05617925769561,23.377449371686748,27.267419387493977,22.762455437697025,36.14501480877236,22.68001018291975,39.635583237708204,14.19753502,49.92391362
2009-04-24,2009-05-09,2009-05-22,east_north,13.92964821,35.33853007,train,13.78740731,54.0378787,15.030582484085077,46.139430456820186,15.195984372433736,46.199990371566265,15.055132355068757,45.79737254670158,14.719079105683385,47.84448992810721,2.89503673,12.61889446
2009-04-24,2009-05-09,2009-05-22,east_south,20.86527043,80.18542393,train,21.24405344,39.46938581,21.92707255229448,44.687080467635326,22.212825300361445,34.53811194693976,21.992887781270372,41.75797533135841,21.660984177723524,40.78994839564639,13.8914006,32.83329986
2009-04-24,2009-05-09,2009-05-22,west_north,12.54363798,8.62103691,train,12.07079528,24.90789435,11.606819984834004,20.366531570024932,12.606662787445783,17.377010455927703,12.004643692205565,19.1776318011282,11.39479459700847,20.853477173019552,3.93825795,22.56927846
2009-04-24,2009-05-09,2009-05-22,west_south,21.8274698,4.31527935,train,19.34548869,4.92841186,19.212132881469934,2.539299505388448,19.794139898,3.189624419036144,19.400746082815143,2.3664768454783243,19.055722703844477,4.8550542051417125,11.75315817,3.37394042
2009-05-08,2009-05-23,2009-06-05,central_north,16.16783039,38.95149165,train,17.56332911,57.97101769,17.636233574239427,43.8178229224656,18.094108081421687,47.11724578185542,17.71650310509804,44.714057230914904,17.146200852405315,46.34166701699799,2.04692502,28.50620144
2009-05-08,2009-05-23,2009-06-05,central_south,23.17794052,50.46115734,train,23.87595508,41.64899509,24.17419870688548,40.73840722047837,24.677591281686748,38.73804594749397,24.273527653509007,40.44822353482482,24.39534459498022,44.58486043218396,13.37424863,57.29875602
2009-05-08,2009-05-23,2009-06-05,east_north,16.03100618,53.61323142,train,16.42859023,45.25533793,17.46165943410196,47.26508189468572,17.837167292433737,37.41744960156627,17.461613859193513,44.75505512517081,17.080746613534007,46.69285500143404,6.70735438,60.02830786
2009-05-08,2009-05-23,2009-06-05,east_south,24.06728483,87.59439535,train,22.21189164,64.76717571,23.55391260694225,50.186899527343954,23.180663500361447,59.83590184693976,23.329059077254275,53.38898878099164,23.406012150647484,56.664747938590736,15.62583604,102.58081723
2009-05-08,2009-05-23,2009-06-05,west_north,15.47756001,20.32142906,train,12.91751256,30.92246868,13.959982596949928,18.408533833536033,13.453380067445783,23.391584785927705,13.634611604707555,20.317454433465006,13.497809016528567,21.35584715074337,2.69578415,26.69647778
2009-05-08,2009-05-23,2009-06-05,west_south,20.68593014,9.52476551,train,20.29652301,2.98914147,21.256981183937544,3.857153858884299,20.745174218000002,1.2503540290361441,20.89925821247509,3.756177046750251,21.049750429110787,5.758367133557327,11.01462056,2.21729177
2009-05-22,2009-06-06,2009-06-19,central_north,17.86854212,65.42681838,train,18.80585073,60.97460829,19.810128604727353,44.224019448214705,19.336629701421685,50.12083638185541,19.430179142929024,46.5989761518351,19.476831027705735,48.9783476313236,8.53365047,34.89592291
2009-05-22,2009-06-06,2009-06-19,central_south,26.77697462,23.42527707,train,24.6565471,34.39863295,25.710262674144612,41.01447982623353,25.45818330168675,31.487683807493976,25.422376706666572,39.56573650182082,25.60335458182635,42.7169301099392,16.67752218,55.53593429
2009-05-22,2009-06-06,2009-06-19,east_north,18.26444963,67.69479877,train,18.65351907,57.71198838,19.44749681665137,47.56705690814407,20.062096132433737,49.874100051566266,19.49936363000424,48.71462511360231,18.904724558703233,48.46613381673599,7.76701356,42.62699595
2009-05-22,2009-06-06,2009-06-19,east_south,25.72152119,66.65354822,train,23.74724098,74.19232865,24.95747306073642,56.31420573660591,24.716012840361447,69.26105478693975,24.768072577509304,61.007842355963945,25.02398553296171,66.08648193524452,16.66832612,43.33233083
2009-05-22,2009-06-06,2009-06-19,west_north,13.90399601,31.96544525,train,16.2103204,26.71866736,16.218675126138674,16.045642081771273,16.746187907445783,19.187783465927705,16.232124993637026,17.588902620446614,16.189557380553328,15.851847542752335,7.65549922,21.70227773
2009-05-22,2009-06-06,2009-06-19,west_south,20.43254407,4.52912957,train,23.2228882,4.29258989,23.159875905485322,6.306814423597016,23.671539408,2.5538024490361444,23.170929693844563,6.125254983327228,23.85028606202195,6.542196766701226,13.60701602,5.95111993
2009-06-05,2009-06-20,2009-07-03,central_north,22.18549092,32.17560974,train,20.62519211,51.12005894,21.482389267752676,43.30650451457555,21.155971081421686,40.26628703185541,21.105921619602277,43.719544378590456,21.500838096145138,44.1711353793562,12.00209812,46.16044191
2009-06-05,2009-06-20,2009-07-03,central_south,28.58896352,18.84678043,train,26.91172817,32.7191959,26.95130331858143,40.92376872971023,27.713364371686747,29.80824675749398,27.05945557588086,39.25115258892217,27.385069631849092,38.04443718576451,21.64150166,67.81621156
2009-06-05,2009-06-20,2009-07-03,east_north,20.59323771,54.94317338,train,19.88572702,56.22685349,20.90705220800067,47.18767071690208,21.294304082433737,48.38896516156627,20.828523117310464,48.60253894514277,20.508811058802117,46.952535202221455,14.41250352,42.07067488
2009-06-05,2009-06-20,2009-07-03,east_south,27.17955818,37.92801141,train,25.32788065,62.46964665,26.075823404148146,62.089598227996035,26.296652510361447,57.53837278693976,26.054153277352395,62.60094077655286,26.1040742342845,62.014420134412205,21.78321099,26.98964814
2009-06-05,2009-06-20,2009-07-03,west_north,17.74106527,15.95855178,train,17.15408033,15.45737919,18.19667971024046,13.534034979480644,17.689947837445782,7.926495295927704,17.703098171979306,13.483866304165243,17.821442203905224,13.75717161860118,7.7022145,35.83447258
2009-06-05,2009-06-20,2009-07-03,west_south,24.93829522,13.02830619,train,25.32314597,1.26621589,24.780840663191494,9.383017446550024,25.771797178,0.0,24.960068290824672,7.926026730958801,25.65114939229351,6.771430650621042,17.47117174,1.56966209
2009-06-19,2009-07-04,2009-07-17,central_north,20.67180059,48.50501589,train,21.50413222,62.22833578,22.55892879479419,41.38351284220288,22.034911191421685,51.374563871855415,22.120698373922,45.68565655669896,22.64870650702231,50.58074058818451,13.59103538,37.08681103
2009-06-19,2009-07-04,2009-07-17,central_south,28.46777036,43.88239682,train,27.25390218,29.18850789,27.81080417995735,40.54093199797524,28.05553838168675,26.277558747493977,27.707653052406336,38.62855333457976,27.915317472594893,35.24221622407029,21.94554605,47.20404455
2009-06-19,2009-07-04,2009-07-17,east_north,19.19975428,29.13100184,train,19.8722026,57.34858442,21.7833140455851,46.373623405895216,21.280779662433737,49.51069609156627,21.34424424450773,49.00665666683443,20.937504680808228,48.12578233086039,13.51655984,51.26115392
2009-06-19,2009-07-04,2009-07-17,east_south,25.90445266,62.44220829,train,25.51838422,52.95883106,26.839344920764947,66.49589933278966,26.487156080361448,48.02755719693976,26.589147890536914,63.99499460679519,26.28131769340119,61.75449514846754,21.08553769,77.08831811
2009-06-19,2009-07-04,2009-07-17,west_north,19.12245239,10.47804074,train,19.4978983,14.91820943,19.68245419915084,11.220233663653438,20.033765807445782,7.387325535927704,19.53498456373106,11.675891879929647,19.793786191993693,10.049842973952565,11.9874934,12.12840477
2009-06-19,2009-07-04,2009-07-17,west_south,27.20641008,10.28998798,train,26.00396095,6.60827402,25.96426317193565,12.456734312191836,26.452612158,4.869486579036144,25.955320417886124,12.168983865821648,26.17552933914759,12.223729917217415,22.27048225,0.5205329
2009-07-03,2009-07-18,2009-07-31,central_north,19.97153004,35.94855829,train,21.73214932,41.61624725,22.953634464304496,38.85443035602181,22.262928291421687,30.762475341855417,22.447514343101684,38.71510685365419,22.699834492782397,37.82664969952877,16.31260583,38.4717811
2009-07-03,2009-07-18,2009-07-31,central_south,26.47468238,70.697871,train,26.77851148,32.7167543,28.1925308131609,39.95580678470581,27.580147681686746,29.805805157493975,27.782305972543266,39.714042752300614,27.659514628529784,36.31388076612669,23.1016341,42.25019028
2009-07-03,2009-07-18,2009-07-31,east_north,20.76805965,76.87620907,train,20.73779406,45.26120422,22.040393939041326,45.410603419787826,22.146371122433735,37.42331589156627,21.881925519252615,45.22825771882617,21.61453043213194,45.20238857763057,16.61095475,42.13139342
2009-07-03,2009-07-18,2009-07-31,east_south,26.07114992,55.24824929,train,25.45643396,77.09107471,27.17590160400468,68.69247703721703,26.425205820361445,72.15980084693976,26.8574061756626,72.46005920468382,27.045142206048492,71.13621458772492,23.79112488,73.80659765
2009-07-03,2009-07-18,2009-07-31,west_north,21.57223442,8.90696453,train,20.85258194,11.41958838,20.473499642839887,9.475235920021591,21.388449447445783,3.888704485927705,20.58574596565601,9.519210111797175,20.918009773662664,8.189817483941168,15.20668513,17.33475839
2009-07-03,2009-07-18,2009-07-31,west_south,27.52949866,14.98551679,train,26.49634951,11.35039853,26.561996707543305,14.914216350463313,26.945000718000003,9.611611089036144,26.565639065379525,15.565604116154606,26.275294151160903,16.137424460226466,20.41968783,13.0525531
2009-07-17,2009-08-01,2009-08-14,central_north,21.75073227,36.39577448,train,21.72077824,41.20500148,22.598793236289772,36.11111492177229,22.251557211421687,30.351229571855416,22.303001187356458,36.65857843352394,22.36649656833577,35.45665856594425,16.87800775,58.67154111
2009-07-17,2009-08-01,2009-08-14,central_south,27.88839836,33.20991209,train,26.94172799,35.03506129,28.006694959193553,39.25280890099003,27.743364191686748,32.124112147493975,27.815251262969298,39.870689491622045,27.7176940343297,36.64109796784989,25.98818733,29.71933629
2009-07-17,2009-08-01,2009-08-14,east_north,21.37719214,54.12106331,train,20.01359118,45.66870888,21.662254807708557,44.552477811304335,21.422168242433735,37.83082055156626,21.433215507357552,45.01734091419452,20.957844466258113,45.02288752624867,17.58105114,59.33787794
2009-07-17,2009-08-01,2009-08-14,east_south,26.98201767,63.94250235,train,25.43138844,61.63019283,27.021390143478875,68.1971854530803,26.400160300361446,56.69891896693976,26.79729611960866,68.13506499918596,26.643593667921106,64.69768635303893,25.24529233,81.36824242
2009-07-17,2009-08-01,2009-08-14,west_north,19.12263023,13.90754743,train,20.37440725,14.38334234,20.41461366744279,8.619069205496196,20.910274757445784,6.852458445927705,20.42110167850236,9.960330908976932,20.386618055031416,9.335295526318204,13.82373987,32.11484692
2009-07-17,2009-08-01,2009-08-14,west_south,25.69354927,8.45196828,train,26.40707776,9.86527997,26.4600791730904,16.29171315232884,26.855728968,8.126492529036144,26.53854562820639,16.360682460094058,25.985563094725006,15.883966270413826,20.23146717,4.55819803
2009-07-31,2009-08-15,2009-08-28,central_north,19.79085722,55.79054057,train,21.94445246,44.56311501,21.459224581532666,33.45932615343036,22.475231431421687,33.70934310185541,21.820223984874012,35.223189845742226,21.963677323325175,34.57730502434384,22.48280058,38.03486137
2009-07-31,2009-08-15,2009-08-28,central_south,26.83869938,34.53982324,train,26.4406961,29.23639739,27.190555607330875,38.494536217159606,27.242332301686748,26.325448247493977,27.19691247982559,37.71098606993186,27.302284141815793,38.57012122463735,28.56572691,20.06892695
2009-07-31,2009-08-15,2009-08-28,east_north,22.09650757,39.45824942,train,20.58207958,38.36630418,20.653909107680725,43.96151753703699,21.990656642433734,30.528415851566265,21.154091513750014,42.20791341445799,21.140201008559384,45.29778993099312,20.68251766,63.20109898
2009-07-31,2009-08-15,2009-08-28,east_south,26.30991301,58.37489857,train,25.21937436,46.34070539,26.3336067772494,64.99506057291475,26.188146220361446,41.409431526939755,26.346474207972143,61.57436355055046,26.45019655212818,62.90056855711882,27.34148847,43.76899855
2009-07-31,2009-08-15,2009-08-28,west_north,18.46141524,8.27206555,train,18.54843434,16.72374264,19.431776562438056,8.852413147047155,19.084301847445783,9.192858745927705,19.17370364295018,11.089902054775528,18.786296966254973,10.988879125452556,17.16741318,16.85182598
2009-07-31,2009-08-15,2009-08-28,west_south,24.96884211,11.52965569,train,24.82390768,8.39229101,25.60339321083118,16.375493198400463,25.272558888000002,6.653503569036143,25.45515852507284,16.313425033805704,25.007660047110804,15.515021116940101,24.4779765,9.70494096
2009-08-14,2009-08-29,2009-09-11,central_north,18.37201668,20.5527223,train,18.53501042,37.62113888,19.546978069137282,31.067531918975607,19.065789391421685,26.767366971855413,19.344677684489014,32.05978454891326,19.18435410595212,31.76225741354389,20.95642801,46.27455876
2009-08-14,2009-08-29,2009-09-11,central_south,24.60412958,40.85693081,train,24.20339439,29.2648347,25.72875919109408,37.71314475039816,25.005030591686747,26.353885557493978,25.478335946815456,37.2885361819189,25.7021797187902,41.003558678935946,28.52839654,34.41041571
2009-08-14,2009-08-29,2009-09-11,east_north,17.43010529,33.14612695,train,17.65934578,29.00386808,19.04495596954547,43.673375949194316,19.067922842433735,21.165979751566265,19.051736521657904,39.86491439246352,18.857079358536158,46.27881958902705,18.8213361,38.15122129
2009-08-14,2009-08-29,2009-09-11,east_south,24.11576914,50.1463118,train,23.10911978,49.6769289,25.106317036780187,59.54909528583506,24.077891640361447,44.74565503693976,24.80288932675898,58.55246258583432,24.651546658213707,60.72834544715181,25.69044823,60.09125902
2009-08-14,2009-08-29,2009-09-11,west_north,18.23175996,6.26316054,train,16.91754421,14.47707162,17.55404155366696,10.210594857628102,17.453411717445782,6.946187725927705,17.481271792724318,11.39352047573021,17.144961035765213,11.223957243902028,18.85748831,12.94194576
2009-08-14,2009-08-29,2009-09-11,west_south,24.79369586,14.11683613,train,23.90333713,10.19142444,24.012729153661798,15.2447240289589,24.351988338,8.452636999036145,24.21868020730176,15.653658472455366,24.139125700052006,13.482620769610616,26.77204267,12.76953153
2009-08-28,2009-09-12,2009-09-25,central_north,17.62026826,27.23225671,train,16.20442528,46.98222859,16.93286482150745,28.95367995169708,16.735204251421685,36.12845668185541,16.923247696267406,32.72898033221671,16.731985344678225,32.01952409324562,19.96742219,34.87231634
2009-08-28,2009-09-12,2009-09-25,central_south,22.55180456,97.99314125,train,23.1733565,26.45399687,23.66844029769315,36.911135450557055,23.974992701686748,23.543047727493978,23.889212081520245,35.389792283393916,23.957555330645917,41.594367771116055,26.73274912,60.71265325
2009-08-28,2009-09-12,2009-09-25,east_north,17.11610512,20.77207866,train,16.30757723,35.55461233,16.894382309908487,43.59468007719424,17.716154292433735,27.716724001566263,17.297142490163637,41.068963876225425,17.240585971100057,44.915922506167675,20.73335329,57.72976848
2009-08-28,2009-09-12,2009-09-25,east_south,24.82059571,71.79258201,train,22.51468065,47.25026157,23.38006886324185,52.71021625875205,23.483452510361445,42.31898770693976,23.563590756083197,52.17678673957572,23.422384288721606,54.57507687883364,26.11562142,49.38096474
2009-08-28,2009-09-12,2009-09-25,west_north,16.35070759,7.07088709,train,13.15360903,19.7044698,14.918156580585954,12.550445481520493,13.689476537445783,12.173585905927702,14.45352477096623,14.742997048078596,14.39488040299453,14.289046244294067,21.7926577,7.39115541
2009-08-28,2009-09-12,2009-09-25,west_south,21.84974529,9.77012448,train,21.38394299,5.17246065,21.790107004802717,13.247786367834905,21.832594198000002,3.4336732090361437,21.908914795726872,12.73336859161444,21.9785644232126,10.87474122083788,27.91660923,14.8298378
2009-09-11,2009-09-26,2009-10-09,central_north,10.17805963,54.45246715,train,13.18149391,32.45511656,13.751374798111256,27.01149549485679,13.712272881421686,21.601344651855417,13.810633376464995,27.14742138224319,13.464258793114276,27.91267333795015,21.01016366,40.86521924
2009-09-11,2009-09-26,2009-10-09,central_south,20.61390172,61.73001189,train,19.41885236,26.47456774,21.124976554231882,36.07090483384614,20.220488561686746,23.563618597493978,20.8526059484294,34.81895689486109,21.163522689108472,40.34440574517504,27.7481883,50.61721071
2009-09-11,2009-09-26,2009-10-09,east_north,12.4241372,65.06921184,train,12.98524252,38.79429872,14.294869423132733,43.533453540505896,14.393819582433736,30.956410391566266,14.418582399403927,41.7809472138446,14.128916641976968,43.17662550020448,21.31649469,71.38340138
2009-09-11,2009-09-26,2009-10-09,east_south,21.06987007,47.05395333,train,20.33885299,59.58865012,21.246746161790075,45.54606325861859,21.307624850361446,54.657376256939756,21.418069854286536,49.71632014740925,20.661148868602478,48.2092636663553,27.15124692,61.47790882
2009-09-11,2009-09-26,2009-10-09,west_north,8.48609955,14.06778321,train,11.37799599,18.74639874,11.754217416522144,15.573303562618307,11.913863497445783,11.215514845927704,11.911942171087293,16.048112802510353,11.738489388139996,15.272064476433215,19.4040329,13.30724367
2009-09-11,2009-09-26,2009-10-09,west_south,17.88848985,1.95585457,train,19.76966064,4.58887106,19.110566065560203,10.917739521330837,20.218311848000003,2.850083619036144,19.687445877243658,10.181779954051752,19.780906465791777,7.283475094610409,25.90871796,4.62279175
2009-09-25,2009-10-10,2009-10-23,central_north,5.8086798,42.0265484,train,8.80788015,17.38870455,10.19664692408386,25.068566881833952,9.338659121421687,6.534932641855416,9.884350923492992,21.653399427553158,9.9763214394956,22.0943478112872,20.44980852,49.82000867
2009-09-25,2009-10-10,2009-10-23,central_south,16.30844387,77.31591541,train,15.46231096,23.3789716,18.276136758441467,35.17030195347636,16.263947161686747,20.468022457493976,17.515793188442448,33.25144111908331,18.12090676264205,38.583089687827254,27.00372399,31.88620573
2009-09-25,2009-10-10,2009-10-23,east_north,7.49659117,30.70415903,train,7.95045563,29.82029819,11.374601610190838,43.25491838950688,9.359032692433736,21.982409861566264,10.582162874750917,39.45692577536296,10.729039273414315,36.08641400337292,22.5669077,41.06485269
2009-09-25,2009-10-10,2009-10-23,east_south,17.36362005,42.52909858,train,15.96832329,38.08778654,18.84603110456774,39.12624021450844,16.937095150361447,33.15651267693976,18.106024987964222,39.38058565289883,17.9867291499325,38.50096847351297,26.33783189,63.8502362
2009-09-25,2009-10-10,2009-10-23,west_north,7.77872589,27.2128245,train,9.43463708,19.34619409,8.354648812516048,18.879483325870325,9.970504587445783,11.815310195927704,9.132531389976801,17.849292308150343,8.811331928482637,13.6957721772159,18.20932965,10.47584112
2009-09-25,2009-10-10,2009-10-23,west_south,17.05845929,13.18850991,train,17.0008316,19.32818827,16.20142440944647,8.846478342518921,17.449482808000003,17.589400829036144,16.84327263709266,12.067137570659561,16.795396070149284,8.486222528500706,24.73927092,16.30978158
2009-10-09,2009-10-24,2009-11-06,central_north,7.02947821,38.6355536,train,6.49209307,30.22221649,6.50887510944363,22.961044059037995,7.022872041421687,19.368444581855417,6.767706627849087,22.64707658252073,6.754037555726184,21.05266902372959,18.2537016,25.69848042
2009-10-09,2009-10-24,2009-11-06,central_south,14.35947354,51.91543032,train,13.95095063,26.35018878,15.344776143396713,34.19998475997326,14.752586831686747,23.439239637493976,15.139442172461749,32.3517742829458,15.416022987877874,33.33253335767051,24.83381767,32.1774955
2009-10-09,2009-10-24,2009-11-06,east_north,8.3167595,62.7629626,train,6.35175607,46.4970393,8.29484343559484,42.549278150078436,7.760333132433736,38.65915097156626,8.112823573945374,42.38222849694404,8.014795897969993,39.42961430827327,17.78727422,31.20399552
2009-10-09,2009-10-24,2009-11-06,east_south,17.09028417,35.01370067,train,15.09205079,26.65314025,16.353577477964738,34.31127863158879,16.060822650361445,21.72186638693976,16.200652903270132,31.677959601396974,16.000670808374203,30.073612041288445,24.47576067,54.16008947
2009-10-09,2009-10-24,2009-11-06,west_north,5.26305074,18.65009575,train,5.06510354,29.50154504,5.0323404332398205,22.042591975501356,5.600971047445784,21.970661145927703,5.368961958802561,22.78124983211009,5.722307217131569,19.624720912250655,18.49479654,6.12026148
2009-10-09,2009-10-24,2009-11-06,west_south,12.77227156,1.73582408,train,13.37399111,12.57243683,13.312625915453767,7.546480875635353,13.822642318000002,10.833649389036143,13.586377635117593,9.037567117319565,13.721906557679592,8.154697132233787,25.06476165,11.9096914
2009-10-23,2009-11-07,2009-11-20,central_north,6.58084496,14.81550852,train,0.78463906,31.74850404,2.952478177793972,20.605904378067777,1.3154180314216868,20.894732131855417,2.27389027247239,21.558895008887088,2.5961866293425495,17.406880915184946,18.20580095,24.31469959
2009-10-23,2009-11-07,2009-11-20,central_south,14.04233981,20.53383674,train,10.67248997,44.38570715,12.57268045325864,33.177915297821045,11.474126171686748,41.474758007493975,12.129649036512507,35.97245704900767,12.296120670058606,38.62587716999772,23.09161429,106.45205045
2009-10-23,2009-11-07,2009-11-20,east_north,8.59587682,38.06906572,train,2.54588326,64.00133065,5.2422929966479614,41.2952285098715,3.954460322433736,56.163442321566265,4.725613723135999,45.81228542444762,4.995394317366395,43.30858576377064,17.04990517,20.00901879
2009-10-23,2009-11-07,2009-11-20,east_south,15.67126389,75.58761051,train,12.72347541,45.45792573,13.96243422681449,31.591469087509275,13.692247270361445,40.52665186693976,13.778642977062226,34.009319655027014,14.12710439768951,35.346110616262976,24.42105691,73.5214922
2009-10-23,2009-11-07,2009-11-20,west_north,2.21089407,21.07437338,train,1.28875466,38.67484015,2.0760396018516842,24.68774449750241,1.8246221674457834,31.143956255927705,2.0437526584682475,26.917661447726328,2.6207086933462627,25.570934034456545,16.60215787,7.14846854
2009-10-23,2009-11-07,2009-11-20,west_south,10.95356101,1.80215086,train,10.03615499,6.98407538,10.68364844726298,7.331813151080506,10.484806198000001,5.245287939036144,10.590460057792225,7.054637003434831,10.602554800616119,6.615084480732456,22.3655336,12.14584334
2009-11-06,2009-11-21,2009-12-04,central_north,1.90704736,10.31793955,train,0.85733796,26.1191489,-0.21089360194620038,18.052321544162986,1.3881169314216866,15.265376991855415,0.4161467591245991,16.678457555273727,0.6944592260403241,14.84815178341902,11.66905406,44.74673313
2009-11-06,2009-11-21,2009-12-04,central_south,8.72668887,41.67466356,train,8.73634369,40.54277649,10.190093383121825,32.15698118042399,9.537979891686748,37.63182734749398,9.870356774622287,33.48351039009262,9.770189030171288,34.409886898206835,20.57687682,51.10472849
2009-11-06,2009-11-21,2009-12-04,east_north,5.49904183,44.98178429,train,2.52645207,62.11225863,2.4162743860340967,39.50383277790143,3.935029132433736,54.274370301566265,3.0247851384979985,42.57492259940389,3.1656918878994555,45.60389758574874,13.03757643,63.51545469
2009-11-06,2009-11-21,2009-12-04,east_south,12.14743359,64.34326051,train,11.45623763,63.08640757,11.860711458389485,31.010236202267347,12.425009490361445,58.15513370693976,11.994736471552102,37.358325950652045,12.608021118823984,44.857393440684135,21.51601354,51.65174271
2009-11-06,2009-11-21,2009-12-04,west_north,-0.87201231,13.45697864,train,-0.32325426,35.73538466,-0.28838335700765577,26.556963366890965,0.21261324744578347,28.204500765927705,-0.059646991618461986,26.718139439796563,0.20141786471541456,28.52982185422655,10.10496529,13.38233246
2009-11-06,2009-11-21,2009-12-04,west_south,7.40564865,4.59487061,train,7.44704745,10.4190649,8.51313061540524,8.245607006726196,7.895698658000001,8.680277459036144,8.193956646834497,8.176795299014941,7.951336797924768,5.481127946536455,18.73835731,1.48160848
2009-11-20,2009-12-05,2009-12-18,central_north,-8.28571339,15.60788203,train,-2.09234668,17.19537764,-2.7502878549671093,15.498573454634558,-1.561567708578313,6.341605731855417,-2.334826724231381,12.104959303817896,-2.0603983697807973,10.768537328815643,5.68877604,35.14770707
2009-11-20,2009-12-05,2009-12-18,central_south,6.17582424,51.49004327,train,6.01157857,33.41363782,8.386444745141596,31.223333101656763,6.813214771686748,30.502688677493975,7.628213555472586,30.642206761036565,7.061532278435563,28.196851645474727,17.18471239,68.47031563
2009-11-20,2009-12-05,2009-12-18,east_north,-1.79665107,48.21630284,train,-1.50586175,50.22989615,0.011970746004138277,37.33183849257777,-0.09728468756626407,42.39200782156627,-0.10891219834415389,37.874371766590585,0.22714861827252408,38.38439843191013,7.62654052,34.57277736
2009-11-20,2009-12-05,2009-12-18,east_south,10.15831034,71.68082168,train,8.50339569,59.50036788,10.20932464407041,32.187476800043775,9.472167550361444,54.56909401693976,9.7539332092533,37.12469302596314,9.909146802225504,39.460532357020895,17.75591072,42.81187197
2009-11-20,2009-12-05,2009-12-18,west_north,-7.08966768,30.34993228,train,-1.68382262,26.60409777,-1.9235396287371076,27.548029933207037,-1.1479551125542165,19.073213875927703,-1.6355802935116306,24.369532522062034,-1.82279121302003,28.004441332652373,7.40776731,26.68057388
2009-11-20,2009-12-05,2009-12-18,west_south,4.8848882,28.67437669,train,6.21715682,7.09459203,6.936736464926623,10.050575000844754,6.665808028,5.355804589036144,6.718115664378685,7.93772734842868,6.52910599208673,5.482377691122592,17.10280201,13.14307717
2009-12-04,2009-12-19,2010-01-01,central_north,-6.07312648,27.16514782,train,-7.36072779,19.65467176,-4.489784427788287,13.269019432034906,-6.8299488185783135,8.800899851855416,-5.545704176270558,11.813668962769533,-6.293256984487988,10.070318921415037,6.58980434,60.54626223
2009-12-04,2009-12-19,2010-01-01,central_south,5.43803864,42.40355785,train,3.15967909,27.92617398,7.287605785900246,30.485217952697106,3.9613152916867476,25.015224837493978,5.772932730924477,28.68955765873348,5.192994599292395,22.899721178910482,14.23406015,77.6427934
2009-12-04,2009-12-19,2010-01-01,east_north,-2.941781,42.06459684,train,-5.06462037,36.40834258,-1.7981369761931827,35.0604908160953,-3.6560433075662644,28.570454251566268,-2.672802653156946,32.6839234292748,-2.4690598888638555,30.334455263564653,9.40848947,64.670837
2009-12-04,2009-12-19,2010-01-01,east_south,7.35370461,65.06463163,train,5.32568205,52.13289125,9.123695322942773,34.43563280668118,6.294453910361445,47.20161738693976,7.774998911557854,37.0052386548535,7.4429058474796665,31.504404949614166,18.07376447,35.07950506
2009-12-04,2009-12-19,2010-01-01,west_north,-5.09624513,20.46521393,train,-2.87785616,45.99729447,-2.7886586372240836,27.719092453293655,-2.3419886525542166,38.4664105759277,-2.620020572891165,29.179773571725708,-2.655692131852056,29.484006748563733,5.14896802,17.70821225
2009-12-04,2009-12-19,2010-01-01,west_south,4.02106146,7.16961827,train,5.35358083,27.66276,6.016963720685072,12.28470180975053,5.8022320380000005,25.923972559036145,5.850013808935107,14.479134874929649,5.915858419046736,17.054032470953153,12.62066326,2.37035612
2009-12-18,2010-01-02,2010-01-15,central_north,-9.3902838,5.52755019,train,-6.25639211,17.94734206,-5.331570010425852,11.737522267489764,-5.725613138578313,7.093570151855417,-5.545613824497718,9.219022870830633,-5.679181654899941,12.876770336167649,7.23220335,13.50365573
2009-12-18,2010-01-02,2010-01-15,central_south,1.51723226,6.83416432,train,4.21249761,46.90025063,6.944317361009192,30.05020369953629,5.014133811686747,43.989301487493975,6.067653713423942,32.481410303077865,6.009032726987365,29.546859065333745,14.56001164,17.53408841
2009-12-18,2010-01-02,2010-01-15,east_north,-5.95487589,9.81985482,train,-6.54233581,38.49838387,-2.893717184907942,33.01331288053442,-5.133758747566264,30.660495541566263,-3.8884188858579964,31.498065252025025,-3.854127626511195,28.059566318831617,7.98171707,28.08588974
2009-12-18,2010-01-02,2010-01-15,east_south,1.52990014,5.0163431,train,5.14446909,46.88603989,8.660108618223905,36.981368506482575,6.113240950361445,41.95476602693976,7.451665462520775,36.987441250213266,7.434807234878304,28.816781620780166,15.38379645,72.76755275
2009-12-18,2010-01-02,2010-01-15,west_north,-2.70607821,24.45379611,train,-2.49564834,38.78827033,-2.926383378072323,27.247042354450993,-1.9597808325542163,31.257386435927707,-2.5398863349469796,26.269717341313598,-2.7354697666275345,29.272187690095212,3.11083638,21.00193683
2009-12-18,2010-01-02,2010-01-15,west_south,6.24220068,2.30519157,train,5.47008732,16.19261299,5.746730506009122,14.40066745720672,5.918738528,14.453825549036145,5.745630774270807,12.43216107185135,6.039773447956009,13.069538034444559,11.90065688,1.80769444
2010-01-01,2010-01-16,2010-01-29,central_north,-3.38008707,17.44527847,train,-4.89761967,26.15335668,-5.221937249801335,11.337148950242705,-4.366840698578313,15.299584771855418,-4.8441044939542905,10.385867758387693,-5.01357516140756,14.531523818332975,3.54983196,9.62090385
2010-01-01,2010-01-16,2010-01-29,central_south,9.55184064,59.34919941,train,5.9100315,45.16529398,7.341755874051497,30.027178009550052,6.711667701686747,42.254344837493974,7.053153039635948,31.239435217300706,7.20080706755543,29.51701055358458,10.18913973,40.39758996
2010-01-01,2010-01-16,2010-01-29,east_north,-0.40787244,51.16640698,train,-5.37889138,47.26388413,-3.158966474953276,31.620373448548655,-3.970314317566264,39.425995801566266,-3.477787936257946,32.07370902917019,-3.341778797346179,30.745231260347072,5.96032042,35.13364919
2010-01-01,2010-01-16,2010-01-29,east_south,10.90677618,98.01275613,train,6.49234829,74.70341307,8.833328566573325,38.99083629571908,7.461120150361444,69.77213920693976,8.226379043195585,45.149356859701484,8.796081187646951,51.08168564681249,12.79278875,37.41985093
2010-01-01,2010-01-16,2010-01-29,west_north,-1.26768148,39.43486958,train,-1.51365377,45.8352429,-2.442225057660177,26.41553066676857,-0.9777862625542164,38.3043590059277,-1.792458151246227,26.99331804606994,-2.0934107489777483,28.066244855448115,0.38362281,15.68694338
2010-01-01,2010-01-16,2010-01-29,west_south,5.5985894,84.1722721,train,6.6010707,46.30159472,6.070176459524344,15.759789126708789,7.049721908,44.56280727903614,6.514812957647263,20.81104438664252,6.155774225965923,29.83174097096831,8.24478837,4.46341332
2010-01-15,2010-01-30,2010-02-12,central_north,-6.95422071,13.83586529,train,-3.75148463,35.01797307,-4.234046884320785,12.305369857516704,-3.2207056585783134,24.164201161855413,-3.706672586555686,13.179977643425374,-3.971564470862071,14.253055740564726,-8.81540531,17.65786853
2010-01-15,2010-01-30,2010-02-12,central_south,3.89024494,66.97391793,train,8.36994652,53.48633951,8.377196474967906,30.4583627147587,9.171582721686747,50.57539036749398,8.764210859507667,33.075076913376876,8.502497681497214,32.272477697207194,5.36566156,47.44053727
2010-01-15,2010-01-30,2010-02-12,east_north,-5.74248322,32.71281319,train,-2.8623276,51.62619798,-2.604590965881508,31.123943283154972,-1.453750537566264,43.788309651566266,-2.018810810678501,32.072583519183894,-2.2248141373543087,29.95375976509923,-0.22294892,69.23103213
2010-01-15,2010-01-30,2010-02-12,east_south,6.07284189,75.10951557,train,9.656276,66.91140263,9.575623549561357,40.02864521094308,10.625047860361445,61.98012876693976,10.04272534032798,42.89921974821678,10.109530373348463,43.043548846035875,10.50802115,97.00122019
2010-01-15,2010-01-30,2010-02-12,west_north,-1.49803125,18.99583484,train,-2.07589643,43.82927438,-1.4825800012160666,25.48975929319768,-1.5400289225542163,36.298390485927705,-1.4109959537176673,26.047467914405072,-1.375696247834298,24.51824304363718,-7.96167035,27.05017986
2010-01-15,2010-01-30,2010-02-12,west_south,6.34175978,23.78277923,train,6.40823328,56.05822799,6.8788140763627625,15.99660089102003,6.856884488,54.319440549036145,6.992163497505031,23.697357360508597,6.491883238354666,33.67328791734617,4.32027524,28.80667854
2010-01-29,2010-02-13,2010-02-26,central_north,-5.83319025,9.56213171,train,-3.01839945,21.53402235,-2.480458160904575,14.736930431819777,-2.487620478578313,10.680250441855417,-2.3395543242092423,11.629089866011117,-3.081721790095618,11.963679256769638,-4.84637189,26.15538258
2010-01-29,2010-02-13,2010-02-26,central_south,5.64457903,15.96409235,train,5.74261768,53.00466929,9.917333595702784,31.34176032545068,6.544253881686748,50.09372014749398,8.625726022563178,34.85607224313566,8.757158893207286,33.33902176186679,5.75136671,44.69418926
2010-01-29,2010-02-13,2010-02-26,east_north,-1.42628647,33.23397429,train,-3.68360645,29.8910618,-1.2790193471804159,31.668172331349727,-2.2750293875662644,22.053173471566264,-1.559389675964301,27.36263451174835,-1.958482070005641,28.07080201946241,-3.49181638,37.79883682
2010-01-29,2010-02-13,2010-02-26,east_south,6.42502574,30.76683397,train,6.02731663,54.55187724,10.793045018232675,39.982429337383216,6.996088490361444,49.62060337693976,9.282370611131281,41.11482597179776,8.977131472158018,41.696047535423986,7.32841684,62.8412738
2010-01-29,2010-02-13,2010-02-26,west_north,-0.83412436,19.39212661,train,-0.49436441,34.31939093,-0.18140585206593318,24.676810800693385,0.04150309744578351,26.7885070359277,0.058814629879702096,22.782839424530373,-0.11984439442312045,20.47977407578649,-4.61565567,16.82902563
2010-01-29,2010-02-13,2010-02-26,west_south,7.75044741,12.17260677,train,6.47306545,39.66145797,8.064256286015935,14.957518449538203,6.921716658,37.92267052903615,7.750021985491545,18.911683876390054,8.078568941493911,20.66675293444037,4.44960247,5.59328988
2010-02-12,2010-02-27,2010-03-12,central_north,1.25696213,21.44858619,train,-1.44746694,25.28035759,-0.116346565284351,18.510630712141264,-0.9166879685783133,14.426585681855418,-0.25381605543826025,15.667739274241026,-0.9750893203929341,14.948274929667985,-10.93164827,6.56778678
2010-02-12,2010-02-27,2010-03-12,central_south,10.35718862,35.08940284,train,7.59767358,50.07223258,11.810296916897203,32.61567366454156,8.399309781686748,47.16128343749398,10.550509951869397,35.09651974914057,10.686960056900599,34.27362541200317,1.10586906,8.39160825
2010-02-12,2010-02-27,2010-03-12,east_north,2.80318523,13.51351829,train,-2.87296111,33.75928919,0.7128680745310723,33.22631930893389,-1.464384047566264,25.921400861566262,-0.003945439698405995,29.966115897892,-0.00692885333299742,31.761425663043223,-6.26487793,14.20338924
2010-02-12,2010-02-27,2010-03-12,east_south,9.35490816,42.71008243,train,7.13294195,54.89013417,12.369094321901951,39.124828911669304,8.101713810361446,49.95886030693976,10.717922562357007,40.82126274837549,10.489487841045772,47.27837735145788,1.6841929,12.07657527
2010-02-12,2010-02-27,2010-03-12,west_north,1.83237692,19.96335299,train,1.06181713,38.71915847,1.3570241000543224,24.075442080758112,1.5976846374457836,31.188274575927707,1.6702747049291418,23.602858702895166,1.5695678604576413,20.687914503188363,-3.26841909,28.67077191
2010-02-12,2010-02-27,2010-03-12,west_south,7.76419792,28.27123307,train,7.47153932,43.30548419,9.52841560732966,12.780648546940496,7.920190528,41.56669674903615,9.080965453887096,18.525867625642828,9.539449318902417,23.00390239567987,5.7793611,2.94188775
2010-02-26,2010-03-13,2010-03-26,central_north,4.41312656,15.7404939,train,0.59927027,30.24204625,2.68173092073993,23.29196171483338,1.1300492414216867,19.388274341855418,2.254197926984519,20.87562901838522,1.864719262431474,20.574245377682512,-1.87815446,16.28988935
2010-02-26,2010-03-13,2010-03-26,central_south,11.27465983,30.04505191,train,10.13112411,46.76857596,13.908747028790813,34.164703149516676,10.932760311686748,43.85762681749398,12.851051246527245,35.437587402047626,13.057761453673319,35.87014005318814,9.90199292,47.07051785
2010-02-26,2010-03-13,2010-03-26,east_north,6.79652459,62.88603069,train,-0.84703145,58.18695645,3.2222479244543107,35.6012317804334,0.5615456124337359,50.34906812156626,2.3639165166422025,38.48878922849819,2.6963626814441284,40.54440251193773,0.59642147,49.8380547
2010-02-26,2010-03-13,2010-03-26,east_south,13.09360426,37.00239214,train,9.55229346,58.80127862,14.181966431756022,38.036317038791196,10.521065320361444,53.87000475693976,12.818128742277914,41.09546540606996,12.879360131320492,51.016422513706274,10.72601714,98.03296532
2010-02-26,2010-03-13,2010-03-26,west_north,3.76163915,15.22145354,train,3.78692384,28.1796939,3.0707767723997663,23.658589062917333,4.322791347445784,20.648810005927704,3.8195084462996287,20.440207375431335,3.651105452236531,19.372493912054644,-0.94869552,40.92623387
2010-02-26,2010-03-13,2010-03-26,west_south,10.60560493,3.71794304,train,10.44561815,21.80422777,11.195915498478515,9.870038162548962,10.894269358,20.065440329036146,11.281637401237322,10.519545302678683,11.331961689049258,10.368468712829511,5.79055816,79.79932018
2010-03-12,2010-03-27,2010-04-09,central_north,9.67812104,24.39697608,train,5.80409681,46.33398805,5.7351507556954235,28.5789658922116,6.334875781421687,35.48021614185542,6.214210130641624,28.578779199365254,6.24522762373128,27.13981296733156,-7.63152466,14.87017726
2010-03-12,2010-03-27,2010-04-09,central_south,16.83199392,14.52260369,train,14.12539715,50.5893816,16.08704387153328,35.83593490769867,14.927033351686747,47.67843245749398,15.787776072308827,37.44577511307638,15.96816907024018,33.73530212707233,4.33486677,75.17620157
2010-03-12,2010-03-27,2010-04-09,east_north,11.39793541,50.85613275,train,4.73360076,72.10399573,6.072646117248476,38.46112358820619,6.142177822433736,64.26610740156626,6.357911201869293,43.65460000244401,6.995381132630029,43.11394500944547,-6.15164827,30.04192393
2010-03-12,2010-03-27,2010-04-09,east_south,17.93330838,40.51386925,train,13.7864004,88.15210388,16.118596672881182,37.450864192802015,14.755172260361444,83.22083001693976,15.761212265667929,48.057718827079725,16.267413541953385,57.78381827888157,6.80968952,74.18612386
2010-03-12,2010-03-27,2010-04-09,west_north,3.32867818,37.20922078,train,4.67033918,39.05085754,4.9377195675107215,23.288987102262375,5.206206687445784,31.519973645927706,5.288748309362048,23.742548710082854,5.157679438235382,22.95587500885303,-1.89557878,17.30431148
2010-03-12,2010-03-27,2010-04-09,west_south,11.37777898,4.60158777,train,12.48567289,13.72396115,13.016361458139102,6.809000381364843,12.934324098000001,11.985173709036143,13.167062196718248,6.425784531131358,12.948626650621584,5.846617876443705,6.32358375,27.35073104
2010-03-26,2010-04-10,2010-04-23,central_north,11.96703695,17.64749232,train,9.50488525,53.31350048,8.877426891768044,33.78263234339461,10.035664221421685,42.45972857185542,9.542103774645035,34.42338184759521,9.555527788341841,33.577886174676905,-6.02842278,9.32208745
2010-03-26,2010-04-10,2010-04-23,central_south,17.95143336,33.17355456,train,16.62162204,55.43118592,18.249525449750507,37.462217340615275,17.423258241686746,52.52023677749398,18.055492453612295,40.284496028822346,18.130225071597312,33.30523148876112,5.14706263,24.07960158
2010-03-26,2010-04-10,2010-04-23,east_north,9.80602234,14.38555363,train,8.71614348,47.14473292,9.077320944967926,41.40303257584186,10.124720542433735,39.30684459156627,9.663193597618275,39.254455559351086,9.749496364034183,38.92867559733503,-1.81847895,19.21880306
2010-03-26,2010-04-10,2010-04-23,east_south,17.59460072,13.20763515,train,15.90113097,30.4362646,18.083103126486687,38.060845295256115,16.869902830361447,25.50499073693976,17.64358987030803,33.68435908341232,18.321216572730656,33.82680906866297,6.35054519,28.24540646
2010-03-26,2010-04-10,2010-04-23,west_north,8.07121692,23.6913173,train,6.7450479,26.88324916,6.959323156684585,22.76380627321329,7.280915407445784,19.352365265927702,7.265018948027979,20.592894226255687,6.860431525271857,21.11546177995231,-0.92666877,18.25672107
2010-03-26,2010-04-10,2010-04-23,west_south,13.59879316,15.82826025,train,13.82098503,8.35367805,14.956814088336287,4.231936398939959,14.269636238,6.614890609036143,14.795226069780991,3.7705422529505057,14.399751836012324,3.542677828257263,7.47133525,11.99885734
2010-04-09,2010-04-24,2010-05-07,central_north,11.33006353,45.52894226,train,11.99734587,37.70378074,11.961598075898143,38.32548473399447,12.528124841421686,26.850008831855416,12.26055058496146,34.25688014671741,12.029496736250486,33.63687943641385,-0.10446246,12.8804861
2010-04-09,2010-04-24,2010-05-07,central_south,19.61423123,45.84287123,train,18.07848974,61.05537908,20.32918539182502,38.88789429630609,18.880125941686746,58.14442993749398,19.81449094373392,43.577403082456414,19.954444140870258,39.029428140046576,9.45105195,25.76495612
2010-04-09,2010-04-24,2010-05-07,east_north,13.98085214,50.68236276,train,10.47796962,59.89990653,12.055095858418994,44.03021326617004,11.886546682433735,52.06201820156627,12.062688123077873,45.380788661982905,12.218178749526821,45.85852775813021,1.3953189,27.49979078
2010-04-09,2010-04-24,2010-05-07,east_south,21.46453389,61.47563977,train,18.12272584,50.97231369,19.998701388632146,40.327205380675686,19.091497700361447,46.04103982693976,19.66148239093424,41.27322773746505,19.820830819714104,39.83959223579592,7.67418494,17.84116515
2010-04-09,2010-04-24,2010-05-07,west_north,6.15650221,29.73938888,train,10.09788518,35.44646797,9.135718329890649,21.877370824824567,10.633752687445783,27.915584075927704,9.869575353497659,22.34770608208415,9.216308625492381,23.426636388081015,1.83469205,21.6374696
2010-04-09,2010-04-24,2010-05-07,west_south,14.89430338,2.68322476,train,15.52660639,16.48185505,16.987273413223193,2.6835587870965396,15.975257598,14.743067609036144,16.626895628384936,5.423124053803853,16.338091463805537,6.36322693597733,7.96709647,29.20262471
2010-04-23,2010-05-08,2010-05-21,central_north,12.23300302,56.26227349,train,13.67736213,56.13198223,14.860877816999404,41.73797326777704,14.208141101421687,45.27821032185541,14.57903900140812,42.51536961054747,14.096885360756044,43.93171223474759,4.62711877,19.99509597
2010-04-23,2010-05-08,2010-05-21,central_south,21.7880368,53.01846883,train,21.50254788,34.74191106,22.2783832139802,39.991849195696865,22.30418408168675,31.830961917493976,22.250074677573277,37.56291910360996,22.217178261444587,42.58253659861708,11.23067879,30.87355283
2010-04-23,2010-05-08,2010-05-21,east_north,12.8046091,51.85790992,train,13.45005733,69.58992604,14.842578057698029,46.02667865703612,14.858634392433736,61.75203771156626,14.84021379761245,49.839305944712265,14.573220548599963,49.9705254315371,7.42920247,59.89211047
2010-04-23,2010-05-08,2010-05-21,east_south,22.16971058,36.13327841,train,20.45637914,48.92911512,21.803804907686736,44.339946045095665,21.425151000361446,43.99784125693976,21.61353482126061,44.16998291965898,21.403010047276794,43.466860269734966,13.19245536,59.79447279
2010-04-23,2010-05-08,2010-05-21,west_north,9.80541402,24.00143567,train,11.05125665,26.41584446,11.43910351785825,20.486734145722384,11.587124157445782,18.884960565927702,11.490659577959132,19.901686767913542,11.054359543899466,22.436578043215263,3.36007762,14.63215536
2010-04-23,2010-05-08,2010-05-21,west_south,17.07950966,1.02688374,train,18.88625693,2.21979052,19.06374825190481,2.497344309848758,19.334908138,0.48100307903614437,19.123866071593582,1.6775282116360621,18.7236321233844,4.601314169771699,10.03472717,4.604408
2010-05-07,2010-05-22,2010-06-04,central_north,20.01138906,39.55048674,train,17.31750129,51.38400826,17.464312030945027,43.73275701145023,17.848280261421685,40.53023635185542,17.508198248932196,42.89718885468804,17.04000001572812,44.872438589520485,9.0980291,24.99280849
2010-05-07,2010-05-22,2010-06-04,central_south,25.54861906,32.56939696,train,24.31793667,20.7052116,24.055117693145856,40.70333060485615,25.11957287168675,17.794262457493975,24.356489824600306,34.65906624815071,24.62226665484627,36.49859647279696,16.69096077,17.30925264
2010-05-07,2010-05-22,2010-06-04,east_north,20.53599151,36.46389073,train,16.25174359,46.35115748,17.301656982407614,47.21283695354033,17.660320652433736,38.51326915156626,17.302773498704898,44.97433878803842,16.901517889629545,47.01438455694756,10.52957099,48.02296574
2010-05-07,2010-05-22,2010-06-04,east_south,24.68337681,63.3452568,train,22.85246415,30.46360197,23.44443203488195,49.76267906603537,23.821236010361446,25.532328106939758,23.47512125212459,43.71447396318945,23.31912645448988,42.008337357570724,17.52633382,32.47095932
2010-05-07,2010-05-22,2010-06-04,west_north,10.945835,39.69950731,train,12.98898631,26.87693535,13.793087721981617,18.56410333258986,13.524853817445782,19.346051455927704,13.567210919964186,19.25061191143995,13.34102018920893,21.69675280264461,3.31726767,38.00408146
2010-05-07,2010-05-22,2010-06-04,west_south,19.21143621,1.00163113,train,20.72266758,0.54819316,21.114134781612737,3.720736785484582,21.171318788,0.0,20.99564694736945,2.786204169734022,21.146823742869067,4.2843486421740735,11.05594063,4.7022609
2010-05-21,2010-06-05,2010-06-18,central_north,19.72612031,82.61271521,train,19.42823733,44.02705879,19.670348603612783,44.24185274986913,19.959016301421688,33.17328688185542,19.583097905873053,41.850503648184656,19.649966544405725,42.38252047143786,11.20630765,13.68777054
2010-05-21,2010-06-05,2010-06-18,central_south,27.91771433,34.25005228,train,25.58043502,36.6185515,25.609405149827488,41.00763539396142,26.382071221686747,33.70760235749398,25.757629307764372,39.777705023658484,26.045921708923075,42.262508883170426,17.09720256,36.42500559
2010-05-21,2010-06-05,2010-06-18,east_north,19.21152872,58.13673069,train,18.32454093,52.01463517,19.322289767287103,47.57050158112364,19.733117992433737,44.17674684156626,19.28243944121985,47.23950830387366,18.783643193960835,48.194124579461615,9.72660712,22.79693114
2010-05-21,2010-06-05,2010-06-18,east_south,27.20691109,41.97555324,train,24.30300024,62.27097939,24.865894929926014,55.87588301981114,25.271772100361446,57.33970552693976,24.92749328240148,57.27861402962836,24.949483775802214,59.315296855425956,17.46881479,25.44125391
2010-05-21,2010-06-05,2010-06-18,west_north,14.14910285,30.28099948,train,16.0905623,25.98703127,16.064227211628168,16.223035085406604,16.62642980744578,18.456147375927703,16.096115777513717,17.484337354840847,16.04316924923683,16.17845643461226,7.64504247,18.57113873
2010-05-21,2010-06-05,2010-06-18,west_south,23.44284563,1.22671416,train,23.80829901,2.18653095,23.031510789887584,6.104058100006257,24.256950218,0.4477435090361441,23.340891545007874,5.151573250160146,24.069826145546266,4.517879562555171,14.21358338,11.11466855
2010-06-04,2010-06-19,2010-07-02,central_north,22.2566106,48.94731174,train,21.62342654,45.25808832,21.38161084255015,43.409826756987485,22.154205511421686,34.40431641185542,21.456083467538864,41.861402122230075,21.683014577190864,40.529450976816406,11.73878349,48.70378893
2010-06-04,2010-06-19,2010-07-02,central_south,27.82252163,51.16469682,train,27.10083309,37.74878432,26.87420043727693,40.94095752815461,27.902469291686746,34.83783517749397,27.103480470813945,40.47384954261993,27.35299481201736,39.54059315665975,19.14575211,48.73957054
2010-06-04,2010-06-19,2010-07-02,east_north,21.41180983,35.27399351,train,20.82553607,50.31658391,20.821593190609278,47.23249854322236,22.234113132433734,42.478695581566264,21.162436297547405,46.70945594407678,21.131839027215015,46.16519452057105,13.39517793,47.96873597
2010-06-04,2010-06-19,2010-07-02,east_south,27.69229719,64.46655884,train,25.60074005,77.02238567,26.006850444455093,61.71094109449938,26.569511910361445,72.09111180693976,26.153796161906683,66.02196799032475,26.56151491356006,69.65458301169038,20.66246171,60.72088373
2010-06-04,2010-06-19,2010-07-02,west_north,17.79695578,9.57301545,train,17.84196711,11.39938716,18.069173896832393,13.711294694210517,18.37783461744578,3.8685032659277043,17.91206760556713,12.253276066516595,18.226772830943464,12.783204921026279,6.52028717,34.34889216
2010-06-04,2010-06-19,2010-07-02,west_south,24.80194024,4.1209899,train,25.3118697,1.27537677,24.67770580345127,9.155667693753959,25.760520908,0.0,24.89602088107047,7.6990039696556405,25.613911724774866,6.443287750389546,13.56529684,7.39060405
2010-06-18,2010-07-03,2010-07-16,central_north,22.92607128,57.58635974,train,22.3795067,57.23640077,22.503699834216146,41.545864779627955,22.910285671421686,46.38262886185542,22.44455064358966,44.16103217976354,22.784027150180926,45.04283845085362,11.28376904,52.06027868
2010-06-18,2010-07-03,2010-07-16,central_south,27.50454355,67.66914397,train,27.57817147,51.45244761,27.76410731921951,40.576065192399675,28.37980767168675,48.54149846749398,27.85449926234788,44.39652933558884,27.814279576401912,45.30704511128086,21.67974975,41.98695988
2010-06-18,2010-07-03,2010-07-16,east_north,24.32164156,44.13821638,train,22.29669648,60.99012297,21.74094665884488,46.44007488900357,23.705273542433737,53.15223464156627,22.338971541851013,49.197506354121515,22.635309878267186,44.97605654877782,12.39983834,53.42965407
2010-06-18,2010-07-03,2010-07-16,east_south,27.18490323,61.9055945,train,26.6591471,62.76091984,26.798128543912476,66.24617244031683,27.627918960361445,57.82964597693976,27.05738932550401,65.99315385671626,27.11410745970386,63.46467811142672,22.45395638,36.56060851
2010-06-18,2010-07-03,2010-07-16,west_north,18.83037223,5.99843679,train,20.03442505,8.87944119,19.597148923835075,11.37092370031659,20.570292557445782,1.3485572959277041,19.698451048533272,9.969731933626313,20.247595472736254,9.048974290563628,9.09461873,21.97828842
2010-06-18,2010-07-03,2010-07-16,west_south,26.46784499,8.80542566,train,26.57607839,1.2291253,25.89753308448289,12.250914003704887,27.024729598,0.0,26.144091048793275,10.363519231800527,26.475511084304895,8.661072093861359,16.81505006,1.01779428
2010-07-02,2010-07-17,2010-07-30,central_north,23.82147639,57.28013472,train,23.49583578,46.77367053,22.949646487551227,39.046495003989655,24.026614751421686,35.91989862185541,23.188877070059277,39.634284926230634,23.494932853979382,37.339595667721596,19.43108446,42.82004937
2010-07-02,2010-07-17,2010-07-30,central_south,28.16431465,38.64139378,train,27.22984217,41.3685902,28.18312683143744,40.00241692895707,28.03147837168675,38.45764105749397,27.977250475772617,41.87061911522912,27.78954558257358,38.594030447438826,25.24426587,33.37843613
2010-07-02,2010-07-17,2010-07-30,east_north,23.51346128,51.61492989,train,22.79413529,44.50586651,22.043021433249574,45.47851428456446,24.202712352433736,36.66797818156626,22.738373627015296,44.398139213167724,23.32143022918556,42.58879928264797,20.022832,30.20554026
2010-07-02,2010-07-17,2010-07-30,east_south,28.93937041,45.06457904,train,26.33561616,71.75188517,27.167478287143147,68.62165557020985,27.304388020361447,66.82061130693975,27.206309878854444,70.69138146508713,27.31013970493378,67.59987095683805,24.18560923,53.72623601
2010-07-02,2010-07-17,2010-07-30,west_north,21.06858725,10.14275556,train,20.12941025,6.12418849,20.443738502384722,9.573653788247544,20.665277757445782,0.0,20.252729813576405,8.400286723226062,20.466120906063395,8.728050762199487,10.13455676,36.07618587
2010-07-02,2010-07-17,2010-07-30,west_south,26.63013812,31.18206809,train,26.48799083,4.25193214,26.541438274292933,14.77025361279998,26.936642038000002,2.513144699036144,26.532932445886953,13.560825462149495,26.28715836859672,12.922666119944669,18.6892149,0.99024776
2010-07-16,2010-07-31,2010-08-13,central_north,24.76932886,44.72517485,train,22.4092128,42.98715807,22.649983154719713,36.30694866819463,22.939991771421685,32.13338616185541,22.618720460326756,37.05969636757608,22.718522191161686,35.364729856872074,19.4431515,80.5331135
2010-07-16,2010-07-31,2010-08-13,central_south,29.71491349,20.55520499,train,27.26964002,35.16652185,28.040354869253292,39.30543350851901,28.071276221686748,32.25557270749398,27.966964785813367,39.841714027335,27.88634083926624,36.379514103064395,27.50390702,41.82940448
2010-07-16,2010-07-31,2010-08-13,east_north,22.84730668,33.83813448,train,21.96643727,45.88321395,21.710353639701783,44.60615869706931,23.375014332433736,38.04532562156626,22.273220245749034,44.49051413481011,22.50168898882527,42.54237817255584,19.34965039,62.87382431
2010-07-16,2010-07-31,2010-08-13,east_south,28.15713563,62.24253233,train,26.39180811,62.24078164,27.049785999978475,68.32497825320223,27.360579970361446,57.30950777693976,27.21194169686511,68.0842949518882,27.131500931641334,65.17201319947854,27.00411441,44.41930866
2010-07-16,2010-07-31,2010-08-13,west_north,19.58423067,14.05121299,train,20.69360766,10.78306868,20.449139225020343,8.645599448491607,21.229475167445784,3.252184785927704,20.562815591861167,8.927927824367782,20.68508525841641,8.175676493877814,14.54715684,32.37272032
2010-07-16,2010-07-31,2010-08-13,west_south,24.7272949,22.32369066,train,26.61167949,5.36862735,26.492141835689267,16.235339919741346,27.060330698,3.6298399090361437,26.6290626323294,15.065959462656448,26.15038742109921,14.234349841981327,23.54759643,1.25287705
2010-07-30,2010-08-14,2010-08-27,central_north,21.82646321,31.58056597,train,21.17045113,34.56283735,21.566703938992784,33.64123719774679,21.701230101421686,23.70906544185542,21.53485620483257,32.99507081789493,21.45526107181408,31.21679519830305,22.11839056,55.80149245
2010-07-30,2010-08-14,2010-08-27,central_south,28.39817559,38.08829458,train,26.8800083,28.72304173,27.27041171667251,38.549663873741686,27.681644501686748,25.812092587493975,27.42093710218282,37.502341806527085,27.56068171189537,38.45913367925371,28.25118492,33.83424479
2010-07-30,2010-08-14,2010-08-27,east_north,20.99816037,49.03996153,train,20.77419624,51.66765637,20.746358500553832,43.99333789147094,22.182773302433734,43.82976804156627,21.306542318749088,45.71724417916896,21.33112552187179,42.60310390096561,21.84435459,39.03530814
2010-07-30,2010-08-14,2010-08-27,east_south,27.48150687,94.84160719,train,26.11646745,44.65833971,26.40079961024111,65.30621777746562,27.085239310361445,39.72706584693976,26.753756418099893,61.09768306697916,27.034346560784652,63.09388671745799,28.05842928,56.67350589
2010-07-30,2010-08-14,2010-08-27,west_north,19.23701387,6.95354132,train,19.68676411,10.61677487,19.53262715259826,8.797830563941128,20.22263161744578,3.085890975927705,19.691474756897396,9.098741282906472,19.64950327926643,8.591013245181864,16.98068698,14.57872916
2010-07-30,2010-08-14,2010-08-27,west_south,26.11583352,17.32024613,train,25.74317826,4.74670276,25.689639086467768,16.412395310435315,26.191829468,3.007915319036144,25.87789030939731,15.109402033603114,25.565683531219424,14.168846105360533,24.31355129,2.49486146
2010-08-13,2010-08-28,2010-09-10,central_north,19.30286983,44.2154968,train,19.91169875,45.57640676,19.708043519313446,31.228555077753622,20.442477721421685,34.72263485185542,20.024022828667192,33.89824707021401,20.061566767072286,33.727352580270704,22.74321657,49.53261257
2010-08-13,2010-08-28,2010-09-10,central_south,26.11521531,55.37339098,train,26.40758563,17.45234435,25.853969353144176,37.769525609674005,27.209221831686747,14.541395207493977,26.44814710578514,33.548630441121745,26.78466988711885,38.124418269697344,27.037615,84.69027272
2010-08-13,2010-08-28,2010-09-10,east_north,20.5735589,15.55148159,train,19.68355864,31.15695545,19.178725842753657,43.68523578012418,21.092135702433737,23.319067121566267,19.97609032464693,39.84477682683999,20.31086994232532,44.38280495280587,23.2230782,40.57511653
2010-08-13,2010-08-28,2010-09-10,east_south,25.70017429,21.45868505,train,24.85418426,35.34378456,25.211299100934674,59.99608024842609,25.822956120361447,30.412510696939762,25.565933292081944,54.581096725124965,26.078061715105747,58.08125986412841,26.72775981,69.98372757
2010-08-13,2010-08-28,2010-09-10,west_north,14.44624575,19.34670135,train,15.49574255,11.25760935,17.715516257492858,10.078347828210804,16.031610057445782,3.7267254559277037,16.968371056134448,10.959045057344081,16.69965817238037,11.281700178150803,18.36116822,7.32028687
2010-08-13,2010-08-28,2010-09-10,west_south,22.95465931,7.95351205,train,23.60028594,3.42941997,24.14896622005846,15.35965964325767,24.048937148,1.6906325290361444,24.154430514984593,14.101954060198388,24.061048820563837,13.188499737805458,26.0232026,8.59622982
2010-08-27,2010-09-11,2010-09-24,central_north,17.00219027,59.31999941,train,16.56996498,42.26941164,17.14035753805645,29.09717419811176,17.100743951421688,31.415639731855418,17.185154222694774,31.552152255797697,16.939562886427442,30.83237185501329,23.91019988,60.89305607
2010-08-27,2010-09-11,2010-09-24,central_south,26.08667105,25.74830291,train,24.36691875,16.19601917,23.833379198792983,36.969413657317546,25.168554951686748,13.285070027493976,24.463900244826256,32.40928383202542,24.69840592716873,36.255372517781524,28.23528967,36.96825428
2010-08-27,2010-09-11,2010-09-24,east_north,17.34162815,28.66220391,train,16.4015923,37.95336418,17.064183331013,43.59704992510424,17.810169362433736,30.115475851566266,17.43701810832107,41.7489547910571,17.301820970643575,45.362563928307566,24.05207302,49.69008706
2010-08-27,2010-09-11,2010-09-24,east_south,25.57503555,18.21348596,train,23.25251907,22.99923638,23.51825173563177,53.222679809006955,24.221290930361448,18.067962516939758,23.90875092903821,45.97580249216527,24.63358525745663,47.38743988979637,28.78468461,45.71223496
2010-08-27,2010-09-11,2010-09-24,west_north,14.26005526,13.381348,train,14.27841654,9.71611316,15.127116873878753,12.356389172892486,14.814284047445783,2.1852292659277053,15.02350681512296,11.67546650985804,14.73262401339758,11.609785689160528,21.03855475,7.77958535
2010-08-27,2010-09-11,2010-09-24,west_south,22.27645649,10.66912484,train,22.13568289,3.93805991,21.966452124823245,13.40844950495368,22.584334098,2.1992724690361447,22.321606578968613,12.35972744683075,22.470232165313494,10.606532743239121,27.17339487,26.81116492
2010-09-10,2010-09-25,2010-10-08,central_north,14.19029163,5.11439784,train,13.20747223,28.7607962,13.993607079032078,27.14807054079697,13.738251201421686,17.907024291855418,13.954628770614207,26.361984211530736,13.619203227957247,27.576661450889436,24.4737196,43.5599983
2010-09-10,2010-09-25,2010-10-08,central_south,19.3907002,15.23343743,train,20.51905166,12.04913101,21.319195812850033,36.13269415704074,21.320687861686746,9.138181867493977,21.400062481170288,30.785886025034724,21.518370381833865,32.742761084504764,29.44011448,22.93025785
2010-09-10,2010-09-25,2010-10-08,east_north,13.78841504,102.34701005,train,13.42608986,40.46660247,14.492904818632725,43.542231595966435,14.834666922433735,32.62871414156626,14.721139957405505,42.17872842889112,14.416381287131173,43.499255810829084,22.57658008,29.77119274
2010-09-10,2010-09-25,2010-10-08,east_south,20.06633047,115.55180336,train,19.82090964,28.1968215,21.40989074110196,46.04504185691887,20.789681500361446,23.265547636939758,21.241619586326042,42.03717506312749,21.489794808963623,45.96027571237174,28.15777344,63.92369995
2010-09-10,2010-09-25,2010-10-08,west_north,15.09557279,14.49455184,train,11.72989177,19.03130432,11.991714320626947,15.342913833217716,12.265759277445783,11.500420425927704,12.195859163826519,15.93616867774912,11.977592750772033,15.328216321722625,20.09391209,14.67358082
2010-09-10,2010-09-25,2010-10-08,west_south,21.25686924,15.10976621,train,19.60468313,4.98724056,19.31247493653397,11.082466739663895,20.053334338000003,3.248453119036144,19.736716045865514,10.554396820776144,19.800100653770947,7.8970153823097,24.71133442,27.88371032
2010-09-24,2010-10-09,2010-10-22,central_north,12.24296678,5.69145872,train,10.12676173,35.40716614,10.45801096520105,25.21117148236568,10.657540701421686,24.553394231855417,10.622016559501066,26.21028076864985,10.446868537842441,26.22110690475827,22.47670993,38.18966128
2010-09-24,2010-10-09,2010-10-22,central_south,19.28781898,13.60273975,train,18.83752468,21.5890856,18.485179112133046,35.236959876339874,19.63916088168675,18.678136457493977,19.049192819247807,31.842280886490922,18.722233896539905,29.984323474651557,29.10542579,39.68370474
2010-09-24,2010-10-09,2010-10-22,east_north,10.67630784,28.22613472,train,11.04995585,28.54866285,11.59056101931223,43.28686383716202,12.458532912433736,20.710774521566265,12.004814136798231,38.24889555161772,12.018680813707626,35.909801067786674,21.60345104,54.54454038
2010-09-24,2010-10-09,2010-10-22,east_south,18.83416056,6.19283874,train,18.76672428,24.83648993,19.022782981005154,39.539951556425706,19.735496140361445,19.905216066939758,19.360418539912555,35.37878754466813,19.27120731386793,34.49114914180916,27.86624767,92.75921287
2010-09-24,2010-10-09,2010-10-22,west_north,10.15140156,9.30747406,train,7.54877625,19.68206412,8.59858392855563,18.64313789159854,8.084643757445784,12.151180225927703,8.486012197651622,18.476043233232147,8.847418120856592,16.402422209238832,18.97775653,8.50407305
2010-09-24,2010-10-09,2010-10-22,west_south,17.42677514,12.18799055,train,15.80331672,5.66532791,16.41152442925734,8.974024300629477,16.251967928,3.9265404690361443,16.44191510939685,9.035243400048419,16.682529742638227,8.961329775729936,26.21110647,16.56587916
2010-10-08,2010-10-23,2010-11-05,central_north,7.97545568,25.7785152,train,4.71321595,35.15979725,6.771113798706626,23.119477909796885,5.243994921421687,24.306025341855413,6.187012095566199,24.75736029588615,6.72579219381223,23.746684815540583,19.79749041,36.755921
2010-10-08,2010-10-23,2010-11-05,central_south,16.42930383,35.81123082,train,14.31304188,37.37055003,15.551748694351984,34.271413563852214,15.114678081686748,34.45960088749398,15.435111283474619,35.307596943677765,15.713195222416335,37.358562645461305,25.82050664,43.55091008
2010-10-08,2010-10-23,2010-11-05,east_north,8.8485194,43.6478595,train,6.71452397,70.12728069,8.516242976490346,42.61711470708576,8.123101032433736,62.28939236156627,8.439563076513851,48.67258166501024,8.287330265188825,47.58231511225833,20.99423589,17.97306352
2010-10-08,2010-10-23,2010-11-05,east_south,17.70461126,46.1038743,train,15.06972305,31.7850509,16.530563166776094,34.589045682810706,16.038494910361447,26.85377703693976,16.308791623310473,33.34874806556948,16.08348595920291,31.90334331189082,25.76291404,26.65132464
2010-10-08,2010-10-23,2010-11-05,west_north,6.80292314,40.17786342,train,4.82834714,33.02280003,5.260650612722236,21.8299304106979,5.364214647445784,25.491916135927703,5.411348463512142,23.73858406320991,5.956371000183824,20.945450568718762,15.5317334,13.41538715
2010-10-08,2010-10-23,2010-11-05,west_south,14.25274773,4.10218029,train,13.15321785,12.78045545,13.513020124413746,7.605621232061448,13.601869058000002,11.041668009036144,13.61483143734382,9.311152891722392,13.838529169957607,9.03973153168977,23.63743613,8.71049076
2010-10-22,2010-11-06,2010-11-19,central_north,5.16706263,16.41391221,train,1.48342983,22.93456507,3.1964603902858233,20.782149191891556,2.014208801421687,12.080793161855418,2.6952755165548608,19.244294980190272,3.0339861077220234,15.542962708534318,17.12461577,41.53487045
2010-10-22,2010-11-06,2010-11-19,central_south,12.27240872,22.25867438,train,10.72573783,29.96961642,12.760328054154503,33.25171434185483,11.527374031686747,27.058667277493978,12.23924697113625,32.298265666680194,12.417274104827083,34.1904221061307,26.29064155,32.78752049
2010-10-22,2010-11-06,2010-11-19,east_north,6.24769768,31.70688704,train,2.24253108,42.81946677,5.455199962724997,41.403594905739986,3.6511081424337357,34.98157844156626,4.68776463801566,40.49348407343071,5.115434702916743,36.924669379215345,16.52965523,26.20060829
2010-10-22,2010-11-06,2010-11-19,east_south,12.61159022,12.227569,train,10.47411105,21.49157846,14.125754673745346,31.71274313157611,11.442882910361444,16.56030459693976,12.893832799028011,28.581738506978166,12.790776631877158,23.2344736317676,25.53049289,19.40860311
2010-10-22,2010-11-06,2010-11-19,west_north,3.08210187,28.48726312,train,2.76531536,26.57803518,2.269786990467446,24.52231704946622,3.3011828674457835,19.047151285927704,2.7559765150720335,23.221649222760906,2.961006208341268,20.14882619830056,14.16538898,17.30672011
2010-10-22,2010-11-06,2010-11-19,west_south,10.1888958,2.07946637,train,11.2078134,5.71301829,10.858261465280819,7.3085770177974885,11.656464608,3.974230849036144,11.18449865261151,6.422548054027665,11.195586450346969,5.123249601379365,22.22994477,3.71905947
2010-11-05,2010-11-20,2010-12-03,central_north,-2.10368927,25.02326905,train,-1.13474278,30.74128332,-0.003159854738188833,18.237894558233183,-0.6039638085783133,19.887511411855417,-0.2861244496443094,18.77929698463162,0.07276726940061473,15.084047362319449,14.14659586,30.31761211
2010-11-05,2010-11-20,2010-12-03,central_south,11.62315071,29.74117751,train,10.83842793,31.83640179,10.343002555873824,32.22819350316716,11.640064131686747,28.925452647493977,10.82703784366063,30.64710881595143,10.999719596255392,29.88275606614251,20.30013824,20.65861519
2010-11-05,2010-11-20,2010-12-03,east_north,3.50932717,62.31110564,train,2.71101601,46.86266443,2.6063738113592194,39.64706831106885,4.1195930724337355,39.02477610156627,3.187764170973816,38.685089627716565,3.113466991320507,37.01164659947777,14.85546312,100.00214727
2010-11-05,2010-11-20,2010-12-03,east_south,13.01999673,31.5818549,train,12.69974893,31.68488966,11.997582411310386,30.98681043263204,13.668520790361445,26.75361579693976,12.541817654747593,28.722828574149343,12.550088907622122,29.210482683490586,21.14646354,117.46990361
2010-11-05,2010-11-20,2010-12-03,west_north,-4.96347091,36.49333253,train,-1.71264956,43.39750708,-0.14260763294531134,26.452305864271842,-1.1767820525542165,35.8666231859277,-0.5392486313718459,29.202485010289504,-0.4191551389358332,27.605108602349365,15.28512827,11.97144737
2010-11-05,2010-11-20,2010-12-03,west_south,5.44763467,9.7985238,train,7.50805332,11.51811251,8.649662401103628,8.14648579410478,7.956704528,9.779325069036144,8.304485222784553,8.461087930238438,8.071593175125619,5.790618127849406,21.77006955,20.85609684
2010-11-19,2010-12-04,2010-12-17,central_north,-6.32637488,13.22510838,train,-4.75754442,33.50035841,-2.5937274437208875,15.674632343520576,-4.2267654485783135,22.646586501855413,-3.3289236908549844,17.487653415631993,-3.6787716300239515,14.456716529525615,13.22598735,5.09744919
2010-11-19,2010-12-04,2010-12-17,central_south,6.61468756,7.09164195,train,8.31582737,39.54658487,8.492976044382559,31.28489016965888,9.117463571686747,36.63563572749398,8.667803446532053,31.6414362371851,8.742303650178947,30.997086604293795,19.29224719,8.64230887
2010-11-19,2010-12-04,2010-12-17,east_north,-4.42606953,37.03053339,train,-0.79953423,57.54170091,0.16585257969185108,37.4941744798383,0.6090428324337359,49.70381258156627,0.2904295325894359,39.782711264507,0.5637708830705754,41.51167193049034,11.57581499,31.66265268
2010-11-19,2010-12-04,2010-12-17,east_south,3.88624464,16.85735828,train,9.93688176,46.76273048,10.309578489931578,32.05852887194016,10.905653620361445,41.83145661693976,10.390854793119324,33.270517712980066,10.773784170488998,33.30788278601695,19.01301369,5.34365559
2010-11-19,2010-12-04,2010-12-17,west_north,0.05563549,36.4723492,train,-2.66848612,66.26451662,-1.832335108724,27.505975211938722,-2.132618612554216,58.7336327259277,-1.9207405133622202,35.21484271801501,-1.900390625895255,37.376920922574826,10.46689063,12.97368815
2010-11-19,2010-12-04,2010-12-17,west_south,9.49257889,7.74973493,train,6.42899733,30.07526245,7.027877678439605,9.900975733831267,6.877648538,28.336475009036146,6.903239257142276,13.90645729593864,6.8274937631093815,16.722713407141327,17.9196024,8.04389722
2010-12-03,2010-12-18,2010-12-31,central_north,-4.55559626,12.88674918,train,-4.69074716,24.54327741,-4.394725980038435,13.409300123423016,-4.159968188578313,13.689505501855418,-4.365031850546819,12.410719327324678,-4.206976316130729,13.851593188029955,8.8593593,25.8641799
2010-12-03,2010-12-18,2010-12-31,central_south,7.8785916,19.0393679,train,5.56218731,32.064742,7.341205798245075,30.529020788757222,6.363823511686747,29.15379285749398,6.817090826387122,29.09553199331268,6.53617862621607,27.02845660579791,17.71143893,37.62305931
2010-12-03,2010-12-18,2010-12-31,east_north,-3.17951723,9.07882309,train,-2.29669418,46.40547252,-1.691649262046024,35.21866767433519,-0.8881171175662639,38.56758419156626,-1.4355164011670838,34.615769972002326,-1.1928794190514778,37.11442188870028,9.18000448,29.64237067
2010-12-03,2010-12-18,2010-12-31,east_south,5.46186449,19.8843555,train,7.72996985,48.13781445,9.18088386746901,34.25685572608208,8.698741710361444,43.20654058693976,8.806505486250156,35.094386073836276,9.034842005785244,31.369843986738825,18.48164967,32.06470097
2010-12-03,2010-12-18,2010-12-31,west_north,-3.03074581,61.56042741,train,-1.39966149,41.16138626,-2.751847637575248,27.730622223603827,-0.8637939825542165,33.630502365927704,-1.9883759147261744,27.48288871504985,-2.037250208761601,32.3386001945984,6.88463423,41.27174624
2010-12-03,2010-12-18,2010-12-31,west_south,6.82328699,76.56700582,train,6.06459065,9.13800583,6.06068753408528,12.123000892866868,6.513241858000001,7.399218389036145,6.139065624893327,9.281025066444974,6.240166823660099,8.566798812231973,13.8464851,10.09370509
2010-12-17,2011-01-01,2011-01-14,central_north,-8.54074142,12.43126047,train,-7.89951322,21.00057273,-5.304013899801829,11.812169079345228,-7.368734248578313,10.146800821855415,-6.2148763802161335,10.644267905350933,-6.707427446681116,12.173398704528179,5.56070736,15.8356042
2010-12-17,2011-01-01,2011-01-14,central_south,3.9083125,25.81502942,train,4.4025144,39.02534123,6.943077809915037,30.068128031397293,5.204150601686748,36.11439208749398,6.129834463836747,30.379316623140472,6.135358925946696,27.007936380835385,12.32859072,24.63409004
2010-12-17,2011-01-01,2011-01-14,east_north,-4.22646484,18.08420633,train,-5.722537,46.31018684,-2.843399363906567,33.1403317956164,-4.313959937566264,38.472298511566265,-3.5054155694549793,33.43189483295416,-3.3358428962786126,30.678404831909607,6.49278575,45.29728939
2010-12-17,2011-01-01,2011-01-14,east_south,5.49349412,29.92118638,train,7.17450725,70.39095279,8.671247294718569,36.8113772076608,8.143279110361444,65.45967892693976,8.34711755988887,42.45443554196967,8.615411806531633,47.20561856178831,12.67290145,26.84051965
2010-12-17,2011-01-01,2011-01-14,west_north,-6.47224534,17.83849102,train,-2.72426721,39.97772188,-2.9390289930644458,27.29587720330005,-2.188399702554216,32.4468379859277,-2.6427424042412975,26.72076282218541,-2.7938119735523523,29.044386722700526,4.0561839,23.95691312
2010-12-17,2011-01-01,2011-01-14,west_south,2.96597951,5.5703744,train,5.70731496,16.02539059,5.744943327384875,14.270103530288969,6.155966168,14.286603149036145,5.840782239328141,12.242716918939266,6.105396415516847,13.002230274988747,11.03989953,2.07169902
2010-12-31,2011-01-15,2011-01-28,central_north,-7.14893208,10.02338922,train,-6.22645611,20.18517206,-5.259888232212328,11.322703273256762,-5.695677138578313,9.331400151855416,-5.437655687673331,9.231278807076611,-5.650601684671042,13.92692732830195,-1.55140639,25.78096286
2010-12-31,2011-01-15,2011-01-28,central_south,6.15563982,22.7176504,train,4.78146364,35.3706037,7.290838279591431,30.014095900822728,5.583099841686748,32.45965455749398,6.529340703143868,29.00720377079539,6.848431822565818,26.329684999307982,11.62127463,30.52172982
2010-12-31,2011-01-15,2011-01-28,east_north,-6.29375434,25.98003368,train,-5.85981028,35.4967023,-3.167395856596743,31.692801748634835,-4.451233217566264,27.658813971566268,-3.7103445539712023,29.182150706852344,-3.635862594021721,29.057322730706584,4.06726864,53.2350962
2010-12-31,2011-01-15,2011-01-28,east_south,6.66835961,40.05411879,train,5.77104221,43.62929831,8.801176002587962,38.875784358179104,6.739814070361445,38.69802444693976,7.844590655659281,37.085403932304075,7.929271083441135,29.602348344344303,13.80410612,31.34771619
2010-12-31,2011-01-15,2011-01-28,west_north,0.14896918,22.85144683,train,-0.81420361,41.65012963,-2.494261151050857,26.481020296999635,-0.2783361025542165,34.119245735927706,-1.5413397837544762,25.71458986906482,-1.9214455008759854,28.487169208687984,-4.64684108,35.52882884
2010-12-31,2011-01-15,2011-01-28,west_south,7.98798697,0.01774226,train,6.57659826,9.09861652,6.029705305561198,15.696396192492319,7.025249468,7.359829079036144,6.4091636686762365,10.938927621932866,6.484749996673963,11.179673318241843,5.68881895,9.79320107
2011-01-14,2011-01-29,2011-02-11,central_north,-9.57803455,15.14036065,train,-2.02831528,25.57949049,-4.331629878723756,12.187619170816673,-1.4975363085783133,14.725718581855418,-3.0641439667924244,10.022678369002959,-2.9769915165177405,12.341307116445922,-5.72058406,11.57285035
2011-01-14,2011-01-29,2011-02-11,central_south,2.29012286,32.5244942,train,9.48448332,42.13415577,8.284755287247494,30.412201789028053,10.286119521686748,39.22320662749398,9.15157055216352,29.661721521829502,8.94610469337027,30.509203618747794,6.95680239,5.8446635
2011-01-14,2011-01-29,2011-02-11,east_north,-5.276245,32.0635118,train,-3.20156756,51.01664398,-2.670683817279315,31.125665938045906,-1.792990497566264,43.17875565156626,-2.205817736711492,32.00840379601786,-2.3684852212034633,30.29084409873482,-3.56222156,46.3924599
2011-01-14,2011-01-29,2011-02-11,east_south,8.74631958,59.08908056,train,9.31798072,57.84023977,9.505561798443058,39.99140413360847,10.286752580361444,52.908965906939756,9.838489494089846,40.56717681027243,9.680934491438862,37.373473911775704,3.57868176,12.91991272
2011-01-14,2011-01-29,2011-02-11,west_north,-4.12317318,11.74839502,train,0.22601226,60.43280871,-1.5639171015538798,25.55405922520142,0.7618797674457835,52.90192481592771,-0.4695679016319354,29.729615094072347,-0.6877323188107638,32.91473936200988,0.73027815,40.4689444
2011-01-14,2011-01-29,2011-02-11,west_south,3.97174747,2.6910591,train,7.7619869,23.34872048,6.807292564053607,16.021824513755867,8.210638108000001,21.609933039036147,7.452769898693228,14.615194971376745,7.147495140907407,14.677629028760379,9.65781841,3.1857574
2011-01-28,2011-02-12,2011-02-25,central_north,-0.76598924,17.73358342,train,-4.30469141,37.62758945,-2.627971372589971,14.516026012083698,-3.7739124385783134,26.77381754185542,-2.9388296788634185,16.092894932555286,-3.2946347597132037,17.142886971181195,-5.02163249,9.42798644
2011-01-28,2011-02-12,2011-02-25,central_south,13.89123558,12.89282433,train,10.99300621,39.67172243,9.79380023719153,31.264645298389375,11.794642411686748,36.760773287493976,10.722960605690279,29.544381184724745,10.78319491132708,32.7282269237036,7.17721136,12.74915401
2011-01-28,2011-02-12,2011-02-25,east_north,-0.10416879,24.64390958,train,-4.01910693,54.09997168,-1.3973286410190529,31.59434030935922,-2.6105298675662647,46.26208335156627,-1.7294225831007766,33.781114997994024,-1.7097142516180392,32.825209375278774,-4.38752329,11.75998435
2011-01-28,2011-02-12,2011-02-25,east_south,13.17517342,6.36779738,train,10.74613432,40.44815247,10.69274430697603,40.017911905508,11.714906180361444,35.516878606939756,11.168881138835427,35.858122968097234,10.617699216137083,34.78751796971076,5.2921583,24.08583221
2011-01-28,2011-02-12,2011-02-25,west_north,-1.68177577,32.67894906,train,-1.09577008,56.67249526,-0.28322086496611004,24.728316126716948,-0.5599025725542166,49.1416113659277,-0.2163917963457026,28.892184987515247,-0.1477333559167463,28.76800261129193,-2.1787271,55.6943575
2011-01-28,2011-02-12,2011-02-25,west_south,7.84792152,21.16994275,train,8.82069728,16.36583731,7.96928844329604,15.072763626637784,9.269348488,14.627049869036144,8.630558373160799,12.047468901909962,8.58345471633901,14.276335130566892,7.97912776,69.26819401
2011-02-11,2011-02-26,2011-03-11,central_north,-2.66416147,23.24691592,train,-2.35706451,39.55678002,-0.30174744884672394,18.202591213471113,-1.826285538578313,28.703008111855414,-0.7189400204492826,19.444811026901377,-1.0196181982972776,19.0809309923731,-8.02106773,17.18445933
2011-02-11,2011-02-26,2011-03-11,central_south,12.85997113,40.03821648,train,10.78115914,44.5107767,11.666618125894766,32.51392654869158,11.582795341686747,41.59982755749398,11.786412656123744,32.4701063305742,11.930149149291527,31.090827336124857,5.52313172,33.22153012
2011-02-11,2011-02-26,2011-03-11,east_north,0.91649651,102.17904289,train,-1.67855261,74.68229509,0.5514668764388473,33.08471030801823,-0.26997554756626396,66.84440676156626,0.4736027406868717,40.24125252444236,0.9141936353454956,45.22537488324551,-2.93273113,15.79002978
2011-02-11,2011-02-26,2011-03-11,east_south,13.37969738,63.0728307,train,10.69399863,60.02135072,12.247245154774575,39.20192969383749,11.662770490361444,55.09007685693976,12.143814905127346,41.038087063831185,11.958031090169513,40.20819657479049,6.71992327,29.71182981
2011-02-11,2011-02-26,2011-03-11,west_north,-0.18956152,33.6591881,train,-0.73605276,54.64056953,1.2408392084886888,24.111253554922364,-0.2001852525542165,47.109685635927704,0.875591345263553,28.368548771516142,1.2487512455111938,30.22591778089642,-8.03682947,17.46770649
2011-02-11,2011-02-26,2011-03-11,west_south,9.40127456,10.67784588,train,8.91175948,24.11829713,9.416346037322942,12.966547553525784,9.360410688000002,22.379509689036144,9.580838185990412,13.076383137534638,9.724218205832962,14.332751052985227,1.92536994,17.41502503
2011-02-25,2011-03-12,2011-03-25,central_north,4.14446761,19.97234657,train,-0.40384749,43.54247435,2.4713277837692873,22.927005008596645,0.12693148142168675,32.68870244185541,1.736189845081781,24.366294402809213,1.8379591395582258,24.498507387020577,-8.07276269,10.2911211
2011-02-25,2011-03-12,2011-03-25,central_south,17.37315433,6.81752848,train,13.01275213,52.96075604,13.754884607886222,34.04805263388989,13.814388331686748,50.04980689749398,13.978220111521921,35.992266112634056,13.966059860859065,31.659129161497827,5.14647814,22.76983017
2011-02-25,2011-03-12,2011-03-25,east_north,4.43725955,30.93207474,train,0.52376794,54.52935436,3.029507845549144,35.4110011970115,1.932345002433736,46.691466031566264,2.81915635402758,36.86342898634288,3.1489349215176206,35.05796484528187,-6.76414219,21.32236188
2011-02-25,2011-03-12,2011-03-25,east_south,16.45129818,9.96840604,train,13.55527815,69.8379412,14.047117833124943,38.10632023352974,14.524050010361444,64.90666733693976,14.434499067053078,42.7126127806813,14.38587828450833,41.490120040654844,5.84719821,38.46315895
2011-02-25,2011-03-12,2011-03-25,west_north,3.03921011,44.49601988,train,0.15400253,45.19491756,2.9432098516725067,23.68466365642195,0.6898700374457835,37.664033665927704,2.2543926305640594,26.064880434253272,2.758556188072588,29.026257744733417,0.03633541,30.39397269
2011-02-25,2011-03-12,2011-03-25,west_south,11.81469606,24.06108141,train,10.19119236,12.87560847,11.071266823445159,10.090462061050887,10.639843568000002,11.136821029036144,11.085905402059566,8.340449469149583,11.22326332138741,8.821776220510477,7.88602036,0.04880067
2011-03-11,2011-03-26,2011-04-08,central_north,4.80113259,16.07308223,train,4.78631308,46.11872076,5.512233000434924,28.19693465295598,5.317092051421687,35.26494885185542,5.661146547718047,28.475247855500296,5.589632660870658,26.13240892146781,-8.30849377,15.3609688
2011-03-11,2011-03-26,2011-04-08,central_south,16.41152829,25.88011674,train,15.86783712,39.60086065,15.931020048366662,35.716077420869894,16.66947332168675,36.689911507493974,16.408321742526994,33.81098012595909,16.4066324908423,37.2472737464968,3.68894503,29.4026
2011-03-11,2011-03-26,2011-04-08,east_north,3.49996368,32.98617641,train,2.75913753,63.9651956,5.861715813402734,38.2491998889469,4.167714592433736,56.127307271566266,5.3971917587046425,41.892091243199886,6.135698807540858,42.544027068742096,-4.48529987,39.49920971
2011-03-11,2011-03-26,2011-04-08,east_south,14.61103297,80.8218436,train,14.10674923,41.17222421,15.978317846146311,37.460328777823136,15.075521090361445,36.24095034693976,15.730445555578342,35.46078562246974,16.098789490799746,37.13486675314229,8.91785179,55.9308247
2011-03-11,2011-03-26,2011-04-08,west_north,4.62188079,36.26537693,train,2.42695541,46.98256695,4.799312061138056,23.317968156137365,2.9628229174457834,39.4516830559277,4.285348557951001,26.508401385308513,4.692482194772935,27.835230567461668,-3.59152186,11.54199454
2011-03-11,2011-03-26,2011-04-08,west_south,14.22684793,3.75360855,train,11.02890676,10.86058698,12.882016191558554,7.018924178349019,11.477557968000001,9.121799539036145,12.476162042250174,6.218812311509652,12.584070399245398,4.633434143183992,4.44127777,2.67614322
2011-03-25,2011-04-09,2011-04-22,central_north,8.02132008,45.59074886,train,5.20591003,56.04267099,8.653285617414538,33.42642146305693,5.736689001421687,45.18889908185541,7.622726611392712,36.166794416965246,8.077966974088167,34.76732283576379,-0.94988926,10.63873803
2011-03-25,2011-04-09,2011-04-22,central_south,20.2723953,31.45703748,train,17.0473245,45.84578301,18.09715533981318,37.35101251235157,17.848960701686746,42.93483386749398,18.13185169952366,37.44472982536067,18.088791550169475,35.98248428039706,11.829136,4.36158434
2011-03-25,2011-04-09,2011-04-22,east_north,9.31505186,73.7642431,train,4.87646009,83.01775663,8.861525355626853,41.198933801880266,6.285037152433736,75.17986830156626,8.001117502608409,49.730400326742696,8.713896898313727,58.495188678353486,-1.36489764,13.39416213
2011-03-25,2011-04-09,2011-04-22,east_south,19.72938582,25.92602398,train,16.74848477,55.5375126,17.94359539847386,37.96593144635876,17.717256630361447,50.60623873693976,17.966382232102053,39.8969111505224,17.989230477976133,36.6094632348501,11.77146407,6.33350344
2011-03-25,2011-04-09,2011-04-22,west_north,5.1675719,30.00274488,train,4.78543856,30.2389039,6.809691316091849,22.81107402605823,5.321306067445784,22.708020005927704,6.368350653855588,22.06193587657872,6.609966306478823,22.920304238641815,-1.15373464,29.2188201
2011-03-25,2011-04-09,2011-04-22,west_south,14.18809909,4.6085276,train,14.17823436,6.23997727,14.814829641840742,4.387388611048945,14.626885568,4.501189829036144,14.862984646136379,3.1291633035516497,14.392082757196842,4.371447620763281,7.43903539,20.90790147
2011-04-08,2011-04-23,2011-05-06,central_north,9.35354203,52.24094521,train,10.1407111,57.78248823,11.746034835934797,38.03382226797175,10.671490071421687,46.92871632185542,11.401500317874493,39.84809927769808,11.223807981495003,38.232407560682375,-4.14125077,29.06178288
2011-04-08,2011-04-23,2011-05-06,central_south,18.77796041,63.26632709,train,19.31567963,43.11699124,20.184467510310615,38.795555986020894,20.11731583168675,40.20604209749398,20.221373762179674,38.278542166529746,20.092241210148863,39.051756448304005,13.10157776,46.97913987
2011-04-08,2011-04-23,2011-05-06,east_north,12.77851326,79.37938219,train,8.55817385,67.64555523,11.846905507781532,43.86040972288477,9.966750912433735,59.807666901566265,11.159312480190447,47.822520197417646,11.998335285938925,47.94235748329203,0.31279339,85.48324316
2011-04-08,2011-04-23,2011-05-06,east_south,20.86114097,32.8528589,train,17.73749768,43.73516381,19.864871719424126,40.10605702276597,18.706269540361447,38.80388994693976,19.414267513313614,39.232725853618575,19.652012625103897,38.146284130954584,14.07209998,42.67199992
2011-04-08,2011-04-23,2011-05-06,west_north,6.27508814,20.33010678,train,8.93952928,27.18218451,8.975480770993679,21.956273964437468,9.475396787445783,19.651300615927703,9.283180271804895,20.503355359675805,8.69720143308987,21.77104489354742,-1.74600191,31.22385151
2011-04-08,2011-04-23,2011-05-06,west_south,15.54290381,1.58257949,train,17.26863353,4.41521672,16.840059864744564,2.751408381749645,17.717284738,2.676429279036144,17.254812871878155,1.6335392914431202,16.576613889647962,5.190850634335277,8.55974439,10.95448415
2011-04-22,2011-05-07,2011-05-20,central_north,14.00408477,40.21068375,train,12.73612111,60.6010378,14.66235262726629,41.53905095154979,13.266900081421685,49.74726589185542,14.085216489530488,43.75452974788212,13.740042000007364,44.010270920563585,4.65174473,19.95515624
2011-04-22,2011-05-07,2011-05-20,central_south,21.47792979,18.27246856,train,20.79915448,50.96177466,22.14436024366467,39.92549237697853,21.600790681686746,48.050825517493976,21.913120646981152,41.94286186413488,21.919368691719054,41.9902176738003,16.71745476,11.22211115
2011-04-22,2011-05-07,2011-05-20,east_north,14.35148326,62.05069629,train,12.61647833,65.49215652,14.652886017248507,45.909722293432026,14.025055392433735,57.65426819156626,14.381074304411186,48.84061319905602,14.418821649041696,48.682494518741706,5.1160787,52.02105189
2011-04-22,2011-05-07,2011-05-20,east_south,20.97041044,26.82546309,train,19.77864369,40.60950952,21.679698535859206,44.00017283709776,20.747415550361445,35.67823565693976,21.24757681043045,41.84970154321003,21.17085395126735,40.353461789144035,15.74924287,31.77888484
2011-04-22,2011-05-07,2011-05-20,west_north,9.29220069,40.6193321,train,9.78514357,33.02767241,11.271670256805615,20.604160724644547,10.321011077445783,25.496788515927705,10.882851611829288,22.05288146767549,10.809273731690517,23.96418833871436,3.36293523,43.30634584
2011-04-22,2011-05-07,2011-05-20,west_south,15.84630691,7.29352482,train,17.62873109,3.17208737,18.915245849096742,2.462710542410835,18.077382298,1.4332999290361441,18.51942241991725,2.219129221413475,18.14457129649602,5.108308478769704,12.28507181,18.46410614
2011-05-06,2011-05-21,2011-06-03,central_north,16.99140472,64.84138059,train,16.21065051,64.1180197,17.290361420782727,43.64001875040721,16.741429481421687,53.264247791855425,16.9733943614077,46.461039691386134,16.601362324686182,47.84313728248381,3.13437251,14.5567576
2011-05-06,2011-05-21,2011-06-03,central_south,26.27038309,24.00847162,train,24.12117785,32.26589189,23.93490942025906,40.66615449300638,24.922814051686746,29.354942747493975,24.230371974758437,37.670069862529076,24.344857840227466,41.80969292550154,15.54326569,26.23762854
2011-05-06,2011-05-21,2011-06-03,east_north,19.5165608,42.40138465,train,15.67840515,61.24521962,17.13940595806274,47.156299243824165,17.086982212433735,53.407331291566265,17.001767812315304,48.96666289904175,16.416282207552282,49.488387369860035,2.36084792,37.60405269
2011-05-06,2011-05-21,2011-06-03,east_south,25.97993424,21.28924616,train,23.1248965,35.90375356,23.333836374321457,49.34209041110084,24.093668360361445,30.972479696939757,23.538496776363985,44.67189135644463,23.228181338278652,43.68709733015048,14.06653084,84.55884716
2011-05-06,2011-05-21,2011-06-03,west_north,9.89869668,44.39267677,train,12.32228421,33.52278402,13.625792177795528,18.717479257749986,12.858151717445782,25.991900125927707,13.210028491474173,21.246977630210107,13.124104648181966,21.77499482031806,4.54563574,37.95613305
2011-05-06,2011-05-21,2011-06-03,west_south,18.85893019,1.06758272,train,19.85270517,3.67258073,20.97062359761494,3.5903432114183804,20.301356378,1.9337932890361442,20.559317849765964,3.7093882324542964,20.641104581553318,6.07279241689629,13.94748822,7.14693638
2011-05-20,2011-06-04,2011-06-17,central_north,19.81518098,35.79783785,train,18.36224263,51.11731801,19.52804331788995,44.25277224795926,18.893021601421687,40.26354610185541,19.0715231350738,43.99677045661174,19.160027221492875,46.17603185415901,8.30761152,44.45107505
2011-05-20,2011-06-04,2011-06-17,central_south,28.44027492,12.14867353,train,25.01440405,36.00343748,25.507078918335033,40.99888239846171,25.816040251686747,33.092488337493975,25.463418614791056,39.717246576067026,25.71272423639657,42.76817098961594,20.23689465,21.69541883
2011-05-20,2011-06-04,2011-06-17,east_north,19.67465813,38.39983602,train,17.67659993,57.70541326,19.194412609812648,47.57034979435063,19.085176992433734,49.867524931566265,18.95126031026516,48.8752699328999,18.39660622227421,48.6242839397576,9.39711712,73.98257426
2011-05-20,2011-06-04,2011-06-17,east_south,26.54661041,28.7156992,train,23.99942375,56.16599599,24.772889298089154,55.436164740062765,24.968195610361445,51.23472212693976,24.737080633688596,55.36245404943902,24.602078174827533,56.46323460163427,19.5858099,22.82673765
2011-05-20,2011-06-04,2011-06-17,west_north,13.7244116,21.06440419,train,16.31492625,24.68691095,15.908433438651516,16.3995159904974,16.850793757445782,17.156027055927705,16.102500930954413,17.117215901051324,16.054187902923783,16.081183414434882,4.84309985,30.01137947
2011-05-20,2011-06-04,2011-06-17,west_south,21.94733751,2.60199388,train,22.81324311,6.50386675,22.901769790335486,5.904769379208223,23.261894318,4.765079309036144,22.860314016693803,6.387249004991828,23.493369760190284,7.4761658277678045,13.41709962,6.65336388
2011-06-03,2011-06-18,2011-07-01,central_north,20.82523768,63.76548196,train,21.1482491,57.15094371,21.277823621191374,43.50784641424123,21.679028071421687,46.29717180185541,21.220110955841793,45.16800366166194,21.37398327260519,45.78856714996199,8.79973826,54.37708732
2011-06-03,2011-06-18,2011-07-01,central_south,28.7895751,33.80714715,train,27.80307676,35.6149424,26.795189812857494,40.95661771642315,28.604712961686747,32.70399325749398,27.34840967196767,39.63460772561483,27.652886172857986,38.42534814039807,19.36307034,72.86068543
2011-06-03,2011-06-18,2011-07-01,east_north,20.36849446,50.65918001,train,20.32722511,62.12308419,20.733166332188546,47.27498888579816,21.735802172433736,54.285195861566265,20.92494993899055,49.9619066303386,20.61696410442603,47.4897732019773,12.25342523,75.58466078
2011-06-03,2011-06-18,2011-07-01,east_south,27.15097148,63.29699984,train,25.74039762,68.59355027,25.9360950421495,61.32558207184103,26.709169480361446,63.66227640693975,26.155224138806883,63.40176768932312,26.407798639708936,64.5053585551486,21.37402207,35.11391847
2011-06-03,2011-06-18,2011-07-01,west_north,16.80819917,13.84142818,train,16.34488608,24.54424541,17.939232125552625,13.889415554549993,16.88075358744578,17.013361515927702,17.236398639726332,16.275165215223282,17.231968428027713,15.78012884109646,5.42720605,25.75898039
2011-06-03,2011-06-18,2011-07-01,west_south,25.41470135,0.86548063,train,23.82246013,1.77579391,24.5723934520711,8.928538297307187,24.271111338,0.03700646903614424,24.213091461164968,8.076716958944946,24.656931186363106,8.612823763330102,15.15608663,1.74230313
2011-06-17,2011-07-02,2011-07-15,central_north,23.61124575,41.29197092,train,22.77387208,35.83632258,22.445013996421878,41.70497590346378,23.304651051421686,24.982550671855417,22.535556941708233,38.447733060643216,23.01337183314846,34.70061871858972,13.47509832,31.30858813
2011-06-17,2011-07-02,2011-07-15,central_south,29.5951945,23.05281929,train,27.48466964,35.10506939,27.71500609670781,40.61013524287983,28.286305841686747,32.19412024749397,27.75536964722528,40.085093403462,27.876428814241166,36.643291795433925,20.76803838,15.64171734
2011-06-17,2011-07-02,2011-07-15,east_north,22.72604832,35.86325601,train,21.42088518,43.85920987,21.695421634736554,46.50567540627705,22.829462242433735,36.021321541566266,21.913038014571175,44.95472952070929,22.093572803492474,45.403139078455155,13.52445847,55.94308997
2011-06-17,2011-07-02,2011-07-15,east_south,27.5743898,62.91486489,train,25.99649087,73.19869526,26.75475666013635,65.98527529396945,26.965262730361445,68.26742139693975,26.770801803828444,68.73027174147008,27.03878898494159,68.0560599859458,20.32608226,27.5341376
2011-06-17,2011-07-02,2011-07-15,west_north,19.40722025,12.10800241,train,20.15284936,11.41235616,19.508348104615184,11.524404298325434,20.688716867445784,3.8814722659277043,19.700612828149673,10.665668033518056,20.279711152268128,8.939088045293353,9.46554797,32.84691434
2011-06-17,2011-07-02,2011-07-15,west_south,25.91933454,15.81564205,train,26.43625688,7.98033583,25.827850873835093,12.04209375596362,26.884908088,6.241548389036144,26.055288710338075,11.991690564807005,26.359249896756705,11.259738543419989,16.63279914,3.64235373
2011-07-01,2011-07-16,2011-07-29,central_north,26.02391473,37.05036889,train,23.39674972,37.75261736,22.94184112211845,39.23737016108007,23.927528691421685,26.89884545185542,23.122796989154242,37.400550474072716,23.474174136320247,33.57819918136768,16.18414992,72.6218484
2011-07-01,2011-07-16,2011-07-29,central_south,29.76785722,29.70241055,train,28.07537284,26.15263763,28.170845778809472,40.04840708547115,28.877009041686748,23.241688487493978,28.292448943242825,37.585817147450285,28.556662540461105,33.09042404355465,25.5643223,26.34782353
2011-07-01,2011-07-16,2011-07-29,east_north,24.75824145,38.42118458,train,22.22289297,43.32753998,22.042401756258915,45.54691890804882,23.631470032433736,35.48965165156626,22.492465520651088,44.30061298602767,22.862491229217667,43.81163646440473,19.41952037,53.22496197
2011-07-01,2011-07-16,2011-07-29,east_south,28.09338944,51.72725282,train,26.23042982,60.8172534,27.15656126643097,68.5369993400179,27.199201680361448,55.88597953693976,27.131678611220686,67.74785716921478,26.976020995479974,63.59305268202033,25.15217905,19.74929411
2011-07-01,2011-07-16,2011-07-29,west_north,19.6995813,8.82636241,train,19.64259597,8.68771701,20.409651461863785,9.67655634265027,20.17846347744578,1.1568331159277045,20.030538476261455,9.285265515301745,20.125279474147682,9.674238467128621,9.87170166,47.69599278
2011-07-01,2011-07-16,2011-07-29,west_south,26.27093279,13.58044465,train,26.05864564,7.00754775,26.517318450916516,14.620805308638364,26.507296848000003,5.268760309036144,26.339906988506595,14.29190680482932,26.095529711376198,14.677628747649354,18.13524619,4.68575093
2011-07-15,2011-07-30,2011-08-12,central_north,23.68157318,38.16504392,train,22.50050627,35.57259704,22.697155307838578,36.50321834681821,23.031285241421685,24.718825131855414,22.665581191774105,35.21916061538215,22.759671081886783,32.3442095768598,19.97130969,31.65071324
2011-07-15,2011-07-30,2011-08-12,central_south,30.56048394,22.79677653,train,27.43688167,29.2783356,28.070795162966892,39.35777148115316,28.23851787168675,26.367386457493975,28.03870517304787,38.27044626543308,28.09668026442684,35.509351247399024,28.2355105,9.02731501
2011-07-15,2011-07-30,2011-08-12,east_north,22.81889611,48.96158329,train,21.47515938,48.78718523,21.75522122939821,44.66121856709547,22.883736442433737,40.949296901566264,22.09321647002793,45.46096688881032,22.14347058182918,43.1271671293797,19.19291417,33.56135816
2011-07-15,2011-07-30,2011-08-12,east_south,28.75754695,55.56947891,train,26.16971126,60.9528524,27.075456180106237,68.43867364502155,27.138483120361446,56.02157853693976,27.126585968635293,67.89987759899508,27.00689345344398,64.6970770447342,26.66929336,17.81379525
2011-07-15,2011-07-30,2011-08-12,west_north,19.96010913,8.56910775,train,20.76313773,11.86203111,20.47891699312868,8.67771221827446,21.299005237445783,4.331147215927705,20.605840943000302,9.21557726019157,20.7456101145713,8.335408717993285,13.2275936,24.20759534
2011-07-15,2011-07-30,2011-08-12,west_south,26.17160106,15.48796079,train,26.40030762,9.01781408,26.520329196372117,16.172267695197178,26.848958828,7.279026639036145,26.558001125427275,16.052650588781074,26.01427394413774,15.669430122280591,21.21400335,2.623219
2011-07-29,2011-08-13,2011-08-26,central_north,22.42483489,25.56242356,train,21.65348373,45.13245233,21.670202314447774,33.82450537479643,22.184262701421687,34.27868042185541,21.810552912296007,35.80168159628323,21.87487911979461,35.28682054191856,20.14080005,69.82357679
2011-07-29,2011-08-13,2011-08-26,central_south,29.33374421,19.99118799,train,27.51086068,19.24975162,27.346942740559037,38.604680420865016,28.312496881686748,16.338802477493978,27.70694579217459,34.86050743075829,28.016162752834404,36.613207099324796,28.91672416,36.03360475
2011-07-29,2011-08-13,2011-08-26,east_north,20.90717306,65.163515,train,20.33323742,38.57878751,20.83571580982667,44.02676985373558,21.741814482433735,30.740899181566263,21.14439834190391,42.45026001564386,20.994077072785036,45.73453206522855,20.37256632,55.9278657
2011-07-29,2011-08-13,2011-08-26,east_south,26.93670696,50.34163279,train,25.48904069,45.24271165,26.46521482799316,65.60551131328299,26.457812550361446,40.311437786939756,26.52531043912584,61.700688041226925,26.68171538385747,62.9238641200823,27.09033023,66.20670537
2011-07-29,2011-08-13,2011-08-26,west_north,20.39034689,3.66984309,train,18.43171046,14.45527306,19.628836061504668,8.749082272594526,18.967577967445784,6.924389165927704,19.222753375509303,10.51062677644639,18.82584459098605,10.691475519512526,16.26458484,13.03347124
2011-07-29,2011-08-13,2011-08-26,west_south,26.57274812,15.24624984,train,24.57628123,8.36913388,25.772083614788066,16.44290385601137,25.024932438,6.630346439036144,25.438304687381926,16.492459770653,24.959378439373154,16.138504030164274,25.25757582,0.41620082
2011-08-12,2011-08-27,2011-09-09,central_north,19.97292786,18.08012787,train,18.55493635,33.73380382,19.865464073629287,31.391069202686538,19.085715321421684,22.880031911855415,19.521165312709094,31.379862630197348,19.376844285124793,31.604323052133243,23.74478868,37.60583708
2011-08-12,2011-08-27,2011-09-09,central_south,26.13139405,41.44326572,train,25.73829917,26.71675929,25.97606760701311,37.82581382452949,26.53993537168675,23.805810147493975,26.251417253450846,36.306209012629,26.425223307765965,41.17008314839893,29.44228242,16.6005231
2011-08-12,2011-08-27,2011-09-09,east_north,19.80018204,132.65604245,train,18.48494953,37.85751501,19.30969107682477,43.69826220157423,19.893526592433737,30.019626681566265,19.557931389791047,42.063940027260585,19.3478173561408,46.67981425682626,22.64058438,34.87784197
2011-08-12,2011-08-27,2011-09-09,east_south,25.31752834,74.88356808,train,24.09418485,66.69070589,25.31368989650568,60.43549918341933,25.062956710361448,61.75943202693976,25.361442726466564,63.49007100361969,25.188390030157368,64.42627017510387,27.60300941,61.92761975
2011-08-12,2011-08-27,2011-09-09,west_north,18.53451247,6.19055429,train,17.4028359,10.090965,17.873014652097762,9.951259031386746,17.938703407445782,2.560081105927705,17.85019377560391,9.998020823748792,17.53183201951475,10.090880226641776,19.29304057,11.94293587
2011-08-12,2011-08-27,2011-09-09,west_south,26.01699468,10.55067613,train,24.45021415,6.43165998,24.281896523421295,15.46992730617114,24.898865358000002,4.692872539036144,24.588418355258497,14.75635444316417,24.578149175845045,13.2095381272275,26.21247928,15.88906401
2011-08-26,2011-09-10,2011-09-23,central_north,14.78702091,24.61418231,train,15.93522705,35.19479809,17.344869796770443,29.241629530126115,16.466006021421688,24.341026181855415,17.02221630291638,30.07188897833434,16.765496937985564,31.071130372884294,25.89414706,33.46755902
2011-08-26,2011-09-10,2011-09-23,central_south,23.42500244,32.00252304,train,23.54766854,27.92033562,23.99577235746638,37.02750765789221,24.349304741686748,25.009386477493976,24.234221657871924,35.888871961714884,24.314915951643627,42.005590435403334,29.78310867,33.42973327
2011-08-26,2011-09-10,2011-09-23,east_north,16.4467221,30.68031518,train,15.83329492,39.34414899,17.231638812036813,43.59961081811343,17.241871982433736,31.506260661566266,17.29631226220889,42.37431441209482,16.96130305035872,46.057153378415805,24.22899174,34.13862639
2011-08-26,2011-09-10,2011-09-23,east_south,23.41973918,43.77255666,train,22.53393181,47.41887914,23.65429472993946,53.73307342716196,23.502703670361445,42.48760527693976,23.730959013292154,53.112893578667,23.588935903046018,55.86680648571473,27.70393385,57.36575154
2011-08-26,2011-09-10,2011-09-23,west_north,15.6975839,9.95013306,train,14.78546734,12.66731061,15.333258181732898,12.165993522542905,15.321334847445783,5.136426715927704,15.356551006311367,12.230234856798273,15.026694825414655,12.360330955333815,19.34340122,10.9458287
2011-08-26,2011-09-10,2011-09-23,west_south,21.58387633,19.48948915,train,21.6418207,7.11621638,22.14036839276878,13.567170658109477,22.090471908,5.377428939036144,22.219325054471607,13.551192985751118,22.26499875580189,11.340233036554107,25.77056467,12.41011052
2011-09-09,2011-09-24,2011-10-07,central_north,15.93038075,17.18910369,train,12.91883693,29.96885895,14.23383494520484,27.28470649416951,13.449615901421685,19.115087041855418,13.97448402319586,26.973334752206636,13.70784425822804,28.96029434506971,24.20934205,43.00814438
2011-09-09,2011-09-24,2011-10-07,central_south,21.7759325,8.79943366,train,20.30279053,29.24286982,21.511762999882,36.1941773250964,21.104426731686747,26.331920677493976,21.452581687029678,35.53777980986288,21.570846375446443,40.415134086817204,30.64732697,20.99577427
2011-09-09,2011-09-24,2011-10-07,east_north,14.51803652,65.50490499,train,12.96600356,38.90977304,14.689236666807876,43.54997776387167,14.374580622433736,31.071884711566263,14.639583225704186,42.010676348937594,14.302662283948866,43.78370005465507,23.45335194,53.44788646
2011-09-09,2011-09-24,2011-10-07,east_south,20.89451158,36.47303498,train,20.18468361,42.13220475,21.571597059890568,46.547537108904585,21.153455470361447,37.20093088693976,21.51527614221233,46.06376296045998,21.218346309171686,47.01336544255463,28.89618328,56.73628349
2011-09-09,2011-09-24,2011-10-07,west_north,13.9852392,25.83804522,train,12.03554795,17.11352011,12.227886087537945,15.114138591182366,12.571415457445783,9.582636215927703,12.455490573801825,15.25678672433536,12.201653806904226,14.539542430656713,20.12944235,8.73073534
2011-09-09,2011-09-24,2011-10-07,west_south,19.87109502,17.18400913,train,19.50164456,8.10900833,19.5131129690687,11.248334387138135,19.950295768,6.370220889036144,19.81592636184077,11.627238056373653,19.88193115531145,8.580815377817505,26.35197601,15.36787809
2011-09-23,2011-10-08,2011-10-21,central_north,11.14304249,29.87233711,train,10.08032444,30.35897239,10.718591746812908,25.352952947002457,10.611103411421686,19.505200481855418,10.745854497950958,25.104881081777844,10.553679094548247,25.51588687166137,22.25443331,28.78633979
2011-09-23,2011-10-08,2011-10-21,central_south,18.51305179,32.60553611,train,18.64392486,16.92343994,18.693705094344153,35.30325003624604,19.445561061686746,14.012490797493978,19.083130664785433,30.820462686604795,18.925049354668488,29.394652132740955,29.30226112,22.47588237
2011-09-23,2011-10-08,2011-10-21,east_north,13.67632766,60.71457386,train,9.03865292,34.19334115,11.80563164000931,43.31665828478084,10.447229982433736,26.355452821566267,11.300077355875011,40.51290584262665,11.222854914378157,38.69627707159651,20.66372912,55.83334169
2011-09-23,2011-10-08,2011-10-21,east_south,18.9649177,76.32133521,train,17.56426878,24.79346559,19.19899034733027,39.96175003843531,18.533040640361445,19.86219172693976,18.963629401133236,36.16350793322128,19.096850399248865,37.81029354687229,26.95690059,51.29455637
2011-09-23,2011-10-08,2011-10-21,west_north,9.60594548,17.5557326,train,8.53983732,29.11558232,8.842809876534115,18.406193517209314,9.075704827445783,21.584698425927705,9.060174676021742,20.582026780353758,9.172612908444517,18.648943719147855,19.91852973,3.54461128
2011-09-23,2011-10-08,2011-10-21,west_south,17.5626925,1.08998748,train,16.98872764,4.9698362,16.621640498311592,9.105429460450953,17.437378848,3.2310487590361436,17.061330175473554,8.668304686969913,17.093001006772287,6.451388055880546,26.21681815,14.76383996
2011-10-07,2011-10-22,2011-11-04,central_north,7.19950031,15.71337494,train,5.8131106,33.52659135,7.0339254053422255,23.276601745525124,6.343889571421687,22.672819441855413,6.7996656338746995,24.202215404105765,7.182036171783716,23.72726942270306,20.57761866,17.68712843
2011-10-07,2011-10-22,2011-11-04,central_south,14.66749109,16.89784407,train,14.3375784,38.95539663,15.759449780995833,34.342550873509744,15.139214601686747,36.04444748749398,15.572757276049195,35.87639057469298,15.875014088957524,38.09644366744196,27.21980138,44.5294531
2011-10-07,2011-10-22,2011-11-04,east_north,6.93555335,30.84731509,train,6.99917028,57.88947824,8.737704216017317,42.682120115304215,8.407747342433737,50.05158991156627,8.668652679644545,45.49965868079637,8.473603283820266,42.56697104573642,20.12587234,119.46855318
2011-10-07,2011-10-22,2011-11-04,east_south,14.50820588,30.22609318,train,15.40128487,39.73880018,16.707996214327036,34.87759135642404,16.370056730361444,34.80752631693976,16.57039196362114,35.65990290810883,16.326542555561446,34.194332954509605,26.08375151,74.57977572
2011-10-07,2011-10-22,2011-11-04,west_north,5.09010055,11.24985475,train,4.71281821,27.61834447,5.490757877842792,21.614697070249722,5.248685717445784,20.087460575927704,5.489253374401103,22.29452994968839,6.048201166432965,19.175729056719774,19.04800171,6.27741198
2011-10-07,2011-10-22,2011-11-04,west_south,14.31269393,3.45234179,train,12.60986648,5.07949967,13.714674843137265,7.670344597133921,13.058517688000002,3.3407122290361437,13.494605397691231,7.601083589161121,13.849434048086955,9.114092430515154,26.57072412,11.32357305
2011-10-21,2011-11-05,2011-11-18,central_north,4.52831052,23.28826333,train,4.02651286,27.60223886,3.442368397058194,20.95727281228901,4.557291831421687,16.748466951855416,3.914157789684425,19.901290554379667,3.98035604021272,17.0538448892188,15.58694042,23.49930038
2011-10-21,2011-11-05,2011-11-18,central_south,14.13583973,30.74719478,train,12.95976599,33.90528799,12.949901110453405,33.32547906898935,13.761402191686747,30.994338847493974,13.296005563074395,32.77620298044822,13.4345111227729,33.11087351730281,23.4424975,26.62020246
2011-10-21,2011-11-05,2011-11-18,east_north,7.77487505,31.55693265,train,3.8233972,49.07367941,5.669190758205878,41.50912713615374,5.231974262433736,41.23579108156626,5.488911882183858,41.82261435783259,5.625178118840193,38.99610444215851,16.573098,47.55799782
2011-10-21,2011-11-05,2011-11-18,east_south,14.50620723,21.87444561,train,12.65824096,26.30651335,14.290497613027473,31.845175194302797,13.627012820361445,21.37523948693976,13.917746431916864,29.347781463052616,13.892954406558975,27.5867069091025,23.11307491,24.1129561
2011-10-21,2011-11-05,2011-11-18,west_north,0.83580481,19.34096783,train,1.42185336,28.16858206,2.4665236466307765,24.35293266078783,1.9577208674457836,20.637698165927702,2.3142818600213957,24.05105165824889,2.8089039192462817,22.221686624004253,15.92865428,10.23650524
2011-10-21,2011-11-05,2011-11-18,west_south,8.75889426,16.2170536,train,9.98077011,11.71616658,11.035177618256139,7.291254565537703,10.429421318000001,9.977379139036143,10.78901544042973,8.491377578488084,10.860248449560714,7.7482000168287986,21.76670245,20.81471639
2011-11-04,2011-11-19,2011-12-02,central_north,1.73027342,21.49422545,train,-0.71568422,32.88399429,0.2077043578500344,18.423313877967587,-0.18490524857831325,22.030222381855413,0.018253969684151272,19.4492088035203,0.4670819217446826,16.26454145650203,15.07212932,16.93656189
2011-11-04,2011-11-19,2011-12-02,central_south,11.41530436,43.89413167,train,11.38180046,31.5239509,10.498833042083643,32.29980484529767,12.183436661686747,28.613001757493976,11.148253567183747,30.53368870721285,11.24895344955463,28.9356700316531,21.57722599,13.81209221
2011-11-04,2011-11-19,2011-12-02,east_north,6.2853041,59.8826457,train,1.93610172,59.30563869,2.798565506756315,39.78822597556268,3.3446787824337356,51.46775036156627,3.0005673563024984,42.42738031796068,3.1990994914418267,43.42480569050879,15.3488359,72.86415084
2011-11-04,2011-11-19,2011-12-02,east_south,14.06568322,38.61303275,train,12.76824184,34.11183886,12.136718299230223,30.972694930370125,13.737013700361445,29.180564996939758,12.659738293362373,29.420130764865515,12.695046286497561,30.176323921646652,21.56409301,58.83087497
2011-11-04,2011-11-19,2011-12-02,west_north,0.7841536,24.31784114,train,-2.8809839,45.76119012,0.006897106651604555,26.343107133176257,-2.3451163925542167,38.230306225927706,-0.9336980647117885,30.21211555703447,-1.2035915252602158,27.181197365160617,15.48164006,11.41458494
2011-11-04,2011-11-19,2011-12-02,west_south,9.01255875,9.57499805,train,6.33411908,29.8331493,8.78921972652529,8.052141736076255,6.782770288,28.094361859036145,7.931109804865838,13.700638461809309,7.469325566488792,14.86377571965929,21.32884631,9.61232283
2011-11-18,2011-12-03,2011-12-16,central_north,-2.8048755,25.77256899,train,-1.37893099,12.97140883,-2.433108023287122,15.852179273495917,-0.8481520185783132,2.117636921855416,-1.8574122902282468,11.185875195438548,-1.6581873404815068,8.673607551200782,12.77371357,27.83417141
2011-11-18,2011-12-03,2011-12-16,central_south,7.46714554,47.36592736,train,7.47085424,36.3886007,8.603102447095313,31.34740119782041,8.272490441686747,33.47765155749397,8.374619540303016,31.199179073499526,8.173602455946096,30.15191446631093,19.74887212,33.16289542
2011-11-18,2011-12-03,2011-12-16,east_north,3.07013626,45.48965331,train,-0.68146601,48.1797639,0.3227257689345837,37.65585099747511,0.727111052433736,40.34187557156626,0.4152519393182244,37.471377287582655,0.6863710971060185,38.462530087240324,14.0909234,38.38733711
2011-11-18,2011-12-03,2011-12-16,east_south,12.59681463,22.50925423,train,9.35298955,39.51165851,10.412710236162297,31.93539005587771,10.321761410361445,34.580384646939756,10.19512975396336,31.522310466701843,10.453589556085483,30.705273422914207,20.05197206,73.16939577
2011-11-18,2011-12-03,2011-12-16,west_north,-4.13595246,4.59966376,train,-1.27073701,25.31827682,-1.7371628144189968,27.45963255651457,-0.7348695025542165,17.787392925927705,-1.3521599943644658,23.973102732001788,-1.5565596096961105,26.82860571397968,9.14763985,31.96447084
2011-11-18,2011-12-03,2011-12-16,west_south,3.37597201,19.92985433,train,6.2459449,7.78749646,7.12238933194524,9.753816722460304,6.694596108,6.048709019036144,6.843244036221299,8.033068284029746,6.615868936205997,5.269978508551166,16.88945998,8.72373747
2011-12-02,2011-12-17,2011-12-30,central_north,-0.19305694,13.50206724,train,-3.36066754,29.1375142,-4.295046373736679,13.553090055405839,-2.8298885685783133,18.283742291855415,-3.742907090855536,13.36553439439465,-3.322130251192365,16.262240700595708,7.588982,12.23712881
2011-12-02,2011-12-17,2011-12-30,central_south,7.60723282,47.71610158,train,9.12392889,40.21879382,7.398685137581422,30.574359642338237,9.925565091686748,37.307844677493975,8.356162449434823,30.193109234317856,8.737331281200962,29.112605439556273,15.27245704,13.6362329
2011-12-02,2011-12-17,2011-12-30,east_north,0.75257984,40.05229833,train,1.03728081,52.56547183,-1.5814724130749624,35.3780067590291,2.445857872433736,44.727583501566265,0.034071432545186076,35.353023174570026,0.3449370407644652,36.840731691316776,7.30370442,50.85992628
2011-12-02,2011-12-17,2011-12-30,east_south,11.78859854,34.19282214,train,12.33481006,43.84965826,9.241272729238545,34.07965633736495,13.303581920361445,38.91838439693976,10.7606223973653,32.40036942581533,11.063812930858674,31.949271446449035,14.27213622,23.58460157
2011-12-02,2011-12-17,2011-12-30,west_north,-1.49096777,17.79766279,train,-5.30125601,39.88888956,-2.7112857075569665,27.738812343200493,-4.765388502554217,32.358005665927706,-3.599795101606637,28.459158441493702,-3.815861430581859,25.153864910648853,6.19536573,9.81084532
2011-12-02,2011-12-17,2011-12-30,west_south,4.80400899,5.88402198,train,4.28242299,20.83784408,6.10775985325423,11.960749484317255,4.731074198,19.099056639036146,5.441360860494823,12.880154042067968,5.382283633608223,10.398887509773676,15.28878563,3.00564628
2011-12-16,2011-12-31,2012-01-13,central_north,-0.62201179,7.36700076,train,-3.23631133,17.6388201,-5.271680774588135,11.892334357265371,-2.705532358578313,6.785048191855417,-4.25317259866288,8.349025961052714,-4.165652520414522,11.292920187585196,5.05864658,30.55177824
2011-12-16,2011-12-31,2012-01-13,central_south,8.45647704,24.64641656,train,7.80267279,28.83464098,6.945603569558451,30.088089910602825,8.604308991686747,25.923691837493976,7.533846399141682,26.63469886794726,7.665564140746288,25.762307061625155,14.26485462,31.81036514
2011-12-16,2011-12-31,2012-01-13,east_north,0.0659202,25.95549331,train,-3.44430238,46.10460262,-2.7889651637440807,33.27040292431743,-2.035725317566264,38.26671429156627,-2.5239248447081013,32.77992104875179,-2.3403992566044423,35.016555323218725,8.45815344,22.99018793
2011-12-16,2011-12-31,2012-01-13,east_south,9.98362693,17.18589392,train,9.02690265,41.64985907,8.68559985950701,36.63899823133532,9.995674510361445,36.71858520693976,9.075665934218677,34.16068546207447,9.051515017200753,34.01069745507718,14.8967088,17.57754474
2011-12-16,2011-12-31,2012-01-13,west_north,-0.83301576,9.70694874,train,-2.21369676,44.24842,-2.9484843528495603,27.342756201387783,-1.6778292525542164,36.71753610592771,-2.4286080059088437,27.748939094598274,-2.5746579570584625,30.049531867796237,0.93102314,15.66601997
2011-12-16,2011-12-31,2012-01-13,west_south,7.35968401,0.29390601,train,6.05327737,14.2249,5.746179450504168,14.135999219855778,6.501928578,12.486112559036144,5.98040117108009,11.585254531088438,6.200815437767333,12.095633036876691,8.81760874,16.58485892
2011-12-30,2012-01-14,2012-01-27,central_north,-4.22201597,14.90004773,train,-5.95985602,23.85126624,-5.293301348395561,11.315242267240846,-5.429077048578313,12.997494331855417,-5.3432462383946016,10.118258613467127,-5.530664484225408,14.702113291551171,2.18051316,21.25259435
2011-12-30,2012-01-14,2012-01-27,central_south,10.85637467,45.24128609,train,7.0805806,44.67485012,7.243236534959374,30.003343943522854,7.882216801686748,41.763900977493975,7.476864923772651,30.726274142811814,7.467592055825176,30.825732840468174,11.52180123,46.01148416
2011-12-30,2012-01-14,2012-01-27,east_north,-2.02445884,41.33400205,train,-4.28848915,41.16704856,-3.171610803223377,31.769779498179208,-2.8799120875662645,33.32916023156626,-3.0497958686201443,30.247021813476277,-3.043689699379877,31.4933663024369,6.36943699,69.86461893
2011-12-30,2012-01-14,2012-01-27,east_south,11.03679995,36.2629647,train,9.46061888,57.69039789,8.771971799605687,38.755733417474104,10.429390740361445,52.75912402693976,9.3925822992511,39.536704805801065,9.332337631741328,38.23522044120733,14.3768186,53.28948138
2011-12-30,2012-01-14,2012-01-27,west_north,-1.63538632,60.45146787,train,-3.71677353,35.92221892,-2.543821017471328,26.545963196156443,-3.1809060225542165,28.391335025927702,-2.7991803705288696,25.188366131227532,-2.4782826480973728,25.747712539832058,1.22539968,28.44491218
2011-12-30,2012-01-14,2012-01-27,west_south,7.16615447,13.19794312,train,4.68188925,19.30647978,5.991753305030304,15.627279418764497,5.1305404580000005,17.567692339036146,5.608052137964351,14.205050611683905,6.1762331145862435,12.781786386977966,9.47689852,7.78109469
2012-01-13,2012-01-28,2012-02-10,central_north,-0.99141027,11.99278554,train,-2.56992659,24.09057917,-4.42523795871069,12.077428433126906,-2.0391476185783133,13.236807261855418,-3.3529014991498656,9.704221509708445,-3.4367971745841768,12.068254418886315,-2.87870343,19.89198919
2012-01-13,2012-01-28,2012-02-10,central_south,9.75114767,30.62617752,train,8.87437764,39.26903626,8.19495084173835,30.368384810849154,9.676013841686748,36.35808711749398,8.833950467044136,29.051395017508003,8.728153019886317,29.14044878166609,7.17090537,37.8356449
2012-01-13,2012-01-28,2012-02-10,east_north,0.64536243,13.98758264,train,-0.32922832,60.39514552,-2.7327896817034834,31.13274708067865,1.0793487424337358,52.557257191566265,-1.028151658886478,33.55783959423019,-1.064084335765858,29.630030026275787,2.44313303,38.87200295
2012-01-13,2012-01-28,2012-02-10,east_south,11.82701286,12.3222375,train,11.28197721,49.87279493,9.43797339465257,39.94843706077687,12.250749070361445,44.94152106693976,10.60137127914231,37.78323792478139,10.224671414084067,35.295219005795445,11.68354211,22.10914716
2012-01-13,2012-01-28,2012-02-10,west_north,-0.37861405,9.47798074,train,-3.18785501,30.64112036,-1.6434793779997703,25.61892204494416,-2.651987502554216,23.110236465927702,-2.00352868730714,22.982993696783495,-1.6016430379178415,23.10078613241902,-4.01103499,4.77472295
2012-01-13,2012-01-28,2012-02-10,west_south,7.86215585,0.97054269,train,6.16005561,10.37029936,6.737728034075798,16.040418689856125,6.608706818,8.631511919036145,6.713062009417198,11.699272062874957,7.103491095003375,12.254177914396514,3.76128969,21.07655294
2012-01-27,2012-02-11,2012-02-24,central_north,-1.34023041,11.02905761,train,-2.30306246,39.57020334,-2.772298652402617,14.302144447288965,-1.7722834885783132,28.716431431855415,-2.1857119163882643,15.762617834691593,-2.4106672239364153,14.489771057091016,-0.81626636,18.53215292
2012-01-27,2012-02-11,2012-02-24,central_south,9.53166331,43.41327545,train,11.63508434,55.55964104,9.672121248396426,31.189578607370933,12.436720541686748,52.648691897493975,10.945173000170694,33.447054469471865,10.697112559558327,36.51606635385869,7.60512069,57.47672448
2012-01-27,2012-02-11,2012-02-24,east_north,0.58897486,18.86869012,train,-1.48350454,61.5598817,-1.512172550680238,31.525795709472433,-0.07492747756626406,53.72199337156626,-0.7260852911030913,34.851314755889874,-0.7092682397848729,30.822532315562324,1.68219852,47.01932547
2012-01-27,2012-02-11,2012-02-24,east_south,11.50584682,35.1544164,train,12.77668761,57.40415675,10.594320228221044,40.04895765295353,13.745459470361444,52.47288288693976,11.987374922362473,39.67927305263768,12.11922845243167,37.501796189395336,12.66811592,34.58222546
2012-01-27,2012-02-11,2012-02-24,west_north,0.10880358,25.46990465,train,-2.65556757,29.4752919,-0.38381285378278707,24.780941246598406,-2.119700062554217,21.944408005927702,-0.9817823918308042,22.207278375636776,-0.5231564240411644,22.258182768377996,-2.46250391,7.96261468
2012-01-27,2012-02-11,2012-02-24,west_south,7.75563712,7.77523745,train,6.62357918,19.60528304,7.875765037102322,15.181987146245932,7.072230388,17.866495599036146,7.657565684595774,13.660756175214143,8.196016020141471,12.96007965830578,4.23107646,6.60153888
2012-02-10,2012-02-25,2012-03-09,central_north,1.03338536,21.05497233,train,0.70839234,39.58052003,-0.48486737101564714,17.899921697001243,1.2391713114216867,28.72674812185542,0.45516578949322295,18.178227008517073,0.6660383432353475,16.670149526443517,0.82678962,6.19201364
2012-02-10,2012-02-25,2012-03-09,central_south,13.53949321,31.00018245,train,13.37626331,47.61940282,11.524029273618947,32.41364963026396,14.177899511686748,44.70845367749398,12.792223862863366,32.328295204834944,12.994474051118551,36.88153058936287,9.5055654,23.77467647
2012-02-10,2012-02-25,2012-03-09,east_north,2.2854514,48.64685879,train,0.66869027,57.4571105,0.392778200425802,32.94742634688979,2.077267332433736,49.619222171566264,1.3298532228813222,34.77118084909644,1.5493967067123657,28.644910993147445,0.01263803,8.11077715
2012-02-10,2012-02-25,2012-03-09,east_south,14.19900447,59.48761111,train,13.02120505,44.5033542,12.126644219870746,39.27753086238141,13.989976910361445,39.572080336939756,13.016448997654791,36.19087591694601,13.114866199862782,36.209454454909974,10.01009523,7.04228959
2012-02-10,2012-02-25,2012-03-09,west_north,0.16389929,20.99949549,train,-0.97299316,39.6496347,1.1255461293629583,24.14808609165527,-0.43712565255421654,32.118750805927704,0.6787098115781219,24.458102829683813,1.0735404421437367,24.92149501054067,0.38511047,20.34483833
2012-02-10,2012-02-25,2012-03-09,west_south,8.44580439,3.15362118,train,8.57909557,12.3204898,9.305325767710753,13.148436967495913,9.027746778000001,10.581702359036145,9.352459044729283,10.149965732875486,9.624387759640921,11.374973491724656,7.81487612,0.3027585
2012-02-24,2012-03-10,2012-03-23,central_north,13.09146197,23.73473044,train,4.56358052,46.82783739,2.262285932846779,22.564872292211863,5.094359491421687,35.97406548185542,3.6997707362764407,23.289545943523187,4.616503252818328,23.673187569578385,-5.34553552,14.3073341
2012-02-24,2012-03-10,2012-03-23,central_south,17.66387583,70.11622352,train,14.8836321,50.93484086,13.601457365720822,33.93209222510478,15.685268301686747,48.02389171749398,14.667514706125306,34.700161981101445,14.690062950155049,35.793563464767715,9.80052755,28.64828977
2012-02-24,2012-03-10,2012-03-23,east_north,12.60101496,17.51916241,train,2.98448804,54.96273785,2.83857951752058,35.223415567570385,4.393065102433736,47.12484952156627,3.738856232225776,35.97225657360967,4.119307587493081,31.402610657834078,-2.51693011,46.07534372
2012-02-24,2012-03-10,2012-03-23,east_south,19.44967303,19.1350319,train,14.43130406,33.12133173,13.912931785222945,38.178629039711424,15.400075920361445,28.19005786693976,14.655772985235018,32.709320406188965,15.333115610164352,33.055070995584856,10.19086855,39.4224222
2012-02-24,2012-03-10,2012-03-23,west_north,4.90526283,45.24741456,train,1.35658185,32.43372669,2.8164161088827853,23.711074353791513,1.8924493574457835,24.902842795927704,2.659663294672054,22.25915472226683,2.844151671393351,21.938309059372735,-2.2411863,55.84579952
2012-02-24,2012-03-10,2012-03-23,west_south,10.42024847,16.22367771,train,10.49197718,17.10224841,10.947405037749474,10.30986206587338,10.940628388,15.363460969036145,11.146646071516184,9.462020918654893,11.21815189466129,10.361736510674046,6.56471005,13.16003774
2012-03-09,2012-03-24,2012-04-06,central_north,11.73490754,16.7095626,train,9.47438193,37.16615372,5.289817667159126,27.814695206472454,10.005160901421686,26.312381811855413,7.480692143077023,24.224862894514118,9.181035473985379,27.873909240487304,-0.14212675,15.05652972
2012-03-09,2012-03-24,2012-04-06,central_south,20.05905824,26.07240631,train,17.02324095,42.1082678,15.774932439780683,35.59604687543672,17.82487715168675,39.19731865749398,16.80735783854661,33.93493142724604,16.87075709231018,37.82448915179697,10.28910487,46.16224889
2012-03-09,2012-03-24,2012-04-06,east_north,7.55470698,22.44851319,train,6.43671622,38.17791176,5.651638495817729,38.03784490570494,7.845293282433736,30.340023431566266,6.770624435396319,33.64390293718456,7.2124066683595665,32.42320380989405,1.30142461,26.63964152
2012-03-09,2012-03-24,2012-04-06,east_south,19.58668679,41.84336708,train,16.38830565,40.30320304,15.838204428211158,37.475764268481825,17.357077510361446,35.37192917693976,16.603979369518427,34.432816764737865,17.10730044899591,34.37249686643041,12.67922014,18.90714605
2012-03-09,2012-03-24,2012-04-06,west_north,6.22915791,31.33879923,train,5.34594481,32.97704585,4.661691304524783,23.3462373676857,5.8818123174457835,25.446161955927707,5.403334600315536,21.81095784996596,5.142103787012171,22.367612679769174,-0.54898634,12.60740311
2012-03-09,2012-03-24,2012-04-06,west_south,13.2618176,6.28783764,train,12.47047379,13.97704969,12.748291795880572,7.231127677882845,12.919124998000001,12.238262249036143,13.009423527371762,6.6628484186410954,12.81668317351091,6.7135778869283556,7.7355241,0.89471565
2012-03-23,2012-04-07,2012-04-20,central_north,9.16896047,39.82800947,train,8.98065208,47.75871175,8.42888899838654,33.066992500747034,9.511431051421686,36.90493984185542,9.062571135361488,32.39672767671547,9.088405286886044,32.576528294029515,-2.08834445,8.31371072
2012-03-23,2012-04-07,2012-04-20,central_south,18.81387539,25.5717902,train,16.8397352,54.40991737,17.94437423825699,37.238821897305726,17.641371401686747,51.498968227493975,17.975598329931966,39.60850256740201,17.915029620673014,32.3074410559331,8.4891344,44.80152591
2012-03-23,2012-04-07,2012-04-20,east_north,10.46299613,9.60787989,train,7.00043841,39.53601971,8.645648656295412,40.99333117838852,8.409015472433737,31.698131381566263,8.691448431916541,37.29871045153864,8.942872941233702,34.403186252099445,-0.26189094,13.03441091
2012-03-23,2012-04-07,2012-04-20,east_south,17.80094236,14.70219145,train,16.15887129,45.19622938,17.803856335542825,37.87951555200636,17.127643150361447,40.26495551693976,17.623288571298787,37.20502561001173,17.900732478412003,36.33660073960877,10.09922891,31.31524564
2012-03-23,2012-04-07,2012-04-20,west_north,7.45564748,24.2040093,train,6.92855277,33.6689046,6.660863759785392,22.856541383005542,7.464420277445783,26.1380207059277,7.189402150668879,22.229264113599175,6.745349093248957,23.299291369851566,0.18062589,22.21060168
2012-03-23,2012-04-07,2012-04-20,west_south,14.23902848,12.60516429,train,13.96483885,14.89340953,14.67332227220759,4.548009040465932,14.413490058,13.154622089036144,14.711499894702719,5.523429752413657,14.219275998335103,4.040428405456556,7.6809483,7.88037176
2012-04-06,2012-04-21,2012-05-04,central_north,13.47583722,35.91399116,train,10.82752012,66.30847332,11.529564426859409,37.73645906133839,11.358299091421687,55.454701411855424,11.5855558838139,41.561030237989854,11.477144109078903,37.56605080790462,0.69773193,19.56033029
2012-04-06,2012-04-21,2012-05-04,central_south,22.13828645,14.65454636,train,19.27231,58.5670557,20.039096694557315,38.70159099439138,20.07394620168675,55.65610655749397,20.152225185193586,42.22113923757155,19.99561723845704,34.77842819815184,13.92045577,12.08671683
2012-04-06,2012-04-21,2012-05-04,east_north,10.64172957,69.70626185,train,10.39441976,62.94927934,11.63778903894751,43.68742474334364,11.802996822433736,55.11139101156626,11.804993785039862,45.7623563164919,11.903759637914487,45.739418002445674,2.06862399,47.23956885
2012-04-06,2012-04-21,2012-05-04,east_south,20.3288502,32.62661413,train,18.67968599,40.21003562,19.73049541350442,39.89404340172321,19.648457850361446,35.27876175693976,19.729031781860805,37.753594083142616,19.808556095114014,36.5206578610684,14.52829237,59.16875097
2012-04-06,2012-04-21,2012-05-04,west_north,11.31521856,24.16645904,train,7.46385693,33.03100029,8.81592928498883,22.032590862558248,7.999724437445784,25.500116395927705,8.58979234594699,22.492081545085057,8.552220358279065,23.596249876449146,-0.1759137,25.61303666
2012-04-06,2012-04-21,2012-05-04,west_south,18.80848139,3.21898462,train,15.33554728,3.63491208,16.693113159384268,2.826255119567697,15.784198488000001,1.8961246390361441,16.364926348085,2.0172872344966777,15.872305221162293,3.7207639592121957,8.8529548,2.94528554
2012-04-20,2012-05-05,2012-05-18,central_north,15.59791713,19.47122119,train,13.78060663,47.98513815,14.462352361351211,41.332869210473035,14.311385601421685,37.13136624185542,14.390803373229787,39.83029731005141,13.937023925869823,41.87769006105536,11.52698492,21.26591522
2012-04-20,2012-05-05,2012-05-18,central_south,21.4388646,49.6530217,train,21.25957128,44.32982791,22.009476534156185,39.85712513963645,22.061207481686747,41.41887876749398,22.0214590979476,39.90279184599818,21.9248379810299,42.08783165239946,16.97009021,72.86842475
2012-04-20,2012-05-05,2012-05-18,east_north,14.72489457,52.36796625,train,13.15530691,48.55407662,14.461552008012049,45.788600264371226,14.563883972433736,40.71618829156626,14.472223734120753,44.00081847475879,14.315215089289616,45.67688744571231,11.09229409,25.01589919
2012-04-20,2012-05-05,2012-05-18,east_south,21.90071458,68.12035678,train,20.26034623,35.41872277,21.554772515692225,43.66795649990242,21.229118090361446,30.48744890693976,21.3721572618154,39.98916683258285,21.31918340448803,38.59604853615188,18.72169832,21.23456985
2012-04-20,2012-05-05,2012-05-18,west_north,12.1927851,5.09534877,train,12.0919257,26.0530386,11.104557564241851,20.718798531004612,12.627793207445784,18.522154705927704,11.746140708026452,19.458703480123663,11.05707229300042,20.723154515793684,4.38347185,41.47924499
2012-04-20,2012-05-05,2012-05-18,west_south,19.76175065,2.26543924,train,18.55897374,6.78902713,18.766657639422075,2.435433145104361,19.007624948,5.050239689036144,18.8355158854041,2.766691651148733,18.382480224089,5.297639311843582,9.62419006,16.43778825
2012-05-04,2012-05-19,2012-06-01,central_north,17.1418232,39.99078601,train,16.72665054,59.84209101,17.114417695752834,43.5395943994685,17.257429511421687,48.98831910185541,17.08603550082681,44.99749507890705,16.529334436641296,46.49975144186581,12.19759183,20.92125224
2012-05-04,2012-05-19,2012-06-01,central_south,25.25836632,14.39763178,train,23.75741152,41.0931494,23.813594452733945,40.62687471049583,24.55904772168675,38.182200257493975,24.028855560095106,40.009878028078575,24.085830450164355,44.07096378285769,19.747603,39.30924312
2012-05-04,2012-05-19,2012-06-01,east_north,19.64854216,32.70929819,train,16.56333641,49.61096029,16.974941659911458,47.09544736106401,17.971913472433737,41.77307196156627,17.261977512175385,45.469667736715834,16.682876333492533,47.81147012952272,9.13044512,21.98503978
2012-05-04,2012-05-19,2012-06-01,east_south,24.1454041,56.81794518,train,22.41391778,52.45845893,23.22214630787359,48.92545354712619,23.382689640361445,47.52718506693976,23.20983692724081,48.88784688673377,22.89016739099802,49.797940655213836,20.19076258,34.54521203
2012-05-04,2012-05-19,2012-06-01,west_north,12.47588615,22.36132095,train,13.98290382,28.74734882,13.458154394713691,18.86859536113436,14.518771327445783,21.216464925927703,13.806209233843365,19.47157099017597,13.409632306964518,20.324356432586114,6.75880856,33.32446016
2012-05-04,2012-05-19,2012-06-01,west_south,21.05093925,0.15490869,train,20.6482092,4.27238318,20.82649268813525,3.4661127973175905,21.096860408,2.5335957390361443,20.815290217208922,3.4330134764572104,20.9313111561465,5.251762103270455,13.3068557,6.21500331
2012-05-18,2012-06-02,2012-06-15,central_north,20.31364721,22.71548339,train,20.35575868,34.31019742,19.383247847426727,44.25669146378684,20.886537651421687,23.456425511855418,19.79605911253248,38.831844514404196,19.809130718339436,35.14424782559344,9.18310505,36.23764146
2012-05-18,2012-06-02,2012-06-15,central_south,25.88189765,46.01698772,train,25.32004092,27.28905397,25.403311788306258,40.988199830423895,26.121677121686748,24.378104827493978,25.518731129874983,37.23196716245994,25.874198702859733,39.60375219831174,18.77905311,27.42490883
2012-05-18,2012-06-02,2012-06-15,east_north,17.63678285,49.01022737,train,18.39845385,45.63920872,19.063891138652934,47.56652971212871,19.807030912433735,37.801320391566264,19.15995732482073,45.370155740264096,18.79717243615066,47.15511133117201,9.42304927,8.71930997
2012-05-18,2012-06-02,2012-06-15,east_south,23.48883549,75.20123405,train,23.59271033,64.39792863,24.678479985546506,54.995432462622105,24.561482190361446,59.466654766939754,24.52879483631598,57.26973500427188,24.602782674468276,59.77065753046311,17.55401843,16.50361997
2012-05-18,2012-06-02,2012-06-15,west_north,14.73020509,19.4652793,train,15.3744379,19.59371387,15.751367911840351,16.57497362493594,15.910305407445783,12.062829975927702,15.61386253315441,16.120366492963793,15.55141741383018,17.69474613411902,6.39935532,21.76314238
2012-05-18,2012-06-02,2012-06-15,west_south,23.19786616,0.29004832,train,22.52435753,2.51571595,22.770707866147042,5.709161689923758,22.973008738,0.7769285090361444,22.659696149934664,5.201031856041581,23.23197332437342,5.814796685068684,13.39660505,12.64772437
2012-06-01,2012-06-16,2012-06-29,central_north,23.45872014,30.74204918,train,22.83182869,52.16928916,21.17106141330465,43.600428112607354,23.362607661421684,41.31551725185541,21.855680003138364,43.311568245526175,21.77066550307652,42.003734413046345,12.19103854,35.37857148
2012-06-01,2012-06-16,2012-06-29,central_south,28.09758939,11.07796955,train,26.95752398,34.91527104,26.714305452813,40.970718007349205,27.75916018168675,32.00432189749398,26.947167405219275,39.67064307858735,27.266436540591208,39.059535294177934,21.18468069,12.38992543
2012-06-01,2012-06-16,2012-06-29,east_north,21.76020418,28.4910163,train,21.57696835,53.30557442,20.641789162161942,47.31503990219441,22.985545412433737,45.467686091566264,21.380330936116998,47.19410471153037,21.426886857022637,45.461107308960024,9.97406648,63.02868552
2012-06-01,2012-06-16,2012-06-29,east_south,25.1647927,66.59027837,train,25.16851711,71.93956846,25.863583618762974,60.93388534024674,26.137288970361446,67.00829459693976,25.879285436543384,64.11898465711235,26.191998526775038,66.2820801695668,19.59615788,39.99299532
2012-06-01,2012-06-16,2012-06-29,west_north,17.95620271,9.2165862,train,17.50800445,15.85753086,17.806933556769053,14.068261230248126,18.043871957445784,8.326646965927704,17.633550231047558,13.666288279097486,17.85291132670305,13.385672516605851,11.35041101,24.83940926
2012-06-01,2012-06-16,2012-06-29,west_south,25.87569468,1.80488405,train,24.91406778,3.19787815,24.464961547721817,8.701869157056585,25.362718988,1.4590907090361445,24.611152730675453,7.866652820196595,25.334984919302368,7.1973579770901,18.88436886,3.22869375
2012-06-15,2012-06-30,2012-07-13,central_north,25.53571206,21.42428319,train,23.33027022,47.80393208,22.382901148064327,41.860693846747886,23.861049191421685,36.950160171855416,22.752992870945857,41.50313695134801,23.042141000578347,38.958330168684114,15.37978935,26.17913707
2012-06-15,2012-06-30,2012-07-13,central_south,28.0221684,55.62365119,train,26.82327522,40.99882931,27.66353634939405,40.64310842613102,27.624911421686747,38.08788016749398,27.45759358766757,41.836502616602914,27.462229478724257,40.153440566158764,21.70233325,53.26271221
2012-06-15,2012-06-30,2012-07-13,east_north,23.9919932,23.86613756,train,21.97002921,54.87111431,21.646749182089557,46.57031920269557,23.378606272433736,47.03322598156627,22.132867073571774,47.694163598769194,22.402624335873274,44.355477207952205,15.28237318,59.60394238
2012-06-15,2012-06-30,2012-07-13,east_south,28.0207307,60.99030095,train,25.57239895,67.07219389,26.709255525368384,65.71347702082883,26.541170810361447,62.14092002693975,26.55299606786452,67.00034004782904,26.610299616355164,64.88272369563774,22.26064498,55.76552376
2012-06-15,2012-06-30,2012-07-13,west_north,21.16738805,7.28034602,train,19.7736086,11.59076955,19.41612216980674,11.68054077492315,20.309476107445782,4.059885655927704,19.4884325319748,10.899533428130585,19.980452827660823,9.495296134835614,11.76532894,8.16736734
2012-06-15,2012-06-30,2012-07-13,west_south,26.10423845,15.05969527,train,25.93246947,6.67620268,25.755268050480616,11.830486986141267,26.381120678000002,4.937415239036144,25.798062725197944,11.603063529301348,26.1358302327741,11.539680434686964,19.2602024,2.28298867
2012-06-29,2012-07-14,2012-07-27,central_north,26.16903329,26.80306687,train,23.52763783,45.91000667,22.930239736993897,39.42691910399578,24.058416801421686,35.05623476185542,23.18201966809038,39.6333215205658,23.505957500889995,37.01504026156374,18.07592013,33.1942419
2012-06-29,2012-07-14,2012-07-27,central_south,28.67579197,35.09753366,train,27.67401864,30.94554742,28.155718428078575,40.09374839514317,28.475654841686747,28.034598277493977,28.120423351859234,38.9921274161871,28.189928521693073,34.60746277531224,25.26045415,8.0000061
2012-06-29,2012-07-14,2012-07-27,east_north,23.66199645,58.7238119,train,22.26784695,52.22865141,22.0385379460148,45.61573327994097,23.676424012433735,44.39076308156626,22.52098416202458,46.66915333785016,22.903632962946077,43.14226282262619,19.2849517,30.42500836
2012-06-29,2012-07-14,2012-07-27,east_south,27.78043483,55.47506173,train,26.20038692,63.23125112,27.143172077341987,68.43862342391205,27.169158780361446,58.29997725693976,27.11130485520457,68.29878142579047,26.995782165611665,64.1390333611719,23.76563673,57.91516517
2012-06-29,2012-07-14,2012-07-27,west_north,20.85117869,14.71213608,train,20.31857665,17.9708599,20.371286154169034,9.783838536686853,20.854444157445784,10.439976005927704,20.304925484907915,11.574565935453606,20.405741294437764,9.96423182611,11.94116977,22.31871167
2012-06-29,2012-07-14,2012-07-27,west_south,25.49951561,21.45873958,train,26.20713414,12.54105493,26.48967235119402,14.466011717552423,26.655785348000002,10.802267489036144,26.391861842937104,15.565995460319453,26.236002098345114,17.13651000340737,20.67400524,0.15705956
2012-07-13,2012-07-28,2012-08-10,central_north,23.74904123,26.81205113,train,22.71304023,43.44948491,22.740317017393735,36.69982894061471,23.243819201421687,32.595713001855415,22.788614348868002,37.38217803374246,22.927984725511944,35.47226989908347,19.15335847,22.75666203
2012-07-13,2012-07-28,2012-08-10,central_south,29.62840823,25.2739361,train,26.93459359,37.38920732,28.098033626947302,39.40980394313327,27.736229791686746,34.47825817749397,27.853726829785185,40.61511280784741,27.69800789516452,37.09138960282647,25.39740193,47.9202113
2012-07-13,2012-07-28,2012-08-10,east_north,23.06492169,46.57210953,train,21.61594928,48.16329066,21.796852622061788,44.71761444576291,23.024526342433735,40.325402331566266,22.16957264064392,45.29418515228194,22.265762064357528,43.02694996195302,17.32897047,51.72160093
2012-07-13,2012-07-28,2012-08-10,east_south,26.95909958,77.79690353,train,25.98639061,66.46425371,27.09841211051844,68.53820562651,26.955162470361447,61.53297984693975,27.068187901447576,69.48902474927327,26.999961479854047,65.99329655135647,23.55905145,79.80774824
2012-07-13,2012-07-28,2012-08-10,west_north,21.49801084,4.88695218,train,21.27610629,14.85539057,20.503960557236137,8.715355060687747,21.811973797445784,7.324506675927705,20.835305635359028,9.868919784678571,21.16515374007869,8.45670953575395,14.76075285,19.70097009
2012-07-13,2012-07-28,2012-08-10,west_south,26.59080463,15.84890279,train,26.42338168,16.24785998,26.54465160994598,16.102533771220006,26.872032888,14.509072539036145,26.589360535263506,17.90411141110302,26.084449683658697,18.788783544426355,23.29151773,0.28841619
2012-07-27,2012-08-11,2012-08-24,central_north,20.11183265,17.18069592,train,21.68441389,39.9866025,21.76970774046205,34.00909122279648,22.215192861421684,29.132830591855413,21.866234248718758,34.59655802198711,21.86600573859187,32.9689957901097,22.84337055,37.36045663
2012-07-27,2012-08-11,2012-08-24,central_south,26.60440344,39.41145486,train,26.71298686,40.1472596,27.42014638484656,38.6595788228094,27.51462306168675,37.23631045749397,27.447928491172945,40.70899113165942,27.379816701417948,38.574009477207326,27.67054519,15.80839133
2012-07-27,2012-08-11,2012-08-24,east_north,20.35814344,40.18832116,train,20.85930612,51.09145064,20.921966489318123,44.0618200058896,22.267883182433735,43.25356231156626,21.4315266002057,45.642433487706185,21.437612758973994,42.695820014461674,20.90605346,27.94891737
2012-07-27,2012-08-11,2012-08-24,east_south,25.4002382,77.82132233,train,25.67677502,58.39144003,26.526848780821826,65.89270523623487,26.645546880361447,53.46016616693976,26.659111070096763,65.35357004905677,26.567317315252673,64.92523325518889,24.69580459,73.46354831
2012-07-27,2012-08-11,2012-08-24,west_north,20.61009094,6.86918081,train,19.95839264,13.65598358,19.720376970916774,8.70618116565221,20.494260147445782,6.125099685927704,19.90731260087321,9.802903147925191,19.908406443764076,9.121505923840168,17.55806246,9.48716642
2012-07-27,2012-08-11,2012-08-24,west_south,26.35118346,25.79824679,train,25.55426576,8.64946021,25.850707560013493,16.466946769577564,26.002916968,6.910672769036145,25.88820533497548,16.29454853026921,25.42090569755603,15.379857864030011,25.40248823,1.1767185
2012-08-10,2012-08-25,2012-09-07,central_north,22.56119601,32.42889255,train,19.64813172,34.99682254,20.019204940431337,31.555089319785882,20.178910691421684,24.143050631855413,20.065292377402475,31.538350303286638,19.92572793195407,30.820352825826536,25.65081566,20.39926676
2012-08-10,2012-08-25,2012-09-07,central_south,27.91582669,49.97946214,train,25.53097051,23.49435174,26.095027101021458,37.882012511762426,26.332606711686747,20.583402597493976,26.223515951801726,35.61089843090289,26.39312116957865,40.558690894354754,28.48052972,39.54705885
2012-08-10,2012-08-25,2012-09-07,east_north,21.90222537,50.94686732,train,19.39482244,31.86798233,19.437825679591377,43.71250724234382,20.803399502433734,24.030094001566265,19.99760173030646,40.247500814817286,20.123617355916007,45.55564290674742,24.20339484,24.1861521
2012-08-10,2012-08-25,2012-09-07,east_south,26.26519986,70.01663861,train,24.28735074,32.83682369,25.4134674178502,60.86699319815831,25.256122600361447,27.90554982693976,25.436242731492733,54.84078159809958,25.915433166564203,57.532509883505796,28.21781107,41.30338468
2012-08-10,2012-08-25,2012-09-07,west_north,18.14774409,4.84610489,train,17.08184723,8.90510741,18.02647154722189,9.829406309631773,17.617714737445784,1.3742235159277039,17.796943889907226,9.751152884236294,17.440400765864876,10.06749290134508,20.69246422,6.93399602
2012-08-10,2012-08-25,2012-09-07,west_south,25.3672996,9.12138464,train,24.09701574,10.65261487,24.41147117879788,15.575364029174647,24.545666948,8.913827429036145,24.518944644620678,16.115022092864894,24.341791125594774,14.22685549325604,26.28301536,13.17203642
2012-08-24,2012-09-08,2012-09-21,central_north,15.99820911,19.28755674,train,16.90360677,32.15378756,17.546343319346267,29.38710030055363,17.434385741421686,21.300015651855414,17.535695369009343,29.14165446603474,17.252780850644008,29.96738248868466,26.37256836,21.4870425
2012-08-24,2012-09-08,2012-09-21,central_south,22.26711347,43.85837608,train,23.71670342,19.30006835,24.15556781280536,37.085426063706166,24.51833962168675,16.389119207493977,24.37972187172816,33.668160584782484,24.50749405165868,39.575589219269744,28.36951415,45.99005164
2012-08-24,2012-09-08,2012-09-21,east_north,16.0544056,50.48625296,train,16.7914319,39.07860612,17.39670992465544,43.60244457321943,18.200008962433735,31.24071779156627,17.789986333227894,42.06909925568159,17.64313964313124,45.57920303799936,23.54122766,46.13056704
2012-08-24,2012-09-08,2012-09-21,east_south,23.02523689,56.76178969,train,22.8209869,48.83129293,23.78815687641619,54.240987814693,23.789758760361448,43.900019066939755,23.93101540434262,53.83825066005231,23.79046997359912,56.432812909313824,27.3275831,73.08390457
2012-08-24,2012-09-08,2012-09-21,west_north,16.02699937,3.29771497,train,15.07119812,10.94665065,15.536484412915707,11.979387718317167,15.607065627445783,3.415766755927705,15.586667133675338,11.62198892040605,15.239672875164946,11.687252143732596,21.07933743,15.01904928
2012-08-24,2012-09-08,2012-09-21,west_south,22.38146834,13.3327336,train,22.15459558,4.60035227,22.311782258338805,13.723734844391023,22.603246788,2.861564829036144,22.526468440163196,12.909697861284673,22.618035829233268,11.213275562051152,25.48181987,23.0212308
2012-09-07,2012-09-22,2012-10-05,central_north,13.05511289,15.81254836,train,13.60396698,31.54857497,14.471979487842777,27.421471907893498,14.134745951421685,20.694803061855417,14.401235926431301,27.368527465780094,14.059600738039347,28.58824574519583,24.15233952,28.15648937
2012-09-07,2012-09-22,2012-10-05,central_south,21.81462248,54.96523372,train,20.48701541,22.44018192,21.70260492868942,36.255362103693486,21.28865161168675,19.529232777493977,21.628127205331616,33.81303967013311,21.762774491686756,39.095177384432546,29.69382569,23.20289041
2012-09-07,2012-09-22,2012-10-05,east_north,14.52104433,44.07678339,train,13.5240116,34.67626374,14.883813115397396,43.55678022699436,14.932588662433735,26.83837541156627,14.978138739112563,40.805246751911994,14.788338325129267,42.954576805316606,23.30384676,47.74090683
2012-09-07,2012-09-22,2012-10-05,east_south,22.33839965,45.84995402,train,20.19507783,54.07159827,21.731807710182636,47.053171420839874,21.163849690361445,49.14032440693976,21.63636735076746,49.67752892122748,21.115876105596264,48.70200584591596,27.36100915,66.74867528
2012-09-07,2012-09-22,2012-10-05,west_north,13.69799848,4.61502671,train,12.15702595,16.84766389,12.462619217746429,14.887134416418649,12.692893457445782,9.316779995927703,12.64001047615817,15.07389412717966,12.39816478824131,14.47726432008411,21.29951684,4.76363988
2012-09-07,2012-09-22,2012-10-05,west_south,21.92488461,1.25529256,train,19.28279497,14.52339081,19.712391194079164,11.415125943726684,19.731446178000002,12.784603369036144,19.8516526969056,13.607865656813331,19.95551176164452,10.689266776208225,26.20538843,15.52703347
2012-09-21,2012-10-06,2012-10-19,central_north,8.89626086,34.63696554,train,10.32127837,36.62615308,10.978296055115727,25.493965390693877,10.852057341421686,25.772381171855418,11.009822900933436,26.89841355420923,10.88582450041794,27.21250151557454,19.69181668,19.8751561
2012-09-21,2012-10-06,2012-10-19,central_south,17.97934732,22.32895421,train,18.60781001,41.54854667,18.90162818603154,35.369173025977446,19.40944621168675,38.63759752749398,19.23551135655579,37.493770626864304,18.883769643192274,37.824473302049995,26.89830946,45.06556772
2012-09-21,2012-10-06,2012-10-19,east_north,9.82128219,32.92573964,train,11.87366189,56.27464604,12.01975017430502,43.34437070196688,13.282238952433735,48.436757711566266,12.652946746721064,45.561885730288694,11.938553228990592,41.81450756434941,20.48146216,52.03855144
2012-09-21,2012-10-06,2012-10-19,east_south,18.65095359,24.76107964,train,18.92088235,46.0805063,19.374584834822457,40.391363401668585,19.889654210361446,41.14923243693976,19.676136818320092,41.771026892366024,19.047310498925377,39.0739873774706,25.64618495,81.69723582
2012-09-21,2012-10-06,2012-10-19,west_north,9.66781108,17.29409734,train,8.17661931,25.28448025,9.087212175965739,18.1688050090787,8.712486817445782,17.753596355927705,9.043397798407753,19.614988716183756,9.341769910933525,17.721189260208735,21.20275011,5.84199131
2012-09-21,2012-10-06,2012-10-19,west_south,17.64043893,5.24136531,train,16.75269707,5.22122071,16.831680066262177,9.240526180007727,17.201348278,3.482433269036144,17.087288719204857,9.0115819641908,17.178954980954224,7.626216370253612,27.10141896,16.78488119
2012-10-05,2012-10-20,2012-11-02,central_north,7.61100368,17.38499054,train,6.75034486,28.27457405,7.297211437253477,23.432430363292116,7.281123831421687,17.420802141855415,7.337879587268415,22.74130495060076,7.378691724437299,21.7540744051436,23.26441617,31.62470136
2012-10-05,2012-10-20,2012-11-02,central_south,16.55879357,3.89084166,train,14.56360396,22.24637629,15.967790164537314,34.41338549793537,15.365240161686748,19.335427147493977,15.761919785084224,31.54179109885754,15.995649007935278,32.04591558061247,27.59388859,48.31568234
2012-10-05,2012-10-20,2012-11-02,east_north,10.35305903,72.64062734,train,7.26744253,52.40909144,8.95915598557349,42.744322534667525,8.676019592433736,44.57120311156626,8.903043677820108,44.11693066959444,8.650326760942473,41.3640478711513,21.79937707,45.76444372
2012-10-05,2012-10-20,2012-11-02,east_south,15.98862415,12.72194304,train,15.15496322,34.68249386,16.885804911670352,35.17679783227658,16.123735080361445,29.75121999693976,16.566733103302358,34.72408036995172,16.357903308835418,33.27696614101839,25.99074082,70.74536646
2012-10-05,2012-10-20,2012-11-02,west_north,6.25191534,31.34381262,train,5.82106943,22.37365471,5.722562933461037,21.397016872868853,6.356936937445783,14.842770815927704,6.080560553332399,20.49713301341811,6.18585418623353,15.623813987614646,18.31269459,5.7690454
2012-10-05,2012-10-20,2012-11-02,west_south,14.88648665,0.72507922,train,14.66256204,10.05791597,13.917506160092534,7.740571041405689,15.111213248,8.319128529036144,14.484574686986896,8.412921274711902,14.494489595187723,5.829031438724579,25.13895523,17.32747466
2012-10-19,2012-11-03,2012-11-16,central_north,3.91041368,16.49468053,train,3.89462953,28.64946888,3.690108804934246,21.131235983748297,4.425408501421686,17.795696971855417,4.007872106157136,20.461398913273296,4.149387680162473,17.952066742394596,16.62823632,21.05843545
2012-10-19,2012-11-03,2012-11-16,central_south,13.26245574,15.99569718,train,13.03224801,46.51955794,13.141319104453792,33.39918491741943,13.833884211686748,43.60860879749397,13.464772777460073,36.2456038097115,13.747324374097879,38.511574209274045,23.09889682,47.02218928
2012-10-19,2012-11-03,2012-11-16,east_north,4.21858994,16.1603161,train,3.46513187,44.7899615,5.884191727365647,41.61180019252909,4.873708932433736,36.95207317156626,5.459913375817044,40.98710452049308,5.749561028942614,37.623456377531554,17.11101752,55.6741965
2012-10-19,2012-11-03,2012-11-16,east_south,12.64291194,15.69790291,train,13.40451726,33.22847562,14.456596483096357,31.9888160395559,14.373289120361445,28.297201756939756,14.34445699654426,31.142639095745512,14.313925902486968,30.615650237489756,23.63910814,61.67379854
2012-10-19,2012-11-03,2012-11-16,west_north,3.25990783,15.63941652,train,2.95007604,30.15202357,2.666178257652183,24.179665286910573,3.4859435474457836,22.621139675927704,3.0769668329881883,24.0578066564838,3.4608930442363155,21.978554868613543,16.23840693,3.86951119
2012-10-19,2012-11-03,2012-11-16,west_south,11.39764481,4.7079296,train,11.21427866,9.00692636,11.214331965603316,7.279871954342908,11.662929868,7.268138919036144,11.408994489224071,7.468974863872983,11.467645824672417,6.783790418969197,22.6685244,15.42053182
2012-11-02,2012-11-17,2012-11-30,central_north,2.73176088,3.35101809,train,0.89789383,18.42370274,0.4216208025564475,18.608485615011638,1.4286728014216867,7.569930831855416,0.794420893061104,15.344361386278184,0.95821051210193,11.378155560697948,14.07198943,13.8029462
2012-11-02,2012-11-17,2012-11-30,central_south,11.96817191,6.35605395,train,9.93250716,26.25371132,10.657523222462475,32.37177931085812,10.734143361686748,23.342762177493977,10.6281538341978,29.751681112941906,10.72886115423876,29.857806365120542,22.15150244,54.9469184
2012-11-02,2012-11-17,2012-11-30,east_north,2.63829195,4.50396473,train,0.99940254,33.5617228,2.992779920304505,39.92722762898955,2.407979602433736,25.723834471566263,2.6778018275436155,36.12148694699923,2.97631872995467,31.547183501433,14.20940014,41.42333284
2012-11-02,2012-11-17,2012-11-30,east_south,11.0424981,7.12707477,train,10.16704405,19.42240951,12.278065583218302,30.968085742319726,11.135815910361444,14.49113564693976,11.630619132614967,26.457821910231967,11.63362870270262,23.4120539156317,22.24257948,42.62502533
2012-11-02,2012-11-17,2012-11-30,west_north,3.4498245,40.46080019,train,0.86151726,34.00357406,0.16009461291297614,26.229380500377605,1.3973847674457835,26.472690165927702,0.704032603974113,25.904056988371348,0.9706445400684575,27.5065635312744,14.78671589,3.7515384
2012-11-02,2012-11-17,2012-11-30,west_south,11.42995224,5.30553305,train,8.98778725,16.10025869,8.931763220842678,7.9627008088593705,9.436438458000001,14.361471249036144,9.103689837385502,9.236929215144944,9.04928312781194,7.507986870020131,22.23929389,1.25529256
2012-11-16,2012-12-01,2012-12-14,central_north,1.1820684,10.84995621,train,1.25722101,24.64489556,-2.268484565710875,16.031079978729824,1.7879999814216867,13.791123651855415,-0.6359376330064312,13.6422291400693,-0.002070018550363484,12.748403008170225,8.75504091,28.44317456
2012-11-16,2012-12-01,2012-12-14,central_south,12.33153863,19.93288794,train,9.73266064,37.51086243,8.716788300424398,31.410824357929787,10.534296841686748,34.599913287493976,9.391809967880693,30.890949657519254,9.695010135421288,29.60565888092668,18.50895886,17.05332366
2012-11-16,2012-12-01,2012-12-14,east_north,4.28568454,37.31608514,train,1.58503324,43.16726313,0.4825317511883629,37.816749516151525,2.993610302433736,35.32937480156627,1.449081492560018,35.61947735113283,1.4883571856119362,34.24331206506564,10.4561944,29.02198168
2012-11-16,2012-12-01,2012-12-14,east_south,14.52094583,23.80373017,train,10.31720556,27.78965238,10.51868525699437,31.818346914905998,11.285977420361444,22.85837851693976,10.641137438842879,28.099104335103473,10.728751357114575,30.1484444477346,19.20075609,28.44355618
2012-11-16,2012-12-01,2012-12-14,west_north,1.35071332,48.73256488,train,0.72733012,36.57870722,-1.6380236487132538,27.408958195785097,1.2631976274457835,29.047823325927702,-0.4353913858165763,26.343661265298014,-0.4106524298458256,30.997900204223296,9.56029895,17.52075682
2012-11-16,2012-12-01,2012-12-14,west_south,9.01887678,15.71862136,train,7.3751726,20.84162726,7.220259460359803,9.609294281599396,7.823823808,19.102839819036145,7.398605698213903,11.087590820014157,7.449695718350084,10.696073559005079,18.02814469,5.24024638
2012-11-30,2012-12-15,2012-12-28,central_north,-4.95452915,19.24899758,train,-3.38840215,24.00640297,-4.190772461638979,13.70024084210763,-2.8576231785783133,13.152631061855416,-3.7039138476796367,12.189497090873541,-3.3651941657550424,14.280608483627631,7.99547329,27.05260793
2012-11-30,2012-12-15,2012-12-28,central_south,8.46764808,39.4127466,train,7.32277944,45.86796039,7.460036869211894,30.62119445056205,8.124415641686747,42.95701124749398,7.648340642345553,32.357099400183046,7.6895022658779135,32.96087835317863,16.40901853,9.27291524
2012-11-30,2012-12-15,2012-12-28,east_north,0.8239638,66.95448637,train,-2.91890562,49.25725113,-1.4676478729708808,35.538372002878035,-1.510328557566264,41.419362801566265,-1.5626713270373718,35.93502022562181,-1.23274823806746,36.817838553707844,11.29041947,76.59776759
2012-11-30,2012-12-15,2012-12-28,east_south,10.61040163,63.30651067,train,9.04909009,42.58665453,9.304849124239325,33.90433853628016,10.017861950361445,37.655380666939756,9.419457861844819,33.04909346012512,9.636492786005196,32.28847907817038,16.85926197,16.11253305
2012-11-30,2012-12-15,2012-12-28,west_north,-4.27679616,46.69717434,train,-2.2356012,35.28675598,-2.6669445254727315,27.74357748757856,-1.6997336925542166,27.755872085927706,-2.29857355828036,26.311239467502777,-2.472171769873146,31.123610275231716,6.44727332,28.24643575
2012-11-30,2012-12-15,2012-12-28,west_south,4.11653892,20.61464783,train,5.55274337,21.72160296,6.158193185394303,11.79816831060568,6.001394578,19.982815519036144,6.003901676168433,12.637426890095853,6.100013641976193,13.298515580947107,15.38632921,0.70069341
2012-12-14,2012-12-29,2013-01-11,central_north,-4.24956311,10.21142975,train,-8.02611637,20.84275211,-5.192674676291881,12.06870040344869,-7.495337398578314,9.988980201855416,-6.2117598499008855,10.945316579757051,-6.807780721026259,11.503252733721446,4.29958374,16.67956449
2012-12-14,2012-12-29,2013-01-11,central_south,6.07266718,66.24796763,train,5.42341217,41.539432,6.9620305659641,30.13400649161467,6.225048371686747,38.62848285749398,6.5664771358685305,30.86017849858956,6.5096967930453635,29.451091696370764,14.36460955,16.00888566
2012-12-14,2012-12-29,2013-01-11,east_north,-2.10957887,12.39639243,train,-5.48139642,42.17330511,-2.6678273946412236,33.53919935968899,-4.072819357566265,34.335416781566266,-3.3196504627138506,32.678990267757385,-3.094126867289077,30.583100341744522,4.7430006,19.69810088
2012-12-14,2012-12-29,2013-01-11,east_south,10.60443006,25.83728712,train,7.49580936,57.42209483,8.723981179075794,36.28806429383633,8.464581220361445,52.49082096693976,8.479831983177085,38.63265400675358,8.79378774182576,36.65168744928012,12.99941478,8.5584214
2012-12-14,2012-12-29,2013-01-11,west_north,-6.90991453,13.5787343,train,-6.47593281,34.87615432,-2.957637239509124,27.430233989822483,-5.940065302554216,27.3452704259277,-4.238119206173685,26.768320408874356,-4.155121296943922,24.809017402887616,3.96066597,18.65075003
2012-12-14,2012-12-29,2013-01-11,west_south,2.79430308,5.04953147,train,3.56868554,16.99360169,5.757842638395565,13.857942611710603,4.017336748000001,15.254814249036142,4.9473679852856804,12.974788983880519,5.276341715320523,8.472570917315505,11.93433748,4.63860963
2012-12-28,2013-01-12,2013-01-25,central_north,-6.69552607,11.2788658,train,-7.23144693,27.47342775,-5.346400391539047,11.320953833594787,-6.700667958578313,16.619655841855415,-5.908361806844179,11.512946085260953,-6.215117424197145,15.108996072528132,2.80937176,3.33735441
2012-12-28,2013-01-12,2013-01-25,central_south,7.49092411,31.95544951,train,6.61083375,44.90022928,7.15814395263698,29.988779657211996,7.412469951686748,41.98928013749398,7.223490517376438,30.94402479408205,7.258741534757564,30.86550109684701,11.58093184,6.37765411
2012-12-28,2013-01-12,2013-01-25,east_north,-2.73780593,31.85538531,train,-5.96154186,56.95167631,-3.167383317959308,31.93703035333705,-4.552964797566264,49.11378798156627,-3.7287774076828297,35.117508749022946,-3.5973063551454594,34.3853411267707,2.87117487,4.28681806
2012-12-28,2013-01-12,2013-01-25,east_south,11.54316482,41.43054511,train,8.63262247,64.97870703,8.722514836529543,38.501158990754604,9.601394330361444,60.047433166939754,9.021023897777095,41.56503938139714,9.277372831330517,43.282416355389,11.00170852,14.00412253
2012-12-28,2013-01-12,2013-01-25,west_north,-7.00714544,7.39803274,train,-3.04635834,29.3776256,-2.6353019915653735,26.6738295168456,-2.5104908325542166,21.846741705927702,-2.5906746368651,23.353603561980467,-2.542106792613469,25.97725952652067,3.12185433,31.77506505
2012-12-28,2013-01-12,2013-01-25,west_south,4.2237832,3.07187366,train,5.34143312,7.28157722,5.923563935473239,15.472354325610986,5.790084328,5.542789779036144,5.814125511233782,10.717759968458871,6.2466157765810495,11.364939096179228,11.2910294,3.21165078
2013-01-11,2013-01-26,2013-02-08,central_north,-3.30123673,25.32578646,train,-7.5626931,15.90772613,-4.600334627997391,11.879698442074574,-7.031914128578313,5.053954221855417,-5.569219808396112,8.971322648238285,-5.6163819575921075,14.93531589129799,1.50665113,10.73964369
2013-01-11,2013-01-26,2013-02-08,central_south,11.48533466,26.75642215,train,4.47356189,29.34078028,8.023465459503061,30.28781803519864,5.275198091686748,26.429831137493977,6.864591222363631,27.754182318143865,7.012818686491803,25.44582386845376,12.80790426,19.78689749
2013-01-11,2013-01-26,2013-02-08,east_north,-2.93186387,43.34546546,train,-7.65018511,24.69596103,-2.844935686233365,31.162860687322176,-6.241608047566264,16.858072701566265,-4.233331434216638,26.47717858178859,-4.37214729416193,27.61892652909022,4.21645938,37.46754639
2013-01-11,2013-01-26,2013-02-08,east_south,10.44884092,44.66036884,train,4.49938481,39.01325758,9.310372227385578,39.84527027403562,5.468156670361444,34.08198371693976,7.65756146679148,36.996921809344144,7.206862255118097,30.322392740560684,14.69014581,15.22927285
2013-01-11,2013-01-26,2013-02-08,west_north,-0.58937594,22.0978614,train,-1.42017912,27.82348918,-1.79709295531894,25.750080853939064,-0.8843116125542165,20.292605285927703,-1.3675354774760198,21.741501659882346,-1.7343700764182062,22.056432782826374,2.20915918,55.56225755
2013-01-11,2013-01-26,2013-02-08,west_south,7.80292823,20.14567312,train,7.56283419,24.37384696,6.604628564057277,16.057787988684066,8.011485398000001,22.635059519036147,7.237766496696297,14.942743827950345,6.952314240972467,15.167670068394674,9.77616826,8.8796468
2013-01-25,2013-02-09,2013-02-22,central_north,-3.73440883,20.21274107,train,-5.69211002,21.86542473,-3.051150032582001,13.895750683268536,-5.1613310485783135,11.011652821855417,-3.807334369715049,11.79214979205393,-4.030332277314133,16.465704361853177,-3.77209565,18.12994735
2013-01-25,2013-02-09,2013-02-22,central_south,8.76538195,51.16241137,train,7.43077609,47.04233678,9.434552868854016,31.045713281059022,8.232412291686748,44.13138763749397,9.022524998040872,32.371256799095136,9.179993329981514,27.867665599021333,9.36100855,37.80419124
2013-01-25,2013-02-09,2013-02-22,east_north,-1.96216747,24.1764722,train,-4.64062472,36.85898853,-1.7312821567289367,31.404706508059583,-3.232047657566264,29.021100201566263,-2.229429044674637,29.178361257679153,-2.3699941557027504,29.606935249765822,1.35634755,47.60650675
2013-01-25,2013-02-09,2013-02-22,east_south,9.81692644,48.72445164,train,9.16781571,54.53646059,10.403280536358686,40.097132346802546,10.136587570361444,49.605186726939756,10.350471805941812,40.05680035702812,10.07016569845878,36.55209616930108,11.04412743,61.62426505
2013-01-25,2013-02-09,2013-02-22,west_north,-1.68677022,9.98404087,train,-1.40066583,28.24670468,-0.5811966245746446,24.889474350653266,-0.8647983225542164,20.715820785927704,-0.5831908793925162,21.496639199227488,-0.6324553491707232,19.870126176688135,-3.48873845,45.22665847
2013-01-25,2013-02-09,2013-02-22,west_south,5.29789318,7.94056332,train,7.43789282,23.76097699,7.69318507940126,15.382003582215312,7.886544028,22.022189549036145,7.889935932400331,14.586540112415221,7.947556438115525,14.930003924007792,4.73715933,28.44647937
2013-02-08,2013-02-23,2013-03-08,central_north,-2.4619876,14.06637312,train,-2.35494757,35.02755203,-0.8439995735151931,17.311293950470493,-1.8241685985783134,24.17378012185542,-1.049764615620894,17.404212779918872,-1.5956597370955161,16.388992948157767,-5.71884988,5.04380344
2013-02-08,2013-02-23,2013-03-08,central_south,8.87742565,25.46072551,train,10.53066079,42.26388767,11.2423292063687,32.217702158109404,11.332296991686748,39.352938527493976,11.42093782102869,31.577324126366104,11.58403806929892,30.955107185112237,4.58884056,42.23792856
2013-02-08,2013-02-23,2013-03-08,east_north,0.21283301,36.72876652,train,-2.10722513,49.76152352,0.08377658436385182,32.6862120265176,-0.6986480675662639,41.92363519156626,-0.03178156539431831,33.32570416140402,-0.03855429801983834,31.135041466322814,-2.91636369,29.40038704
2013-02-08,2013-02-23,2013-03-08,east_south,9.20150878,70.90063223,train,10.98624895,51.82541757,11.889364093902055,39.42324063047741,11.955020810361445,46.89414370693976,12.03298684017264,38.79371687444586,11.518395545158157,36.801701478481505,9.10684694,35.14456854
2013-02-08,2013-02-23,2013-03-08,west_north,0.37717637,20.35264127,train,-3.02975393,40.57875715,0.8977007883748666,24.224924376182237,-2.4938864225542163,33.047873255927705,-0.32043943738189307,25.32750180962203,0.14631181002398463,29.14357815305993,-7.0690583,12.29912489
2013-02-08,2013-02-23,2013-03-08,west_south,8.39824414,3.3882274,train,7.02323787,18.17632645,9.086528596886021,13.4994615060049,7.471889078,16.437539009036147,8.577704179987663,12.366784315530452,9.336218975165242,11.647614698251978,2.63578903,5.61044481
2013-02-22,2013-03-09,2013-03-22,central_north,-1.01806883,25.96560763,train,1.0221903,40.02701082,1.8485439115024755,21.849890582372232,1.552969271421687,29.173238911855417,1.9638404128999425,21.947316709315007,1.6208916522951609,19.066627867869897,-5.3953603,16.89608761
2013-02-22,2013-03-09,2013-03-22,central_south,13.28905516,25.17041903,train,11.98428149,47.91625185,13.29607665809491,33.702481369024625,12.785917691686748,45.00530270749398,13.268498253896446,34.53117500182232,13.389680470274968,32.13713553554243,7.7532355,57.68512743
2013-02-22,2013-03-09,2013-03-22,east_north,1.20549225,37.29696027,train,-0.37677117,56.97258116,2.4624270619165882,34.85672735034552,1.0318058924337359,49.13469283156626,2.1160769021419434,37.16787993387544,2.4339478719487917,36.466769201311635,-0.73377012,33.84361995
2013-02-22,2013-03-09,2013-03-22,east_south,12.30659343,27.58942458,train,12.05631247,63.80837388,13.646704796121552,38.32904461900339,13.025084330361445,58.87710001693976,13.560011216799332,41.57536585327723,13.50892244287208,41.502634925614956,13.06236526,42.76573849
2013-02-22,2013-03-09,2013-03-22,west_north,3.94323577,18.4798625,train,0.83338198,31.26218487,2.565160047341326,23.76515941395463,1.3692494874457835,23.731300975927702,2.289341439614004,22.034155792814754,2.5346692909613915,21.941218319896628,-7.89921879,8.90742056
2013-02-22,2013-03-09,2013-03-22,west_south,13.12112046,8.0283113,train,9.3908199,13.68104071,10.702102081969477,10.744662702048364,9.839471108000001,11.942253269036144,10.534749100413759,9.112522545646133,10.795031674965092,9.033267322354604,3.1789152,0.99514271
2013-03-08,2013-03-23,2013-04-05,central_north,1.81365187,10.05144427,train,2.71803722,41.53453646,4.8467278257544315,27.05048004465247,3.2488161914216866,30.680764551855415,4.407852176382975,26.809900742075047,4.434294463076765,25.765034959858458,-4.11253429,22.12477655
2013-03-08,2013-03-23,2013-04-05,central_south,12.13760987,41.02706081,train,13.78006167,49.53097796,15.46268781128319,35.35571305103358,14.581697871686748,46.620028817493974,15.284437466878778,36.60900038907461,15.417947823441526,33.33057214151826,11.45207995,19.2590672
2013-03-08,2013-03-23,2013-04-05,east_north,2.87384081,17.52558576,train,2.48738253,46.18729736,5.234317169947092,37.61745327989535,3.8959595924337362,38.34940903156627,4.894578864261457,36.54869619497468,5.302118633340058,35.71389339640267,-4.02727899,40.64986838
2013-03-08,2013-03-23,2013-04-05,east_south,11.99614714,63.28473928,train,13.06996997,55.31189429,15.55860285798559,37.52360240157357,14.038741830361445,50.38062042693976,15.082224639672123,39.35741691101251,15.332568426146295,41.774131782565476,9.62806313,22.26739658
2013-03-08,2013-03-23,2013-04-05,west_north,5.94937641,10.85355182,train,3.31200889,33.19634963,4.388798998463322,23.400961275005397,3.8478763974457832,25.665465735927704,4.396157662134399,22.416973076054266,4.5003079920994455,22.46553778446754,-0.30711972,24.40662444
2013-03-08,2013-03-23,2013-04-05,west_south,13.84980973,0.88665396,train,11.06356722,17.0442119,12.482746157950562,7.661448815315197,11.512218428,15.305424459036145,12.275030890508734,8.101096519758983,12.330096870902217,6.4682826885848606,8.25286927,22.52764854
2013-03-22,2013-04-06,2013-04-19,central_north,4.56553388,70.53011365,train,6.41333988,41.77857176,7.979532232460183,32.33929529208517,6.9441188514216865,30.924799851855415,7.7259722881533515,30.907759617688857,7.732797770094157,31.48874136189946,-2.98350564,16.96625965
2013-03-22,2013-04-06,2013-04-19,central_south,17.60154416,43.67735057,train,15.18009203,63.43917287,17.637661898396427,37.01169869921895,15.981728231686748,60.52822372749398,17.126413776523236,42.19366341818177,17.328638195620563,36.185176436297056,9.29271352,46.37505897
2013-03-22,2013-04-06,2013-04-19,east_north,10.63298154,45.3536433,train,4.82680719,55.66447792,8.213909967378488,40.57817322255049,6.235384252433736,47.82658959156627,7.570312712540095,41.76584604236744,8.456441675469275,42.05739958060698,-1.99214619,25.89324421
2013-03-22,2013-04-06,2013-04-19,east_south,19.73098372,31.60496309,train,14.53318591,55.45320686,17.523785704039003,37.73166955331112,15.501957770361445,50.52193299693976,16.805499324163858,40.16746244593027,17.259270373745565,43.26354660807368,9.99536821,66.24551995
2013-03-22,2013-04-06,2013-04-19,west_north,3.96632956,26.61721861,train,5.69591458,30.4850164,6.365627501640499,22.94236281709333,6.231782087445784,22.954132505927703,6.504113281830492,21.68183439915956,6.322857835707963,22.22210053911945,-1.52160837,9.46177021
2013-03-22,2013-04-06,2013-04-19,west_south,13.61940965,3.48138179,train,12.19514774,13.86568189,14.391784180380844,4.884038142811074,12.643798948,12.126894449036143,13.813627075725954,5.907702657661723,13.934819407409567,4.121690777793129,5.86691126,4.98473656
2013-04-05,2013-04-20,2013-05-03,central_north,8.12770327,31.1894765,train,9.93022366,57.77302083,11.09407617168804,37.125236951430544,10.461002631421685,46.91924892185541,10.955061370576168,38.93854458870089,10.753669710034693,36.68051390948851,-3.39096559,21.245447
2013-04-05,2013-04-20,2013-05-03,central_south,16.69505479,34.95931974,train,18.65682316,58.16228382,19.746457431326714,38.508934235498735,19.458459361686746,55.25133467749397,19.734595801972905,41.993963689298724,19.65332420004016,34.47876497362306,8.29533975,37.78027204
2013-04-05,2013-04-20,2013-05-03,east_north,10.5805215,26.6800753,train,10.46026733,61.10571179,11.217004014786728,43.33231235624843,11.868844392433736,53.267823461566266,11.598643438851816,44.79284158755476,11.569853448744329,44.83690298120348,-0.38505003,33.71087804
2013-04-05,2013-04-20,2013-05-03,east_south,17.5211875,69.31049335,train,18.31559482,31.65035972,19.460185478717086,39.497516776321596,19.284366680361448,26.71908585693976,19.413608913685938,35.14070581302222,19.881579828484885,34.38495986933384,9.55821151,75.4268472
2013-04-05,2013-04-20,2013-05-03,west_north,8.16912333,9.86874731,train,7.58239075,22.4361457,8.498945712175974,22.17762684891909,8.118258257445783,14.905261805927704,8.448504752540359,19.580942019206276,8.129292272840871,19.338567181488806,-0.19933492,18.44163379
2013-04-05,2013-04-20,2013-05-03,west_south,17.52492247,0.06732706,train,15.30556989,8.42380618,16.400095564168776,2.9965923761659194,15.754221098,6.685018739036144,16.202641113800283,3.2454331244741397,15.661667992106732,4.149061509720674,7.57886846,4.11635881
2013-04-19,2013-05-04,2013-05-17,central_north,13.94311648,24.5866411,train,12.69616803,52.89740505,14.058080853024531,40.89903326276143,13.226947001421687,42.04363314185542,13.725760312958155,40.958875583254496,13.303045546157716,42.71112360304292,-0.50917989,25.19062142
2013-04-19,2013-05-04,2013-05-17,central_south,19.24228193,41.65306057,train,20.7987228,47.51156799,21.737188028688163,39.71443229235862,21.600359001686748,44.600618847493976,21.688110964144638,40.61193225971179,21.610382373211834,41.06826674193,13.30096982,23.04760388
2013-04-19,2013-05-04,2013-05-17,east_north,13.77006577,39.01002594,train,11.70640546,46.63168533,14.074144392729352,45.5340365018466,13.114982522433735,38.79379700156627,13.652105287457918,43.57542151081806,13.982590089216519,43.690342786962546,1.71641879,41.19548744
2013-04-19,2013-05-04,2013-05-17,east_south,19.17882396,40.52198894,train,19.5996188,38.45522396,21.302537792112815,43.02692414540681,20.568390660361445,33.52395009693976,20.964492719956,40.35658533136058,20.9592341919049,38.969521540562155,12.37708128,27.16154433
2013-04-19,2013-05-04,2013-05-17,west_north,13.7822552,9.81719723,train,11.4861191,26.54294796,10.77143558007072,20.93967573168438,12.021986607445783,19.012064065927703,11.314696237336037,19.763029925089356,10.621712502013501,21.215106741949644,4.10509738,15.5775296
2013-04-19,2013-05-04,2013-05-17,west_south,18.88134326,3.14175529,train,19.22986249,3.77449587,18.46934693145999,2.4030468405617196,19.678513698,2.035708429036144,18.951165991773564,1.5507086547727997,18.492683468495848,4.540596174153183,12.40210891,10.57594462
2013-05-03,2013-05-18,2013-05-31,central_north,16.84806771,83.35471766,train,16.35700492,62.67664136,16.756695207809706,43.31566136628525,16.887783891421687,51.82286945185541,16.742135668221984,45.51405065456652,16.16955850368647,46.490811817974446,0.47094287,10.68742925
2013-05-03,2013-05-18,2013-05-31,central_south,24.77868178,39.4583414,train,23.54422294,24.70068977,23.56772436635619,40.54199437969961,24.34585914168675,21.789740627493977,23.777875784397693,35.513356491167414,23.91271210815071,38.858933964582675,12.18320652,35.96337416
2013-05-03,2013-05-18,2013-05-31,east_north,16.91858925,55.45034349,train,15.59909457,50.39677369,16.639518043587486,46.960736140907464,17.007671632433738,42.55888536156627,16.678074451062166,45.70594919070304,16.202225330699772,47.99157752868595,1.89642237,15.15544355
2013-05-03,2013-05-18,2013-05-31,east_south,22.77550567,45.57521329,train,21.45094613,42.63714927,22.99556476289875,48.10527936736574,22.419717990361445,37.70587540693976,22.665397843460624,45.82637679378301,22.33238737592476,44.88388239264475,11.3736112,44.61080892
2013-05-03,2013-05-18,2013-05-31,west_north,11.58743178,33.22303465,train,12.68853578,22.08212647,13.122078827585122,19.16380157752578,13.224403287445783,14.551242575927702,13.071547379138234,18.163470578772646,12.722046679182142,21.159913934983976,4.6932882,14.27712994
2013-05-03,2013-05-18,2013-05-31,west_south,20.46988509,0.24162602,train,20.81205516,1.30437721,20.536547513083367,3.2366664323151086,21.260706368,0.0,20.721638498262923,2.2505171490575773,20.777878084756995,3.9896831998078355,13.57731255,0.77793914
2013-05-17,2013-06-01,2013-06-14,central_north,17.64294105,38.72188236,train,20.69566752,52.38959157,19.0863269991547,44.24320595802014,21.226446491421687,41.53581966185541,19.808354535743145,43.328987851485635,19.30071666339947,44.025347539433994,5.0440861,46.30327408
2013-05-17,2013-06-01,2013-06-14,central_south,25.58285766,47.67003738,train,26.5233751,27.10158021,25.19156344392464,40.96096702821942,27.325011301686747,24.190631067493978,25.906406348800253,36.624159758489895,26.271405661683488,37.41855002132337,17.43472801,35.83566318
2013-05-17,2013-06-01,2013-06-14,east_north,18.14168408,94.16806784,train,19.30664235,43.89895323,18.795021631009227,47.54761255401283,20.715219412433736,36.06106490156626,19.389734901351396,44.44325931120174,19.145920831986665,45.72730954938824,9.25393872,42.49629963
2013-05-17,2013-06-01,2013-06-14,east_south,25.24263697,118.36677529,train,24.06446929,68.28776012,24.485544431802843,54.11244238524239,25.033241150361448,63.35648625693976,24.625499243832056,57.34179264616125,24.725529523586495,61.26575360119638,18.43841092,48.22509965
2013-05-17,2013-06-01,2013-06-14,west_north,16.73500884,10.52841788,train,15.01358452,19.21968658,15.433713860582234,16.922387831176255,15.549452027445783,11.688802685927705,15.289042742929965,16.227810679464422,15.185677180319917,18.298942820368456,4.75037199,28.66182767
2013-05-17,2013-06-01,2013-06-14,west_south,25.16001604,0.34569231,train,22.82805486,0.54911733,22.504838462171247,5.329823682038985,23.276706068000003,0.0,22.636631843767486,4.141012402929526,23.24592966885067,4.178737667759005,14.47141996,3.49230858
2013-05-31,2013-06-15,2013-06-28,central_north,22.35774916,55.09289366,train,21.5142223,55.09077178,20.94874803428682,43.768748753151925,22.045001271421686,44.23699987185542,21.184732767371706,44.498118772638506,21.10142899627484,44.22564498147635,7.64361478,46.57166266
2013-05-31,2013-06-15,2013-06-28,central_south,27.82744589,28.32485707,train,26.34281791,39.84442497,26.54704986117782,40.99411618379666,27.14445411168675,36.93347582749398,26.60407302823736,41.06328977632852,26.84392946926226,41.54094200187505,16.7127165,41.43266405
2013-05-31,2013-06-15,2013-06-28,east_north,20.81894565,47.4539469,train,19.30059946,48.62278849,20.45025677048124,47.387423279383135,20.709176522433737,40.78490016156626,20.311034721886877,46.61187352583245,19.98434313699857,47.104210307584125,10.46000034,32.47723911
2013-05-31,2013-06-15,2013-06-28,east_south,25.66877455,62.5057529,train,24.39759881,74.57495785,25.71339778472526,60.132954749835335,25.366370670361448,69.64368398693976,25.47365085914688,64.34441808646125,25.760610768167197,67.71232141654102,17.93960829,60.27744227
2013-05-31,2013-06-15,2013-06-28,west_north,17.00218698,16.85908485,train,17.90241296,14.3120839,17.53558296630593,14.427586647135865,18.438280467445782,6.781200005927704,17.64458666408868,13.25434525829396,17.980633856698535,12.831717591675908,7.46354693,10.70644643
2013-05-31,2013-06-15,2013-06-28,west_south,24.96777265,0.90520009,train,25.15681803,4.30966378,24.24397118450564,8.250870302921328,25.605469238,2.570876339036144,24.588957568295513,7.611471621986116,25.342129326103898,6.378772378728851,16.66695231,0.17185664
2013-06-14,2013-06-29,2013-07-12,central_north,22.51222384,25.66166193,train,23.26351746,45.38762126,22.248515933728118,42.16134137641836,23.794296431421685,34.53384935185542,22.641149573534495,41.01175293494538,22.930046674165585,38.19887751371529,12.19629886,30.45423671
2013-06-14,2013-06-29,2013-07-12,central_south,26.72352306,39.95041936,train,27.00359868,43.67592738,27.553634969424465,40.705628912344444,27.805234881686747,40.76497823749398,27.471217863956166,42.43949893942114,27.49749292450299,41.291406140397385,17.65356287,43.03291763
2013-06-14,2013-06-29,2013-07-12,east_north,22.79436891,77.08084045,train,21.70120165,56.55104297,21.540005360922137,46.69631068494394,23.109778712433737,48.71315464156626,21.95861569723973,48.22579151587317,22.121566296553777,44.90720254200461,13.52359919,36.3986969
2013-06-14,2013-06-29,2013-07-12,east_south,25.89861731,147.79278661,train,25.35086033,96.85557513,26.611971234140036,65.13829857063567,26.319632190361446,91.92430126693976,26.452562029202767,74.42896383080621,26.65080287993375,86.32118618028258,18.50539426,52.32458148
2013-06-14,2013-06-29,2013-07-12,west_north,22.2537735,8.39582677,train,20.21930374,10.68919181,19.221682117300784,12.000237438178555,20.755171247445784,3.158307915927705,19.560692865213138,10.647892215115718,20.26483728701972,8.86275460038108,13.17915421,8.22467553
2013-06-14,2013-06-29,2013-07-12,west_south,27.94872049,15.61644056,train,26.51391949,6.7405218,25.601610532921494,11.399785201764807,26.962570698,5.001734359036144,25.949217703330344,11.011360880467013,26.36534364203489,9.55183693576114,18.24629992,3.10488732
2013-06-28,2013-07-13,2013-07-26,central_north,22.92673862,34.20863315,train,22.51992203,41.31338983,22.895738285137604,39.80148110565251,23.050701001421686,30.459617921855415,22.725151785541424,38.96837566275305,23.064165095348905,36.4972206763951,16.75587477,64.85807568
2013-06-28,2013-07-13,2013-07-26,central_south,26.62734728,63.11486582,train,26.648997,46.64020483,28.117050994770207,40.1823663106655,27.45063320168675,43.729255687493975,27.689891322537495,43.48569325965951,27.542506430399758,43.41874754437934,24.4030362,39.25762393
2013-06-28,2013-07-13,2013-07-26,east_north,23.30055988,44.36008254,train,21.33258369,46.51999046,22.021092714574216,45.75424383895323,22.741160752433736,38.68210213156627,22.101159655770218,45.513904999816475,22.11040590185765,44.759331777544375,15.96952113,54.59677166
2013-06-28,2013-07-13,2013-07-26,east_south,26.39606655,83.54996167,train,24.91732355,93.09411552,27.109065871805257,68.20123435562599,25.886095410361445,88.16284165693976,26.59996491309083,76.38059016142059,26.72907064351269,83.44081081047918,22.52395545,41.69149093
2013-06-28,2013-07-13,2013-07-26,west_north,21.81433118,6.89695388,train,21.82791547,14.31562431,20.281921465829324,10.011106923117108,22.363782977445783,6.784740415927705,20.872580218723346,10.229516820191982,21.67315746477823,7.327787142343574,11.79636249,27.38136759
2013-06-28,2013-07-13,2013-07-26,west_south,25.91666948,28.235209,train,27.15843775,11.74006642,26.42394913167658,14.140981942714332,27.607088958000002,10.001278979036144,26.742537310969386,14.748226075424693,26.616728622884537,13.975338179030455,20.19434733,0.2718772
2013-07-12,2013-07-27,2013-08-09,central_north,19.78002873,50.71982936,train,22.70269853,50.18914507,22.81464431011156,37.09367485059984,23.233477501421685,39.335373161855415,22.829397697824408,39.45920564858295,23.031555549679712,39.516894350808855,17.38570156,56.19742966
2013-07-12,2013-07-27,2013-08-09,central_south,28.197852,34.95608601,train,27.16939469,30.79814277,28.1429820923238,39.512872758114405,27.97103089168675,27.887193627493975,27.95589508268219,38.86616395171704,27.924272539213888,35.554381472258754,25.50850658,52.45729258
2013-07-12,2013-07-27,2013-08-09,east_north,19.99050469,47.30885881,train,20.94411645,53.03218795,21.870390074371663,44.83422558185665,22.352693512433735,45.194299621566266,21.928830072627076,46.882824648529734,21.810203432413193,44.73785709379389,18.89439172,78.47569507
2013-07-12,2013-07-27,2013-08-09,east_south,26.32781783,58.01322722,train,25.59712719,67.13679742,27.136231399255916,68.69458051531095,26.565899050361445,62.20552355693975,26.918502536535836,69.90047751641067,26.848482555100734,66.05823566682425,25.04208729,116.41764482
2013-07-12,2013-07-27,2013-08-09,west_north,19.69185837,11.6782019,train,20.98227161,14.00864262,20.539912891135092,8.806999599664755,21.518139117445784,6.477758725927704,20.721591278511923,9.799335160692223,20.933823011852184,8.5729344327459,16.22394119,15.92022968
2013-07-12,2013-07-27,2013-08-09,west_south,25.10949704,17.13493938,train,26.11122967,16.21321453,26.581752886665093,15.94326928675072,26.559880878,14.474427089036142,26.46934234760394,17.86859175880207,26.033651927283838,19.74386526934836,24.76700567,0.26395495
2013-07-26,2013-08-10,2013-08-23,central_north,20.99009124,21.49654801,train,21.16956135,36.64856013,21.956699469172687,34.382037517794714,21.700340321421685,25.794788221855416,21.74179281250663,34.208129462083406,21.691893412449982,32.70272303790932,21.89999029,53.38746433
2013-07-26,2013-08-10,2013-08-23,central_south,26.45336822,39.56621307,train,26.40456015,35.15527359,27.556570447674044,38.76898888863125,27.206196351686746,32.24432444749398,27.378170436624057,39.611979465913734,27.348312418979802,37.65224590136543,27.47221129,29.63613654
2013-07-26,2013-08-10,2013-08-23,east_north,19.6711386,36.68490562,train,20.25811219,41.47439096,21.085093501486384,44.136783421481965,21.666689252433734,33.636502631566266,21.24550894578203,43.395287666909326,20.982916708256035,45.21642360895294,20.31132342,45.41027378
2013-07-26,2013-08-10,2013-08-23,east_south,25.66793731,102.44255834,train,25.03423934,63.35959291,26.6417643362079,66.4299055150377,26.003011200361446,58.42831904693976,26.45690771945105,67.31318342035937,26.346686798934535,65.4874357611661,25.54515906,56.78012286
2013-07-26,2013-08-10,2013-08-23,west_north,20.66261795,6.66461616,train,20.42830226,17.36917972,19.88936402857756,8.637947989793444,20.96416976744578,9.838295825927705,20.196575975235085,10.63088423760744,20.312077469210614,9.886305413602003,16.01987492,18.59874761
2013-07-26,2013-08-10,2013-08-23,west_south,25.90302031,13.18297148,train,25.11903682,15.18398107,25.996427636444228,16.495384935251554,25.567688028000003,13.445193629036144,25.791132640450858,18.228101735698704,25.31604849824835,18.863155225744347,24.49637463,0.99372527
2013-08-09,2013-08-24,2013-09-06,central_north,23.82817808,16.43019785,train,17.92565143,37.39516912,20.315516897422764,31.887689862164827,18.456430401421684,26.541397211855415,19.510416449183026,33.077766328990066,19.6625987585307,34.75437328531902,22.50625249,29.30249045
2013-08-09,2013-08-24,2013-09-06,central_south,27.41606612,15.70227726,train,24.23876,41.990364,26.323431517878127,37.994150747439825,25.040396201686747,39.07941485749397,25.839693015607413,41.09368674770265,25.9704643210308,40.35197800425867,26.90836776,33.56705649
2013-08-09,2013-08-24,2013-09-06,east_north,20.63432096,39.78631462,train,17.32326022,35.32532156,19.685503382689742,43.744846980681324,18.731837282433737,27.487433231566264,19.270757809496207,41.94762593209609,18.720344182494234,47.618738448957885,22.87931213,83.57626876
2013-08-09,2013-08-24,2013-09-06,east_south,25.71176795,36.6594038,train,23.56355454,58.47612171,25.60510144604725,61.70480425314142,24.532326400361445,53.54484784693976,25.285095135482695,62.563916073426384,25.107185316720166,63.1765173397453,26.09730184,140.724806
2013-08-09,2013-08-24,2013-09-06,west_north,20.14326901,19.0541182,train,17.75565014,20.86168862,18.321013064897823,9.60169872173263,18.291517647445783,13.330804725927702,18.25975897709613,12.629717111869184,17.899403549463837,12.33709316439084,22.47970658,8.57332629
2013-08-09,2013-08-24,2013-09-06,west_south,25.20198054,26.63122974,train,23.25113904,16.53192303,24.660368080771395,15.771119918159007,23.699790248000003,14.793135589036146,24.31068310668407,18.183046743663066,24.156507218206936,18.324445315170536,28.41734529,11.89730214
2013-08-23,2013-09-07,2013-09-20,central_north,19.38989432,41.07021784,train,16.9861035,26.93426629,17.93994918635079,29.681295135064847,17.516882471421685,16.080494381855416,17.782217777653848,28.103952102193407,17.53088011151868,29.517343813826354,23.53737177,29.8863594
2013-08-23,2013-09-07,2013-09-20,central_south,25.78448271,36.84628433,train,22.03064131,28.15263176,24.46716637355393,37.20076953911724,22.832277511686748,25.241682617493975,23.86558548826142,36.7744769908624,24.341085787917574,42.21974711293164,26.89214651,64.43271277
2013-08-23,2013-09-07,2013-09-20,east_north,17.15547235,28.07397159,train,15.2323496,31.89232335,17.719548435510063,43.60925074842178,16.640926662433735,24.054435021566267,17.305861713222495,40.81375620380591,16.88831143982261,45.88985914526289,23.65042364,56.33234762
2013-08-23,2013-09-07,2013-09-20,east_south,24.34408643,19.31353223,train,21.5872595,44.10964375,24.049181301024035,55.24774656922174,22.556031360361445,39.178369886939755,23.55632801538205,53.8640951824662,23.425509597956935,56.89964609166846,26.37493401,92.60816863
2013-08-23,2013-09-07,2013-09-20,west_north,16.89989328,26.52736962,train,17.58782658,11.45882743,15.933816411646898,11.618047424924892,18.123694087445784,3.927943535927704,16.862553479792652,10.829256559455075,16.990228784143838,10.806045547701267,21.53923578,6.51999834
2013-08-23,2013-09-07,2013-09-20,west_south,22.79097603,35.55599682,train,22.79031689,17.41986729,22.646816117168505,14.029543216322747,23.238968098,15.681079849036143,23.004869265701295,16.463588883862787,23.030361867844544,13.503109387536465,25.7632094,27.8382289
2013-09-06,2013-09-21,2013-10-04,central_north,16.16926365,27.32565283,train,14.2322164,26.09150106,14.941709509567287,27.69566485582033,14.762995371421686,15.237729151855415,14.924265534774058,26.115925547660698,14.59706148640489,27.33264424520797,19.77889609,49.78159753
2013-09-06,2013-09-21,2013-10-04,central_south,23.03755673,55.71317739,train,21.2285607,18.29520075,22.078826786136105,36.37686892485692,22.030196901686747,15.384251607493976,22.148821170236307,32.74157863198644,22.227242078252438,37.272436986940434,27.96375467,31.36210957
2013-09-06,2013-09-21,2013-10-04,east_north,15.38364439,24.4419535,train,14.7167541,43.27082921,15.267496917548856,43.56790865399945,16.125331162433735,35.43294088156627,15.714549392964933,42.876921936255926,15.434609296042858,43.90053075968349,19.40170991,35.82058149
2013-09-06,2013-09-21,2013-10-04,east_south,21.69689567,42.21898032,train,21.09562186,47.90002215,22.047517521754838,48.0723226990279,22.064393720361448,42.96874828693976,22.18915406684044,48.67703427711332,21.82114177675649,48.738043498814676,26.10096078,60.24963197
2013-09-06,2013-09-21,2013-10-04,west_north,10.03522014,41.72568975,train,12.74598928,17.44161118,12.927319233879258,14.439060355619395,13.281856787445783,9.910727285927702,13.152633471232054,14.895697255586018,12.865367614000174,14.624651474949097,20.10801529,11.67100639
2013-09-06,2013-09-21,2013-10-04,west_south,18.37683395,2.9875185,train,19.97238863,6.9519935,20.10651604396533,11.750606809476716,20.421039838000002,5.213206059036144,20.35492658731096,11.809243991319864,20.425260507852805,9.090715895129511,25.47572019,20.42546849
2013-09-20,2013-10-05,2013-10-18,central_north,10.84076054,48.39291928,train,12.06141043,27.3509752,11.494706181604188,25.773909249608682,12.592189401421686,16.497203291855417,12.022784109342663,24.308844587779124,11.761466606411147,23.41160477673105,20.52432744,24.49625024
2013-09-20,2013-10-05,2013-10-18,central_south,18.84079165,40.37037647,train,18.03441115,28.55410686,19.31532278982471,35.49992331315188,18.836047351686748,25.643157717493978,19.216141632677456,34.53686848268822,19.33279496861746,37.61635723715216,26.54533228,47.1559017
2013-09-20,2013-10-05,2013-10-18,east_north,14.12442084,52.54466839,train,11.05315249,41.18925092,12.444881422361028,43.39383605565217,12.461729552433736,33.351362591566264,12.532438806358591,42.07292419341333,12.170365809404547,41.65774389936922,19.86680113,44.32198812
2013-09-20,2013-10-05,2013-10-18,east_south,20.95151679,25.76135307,train,17.98107581,37.43424856,19.723664482897693,41.27289840666224,18.949847670361446,32.50297469693976,19.477774305685458,40.630146588397196,19.16159021048009,40.469572814750265,25.8108776,96.79410535
2013-09-20,2013-10-05,2013-10-18,west_north,6.88410326,12.07876449,train,10.65760607,16.96965251,9.576085552063796,17.693320209536342,11.193473577445783,9.438768615927703,10.350748435550265,16.473885144724555,10.01746243468856,12.96666993330214,20.55254349,5.96998801
2013-09-20,2013-10-05,2013-10-18,west_south,14.50358763,4.24501617,train,17.86241858,8.27035519,17.251158769433893,9.521099058013657,18.311069788,6.531567749036144,17.805110374699506,9.868560305714327,17.839372276669746,6.484388511177013,25.67612002,11.95425893
2013-10-04,2013-10-19,2013-11-01,central_north,5.88222523,26.76034219,train,7.98311841,30.24250244,7.824813060614654,23.740278287627234,8.513897381421687,19.388730531855416,8.168624398633515,23.32133489392043,8.014846697124728,21.884624705593676,23.76590376,20.33936146
2013-10-04,2013-10-19,2013-11-01,central_south,15.88969396,33.74372172,train,16.42233623,23.34823433,16.386030989855016,34.55410659497943,17.223972431686747,20.437285187493977,16.79217004537946,31.54845982964478,16.480058383163744,28.63128894596286,27.49814306,16.84978994
2013-10-04,2013-10-19,2013-11-01,east_north,7.75878697,26.90967362,train,7.80653905,43.46065503,9.401748480220133,42.86044826992921,9.215116112433735,35.62276670156626,9.376122347660381,41.876095812142026,9.070969213465016,39.03760008565246,21.42677656,45.79775608
2013-10-04,2013-10-19,2013-11-01,east_south,16.67976935,7.28177145,train,16.84885894,37.85388769,17.242262259131127,35.80666225182401,17.817630800361446,32.92261382693976,17.49903058233805,35.684926169562445,16.98382094279989,33.198965685464486,25.79634564,47.44661009
2013-10-04,2013-10-19,2013-11-01,west_north,6.53573501,8.24789781,train,5.34441454,18.91057268,6.190861479317806,20.95483020569046,5.8802820474457835,11.379688785927705,6.150956874833946,19.62263775621718,6.564976822059366,15.830445632817153,20.14834842,16.06483147
2013-10-04,2013-10-19,2013-11-01,west_south,13.82676588,3.1413728,train,13.81635539,7.85009973,14.326358026470063,7.897177785637914,14.265006598000001,6.111312289036144,14.371471281876818,8.425171392970388,14.648999053108987,8.836266323461112,25.11342876,27.98062726
2013-10-18,2013-11-02,2013-11-15,central_north,3.75034089,15.97529932,train,3.45561199,28.04828544,4.1907097464525975,21.475544249872993,3.986390961421687,17.194513531855417,4.120004766967563,20.92368992771798,4.427955927819644,18.420425633105566,20.2147776,31.33142799
2013-10-18,2013-11-02,2013-11-15,central_south,12.0261357,13.25652408,train,11.73949323,36.21538528,13.529362953092203,33.546326395274946,12.541129431686748,33.30443613749398,13.13919635384768,34.25076926480075,13.430856418692176,36.85689331135741,26.1824784,25.74528988
2013-10-18,2013-11-02,2013-11-15,east_north,4.66474447,16.70465764,train,3.82866207,51.13277948,6.316929441184908,41.808488505910304,5.237239132433736,43.29489115156627,5.882597007590512,42.906265668614225,6.173261923074782,40.02149943163424,16.79592806,26.83655702
2013-10-18,2013-11-02,2013-11-15,east_south,13.36445819,17.73193685,train,12.89062879,25.73596252,14.79259258787381,32.30986853649348,13.859400650361444,20.80468865693976,14.321731072020725,29.761441241688804,14.303397198603168,27.623351310820578,24.72774385,19.4667549
2013-10-18,2013-11-02,2013-11-15,west_north,3.87684092,14.3940952,train,2.80256554,28.5498192,3.073944578135999,23.82179791554762,3.3384330474457835,21.018935305927705,3.2559201166983947,23.623127522675745,3.7458716571603676,21.101615866908826,17.92634549,29.39365778
2013-10-18,2013-11-02,2013-11-15,west_south,12.3519988,1.67238775,train,10.73285805,12.43292593,11.579087385400838,7.274992536426955,11.181509258000002,10.694138489036144,11.434553389774294,8.72717567330848,11.573393224423825,8.364091950109149,23.3533309,35.43560775
2013-11-01,2013-11-16,2013-11-29,central_north,-0.92927136,16.03363926,train,0.62788992,37.3744648,0.85829058182221,18.977728841922595,1.1586688914216867,26.520692891855415,0.9749023476184784,20.923105452420057,1.576624786565413,19.423529108267978,16.51468936,27.08570793
2013-11-01,2013-11-16,2013-11-29,central_south,9.1511284,44.28472199,train,10.4286314,45.057118,10.98322807708747,32.51667738496811,11.230267601686748,42.146168857493976,11.067057369542585,34.859158961451485,11.2719816789286,36.934072575186136,22.9166773,66.952792
2013-11-01,2013-11-16,2013-11-29,east_north,1.62439396,53.11814436,train,3.0864014,53.4237994,3.3869961103456365,40.19846796873426,4.494978462433736,45.585911071566265,3.8227622321131993,41.10247816211552,3.818632271253821,40.91955736665339,15.3499239,24.17516898
2013-11-01,2013-11-16,2013-11-29,east_south,12.43345787,56.77899876,train,12.55024491,33.94252958,12.567174435840343,30.988125854862282,13.519016770361445,29.011255716939758,12.831057976302624,29.725955867605055,12.892307197837766,30.57324838794087,21.63615768,43.62869608
2013-11-01,2013-11-16,2013-11-29,west_north,0.30019275,21.12002531,train,-0.70667605,31.36813867,0.47740995515488543,25.988418700916128,-0.1708085425542165,23.837254775927704,0.2342819026329208,25.717269701692846,0.4449942778521903,25.70689934608196,11.06723302,38.43776024
2013-11-01,2013-11-16,2013-11-29,west_south,8.80850267,29.27089377,train,7.97976938,17.74814631,9.225641512745472,7.799000107399201,8.428420588,16.009358869036145,8.863442267584507,10.056244218607429,8.710106859939458,8.341664788781316,19.10488931,3.80715303
2013-11-15,2013-11-30,2013-12-13,central_north,-7.53842556,12.19264875,train,-5.51035645,27.50003767,-1.927454733470433,16.392416426531142,-4.979577478578313,16.646265761855418,-3.262463787586289,17.01748564221611,-4.238087308353117,11.61074561004294,12.10874661,56.92426836
2013-11-15,2013-11-30,2013-12-13,central_south,6.60200771,23.96829588,train,6.70063353,51.28591399,8.954685757353918,31.54024073670097,7.502269731686748,48.37496484749397,8.290971362086458,35.76184029090794,7.832894553050187,36.13650966691884,20.254519,38.34995469
2013-11-15,2013-11-30,2013-12-13,east_north,-0.68855026,32.47963483,train,-1.85250449,51.80641985,0.8107028607465967,38.13574966923946,-0.44392742756626413,43.96853152156626,0.2196648641470076,39.41891175092833,0.4672363239760611,37.483975971921495,14.9570162,46.68021686
2013-11-15,2013-11-30,2013-12-13,east_south,12.58938086,31.56776375,train,9.95185953,69.15252687,10.739019201285103,31.603672712690678,10.920631390361445,64.22125300693976,10.695715589327403,39.14880015119175,11.12073086368818,48.03862727872526,21.32524409,25.22396257
2013-11-15,2013-11-30,2013-12-13,west_north,-7.91379808,19.59139853,train,-3.37069748,42.71270435,-1.4278602964430078,27.29445779453402,-2.8348299725542168,35.181820455927706,-2.0123114903739583,29.350542411469856,-2.1555162908959553,27.133629858531197,6.882204,16.42585457
2013-11-15,2013-11-30,2013-12-13,west_south,4.42768685,4.8998023,train,5.65778787,14.15540815,7.4260177014770585,9.328925924959883,6.106439078,12.416620709036144,6.792034434398857,9.813340092337844,6.45606231269043,5.70223485384515,15.04862938,4.22866185
2013-11-29,2013-12-14,2013-12-27,central_north,-5.70656395,19.94514393,train,-3.60532419,21.35719777,-3.968559563159114,14.004031424840731,-3.0745452185783133,10.503425861855415,-3.6713411486662118,11.914954550402747,-3.3836878545336058,12.970509467183778,5.65804039,13.89646163
2013-11-29,2013-12-14,2013-12-27,central_south,7.59080743,42.95980996,train,7.93402423,39.71126861,7.594319550586886,30.719189693930986,8.735660431686748,36.80031946749398,7.972007575847215,30.720337280360905,8.149551669725033,29.900823921558324,15.65152185,14.60657014
2013-11-29,2013-12-14,2013-12-27,east_north,-1.56771988,49.60526898,train,-1.55066246,41.94903062,-1.2292284403285993,35.861638600250195,-0.14208539756626415,34.11114229156627,-0.8660054305297804,33.93528273780032,-0.6736039050389144,35.954496268676266,7.64326886,18.98030322
2013-11-29,2013-12-14,2013-12-27,east_south,11.28727784,55.48177847,train,11.27066087,51.8310993,9.441505447303914,33.5605694884209,12.239432730361445,46.89982543693976,10.445049978566612,34.63871652943817,10.770188384904475,35.20579629194195,16.71506279,7.16326529
2013-11-29,2013-12-14,2013-12-27,west_north,-2.659467,11.73694393,train,-2.40308019,32.56768687,-2.5668200310745517,27.742502920853696,-1.8672126825542164,25.036802975927706,-2.313811194270084,25.754790744683422,-2.5019415033742747,30.55503269506465,6.6390571,7.27040634
2013-11-29,2013-12-14,2013-12-27,west_south,6.87627689,4.04026493,train,6.04853875,12.18668372,6.269185075366876,11.47289917182403,6.497189958,10.447896279036144,6.259005868531531,9.825325505423125,6.334091085820557,8.887439393763497,14.16658426,2.8805537
2013-12-13,2013-12-28,2014-01-10,central_north,-10.17765417,8.48158849,train,-7.90510391,21.74444308,-5.146002364979157,12.164635245181493,-7.374324938578313,10.890671171855416,-6.134849730645604,11.256991252276212,-6.757414806766767,11.601402279399114,4.07617367,30.76507047
2013-12-13,2013-12-28,2014-01-10,central_south,4.17950374,16.67093606,train,6.44544144,38.59956718,6.97596715726058,30.159898839352937,7.247077641686747,35.68861803749398,6.995277350820893,29.808186744283116,7.044918975147126,29.339777767065403,12.90467498,35.32227589
2013-12-13,2013-12-28,2014-01-10,east_north,-6.11796414,38.66723199,train,-4.40880895,37.11718886,-2.601167788096694,33.677669268956976,-3.0002318875662644,29.279300531566264,-2.8440454254077414,31.143714512163346,-2.562980757732211,31.92306632837627,5.91801955,32.5346878
2013-12-13,2013-12-28,2014-01-10,east_south,7.21682657,51.14422904,train,8.7293807,43.31265515,8.74802357014038,36.110018488272964,9.698152560361445,38.38138128693976,8.981944238840025,34.40836583111826,9.090858795039455,33.41523888817973,14.84897665,19.05602491
2013-12-13,2013-12-28,2014-01-10,west_north,-2.52691363,11.90515882,train,-4.52027574,36.44827167,-2.957243515207169,27.47062750707046,-3.984408232554216,28.9173877759277,-3.4178009873121162,26.617638480988543,-3.3212576843583816,26.684104738289502,4.13806169,15.80372486
2013-12-13,2013-12-28,2014-01-10,west_south,6.29680753,0.08023416,train,5.09561036,19.18014515,5.76832772505721,13.714385846907135,5.5442615680000005,17.441357709036147,5.594375395752896,12.989350943559081,5.856897014941789,13.390176216571248,12.06936816,1.90793804
2013-12-27,2014-01-11,2014-01-24,central_north,-4.49407513,10.10733827,train,-3.77590715,17.52187419,-5.366033796148416,11.333955070417163,-3.2451281785783133,6.668102281855415,-4.495527085205275,7.792844960190621,-4.632297805570195,11.292824655409998,0.29115925,15.84157201
2013-12-27,2014-01-11,2014-01-24,central_south,6.57025706,15.99621463,train,6.75496889,32.97669855,7.120731686737769,29.984938384162877,7.556605091686747,30.06574940749398,7.236807359757025,27.752722081972063,7.461434154844523,27.936032501373294,9.91968873,44.41945274
2013-12-27,2014-01-11,2014-01-24,east_north,-3.61452133,33.52004468,train,-5.77700544,45.65636925,-3.1589380559841835,32.02711839766489,-4.368428377566264,37.81848092156626,-3.6717893463151423,32.15699707818216,-3.521212464329178,30.17672534832165,2.86704751,45.0287679
2013-12-27,2014-01-11,2014-01-24,east_south,6.96901129,41.67732036,train,7.93858275,49.97629705,8.70231245890868,38.36692175492223,8.907354610361445,45.04502318693976,8.687055143184788,37.73505407700421,8.92029385142024,34.01097945578222,13.07034196,54.58893503
2013-12-27,2014-01-11,2014-01-24,west_north,-0.11072531,11.63761518,train,-0.55803072,26.4489893,-2.6771180716951015,26.73655978667423,-0.022163212554216494,18.918105405927705,-1.5820930004601141,21.835503359989435,-2.1463181998747785,25.14656483679668,0.69297198,21.42346862
2013-12-27,2014-01-11,2014-01-24,west_south,8.28371072,0.03668376,train,6.63317176,14.97478509,5.893404272473676,15.386802071432399,7.081822968,13.235997649036143,6.347074342037642,12.285588022069376,6.3915134742432915,12.31189007612079,9.4728318,29.28699578
2014-01-10,2014-01-25,2014-02-07,central_north,-11.26274494,12.93638656,train,-4.29311089,26.66431364,-4.681728878224863,11.792130751627864,-3.7623319185783135,15.810541731855416,-4.2334177916779305,10.686973490073772,-4.580341912630149,13.574243480625618,-6.87268928,12.1726699
2014-01-10,2014-01-25,2014-02-07,central_south,3.62761795,25.62062523,train,8.33163953,49.30829784,7.941889685728077,30.25108190507965,9.133275731686748,46.39734869749398,8.463444673803458,31.75428292185764,8.203937329218128,31.66422859193477,6.68425902,23.42540395
2014-01-10,2014-01-25,2014-02-07,east_north,-6.33476323,33.469536,train,-4.16710817,51.78842387,-2.8949272913346498,31.1858198086709,-2.758531107566264,43.95053554156627,-2.7609147859103396,32.532109273553274,-2.7337979080101884,31.555155916362633,-0.25146318,40.08791556
2014-01-10,2014-01-25,2014-02-07,east_south,7.85899176,33.73451001,train,9.42426675,53.9929407,9.250435589209197,39.78506961844347,10.393038610361444,49.06166683693976,9.705815542929681,39.32065599049707,9.41001745664899,35.86322775081743,12.40136055,33.5845472
2014-01-10,2014-01-25,2014-02-07,west_north,-4.84997411,21.48567425,train,-2.30750262,30.81608151,-1.871049168471497,25.81624213388575,-1.7716351125542167,23.285197615927704,-1.781199284689586,22.857490595180668,-1.8132389241256552,22.972320622644947,-7.02458229,18.65232522
2014-01-10,2014-01-25,2014-02-07,west_south,7.27174716,5.30138798,train,6.84414196,18.97007401,6.541173501347353,16.056617322529824,7.292793168,17.231286569036147,6.885095113229397,13.735464015345514,6.847933911976469,13.850573558961408,4.85904213,4.17977318
2014-01-24,2014-02-08,2014-02-21,central_north,-5.53782151,16.24114746,train,-10.01098623,27.3665521,-3.185553052379712,13.703374277574094,-9.480207258578314,16.512780191855416,-5.6878442951446155,14.458254450855978,-6.776043063896033,20.963159479561035,-6.60159923,19.5715989
2014-01-24,2014-02-08,2014-02-21,central_south,9.43281437,22.42074822,train,5.4857662,52.46065721,9.318776839046112,30.976972439698233,6.287402401686747,49.54970806749398,8.146167734204605,34.346548432343084,8.312724466800113,31.954278858768834,7.42530377,42.47699954
2014-01-24,2014-02-08,2014-02-21,east_north,-4.92986459,39.50535737,train,-7.38271572,62.56058614,-1.8354598904300463,31.352219106993243,-5.9741386575662645,54.72269781156626,-3.3962535362629644,36.78868357666998,-4.251886998003722,40.2158755664922,-2.23177112,48.54001729
2014-01-24,2014-02-08,2014-02-21,east_south,10.05784308,44.84221068,train,8.64167798,77.99401991,10.310753709241709,40.11398034099352,9.610449840361445,73.06274604693976,10.113773440461134,46.41394634086417,10.775195306093327,53.01729270906296,11.06766727,54.53992875
2014-01-24,2014-02-08,2014-02-21,west_north,1.67718095,57.35994765,train,-4.18312615,44.80818084,-0.6779199863186364,24.945335560079435,-3.647258642554216,37.2772969459277,-1.7790163707644284,26.784544432114668,-1.2242002635216487,29.84737076945574,-3.16023492,12.5059982
2014-01-24,2014-02-08,2014-02-21,west_south,11.68097307,1.3617053,train,6.71861763,23.19981908,7.604196796606659,15.472632285812374,7.167268838,21.461031639036147,7.531094788401145,14.709032726448473,7.883958461888182,14.235884990781638,6.65266706,4.79431608
2014-02-07,2014-02-22,2014-03-07,central_north,-8.68590976,7.40307382,train,-2.54698106,37.90995338,-1.019879753293268,17.025624389162815,-2.016202088578313,27.056181471855414,-1.2302313502333364,17.958873172839564,-1.680721330899765,16.891558392740166,-9.83074229,8.877763
2014-02-07,2014-02-22,2014-03-07,central_south,8.27694183,23.54166432,train,9.942678,65.34279914,11.103323255995708,32.12212674212098,10.744314201686748,62.43184999749397,11.132234554484274,37.748630793976744,10.993873875087743,35.11246031267021,3.7006597,13.97136918
2014-02-07,2014-02-22,2014-03-07,east_north,-5.61253535,13.58338013,train,-2.23498686,58.65221776,-0.06641927896721267,32.5624612703916,-0.8264097975662639,50.814329431566264,-0.15979634973787404,35.57359043813523,-0.015370588299866927,34.342356002223354,-5.96365047,38.94380835
2014-02-07,2014-02-22,2014-03-07,east_south,10.10814704,48.85794287,train,11.51469021,61.80142475,11.772773920793766,39.49286488003042,12.483462070361444,56.87015088693976,12.20075234149105,41.26704749425012,11.894778672622305,38.96523260089069,6.94106852,46.83909653
2014-02-07,2014-02-22,2014-03-07,west_north,1.41746264,45.65372741,train,-0.97015725,36.99450728,0.7851840632327692,24.264977302913074,-0.4342897425542165,29.463623385927704,0.4658498572215307,23.700310254835443,0.7533284453098895,23.13607782630371,-2.91017696,7.09452282
2014-02-07,2014-02-22,2014-03-07,west_south,11.61134331,31.08523292,train,8.27774852,17.4458229,8.978801190727207,13.668247255871536,8.726399728,15.707035459036144,9.035197138790881,11.850124867621616,9.307936177885047,12.869824521104398,6.31802467,0.05415961
2014-02-21,2014-03-08,2014-03-21,central_north,2.55919662,9.5026069,train,0.20365865,32.60614936,1.6439733884606451,21.497440545742695,0.7344376214216868,21.75237745185542,1.4881970909131235,19.91175829806033,0.9429944570073624,18.47145884013431,-3.61004359,9.89581751
2014-02-21,2014-03-08,2014-03-21,central_south,12.33962595,24.57842542,train,12.27254871,48.94605773,13.14420932488095,33.58894949840122,13.074184911686748,46.03510858749398,13.301264714203413,34.561095131671294,13.377118397957595,32.01176933883629,8.01368845,19.01060148
2014-02-21,2014-03-08,2014-03-21,east_north,0.71192822,26.89049385,train,-1.51813843,55.15665013,2.2773365619134847,34.67789323390211,-0.10956136756626411,47.31876180156627,1.5267272817625148,36.85113431809134,1.786372612721454,37.93921338566679,-2.16596986,34.52820544
2014-02-21,2014-03-08,2014-03-21,east_south,12.83958936,48.8297488,train,12.52038795,53.17010512,13.514743709005216,38.40659152246234,13.489159810361445,48.23883125693976,13.656814363954172,38.60839457375839,13.395110846231098,37.17401995223889,8.46977636,47.06398666
2014-02-21,2014-03-08,2014-03-21,west_north,4.14021223,23.39095252,train,3.26901379,33.38428227,2.4407055520173575,23.792956352708696,3.8048812974457835,25.853398375927704,3.238487699608296,21.771603536877237,3.036992415021438,20.197802446283507,0.15586928,16.48394589
2014-02-21,2014-03-08,2014-03-21,west_south,11.96452364,0.74824362,train,11.115586,25.1191735,10.580692230446996,10.959604558405168,11.564237208000002,23.380386059036145,11.205442467120193,11.682482764249617,11.115239211779059,12.819602021941076,8.22366899,0.06218691
2014-03-07,2014-03-22,2014-04-04,central_north,1.19869044,27.56672586,train,2.65036101,41.37258477,4.626171395500305,26.668948112947806,3.181139981421687,30.51881286185542,4.253150798083493,26.417894687133884,4.217956099292372,25.1019498099925,-10.32311626,13.32322855
2014-03-07,2014-03-22,2014-04-04,central_south,15.05705855,30.93066114,train,13.66849829,63.0253993,15.306593779249964,35.235533477858446,14.470134491686748,60.11445015749398,15.172485041641103,40.04831177507914,15.178136888561543,33.120523072993365,3.81771225,25.98688241
2014-03-07,2014-03-22,2014-04-04,east_north,2.63108894,44.45280351,train,0.76267259,45.19275071,5.027210573595758,37.4087222561668,2.171249652433736,37.354862381566264,4.052721460207445,36.600766857457,4.618832177787541,38.743695543588416,-7.03325688,28.37454079
2014-03-07,2014-03-22,2014-04-04,east_south,14.77339358,32.73479277,train,13.2391989,86.54427494,15.41918054413554,37.55551867869846,14.207970760361444,81.61300107693975,15.129574787090533,47.51363302134013,15.613754042682054,56.25418735061052,6.83690214,29.70775137
2014-03-07,2014-03-22,2014-04-04,west_north,3.59046187,31.62524159,train,3.83882222,44.23121515,4.253522173819809,23.427575485536448,4.374689727445784,36.7003312559277,4.558901756683282,25.113106501729096,4.542618866986566,22.835481778265446,-3.76788633,18.435919
2014-03-07,2014-03-22,2014-04-04,west_south,12.12784149,5.69769256,train,12.26967745,22.07457993,12.350945596628573,7.879099514671551,12.718328658,20.335792489036145,12.71372971592676,9.133354935793374,12.43497447061365,7.717018403612295,7.47173298,2.93722356
2014-03-21,2014-04-05,2014-04-18,central_north,7.08156059,22.52392055,train,6.78186317,47.20301115,7.7546747321733305,31.97144075537828,7.312642141421687,36.349239241855415,7.764111324723037,31.854553161870538,7.693867004935734,30.733748283526037,-7.84791998,8.69442202
2014-03-21,2014-04-05,2014-04-18,central_south,15.24194496,48.13479928,train,16.17797729,41.29036329,17.48377352875545,36.896875902288826,16.97961349168675,38.379414147493975,17.418053100766883,35.84577348273692,17.47962324054541,37.8702212806394,7.28587739,14.44346995
2014-03-21,2014-04-05,2014-04-18,east_north,8.30153562,47.11121985,train,5.03531312,54.93609415,7.998178091088079,40.36890197815542,6.443890182433735,47.09820582156627,7.535848231289575,41.25648120372358,8.327914754961625,41.06620787477031,-6.74792599,34.16593364
2014-03-21,2014-04-05,2014-04-18,east_south,16.74722618,62.77762109,train,15.19103351,41.6044863,17.383505985766817,37.669961597721255,16.159805370361447,36.67321243693976,16.977508981269608,36.166021567271216,17.420375798141745,37.18396480502507,8.66608552,43.86677113
2014-03-21,2014-04-05,2014-04-18,west_north,8.06458363,10.40169196,train,6.12471037,35.82393506,6.219220212981691,22.98286434946507,6.660577877445784,28.2930511659277,6.611892603667948,22.903833043346108,6.305101163723562,23.339501538846957,0.36785521,57.17733503
2014-03-21,2014-04-05,2014-04-18,west_south,15.71473847,0.3964293,train,13.13959828,13.64407558,14.251775419918573,5.059075570543036,13.588249488,11.905288139036145,14.131116297846837,5.59434479066886,13.819729377186011,3.886607289868614,11.12572344,3.72568883
2014-04-04,2014-04-19,2014-05-02,central_north,10.42105297,42.21140578,train,11.90892752,55.17895266,10.87514648442635,36.81169288221311,12.439706491421687,44.32518075185541,11.658040614025921,37.282874903521076,11.519058309719021,37.391768302103245,-8.66736241,14.59051724
2014-04-04,2014-04-19,2014-05-02,central_south,18.98915751,30.60315999,train,19.4494919,40.58250439,19.599220105195606,38.41032235624891,20.25112810168675,37.67155524749397,19.954265477625114,36.92878906997237,19.66767831654085,37.80030424002835,8.74463879,28.81185286
2014-04-04,2014-04-19,2014-05-02,east_north,10.15230695,56.60930685,train,9.92653229,35.01185811,11.005450231426625,43.15039459529743,11.335109352433737,27.173969781566264,11.211908611255403,37.83000644730487,11.34743110160868,34.13861226022604,-4.4644025,23.85086416
2014-04-04,2014-04-19,2014-05-02,east_south,19.21439489,63.16399837,train,18.39042892,40.85770887,19.324293746105546,39.31302330262128,19.359200780361448,35.92643500693976,19.387312453999026,37.32907582294173,19.482487205947812,35.9752908765754,11.45509447,30.30437928
2014-04-04,2014-04-19,2014-05-02,west_north,8.41056615,25.91999562,train,9.16418525,32.08873037,8.341541110595006,22.246433677616494,9.700052757445782,24.557846475927704,9.042649118227551,21.586975019786102,8.389879626800582,23.111824763210713,0.76393389,38.09784384
2014-04-04,2014-04-19,2014-05-02,west_south,15.88752501,6.11316377,train,16.87210779,7.7283054,16.25406054303539,3.0918903247792215,17.320758998000002,5.989517959036144,16.77803163007783,2.5412044653609502,16.086208523083375,5.435234732957548,11.11162142,30.93178614
2014-04-18,2014-05-03,2014-05-16,central_north,12.04891666,42.17449127,train,12.86604665,55.84666072,13.853887412902631,40.67154650593585,13.396825621421685,44.99288881185542,13.690996122738987,41.41616941669133,13.199464533196466,42.14570748665082,1.932594,9.22285536
2014-04-18,2014-05-03,2014-05-16,central_south,21.00951737,48.69214909,train,21.17576857,39.44155275,21.599813373907306,39.64014688061499,21.977404771686746,36.53060360749397,21.757500549825526,38.21352488158931,21.58083525536904,41.23612617847712,11.60203126,27.64122238
2014-04-18,2014-05-03,2014-05-16,east_north,15.05229682,48.10999705,train,12.14100499,46.81521042,13.878165800279985,45.40069419400914,13.549582052433736,38.977322091566265,13.727959371370243,43.287515178829025,13.807338248471375,44.05152378901421,-0.37296807,20.11924441
2014-04-18,2014-05-03,2014-05-16,east_south,22.52331618,57.58897996,train,19.39300078,39.81246842,21.17526723964019,42.718446063685136,20.361772640361448,34.88119455693976,20.811530798505228,40.46665947522794,20.818464181809503,39.08488735858067,11.88123562,72.21327643
2014-04-18,2014-05-03,2014-05-16,west_north,9.94818762,23.25093893,train,10.26099603,27.50160542,10.605493277637024,21.045908497957406,10.796863537445782,19.970721525927704,10.714543515732402,20.39777366575124,10.243780817079191,22.516029884300572,4.44042957,33.32239341
2014-04-18,2014-05-03,2014-05-16,west_south,17.36880864,0.93703673,train,18.58047309,5.14641689,18.320683652276326,2.3979673477378443,19.029124298000003,3.4076294490361443,18.601970364176562,2.029467821963543,18.065028870010625,4.819124456354494,12.05317001,0.90239559
2014-05-02,2014-05-17,2014-05-30,central_north,18.23932446,23.6013091,train,15.7257261,46.95569873,16.574988873011794,43.19215423714736,16.256505071421685,36.101926821855415,16.35077104388488,41.37398754740974,16.05604610355505,43.90503725022067,1.28571184,13.47811583
2014-05-02,2014-05-17,2014-05-30,central_south,23.26957226,51.15055157,train,22.88260892,22.83767634,23.44320809040207,40.496392478805284,23.684245121686747,19.926727197493978,23.43073582527388,35.11575320001167,23.544228532866384,38.84121819150258,14.6621863,25.21058556
2014-05-02,2014-05-17,2014-05-30,east_north,15.75416144,39.86839455,train,14.38761506,47.72482547,16.468632941757697,46.88685481292672,15.796192122433736,39.886937141566264,16.0735984556089,45.242537596606226,16.01848217995264,46.238149972263244,2.07815147,43.27334283
2014-05-02,2014-05-17,2014-05-30,east_south,22.66285699,21.00881358,train,21.42313428,41.37190137,22.880713751758748,47.702345316149156,22.391906140361446,36.44062750693976,22.588919703573247,45.11844838309068,22.26288996929358,44.11345222636366,13.87009814,32.28472165
2014-05-02,2014-05-17,2014-05-30,west_north,14.38827316,11.96917059,train,14.37786326,23.08309253,12.953750823818394,19.307777775449253,14.913730767445783,15.552208635927702,13.689982928794162,17.900375309642353,13.227635656022962,18.446200292298872,3.45191871,30.8129364
2014-05-02,2014-05-17,2014-05-30,west_south,20.88172198,2.70086498,train,20.88480397,1.8804697,20.390818912365592,3.131695691768698,21.333455178,0.14168225903614418,20.674399966492228,2.2138516970116555,20.70323541637588,3.9591359552251966,12.56340509,5.04681469
2014-05-16,2014-05-31,2014-06-13,central_north,18.37976847,71.5550616,train,19.49725008,63.53537795,18.93427206540858,44.22565145834904,20.028029051421687,52.68160604185542,19.24370679672049,46.56565143069851,18.678931172958887,47.44644560368086,6.53551161,35.09850631
2014-05-16,2014-05-31,2014-06-13,central_south,25.54615705,63.3087077,train,25.83894891,32.23831249,25.083635212785914,40.944379963287545,26.640585111686747,29.327363347493975,25.57041802483735,38.1142810634277,25.858150247549425,40.6437742575894,15.56383128,52.09831855
2014-05-16,2014-05-31,2014-06-13,east_north,18.81751078,46.97157416,train,18.96150177,60.93724725,18.656728401196453,47.53238734829985,20.370078832433737,53.099358921566264,19.200526310045998,48.96774132788521,18.40804261896859,48.66304473161321,8.4435057,55.37897766
2014-05-16,2014-05-31,2014-06-13,east_south,24.78940261,52.80822843,train,24.01407549,72.85200857,24.38706465876116,53.670936706775095,24.982847350361446,67.92073470693975,24.557831358888436,58.16165779816306,24.71352425495713,63.50123484751367,17.66241126,61.03006201
2014-05-16,2014-05-31,2014-06-13,west_north,16.12391158,5.73728407,train,15.67851463,24.95463693,15.273269232212897,17.094135790058655,16.214382137445785,17.423753035927703,15.490475236801359,17.573201187092053,15.351448311403363,17.39433383968657,7.24907876,8.9029098
2014-05-16,2014-05-31,2014-06-13,west_south,24.41203749,0.21123546,train,22.34774153,3.39350244,22.3701381793865,5.1465000620654635,22.796392738,1.654714999036144,22.36664121086929,4.830525039352885,22.908018020656424,5.536296855535262,14.65146528,1.02262703
2014-05-30,2014-06-14,2014-06-27,central_north,21.04134015,63.35108012,train,20.84408236,54.50121024,20.833265202492267,43.8442300538279,21.374861331421688,43.64743833185541,20.838600008999805,44.54453982136559,20.876493788444254,44.83181978030942,10.15061199,42.78322863
2014-05-30,2014-06-14,2014-06-27,central_south,26.6038998,40.58417212,train,26.4823282,36.41877811,26.460744886638984,41.00335405199326,27.28396440168675,33.50782896749398,26.60763744286893,40.05461877914729,26.906385080644824,40.42017061257748,19.03211333,31.22462108
2014-05-30,2014-06-14,2014-06-27,east_north,20.51729411,53.3298099,train,19.21742575,52.19220375,20.35013938913488,47.41955905086694,20.626002812433736,44.35431542156626,20.22648373934911,47.5396214987673,19.836315213287897,47.33223758479154,9.38316987,36.26862018
2014-05-30,2014-06-14,2014-06-27,east_south,26.60132905,44.74474307,train,24.88019917,63.56436594,25.63577556724019,59.72446730466836,25.848971030361447,58.63309207693976,25.610659885177412,60.90974602555242,25.705640864499465,61.5753989115418,18.52188562,54.00057471
2014-05-30,2014-06-14,2014-06-27,west_north,15.64419394,19.89262822,train,17.42102581,17.23085883,17.39668935162579,14.60779907933992,17.956893317445783,9.699974935927703,17.371181643989974,14.241913012262469,17.58512401607142,13.671449508989248,8.00347054,29.25100366
2014-05-30,2014-06-14,2014-06-27,west_south,24.19888811,0.69109157,train,24.46137767,1.01079896,24.13052880872906,8.027018621422068,24.910028878000002,0.0,24.22757388460649,6.726979912030458,24.969953622893634,6.036563416234467,15.79582759,6.12942327
2014-06-13,2014-06-28,2014-07-11,central_north,21.28190646,44.60322148,train,21.92586581,55.2305277,22.176305279985968,42.30596739458221,22.456644781421687,44.376755791855416,22.05668788211984,44.10214401310773,22.397411370345484,44.34748704747827,12.18930981,38.89730176
2014-06-13,2014-06-28,2014-07-11,central_south,26.88431661,27.63012721,train,27.16296077,37.95026263,27.495275247329246,40.735108499152766,27.96459697168675,35.03931348749397,27.492505147577244,40.847141846831136,27.603229916945452,38.46755093240091,20.70809552,42.50777588
2014-06-13,2014-06-28,2014-07-11,east_north,21.96158994,44.36041398,train,21.299089,53.33756307,21.481956948415636,46.757444338070975,22.707666062433734,45.49967474156627,21.749696173981167,47.502189432752814,21.822787088435334,45.2075356209897,14.64660622,46.31766106
2014-06-13,2014-06-28,2014-07-11,east_south,26.54604215,53.79675845,train,25.95223194,74.74503621,26.560241228276727,64.83550065751973,26.921003800361447,69.81376234693975,26.63188907367826,68.11467763504608,26.97795101513511,68.82436503352608,22.52436774,24.15729394
2014-06-13,2014-06-28,2014-07-11,west_north,20.84938258,7.9837153,train,19.28708979,19.70457371,19.11961408589758,12.163523503608005,19.822957297445782,12.173689815927702,19.12799250942094,13.397792429209929,19.39857712242932,10.344829760332296,9.61222151,22.82900217
2014-06-13,2014-06-28,2014-07-11,west_south,26.62441665,16.62075878,train,25.47090377,8.45793838,25.520642629009682,11.181133929525163,25.919554978,6.719150939036144,25.467462327959385,11.585990084947579,25.903930012950706,12.491292373828074,16.91102034,0.9203435
2014-06-27,2014-07-12,2014-07-25,central_north,21.08043592,25.60390029,train,23.01262356,42.97041187,22.872884771951977,39.986210789747986,23.543402531421687,32.11663996185541,22.91800529428238,39.356748670061165,23.2603476906605,36.50572425245025,16.29880973,27.02844878
2014-06-27,2014-07-12,2014-07-25,central_south,26.21452809,52.30437756,train,27.16965737,38.46683007,28.093575405720483,40.225582555337944,27.971293571686747,35.55588092749397,27.875892560516665,41.15971133351957,27.759298953372028,37.67362869094458,22.20196711,47.05460239
2014-06-27,2014-07-12,2014-07-25,east_north,20.88232401,42.32546782,train,21.74595881,48.19044029,22.007519994885513,45.823760930596904,23.154535872433737,40.35255196156626,22.265622378922107,45.84714676451473,22.457074017198234,44.14907240663234,15.50838802,58.17790178
2014-06-27,2014-07-12,2014-07-25,east_south,26.04196569,77.73619455,train,26.16467841,74.34341466,27.088394378527155,68.06251239515395,27.133450270361447,69.41214079693975,27.072009635355933,70.88828156712691,27.274309439230798,68.98328465833394,21.90105244,56.67644974
2014-06-27,2014-07-12,2014-07-25,west_north,21.69235534,9.59524069,train,20.77931838,15.00718171,20.231027366289158,10.130868657493385,21.315185887445782,7.476297815927704,20.402846501823124,10.805571671478319,20.80255094424673,8.522700621571861,14.40105289,11.31929353
2014-06-27,2014-07-12,2014-07-25,west_south,26.85690663,12.60737536,train,25.93973824,18.79150304,26.38594945901107,13.971057971740569,26.388389448,17.052715599036144,26.21938491442483,16.84755554125225,26.336054002396335,21.518207631813166,20.51521449,2.60054682
2014-07-11,2014-07-26,2014-08-08,central_north,21.08291955,30.65833123,train,22.56087748,42.60598035,22.845830370630868,37.29070241401211,23.091656451421684,31.75220844185542,22.76943206410562,37.64219664494857,22.922530074006133,35.624173882800264,19.05391234,66.80636396
2014-07-11,2014-07-26,2014-08-08,central_south,26.6929718,27.21362664,train,27.35789611,28.18463338,28.16073343370411,39.56386731965682,28.159532311686746,25.273684237493978,28.035332398453,38.14619677599768,28.082883655752322,34.9885967491751,25.4754738,68.74742791
2014-07-11,2014-07-26,2014-08-08,east_north,19.98109159,45.70182084,train,21.06647126,50.31436622,21.90228927731269,44.89433829420444,22.475048322433736,42.47647789156626,21.988237737953764,46.16572920963529,21.87845488777284,44.22581339262544,18.42212328,34.76567147
2014-07-11,2014-07-26,2014-08-08,east_south,25.93654659,51.33718068,train,26.39958185,52.02080525,27.151122002149904,68.75135669970314,27.368353710361447,47.08953138693976,27.230731938484475,65.68012388336437,27.167772723857816,63.2980096468485,24.69145973,47.09834137
2014-07-11,2014-07-26,2014-08-08,west_north,21.02748051,16.58667831,train,20.63752564,17.06514674,20.55086220677121,8.86087505763858,21.173393147445783,9.534262845927703,20.584336155221024,10.751584779759572,20.616335568331973,9.788607031121654,15.87794373,5.70589715
2014-07-11,2014-07-26,2014-08-08,west_south,25.61899891,30.05296984,train,26.06530306,17.57635914,26.594562249247918,15.853852466565996,26.513954268000003,15.837571699036145,26.454705195875743,18.170437172194397,26.082554179735084,20.760942728954287,24.17286494,0.3096503
2014-07-25,2014-08-09,2014-08-22,central_north,21.89401378,41.30044261,train,21.98434431,44.94521574,22.044169372721633,34.570298479596765,22.515123281421687,34.091443831855415,22.14291719853671,36.302946959402306,22.21431084487704,35.54070185820976,20.27572673,62.94307532
2014-07-25,2014-08-09,2014-08-22,central_south,27.52401386,32.33077071,train,26.92488553,27.29703589,27.619794292409185,38.823482299930674,27.72652173168675,24.386086747493977,27.613005483002937,37.425343330307896,27.722734736210633,37.25199181482712,26.40898957,36.39553661
2014-07-25,2014-08-09,2014-08-22,east_north,19.77250288,61.43989297,train,20.34958251,30.15177515,21.161944439672023,44.17669201686286,21.758159572433737,22.313886821566264,21.30205389602031,40.42188344625352,21.162359472533055,46.59110817787729,20.1712044,56.4136983
2014-07-25,2014-08-09,2014-08-22,east_south,26.52209353,59.81986485,train,25.92690896,46.85475679,26.695044627893516,66.67949571523044,26.895680820361445,41.92348292693976,26.827027301934237,62.8634696836415,26.95836935454738,63.42144134819367,26.26645241,55.88810724
2014-07-25,2014-08-09,2014-08-22,west_north,19.71630342,18.98034034,train,18.16811792,21.98302482,19.966772055720394,8.612617634711974,18.703985427445783,14.452140925927704,19.29773639395866,12.580740162006315,18.766262738790562,14.29020445516127,15.53262791,16.71553494
2014-07-25,2014-08-09,2014-08-22,west_south,24.59020696,25.47829302,train,24.07451294,20.23111209,26.06349616570263,16.499673805521553,24.523164148000003,18.492324649036146,25.396295712292613,19.921569496977785,25.326939866534254,24.820549349834494,24.16999867,0.70756859
2014-08-08,2014-08-23,2014-09-05,central_north,20.91266471,64.22957642,train,19.67140504,61.00472464,20.45802684102163,32.05628234858051,20.202184011421686,50.15095273185541,20.361368668921656,38.9343242297485,20.628667143804424,47.00931753115253,21.25887661,47.95245142
2014-08-08,2014-08-23,2014-09-05,central_south,27.78836246,30.96045007,train,25.9708982,35.79391501,26.432831837009807,38.05009343709531,26.772534401686748,32.88296586749398,26.612364424475842,38.982250372972246,26.689215251958714,39.913076427243766,26.79459185,32.36309572
2014-08-08,2014-08-23,2014-09-05,east_north,21.65167219,27.97257172,train,19.47290811,42.27566907,19.804998835402735,43.763031190107746,20.881485172433734,34.437780741566264,20.247452267738552,43.15238577800196,20.11098252222824,45.24148520940393,22.12500644,53.41637052
2014-08-08,2014-08-23,2014-09-05,east_south,26.72158892,38.63139231,train,24.82114226,63.33764817,25.696920758040868,62.11043796786033,25.789914120361445,58.40637430693976,25.870462890834585,63.78717472437587,25.732065382223862,64.71998838905378,26.70924713,42.67065199
2014-08-08,2014-08-23,2014-09-05,west_north,16.70679671,22.85244937,train,16.28858011,27.00631562,18.461980407997572,9.495977607458887,16.824447617445784,19.475431725927702,17.732627396032527,14.69688778081943,17.29995731213769,16.19218919240164,20.15462634,10.71746163
2014-08-08,2014-08-23,2014-09-05,west_south,24.41512527,9.54708888,train,23.48066241,15.64585779,24.779602702537925,15.861140906028105,23.929313618000002,13.907070349036145,24.46954494918308,17.986757345000466,24.259565615934985,17.83715335925066,26.49452415,13.64164928
2014-08-22,2014-09-06,2014-09-19,central_north,14.80856093,32.68138686,train,16.21399878,52.6918119,18.131973156062873,29.830117089835955,16.744777751421687,41.83803999185541,17.613393228365414,35.34827330661027,17.865564161524947,38.42991432734816,21.0935388,25.90136054
2014-08-22,2014-09-06,2014-09-19,central_south,24.1382719,53.10184196,train,24.25201142,38.96546952,24.618874214314737,37.258210736094426,25.053647621686746,36.05452037749397,24.900152869201754,39.027950388727646,24.92866187759334,41.238543141190206,26.14229486,53.17807857
2014-08-22,2014-09-06,2014-09-19,east_north,15.70654272,28.62288537,train,16.57650831,37.85501664,17.877242875397247,43.61337925550856,17.985085372433737,30.017128311566267,17.96762245697523,42.02815836372535,17.673518701677306,46.46169358139275,21.09814733,37.41033465
2014-08-22,2014-09-06,2014-09-19,east_south,24.86524026,82.76149895,train,23.37682145,42.92791734,24.176268228004254,55.745778482751064,24.345593310361448,37.99664347693976,24.376135084597305,53.408181194073606,24.477449866903765,57.55196430828502,25.97928648,82.19135609
2014-08-22,2014-09-06,2014-09-19,west_north,16.10045362,9.40500339,train,14.75975888,16.71153799,16.127739331231236,11.443555975809351,15.295626387445783,9.180654095927704,15.796133580895969,13.071942232404869,15.535935325930751,12.825197842794989,21.97020882,8.87307702
2014-08-22,2014-09-06,2014-09-19,west_south,23.65066089,26.41786935,train,21.99885762,17.8362876,22.810296684155755,14.178369045437044,22.447508828,16.097500159036144,22.766299815790433,17.007251467141597,22.77217167150991,15.375968151637835,26.5235157,15.10456821
2014-09-05,2014-09-20,2014-10-03,central_north,16.51487744,36.36631744,train,14.21116054,37.6881441,15.173143806290476,27.833228576146457,14.741939511421686,26.83437219185542,15.06917760637003,29.3847130652082,14.752825513044456,29.65039801359502,21.13950541,24.63370886
2014-09-05,2014-09-20,2014-10-03,central_south,22.76847483,28.78299877,train,20.8884111,31.67667565,22.264066979769844,36.437207768135565,21.690047301686747,28.765726507493977,22.137639215271225,36.519852446865556,22.3476364549401,41.50897672397444,26.52654151,28.44827376
2014-09-05,2014-09-20,2014-10-03,east_north,16.10119724,15.66420184,train,14.84420219,36.00868507,15.456505100343518,43.57241246699109,16.252779252433736,28.170796741566264,15.86364478836935,41.004033069226494,15.777557274102648,43.46867017869266,19.90681781,52.48283148
2014-09-05,2014-09-20,2014-10-03,east_south,22.12134666,49.13487722,train,21.60071208,41.52353352,22.20290709636534,48.585061499413904,22.569483940361447,36.59225965693976,22.480845260487605,47.2895562457436,22.340974772948172,49.012218395683405,25.93424107,57.42365304
2014-09-05,2014-09-20,2014-10-03,west_north,13.97273856,30.09061409,train,12.81858973,17.97208673,13.157063037953302,14.21829794577965,13.354457237445782,10.441202835927704,13.314724540011422,14.940553562994829,13.04724780510611,14.804075356179787,21.02515383,17.18819635
2014-09-05,2014-09-20,2014-10-03,west_south,20.97466861,16.12509094,train,20.27423162,10.66930889,20.301188611061836,11.918855978734632,20.722882828,8.930521449036144,20.600506954855433,12.90687526343854,20.670635479024345,9.42853244809605,26.15002723,30.11929532
2014-09-19,2014-10-04,2014-10-17,central_north,10.89662697,35.63115002,train,11.05633274,29.76271111,11.751229493898826,25.912958069882556,11.587111711421686,18.908939201855418,11.755942804371244,25.480226169077994,11.499688319385871,26.172953743647465,21.61287405,42.29642169
2014-09-19,2014-10-04,2014-10-17,central_south,20.17134317,53.59401349,train,18.23432148,27.7286234,19.520924594023874,35.564755167417744,19.035957681686746,24.817674257493977,19.4194554813546,34.40040661113024,19.537814564264316,37.684637473552044,27.43845412,33.62641039
2014-09-19,2014-10-04,2014-10-17,east_north,12.87809038,66.04686414,train,11.25143228,39.89342464,12.655771222758517,43.41573731633816,12.660009342433735,32.055536311566264,12.737014627854677,41.7815205350786,12.407576053429224,41.59569549864196,19.46151164,52.55705182
2014-09-19,2014-10-04,2014-10-17,east_south,20.250905,55.41466035,train,19.17087048,39.9849435,19.897015806392787,41.72422901134499,20.139642340361448,35.05366963693976,20.08485768529933,41.350305082767235,19.604621444428112,39.867265033147504,26.29015615,60.6225591
2014-09-19,2014-10-04,2014-10-17,west_north,12.22476652,7.86406347,train,10.25774655,17.70296299,9.820325566639296,17.455538479393404,10.793614057445783,10.172079095927703,10.326295835186357,16.723937845765004,10.049990625434912,13.87479692894421,20.12246866,16.44314033
2014-09-19,2014-10-04,2014-10-17,west_south,18.75368242,8.40542275,train,18.046629,9.20762515,17.460412266921843,9.666215890155335,18.495280208,7.468837709036144,18.007298807474704,10.263743258891676,18.046236883430446,6.729324230857106,24.92744803,23.44791366
2014-10-03,2014-10-18,2014-10-31,central_north,10.17599589,7.85234523,train,7.47269291,33.69584927,8.088932080035226,23.89234409348363,8.003471881421687,22.842077361855413,8.116857079241427,24.62548152643674,8.216353916357889,24.404666280891423,21.47248937,64.13783591
2014-10-03,2014-10-18,2014-10-31,central_south,18.21469664,7.8396871,train,15.57456522,30.86838603,16.595752254758956,34.623975323334314,16.376201421686748,27.957436887493976,16.576250474772177,33.96641006813046,16.688159353002973,35.03472934936815,28.09584562,29.56581518
2014-10-03,2014-10-18,2014-10-31,east_north,9.58339714,29.19806665,train,7.79230925,50.30652759,9.62274898875821,42.91444491931031,9.200886312433736,42.46863926156627,9.514069289423869,43.83749843239579,9.247057152776634,41.390001049696636,21.42581308,37.57032514
2014-10-03,2014-10-18,2014-10-31,east_south,17.25064939,5.35060321,train,16.5855267,30.96846256,17.420767462060482,36.13702517240399,17.554298560361445,26.037188696939758,17.485185242661004,34.29353614659823,17.096892279710932,32.446218413003294,26.92534146,31.21991032
2014-10-03,2014-10-18,2014-10-31,west_north,9.58199876,24.30941348,train,5.83538619,23.18281403,6.427148828721336,20.730587854654395,6.371253697445784,15.651930135927703,6.503337116442312,20.536185900849276,6.876467915250101,17.014569423647636,16.95340491,26.31956305
2014-10-03,2014-10-18,2014-10-31,west_south,17.39907698,2.6729597,train,14.21757329,14.56183939,14.532206001466822,7.983362883854498,14.666224498000002,12.823051949036143,14.67479191853089,10.23879158043681,14.892975560861846,9.511841712382804,24.13979727,9.07013947
2014-10-17,2014-11-01,2014-11-14,central_north,1.95154839,12.62849238,train,4.75232146,33.98665788,4.44338014664163,21.645831093426004,5.283100431421687,23.13288597185542,4.8233630880102805,22.316023640543182,5.019515627220978,20.91625250952443,15.05841924,39.43539135
2014-10-17,2014-11-01,2014-11-14,central_south,10.57011018,31.02421367,train,13.87559991,30.00521752,13.725823052058933,33.61971759149573,14.677236111686748,27.094268377493975,14.140562825238117,32.07834077273118,14.059290930885311,30.517496401538576,24.51629874,44.02367663
2014-10-17,2014-11-01,2014-11-14,east_north,5.58073934,22.39594003,train,5.68981246,49.88271083,6.534518852573216,41.90247348356944,7.098389522433735,42.044822501566266,6.789590432381038,42.15304759604669,6.48214401548306,38.882587156718614,17.13964228,29.92661303
2014-10-17,2014-11-01,2014-11-14,east_south,12.55904944,11.95039796,train,14.75555439,27.00619509,14.96235364219961,32.48732280848455,15.724326250361445,22.074921226939757,15.208678351263984,29.72766220508952,14.911908828107244,27.697053631675185,25.35395406,90.00885619
2014-10-17,2014-11-01,2014-11-14,west_north,3.1206167,22.88944103,train,3.39506106,41.34698172,3.2819022662011963,23.637366170042682,3.9309285674457835,33.816097825927706,3.6511650869779615,26.784494962103754,4.259045924503921,26.005901447440955,15.66237573,8.94839545
2014-10-17,2014-11-01,2014-11-14,west_south,13.09522241,7.31348048,train,11.98741958,11.63338171,11.764550589814109,7.281509630069422,12.436070788,9.894594269036144,12.070444385638606,8.217831958674939,12.13979116751133,7.199552635873488,23.83020656,21.97221174
2014-10-31,2014-11-15,2014-11-28,central_north,-3.74876656,16.73820389,train,1.74287178,34.16846718,1.08088070595223,19.16163081027999,2.2736507514216866,23.314695271855417,1.5679597976440087,19.9570430664194,1.9811645056837037,19.174229443140167,17.47981702,21.08023425
2014-10-31,2014-11-15,2014-11-28,central_south,8.3665444,37.31033837,train,10.98973887,49.84758348,11.15011151663658,32.58953263773479,11.791375071686748,46.93663433749397,11.411632902989396,36.09419252483008,11.686408918595976,38.80101796490273,23.19513493,29.38698271
2014-10-31,2014-11-15,2014-11-28,east_north,0.42209059,45.44231038,train,4.29809839,68.92778594,3.5868563061715246,40.33056818660339,5.7066754524337355,61.08989761156627,4.477451460073002,45.0112142362742,4.661414098269711,49.518532882672915,15.66720279,14.01721191
2014-10-31,2014-11-15,2014-11-28,east_south,9.97151546,89.41538275,train,14.19163754,49.95058047,12.714823273928252,31.01312179197131,15.160409400361445,45.01930660693976,13.637345710324887,33.541171091588254,13.852701633055176,35.97519537640251,22.12503484,51.98166198
2014-10-31,2014-11-15,2014-11-28,west_north,-0.14329972,31.22352436,train,0.13663661,39.38340539,0.6414423325937083,25.86123208799941,0.6725041174457835,31.852521495927704,0.7006514595499767,27.56493316289092,1.1267890389424324,27.677104416001146,15.23111935,30.2900949
2014-10-31,2014-11-15,2014-11-28,west_south,8.67537226,2.1146114,train,8.68738969,15.81251053,9.376887884005521,7.724959712407562,9.136040898000001,14.073723089036145,9.248093387495544,9.353237946936849,9.158326818406678,7.821692417778671,21.57318948,23.49194184
2014-11-14,2014-11-29,2014-12-12,central_north,-1.18881381,8.47163332,train,0.28279889,20.28456985,-1.7511675284157,16.574594807067818,0.8135778614216868,9.430797941855417,-0.7465976304000008,13.4685259201507,-0.4680090376651691,11.431113708266569,10.83103259,51.37987109
2014-11-14,2014-11-29,2014-12-12,central_south,11.48131973,11.60601001,train,9.08529202,28.12951789,9.078816114463459,31.606151392039397,9.886928221686748,25.218568747493975,9.322100717630835,28.998688373355986,9.412082143659774,27.8856789475705,20.47827498,65.26413618
2014-11-14,2014-11-29,2014-12-12,east_north,1.02101973,48.97666598,train,1.91221143,44.59944553,0.9789459760540513,38.293625818966056,3.320788492433736,36.76155720156626,1.8819738167990008,36.50566105928449,1.8944302735446272,35.227029314157946,13.0064916,48.06449983
2014-11-14,2014-11-29,2014-12-12,east_south,11.50130073,10.00969479,train,11.13001605,43.75723166,10.853301505228,31.506592453805183,12.098787910361445,38.82595779693976,11.211855755053818,32.058856301650934,11.562689130118219,33.19264042954458,21.08705532,51.87036866
2014-11-14,2014-11-29,2014-12-12,west_north,2.3363066,38.39472989,train,-0.59847933,50.67164685,-1.3168499848052535,27.230562959555925,-0.06261182255421649,43.140762955927705,-0.7702753843286789,30.593018367358464,-0.38072513152908893,32.138130992785236,12.20463021,6.74375507
2014-11-14,2014-11-29,2014-12-12,west_south,10.82013887,27.64821308,train,7.48688259,8.81662751,7.53387226434709,9.193453494399872,7.935533798,7.077840069036144,7.613277609293914,7.788652135074319,7.5047941536206375,5.503238225520901,18.88310035,8.41672603
2015-01-09,2015-01-24,2015-02-06,central_north,-2.98973666,13.89906011,validation,-5.73562253,31.82077605,-4.758959614140621,11.71206624735588,-5.204843558578313,20.967004141855416,-4.877678503471291,12.44564829938886,-5.141726776621491,15.581749354516322,-1.97909554,9.47446788
2015-01-09,2015-01-24,2015-02-06,central_south,8.15740591,17.18411834,validation,7.5263142,58.95757144,7.863160884538343,30.216717065216045,8.327950401686747,56.04662229749398,8.093333553970634,34.529869112210335,7.831417124404909,36.20362006962608,11.17439824,10.91034117
2015-01-09,2015-01-24,2015-02-06,east_north,-6.51873698,35.17027136,validation,-4.59285236,56.07696763,-2.9408348719823953,31.213990830403908,-3.1842752975662645,48.239079301566264,-2.9635203699045,33.819818831213595,-2.8149389746822147,33.492315123869304,0.68908442,54.53317595
2015-01-09,2015-01-24,2015-02-06,east_south,7.30790594,51.60884178,validation,10.45495276,59.24984309,9.193124481024032,39.71914112151866,11.423724620361444,54.31856922693976,10.108007627165168,40.323703101291414,9.838124381020581,37.865713076325775,11.45776545,15.19325136
2015-01-09,2015-01-24,2015-02-06,west_north,3.09068246,17.78567774,validation,-2.40125329,34.8467534,-1.9430404691721312,25.882697036329347,-1.8653857825542166,27.3158695059277,-1.8596106759389825,23.994253130234313,-1.8558936914492845,23.78142563082662,2.37823142,31.52551335
2015-01-09,2015-01-24,2015-02-06,west_south,10.194567,20.93876111,validation,6.22613895,22.29926283,6.47983510406807,16.04892554568398,6.674790158,20.560475389036146,6.5916436513943655,14.802035996326161,6.767522221520847,15.013497345945126,10.88854607,22.24364238
2015-01-23,2015-02-07,2015-02-20,central_north,-5.48248689,5.12774416,validation,-2.15072046,20.24165268,-3.3165280606390506,13.518292255316506,-1.6199414885783132,9.387880771855418,-2.4913907033496328,9.871964151005479,-2.7586470762864272,10.858841133353707,0.41311335,16.54690692
2015-01-23,2015-02-07,2015-02-20,central_south,8.68313996,11.19651233,validation,8.54070278,40.87601671,9.205081816322213,30.910395487127904,9.342338981686748,37.965067567493975,9.333057682321808,30.21863227536812,9.466799495896044,27.79370891856153,9.65182431,34.68096449
2015-01-23,2015-02-07,2015-02-20,east_north,-9.54078011,14.35799096,validation,-4.77899148,40.80719978,-1.935996367979281,31.305133486732586,-3.3704144175662645,32.96931145156626,-2.409305088888132,30.133350481771505,-2.501360803853013,29.69441769658555,1.34407463,25.97224843
2015-01-23,2015-02-07,2015-02-20,east_south,5.8803687,25.9358577,validation,8.65295208,46.8845167,10.220281022158678,40.12583000889007,9.621723940361445,41.95324283693976,10.004387962337912,38.16417864707718,9.592117512429194,34.611790041240894,10.02394401,53.6981766
2015-01-23,2015-02-07,2015-02-20,west_north,4.63224943,24.81568834,validation,2.29501213,32.96214202,-0.7732835156109039,25.00222304505909,2.8308796374457836,25.431258125927705,0.8507650988367099,21.580647636403313,0.7717777295814967,23.206290680442688,1.45165332,48.5748019
2015-01-23,2015-02-07,2015-02-20,west_south,12.14875119,5.07718151,validation,9.75869573,17.83575027,7.516789450708443,15.556911079291865,10.207346938,16.096962829036144,8.737999724268754,12.347820018669108,8.789580821136376,13.454798031851329,7.46832923,22.92450322
2015-02-06,2015-02-21,2015-03-06,central_north,-8.74310559,13.58404878,validation,-0.4209684,38.74448691,-1.1932148402300722,16.74590192663844,0.10981057142168671,27.890715001855416,-0.4427892104050044,17.231608081036438,-0.47897397287833954,15.39253449814015,-8.76927877,13.73300227
2015-02-06,2015-02-21,2015-03-06,central_south,4.48726513,48.80697608,validation,10.52441476,63.0868581,10.96561771647815,32.02821172690471,11.326050961686748,60.175908957493974,11.287928750575787,36.84541062126888,11.045245832945504,34.36815964816934,4.70079836,50.7426978
2015-02-06,2015-02-21,2015-03-06,east_north,-7.71384943,40.43525601,validation,-2.05094444,62.21716158,-0.21366853177127787,32.443394586050935,-0.6423673775662639,54.37927325156627,-0.16538053525120344,36.317525421962046,0.0502248039102966,35.39161572325776,-1.60777531,37.77172199
2015-02-06,2015-02-21,2015-03-06,east_south,9.85366275,61.11152983,validation,10.72841843,58.79885107,11.657609967226994,39.56002148154533,11.697190290361444,53.86757720693976,11.795415288441149,40.73040502980943,11.439639323951244,38.4829720190894,11.16941712,49.67207754
2015-02-06,2015-02-21,2015-03-06,west_north,-0.86344066,14.99606937,validation,2.89106291,33.22184872,0.6736302511995874,24.30614555336833,3.4269304174457833,25.6909648259277,2.0063630970805733,21.445334754487078,1.924487518882992,20.555162525512525,-5.57378007,25.97702665
2015-02-06,2015-02-21,2015-03-06,west_south,8.42748094,26.98695293,validation,10.1616928,30.70389269,8.872222078477472,13.832325057744416,10.610344008000002,28.965105249036146,9.78200992010246,14.828133619381344,9.553141107862654,16.79829341197541,3.10009622,5.55982362
2015-02-20,2015-03-07,2015-03-20,central_north,6.85332838,8.80560216,validation,1.80556972,32.09617562,1.4410233993272892,21.148612072773044,2.3363486914216867,21.242403711855413,2.0389513654851545,18.928655450106174,1.8744109831213787,18.16715318041494,-4.99904978,4.25445968
2015-02-20,2015-03-07,2015-03-20,central_south,14.0153183,50.98704668,validation,11.38776601,53.66087382,12.992949414427146,33.47634479294765,12.189402211686748,50.74992467749398,12.849874512355083,35.94479585966906,12.929087721100842,31.365371954179505,5.39610127,12.51703802
2015-02-20,2015-03-07,2015-03-20,east_north,2.1803063,25.79109628,validation,-1.05226483,49.60203053,2.0943250019767015,34.50224074534161,0.356312232433736,41.764142201566266,1.6043652590991284,35.031800542700296,1.8334185852601923,34.54666560340446,-5.6752419,20.0544449
2015-02-20,2015-03-07,2015-03-20,east_south,16.50719958,26.10362254,validation,11.60789131,47.83415589,13.383604855886512,38.48532507373317,12.576663170361444,42.90288202693976,13.18731830289676,37.48868005079153,12.990347697354839,38.4642831655317,7.8133489,29.26443541
2015-02-20,2015-03-07,2015-03-20,west_north,7.58215003,12.91084451,validation,3.23760552,36.03662259,2.3170399579182814,23.821334346946724,3.7734730274457835,28.505738695927704,3.156234028381282,22.44475468410312,2.962901364811999,20.440222067289483,-0.38123406,16.751505
2015-02-20,2015-03-07,2015-03-20,west_south,14.02654831,4.55276196,validation,11.4468779,15.78693728,10.460131944970174,11.172605497576548,11.895529108000002,14.048149839036144,11.255575973881577,9.207246601308206,11.475346936438793,13.225905446817283,8.28346933,9.8206634
2015-03-06,2015-03-21,2015-04-03,central_north,5.97019195,19.64933002,validation,3.24058348,35.82809124,4.40635352347815,26.288095152357364,3.771362451421687,24.974319331855416,4.364314255773554,24.391859533636275,4.062825237786866,23.457220228903143,-2.51652504,13.63423902
2015-03-06,2015-03-21,2015-04-03,central_south,17.06657657,28.79611834,validation,12.84557412,64.68860453,15.15056195372934,35.115428158820464,13.647210321686748,61.77765538749398,14.741211424868254,40.58825207058541,14.859335795094488,35.36992227868818,8.00053965,37.47005706
2015-03-06,2015-03-21,2015-04-03,east_north,2.78502224,24.71031905,validation,-0.26234013,47.88617984,4.821231730239808,37.20117088120412,1.146236932433736,40.04829151156626,3.51085901007667,37.40471616110415,3.8927562396876305,39.861702574319835,-5.59329975,34.25337546
2015-03-06,2015-03-21,2015-04-03,east_south,15.79960075,27.66230223,validation,12.28578738,69.11583986,15.280055316489971,37.59243383369198,13.254559240361445,64.18456599693975,14.618934790410272,43.166063960976416,14.997954149447704,48.95734524836871,8.00501947,43.62430511
2015-03-06,2015-03-21,2015-04-03,west_north,7.49952711,14.37742765,validation,5.50129614,39.43064276,4.119021651935471,23.453796628081527,6.037163647445784,31.8997588659277,5.16858794196042,23.256110352182024,5.00251424721906,22.747204813464126,1.96657586,12.8779132
2015-03-06,2015-03-21,2015-04-03,west_south,15.79505049,0.52070259,validation,11.89311805,28.10609727,12.219807330482874,8.09809657962603,12.341769258000001,26.367309829036145,12.491961022021094,10.94158267278284,12.178720508427716,9.256522935928697,9.13293262,21.87043208
2015-03-20,2015-04-04,2015-04-17,central_north,10.03010763,27.72664049,validation,8.05883703,57.162803,7.529767185959217,31.601195198772913,8.589616001421685,46.30903109185542,8.19051404964986,33.70709642592266,8.353952001348677,30.639737034919715,-4.9034913,5.48548574
2015-03-20,2015-04-04,2015-04-17,central_south,18.77492159,63.25053831,validation,16.8030216,86.09772649,17.329559948827484,36.78128680791776,17.60465780168675,83.18677734749397,17.67447382048222,47.325950927811704,17.521557785936125,48.36965277283281,8.54316997,13.01175158
2015-03-20,2015-04-04,2015-04-17,east_north,9.18432098,48.47136922,validation,6.23318331,61.33895877,7.782625290112184,40.15869478522591,7.641760372433736,53.50107044156626,7.9283454388714905,42.31449275255085,8.41746173818647,40.46981038261748,-8.70832547,14.79712675
2015-03-20,2015-04-04,2015-04-17,east_south,20.01173241,52.32201266,validation,17.19161143,76.85049136,17.243098654562154,37.616196357063885,18.160383290361445,71.91921749693977,17.800201530307408,44.72305824842714,17.905071885107127,45.26175524160202,7.10032676,36.41768579
2015-03-20,2015-04-04,2015-04-17,west_north,6.04948022,15.60718379,validation,6.64452399,41.36461436,6.073620136289416,23.02186014817328,7.180391497445783,33.8337304659277,6.75841100489315,24.149372111621783,6.4170003994913385,23.466755843214766,4.97336537,29.62411591
2015-03-20,2015-04-04,2015-04-17,west_south,13.61340814,2.33254379,validation,12.94249732,27.12905574,14.11228772590164,5.238539156767475,13.391148528,25.390268299036144,13.99572463697508,9.277318449766296,13.735650894291748,7.694755836093794,12.12128507,5.08687714
2015-04-03,2015-04-18,2015-05-01,central_north,9.71720035,27.85529774,validation,9.56682913,51.5898967,10.655485967823145,36.49307748877691,10.097608101421686,40.73612479185542,10.550109159074378,36.751180166317454,10.322923384065035,36.364192328278705,-9.07777945,12.59815712
2015-04-03,2015-04-18,2015-05-01,central_south,17.80472696,57.29651484,validation,17.56846541,70.13562806,19.451392143974516,38.31024352096429,18.37010161168675,67.22467891749397,19.139662780408326,45.18874490636057,19.14014311316769,39.97565608269554,5.10550659,39.29634942
2015-04-03,2015-04-18,2015-05-01,east_north,9.18756918,39.06741141,validation,7.81675848,46.25846896,10.793199851379608,42.96571450549791,9.225335542433736,38.42058063156627,10.232566597670182,41.24815503326862,10.928886225229082,40.91330118681982,-8.50018131,30.39981302
2015-04-03,2015-04-18,2015-05-01,east_south,18.74440277,61.04246815,validation,17.19880201,60.54329807,19.187939201987707,39.137703737098974,18.167573870361448,55.61202420693976,18.849534138942442,42.70332741127855,19.21757690679008,42.273851693546675,8.04391927,51.36437085
2015-04-03,2015-04-18,2015-05-01,west_north,9.7205563,14.08662519,validation,7.7790955,39.65529127,8.184877622723635,22.312829565118275,8.314963007445783,32.1244073759277,8.391446131969833,23.994863827857824,8.162449376105826,23.503150369550603,-0.53167511,15.20449242
2015-04-03,2015-04-18,2015-05-01,west_south,15.86278189,8.25437534,validation,14.46864806,15.13399263,16.108364152028965,3.19380050147789,14.917299268,13.395205189036144,15.706439375053712,5.262622523424055,15.467819034664398,4.846407517948496,8.98934872,26.89357012
2015-04-17,2015-05-02,2015-05-15,central_north,13.9933912,57.1094687,validation,12.70783753,51.13521184,13.648374527668965,40.43713512808734,13.238616501421687,40.28143993185542,13.504256603556037,39.947654873162065,13.042076252099331,41.60727782702563,5.16204032,8.1566782
2015-04-17,2015-05-02,2015-05-15,central_south,21.38628596,69.73761695,validation,19.85251686,48.80624956,21.46163831306935,39.56393143713721,20.65415306168675,45.89530041749397,21.146266103069273,40.971904385546836,21.207819489450927,41.18133694571975,12.16321596,53.27066548
2015-04-17,2015-05-02,2015-05-15,east_north,16.63431512,16.35236059,validation,11.44594966,61.18998825,13.6807352613563,45.26338501402778,12.854526722433736,53.352099921566264,13.355809557145967,47.11327926260226,13.624581035277295,47.19558894232897,0.80656063,34.82019181
2015-04-17,2015-05-02,2015-05-15,east_south,22.03664469,19.60224864,validation,19.40467822,57.10397741,21.047253372611163,42.41820044846269,20.373450080361447,52.17270354693976,20.778366354469963,44.726713496195984,20.89927944653877,44.26194509946066,15.81449574,26.64391318
2015-04-17,2015-05-02,2015-05-15,west_north,10.46593064,22.39813079,validation,11.09077197,34.54088059,10.44000553960751,21.14933916801525,11.626639477445783,27.009996695927704,10.985739568265089,21.977280373572377,10.372057053635174,22.870719912526322,6.79800256,12.31560856
2015-04-17,2015-05-02,2015-05-15,west_south,15.95447305,11.83046429,validation,18.1251023,5.80673478,18.172053020954223,2.400303021693695,18.573753508000003,4.067947339036144,18.3327078641238,2.2631302235752866,17.759251415481565,4.968386794129678,13.2907866,0.80434339
2015-05-01,2015-05-16,2015-05-29,central_north,14.76590568,65.83367694,validation,16.43414221,65.51938033,16.39143429771443,43.060964200465804,16.964921181421687,54.665608421855424,16.581232193880343,45.863886986870085,15.937214501814331,46.113942935635365,5.81797383,13.96643416
2015-05-01,2015-05-16,2015-05-29,central_south,22.08986662,119.28259004,validation,23.08435772,63.37581518,23.31766283425697,40.44868423376498,23.885993921686747,60.46486603749398,23.521201006388623,45.65234004074878,23.39065954526561,47.38731724789261,16.36784853,33.82806985
2015-05-01,2015-05-16,2015-05-29,east_north,17.65477768,29.03068931,validation,15.50995866,52.04395014,16.295683006488463,46.80861541045455,16.918535722433738,44.206061811566265,16.457554425706846,45.87308278466833,15.903360538049228,48.279288049339186,1.4028583,20.72473019
2015-05-01,2015-05-16,2015-05-29,east_south,23.92320729,28.63472517,validation,22.10901171,76.88200858,22.764849288995954,47.304568979749476,23.077783570361447,71.95073471693976,22.877244373525524,53.91041576720025,23.059951043778845,60.739418494728625,15.16988074,36.03055568
2015-05-01,2015-05-16,2015-05-29,west_north,12.13694007,43.04603093,validation,13.73368532,33.31291396,12.785300097006688,19.449266386571974,14.269552827445782,25.782030065927707,13.348351041561614,20.827101852303375,12.859573600157454,20.980491502572185,8.1410796,14.25840457
2015-05-01,2015-05-16,2015-05-29,west_south,17.14476932,11.90802362,validation,20.49062608,6.77324276,20.244641890687603,3.0333782494641506,20.939277288,5.034455319036144,20.439353802278056,3.473802305700154,20.38772537161487,5.2495425003714224,15.73486693,4.34893861
2015-05-15,2015-05-30,2015-06-12,central_north,18.75558664,56.06629674,validation,17.85908874,59.39159957,18.779867834823577,44.20079734659001,18.389867711421687,48.53782766185542,18.466113122453514,45.89387366465233,18.280371034866807,48.032265017893266,9.11179503,30.78474537
2015-05-15,2015-05-30,2015-06-12,central_south,25.03939783,29.49272557,validation,23.95644678,49.77642327,24.9743720453163,40.92578972831902,24.758082981686748,46.86547412749398,24.75476171959384,43.26772229649336,24.898002451255948,47.20073832779815,18.92268611,52.86909451
2015-05-15,2015-05-30,2015-06-12,east_north,18.0057498,63.50192792,validation,17.93176499,57.13071112,18.51590048412784,47.51323778370093,19.340342052433737,49.292822791566266,18.685735089979975,48.19584838776578,17.96904298563865,49.04499065800748,8.78752145,52.21181415
2015-05-15,2015-05-30,2015-06-12,east_south,24.76407546,66.32454911,validation,24.0457016,84.83462917,24.287274140159397,53.22992047003822,25.014473460361447,79.90335530693976,24.537313545432813,60.916788813148244,24.70042283788078,71.00988306917249,20.19143701,38.58974857
2015-05-15,2015-05-30,2015-06-12,west_north,17.37671079,19.9656303,validation,14.79497388,25.12573904,15.111840540526376,17.264443439415928,15.330841387445783,17.594855145927703,15.033251493483,17.943823867669582,14.881151796167625,18.79185313141313,5.53751302,14.41806576
2015-05-15,2015-05-30,2015-06-12,west_south,22.49892345,10.1759805,validation,23.07391598,6.36161866,22.23433130049249,4.967670401996657,23.522567188,4.6228312190361445,22.6013965234533,5.167129374136188,23.13028838637758,5.16734504395124,14.03020778,2.3135539
2015-05-29,2015-06-13,2015-06-26,central_north,20.8109185,63.90636573,validation,21.20285613,59.83974686,20.714944039600468,43.913758434848326,21.733635101421687,48.98597495185541,20.93243090495423,45.82201435034567,20.76799431431458,46.2361626215628,9.71484779,31.99147904
2015-05-29,2015-06-13,2015-06-26,central_south,26.94788301,65.3579914,validation,26.00516778,53.17137132,26.372698651132268,41.01091206880099,26.80680398168675,50.26042217749398,26.388776237235444,44.578847691878394,26.59156982119787,48.86439661622265,17.99725658,69.81340086
2015-05-29,2015-06-13,2015-06-26,east_north,21.07560675,78.18705886,validation,20.21831868,52.17183391,20.24714738789907,47.448862583064646,21.626895742433735,44.33394558156626,20.587743810532743,47.1657472707402,20.343969044150533,46.954078652774896,9.36326219,39.14486035
2015-05-29,2015-06-13,2015-06-26,east_south,28.46617397,36.23560254,validation,24.90631349,71.72969701,25.556501690389155,59.31113415404721,25.875085350361445,66.79842314693975,25.590518613673186,62.688984436985976,25.88846693701828,65.66260811575013,18.95138891,70.11000318
2015-05-29,2015-06-13,2015-06-26,west_north,19.41796209,3.98804023,validation,17.35204615,18.18531485,17.2557556141145,14.788201978569235,17.887913657445782,10.654430955927705,17.265859969658298,14.576336319022897,17.459731447513438,13.822881532031811,8.86840299,15.82807188
2015-05-29,2015-06-13,2015-06-26,west_south,26.38467149,3.59767102,validation,24.93243637,4.68072582,24.015198951818736,7.804582711585759,25.381087578000002,2.941938379036144,24.366174669749444,7.310139309882615,25.125819075417528,6.199944676768343,14.55331037,8.27617097
2015-06-12,2015-06-27,2015-07-10,central_north,20.67819541,49.14071986,validation,22.37309053,60.61695737,22.100790995917848,42.44659343958752,22.903869501421685,49.763185461855414,22.209554679862418,45.43496523012929,22.413680320478573,46.57311092247774,13.7484305,48.33793544
2015-06-12,2015-06-27,2015-07-10,central_south,26.4546585,70.08512123,validation,26.87556586,29.76816266,27.434690753652596,40.76335586471504,27.677202061686746,26.857213517493978,27.321238724729373,38.74673047710917,27.58672684855162,36.54649604426348,20.70467861,58.2151688
2015-06-12,2015-06-27,2015-07-10,east_north,19.76603586,78.67406633,validation,20.73034939,48.97958367,21.420807022822608,46.81719347747948,22.138926452433736,41.14169534156626,21.467368062441142,46.52707857236507,21.39446789284204,45.81128598034036,16.28355299,18.85683434
2015-06-12,2015-06-27,2015-07-10,east_south,26.52697524,68.56748457,validation,26.27764893,59.21783272,26.50648822805212,64.52296548545971,27.246420790361448,54.286558856939756,26.706604503621733,63.62185325726183,26.720154243332896,62.08383139922795,21.25977718,23.22503727
2015-06-12,2015-06-27,2015-07-10,west_north,22.28508283,14.33308659,validation,19.28823945,20.67570972,19.014412963458092,12.32891749876739,19.82410695744578,13.144825825927704,19.069816805816718,13.719907186756402,19.33993457965119,10.363227042856376,10.85101456,18.22464468
2015-06-12,2015-06-27,2015-07-10,west_south,25.91044297,22.56336997,validation,24.88099616,16.37148836,25.436987588796203,10.960583114153899,25.329647368,14.632700919036145,25.185218290211942,13.650730496088872,25.743545377717343,18.704397016103496,16.77684252,9.31648224
2015-06-26,2015-07-11,2015-07-24,central_north,23.44579134,42.66655745,validation,22.0161186,53.24354145,22.846328289373094,40.16904779844843,22.546897571421685,42.389769541855415,22.501128483894416,42.50010420140083,22.9099389214664,43.518975660826584,14.33552038,67.00195075
2015-06-26,2015-07-11,2015-07-24,central_south,28.88697282,19.7950586,validation,27.27719626,24.93057302,28.067382423745673,40.26802928908019,28.078832461686748,22.019623877493977,27.87783214936105,37.54625543118544,28.06143234612831,33.874226919266704,21.95041503,113.07833814
2015-06-26,2015-07-11,2015-07-24,east_north,21.61662172,41.08248586,validation,20.79713301,51.60833385,21.990720538195035,45.89332979616103,22.205710072433735,43.770445521566266,21.861352825021584,47.079429954746075,21.674718506183797,45.5182607249256,16.61230692,22.95017178
2015-06-26,2015-07-11,2015-07-24,east_south,27.90263854,61.06887494,validation,26.40260368,71.89453628,27.06534170780388,67.91065278450043,27.371375540361445,66.96326241693976,27.149755339736124,70.0210544657342,27.310812881293007,67.49327225033139,23.62255335,27.1928905
2015-06-26,2015-07-11,2015-07-24,west_north,19.47960484,12.5658821,validation,20.78180263,18.62578984,20.176065437317327,10.25456136796151,21.317670137445784,11.094905945927703,20.3762026958131,11.81860937109234,20.71405862469528,9.010214326890974,11.44146248,43.80280155
2015-06-26,2015-07-11,2015-07-24,west_south,24.86871342,20.81680219,validation,25.88966263,21.49234826,26.34457831269193,13.796412791311296,26.338313838,19.753560819036146,26.17570957823237,17.41495592317987,26.39488850613568,23.493627191832726,16.19341183,14.37256748
2015-07-10,2015-07-25,2015-08-07,central_north,22.8663769,36.80693291,validation,23.00747285,49.08079133,22.87304688596791,37.48765555647427,23.538251821421685,38.22701942185542,22.979002341452762,39.35186183884488,23.200031593315142,38.61011599228897,18.51863009,49.41776554
2015-07-10,2015-07-25,2015-08-07,central_south,28.93617518,23.95815072,validation,26.83161693,35.13067543,28.17536554841096,39.61447281335899,27.633253131686747,32.21972628749397,27.831146326437423,40.18256258932324,27.67892469122809,36.64952846492385,24.57501662,44.14512179
2015-07-10,2015-07-25,2015-08-07,east_north,22.2058801,30.77339436,validation,22.20408849,47.2084251,21.93093855419734,44.955582035912286,23.612665552433736,39.370536771566265,22.470102314288898,45.01830591698956,22.789559025217212,42.516329137214555,17.79862497,66.79160659
2015-07-10,2015-07-25,2015-08-07,east_south,27.48178377,69.28455252,validation,26.3010243,56.84786034,27.163352790909066,68.79383607187086,27.269796160361448,51.916586476939756,27.200392990143463,67.01194301656004,27.061366617760715,63.591674292417395,24.47857647,58.98019001
2015-07-10,2015-07-25,2015-08-07,west_north,19.87841527,10.18519212,validation,20.18983928,20.67574655,20.55715833751297,8.920028265739633,20.725706787445784,13.144862655927703,20.402427882011924,11.885474389062267,20.222100635454968,11.59380533479698,16.86523799,18.90480526
2015-07-10,2015-07-25,2015-08-07,west_south,26.19508957,14.10569757,validation,25.09091222,24.16658258,26.60356760547596,15.758001315063431,25.539563428,22.427795139036146,26.058763806021197,20.14694966421392,26.183875608587407,28.523222086508465,22.17903554,8.53210564
2015-07-24,2015-08-08,2015-08-21,central_north,21.76799969,44.16706526,validation,20.3678201,45.96981097,22.127613487301222,34.759678158519385,20.898599071421685,35.11603906185542,21.510868524531382,37.25600201937952,21.707005047762046,39.283841417885256,20.53702667,68.17703125
2015-07-24,2015-08-08,2015-08-21,central_south,27.68104535,33.41077568,validation,26.098534,32.8334273,27.67969755708145,38.87782104957785,26.90017020168675,29.922478157493973,27.306459811743654,39.21281613605963,27.269951992050412,37.363337107659476,26.85327219,65.03544413
2015-07-24,2015-08-08,2015-08-21,east_north,22.02143921,42.80991877,validation,19.72675162,45.40423937,21.235637939528264,44.21820944666761,21.135328682433737,37.566351041566264,21.105867092225214,44.7062783651685,20.640425668557153,44.93848756775016,21.43984974,76.20779297
2015-07-24,2015-08-08,2015-08-21,east_south,26.71425026,59.01749091,validation,25.64022052,61.71150096,26.74554099460038,66.91615441880175,26.608992380361446,56.78022709693976,26.758580850283515,67.07639265194983,26.642798805512868,65.33236044984561,28.22904117,36.98987995
2015-07-24,2015-08-08,2015-08-21,west_north,20.06735852,7.2626719,validation,19.96625377,21.29450513,20.039435838368647,8.593137913068947,20.502121277445784,13.763621235927705,20.085303941266147,11.82430484127179,19.880616618824916,11.730665943185858,18.79989793,8.42994543
2015-07-24,2015-08-08,2015-08-21,west_south,26.68972756,15.62880701,validation,25.36040965,22.73713304,26.126688897769824,16.497284427542766,25.809060858000002,20.998345599036146,25.970050558396984,20.186018755195743,25.651349767421287,23.224138663555063,25.8472606,4.26907999
2015-08-07,2015-08-22,2015-09-04,central_north,21.05787096,19.9225755,validation,19.25520589,50.83438312,20.5967347906067,32.226404815090326,19.785984861421685,39.98061121185542,20.24395987806934,36.552154198464365,20.43161746063178,39.457235888105345,20.75826309,51.95548072
2015-08-07,2015-08-22,2015-09-04,central_south,26.40932097,17.56730513,validation,25.29290635,36.34173838,26.539004174838418,38.10595283762425,26.094542551686747,33.43078923749398,26.386455398764085,39.42848668081433,26.469794526313464,39.31277850854049,26.51742079,65.15877894
2015-08-07,2015-08-22,2015-09-04,east_north,20.8944493,17.56707327,validation,18.85814907,36.67248338,19.921568345317283,43.782612898805525,20.266726132433735,28.834595051566268,20.042516889230107,41.92622171649175,19.76692509988786,47.02948866920585,19.56400386,73.49582949
2015-08-07,2015-08-22,2015-09-04,east_south,26.07550793,56.98038033,validation,24.89258489,39.67807176,25.786052393998652,62.50678082883276,25.861356750361445,34.74679789693976,25.90602103835808,57.84056464923722,26.232914399193646,60.86560829763357,26.45388059,76.10931398
2015-08-07,2015-08-22,2015-09-04,west_north,18.72762767,8.3079054,validation,17.45795185,24.34461943,18.598671763065184,9.395759953860773,17.993819357445783,16.813735535927705,18.290576623793047,13.588594744060781,17.79564075286411,13.940293487001874,22.82637805,9.84787906
2015-08-07,2015-08-22,2015-09-04,west_south,25.3547598,18.03533145,validation,22.66510928,22.1520114,24.895306469122378,15.945734970367173,23.113760488,20.413223959036145,24.202193738127793,20.07609661999456,24.361651467342714,24.143789071722114,26.62625319,19.73851136
2015-08-21,2015-09-05,2015-09-18,central_north,19.80059699,31.88876429,validation,16.95933614,47.68777561,18.320741662682163,29.980150016513434,17.490115111421687,36.83400370185542,18.022030299864788,33.9678063441427,17.996266111032213,34.43810304645804,22.97069861,46.80918654
2015-08-21,2015-09-05,2015-09-18,central_south,25.74746077,26.95100445,validation,24.11323697,41.27199518,24.767793854249682,37.31550852880856,24.914873171686747,38.36104603749398,24.929656055290025,39.789772720377215,24.965510599871852,40.85931797145683,28.5880359,23.18602061
2015-08-21,2015-09-05,2015-09-18,east_north,20.17391848,41.77369641,validation,17.38504041,27.77702342,18.03240702504735,43.61809256534995,18.793617472433734,19.939135091566264,18.37452470855344,39.17157118900094,18.46260527042663,44.248564281606235,21.73693756,50.68510263
2015-08-21,2015-09-05,2015-09-18,east_south,24.01709795,52.75215062,validation,23.8488377,49.22848998,24.30102362490925,56.23970710815264,24.817609560361447,44.29721611693976,24.656464335759132,55.35074060788149,24.6523716333405,58.42991138360544,28.07143666,49.93770182
2015-08-21,2015-09-05,2015-09-18,west_north,15.29197272,17.51744729,validation,15.78521333,23.33079617,16.318381609576768,11.273340219894834,16.321080837445784,15.799912275927703,16.343148114368013,14.4372666283497,15.995628203362468,14.26895674674185,19.41512912,15.60582716
2015-08-21,2015-09-05,2015-09-18,west_south,23.85043215,9.27580936,validation,22.36791694,14.38982355,22.970996085159612,14.324201706471335,22.816568148,12.651036109036143,23.004729127440598,16.151989528920527,22.974257688761192,13.734214554703016,24.4107691,23.60207981
2015-09-04,2015-09-19,2015-10-02,central_north,17.01488303,22.59087274,validation,12.60056489,49.86335384,15.40219247390298,27.971193831534855,13.131343861421685,39.00958193185542,14.548249249745378,33.317215503043116,15.029570353554679,35.755479748874265,23.1476563,31.51601589
2015-09-04,2015-09-19,2015-10-02,central_south,23.53002561,20.18241853,validation,20.46408334,46.46562818,22.447302520134855,36.497281755962646,21.265719541686746,43.55467903749398,22.09243305433589,40.69609298793888,22.353059238544063,41.18007040745303,28.86943721,22.16651309
2015-09-04,2015-09-19,2015-10-02,east_north,16.14710667,64.86295428,validation,14.25351454,46.00808689,15.643559554354226,43.57632800638347,15.662091602433735,38.17019856156627,15.742080100456885,43.925937341311894,15.271694299638568,44.74594164345929,22.34838269,27.0049761
2015-09-04,2015-09-19,2015-10-02,east_south,23.19718539,79.56530235,validation,21.59902009,49.22390179,22.35658188069628,49.099383822377845,22.567791950361446,44.29262792693976,22.584717926192695,49.78822843946554,22.25216210565972,50.04195164165468,27.53103916,65.80229013
2015-09-04,2015-09-19,2015-10-02,west_north,15.80124326,3.77657582,validation,12.09000408,16.60559007,13.384922208916128,13.999921257621711,12.625871587445783,9.074706175927705,13.136762639002402,14.742215204774059,13.111377469977416,14.669839515012004,20.00534224,10.46921516
2015-09-04,2015-09-19,2015-10-02,west_south,23.2987634,10.24171467,validation,20.20373441,15.73665346,20.494153374554106,12.08714931100203,20.652385618,13.997866019036143,20.691506586278404,14.480312510463051,20.754334697121003,11.34921956093999,26.04121969,13.94716423
2015-09-18,2015-10-03,2015-10-16,central_north,13.20254307,9.24317645,validation,12.88373154,34.65771692,12.006511410247619,26.05147240754951,13.414510511421685,23.803945011855415,12.67833318262953,26.39549089227499,12.462616886488483,26.088592859511312,22.2000914,50.4057628
2015-09-18,2015-10-03,2015-10-16,central_south,20.8049396,17.33497151,validation,19.25961837,38.3570354,19.725584198073975,35.62922891261475,20.061254571686746,35.446086257493974,19.988285387886027,37.02655144063225,19.697047580364814,38.21675944480373,28.36439209,27.51429034
2015-09-18,2015-10-03,2015-10-16,east_north,12.55048061,29.24522699,validation,12.19277477,37.08128267,12.865463142975967,43.43585295818512,13.601351832433735,29.243394341566265,13.249026074895053,40.847821707067396,13.036417827006659,40.493956071665764,21.73395396,33.64973578
2015-09-18,2015-10-03,2015-10-16,east_south,20.05650122,89.74437451,validation,19.6339492,58.05401621,20.06948665262669,42.182192988793524,20.602721060361446,53.12274234693976,20.41519676494974,46.412826198101484,19.610737116422968,44.5954403701073,26.65561513,63.74014721
2015-09-18,2015-10-03,2015-10-16,west_north,13.56089694,11.416582,validation,10.40265744,30.58546535,10.064279979118016,17.217941439183644,10.938524947445783,23.054581455927703,10.551523283346707,20.011324279425057,10.366502593318298,19.594631733699938,19.9298332,8.82453723
2015-09-18,2015-10-03,2015-10-16,west_south,20.04179445,15.59187726,validation,17.3772341,21.22093309,17.6692181155707,9.814306062784135,17.825885308,19.482145649036145,17.871817922327267,13.86459253499497,17.938454569293974,12.437720442163698,26.70002984,16.36034648
2015-10-02,2015-10-17,2015-10-30,central_north,10.06913912,31.15663681,validation,8.1409071,40.94841327,8.353132486709498,24.043207503327753,8.671686071421686,30.09464136185542,8.56526488166443,26.553919335648633,8.703594049553661,26.405734958981366,20.26050145,19.90055109
2015-10-02,2015-10-17,2015-10-30,central_south,18.02086596,85.81019524,validation,15.69987843,42.22477725,16.805754581421276,34.69350585489367,16.501514631686746,39.313828107493975,16.7746454956366,37.08528366550378,16.932554059253217,38.65488319834921,26.0420815,28.56317191
2015-10-02,2015-10-17,2015-10-30,east_north,8.96136087,45.30688776,validation,8.77539466,42.25673879,9.843459646652516,42.965785097625776,10.183971722433736,34.418850461566265,10.04224607084874,41.53608684576868,9.609373426385162,38.46318955028242,20.65298638,26.32526272
2015-10-02,2015-10-17,2015-10-30,east_south,17.86954517,24.43161118,validation,17.12481873,38.53054024,17.599361507788117,36.47745906487434,18.093590590361448,33.59926637693976,17.833435133378845,36.47206610143779,17.299817344606744,33.940448946755026,26.08572168,64.99115761
2015-10-02,2015-10-17,2015-10-30,west_north,8.95615111,21.21169283,validation,6.2685317,21.04086698,6.664721827918873,20.504426648314663,6.804399207445783,13.509983085927704,6.820515501137548,19.770496468137626,7.056102198804041,15.71859994685067,19.26557389,6.88488664
2015-10-02,2015-10-17,2015-10-30,west_south,16.18507155,22.43839644,validation,15.17344455,11.49371729,14.73888553796961,8.074660891739697,15.622095758,9.754929849036143,15.192957446778951,9.291053736799036,15.249462675593538,7.060607011051845,25.8555435,16.69137922
2015-10-16,2015-10-31,2015-11-13,central_north,8.36188439,23.91827288,validation,5.82887448,43.40785214,4.697502786995916,21.814840951401532,6.3596534514216865,32.55408023185542,5.441690227187315,24.699713877622067,5.772906722635766,25.408418904952132,20.69396279,28.08838739
2015-10-16,2015-10-31,2015-11-13,central_south,16.21476928,67.0025117,validation,14.78063126,52.72092426,13.923796686709588,33.69296105680513,15.582267461686747,49.80997511749398,14.679841667926414,37.95255881776126,14.789244622517046,39.84019699358464,25.87939681,28.40856842
2015-10-16,2015-10-31,2015-11-13,east_north,10.22360212,28.3798446,validation,7.16986549,67.42810131,6.7528238375113085,41.99353870440298,8.578442552433737,59.59021298156627,7.571490727004424,46.49144934120987,7.387673402798317,47.62067231565865,20.5621286,46.24331039
2015-10-16,2015-10-31,2015-11-13,east_south,19.02218033,90.1087501,validation,15.95405753,45.56243112,15.133198350344092,32.67607092810171,16.922829390361446,40.63115725693976,15.848615767083949,34.48877385961576,15.56150510078298,33.91953704219172,24.58553941,50.48554408
2015-10-16,2015-10-31,2015-11-13,west_north,3.93305087,35.78606255,validation,2.72746988,41.73440911,3.4924699513854405,23.449387819712108,3.263337387445784,34.203525215927705,3.4979572568681174,27.06727305390793,4.1511578663778925,24.98586452991334,15.79031556,12.93838976
2015-10-16,2015-10-31,2015-11-13,west_south,10.75872476,11.08889072,validation,11.21051754,13.35735714,11.951976328746074,7.293994346646894,11.659168748,11.618569699036144,11.86170277264829,9.034632268732684,12.032693804878008,8.783971458559918,24.02198696,11.02944699
2015-10-30,2015-11-14,2015-11-27,central_north,3.12820271,44.8967111,validation,2.34968107,38.29752283,1.3061967298688706,19.344946274409995,2.8804600414216868,27.443750921855415,1.9632190007147234,21.09490258677069,2.425756490758752,21.518157868062744,17.82484928,28.42829287
2015-10-30,2015-11-14,2015-11-27,central_south,12.46089959,52.96300719,validation,10.68898285,56.17440576,11.319592261045337,32.6626143527486,11.490619051686748,53.26345661749397,11.399799537227757,38.01396760755706,11.621096768326606,42.26480769540751,24.32810724,19.24297624
2015-10-30,2015-11-14,2015-11-27,east_north,5.67578632,21.8485219,validation,4.85712139,65.51290416,3.788456130209246,40.46023556637278,6.265698452433735,57.67501583156627,4.825787382582705,44.125342250543525,4.962501310557634,47.6283461054428,17.46549704,50.21009448
2015-10-30,2015-11-14,2015-11-27,east_south,14.03909063,44.07436618,validation,14.11214131,53.55688913,12.864458112517568,31.04831679643727,15.080913170361445,48.62561526693976,13.702121252561682,34.63867452677384,14.001746604362172,38.30981773938605,23.63335263,64.52564556
2015-10-30,2015-11-14,2015-11-27,west_north,0.0681071,26.61415177,validation,-0.5927097,34.86858291,0.8089965749086174,25.729614693435213,-0.05684219255421652,27.337699015927704,0.4881275313155204,26.60259467525105,0.7539505180725738,25.799021057075823,15.37430757,7.76232565
2015-10-30,2015-11-14,2015-11-27,west_south,9.19948299,10.37967593,validation,7.48430985,14.88314679,9.530943599405859,7.656260939486627,7.932961058,13.144359349036144,8.83649127770165,9.536220140837758,8.589850691116862,6.405492156277573,23.15325347,10.27494266
2015-11-13,2015-11-28,2015-12-11,central_north,2.23888643,17.18907956,validation,-0.26068002,11.98239287,-1.571114568571434,16.757612493017884,0.2700989514216867,1.1286209618554164,-0.8827563154813576,11.673705351330227,-0.7396225230924003,7.799973330436863,13.71468064,9.4251685
2015-11-13,2015-11-28,2015-12-11,central_south,10.777052,41.25614861,validation,6.87807253,32.67996379,9.206343466088194,31.672809129505346,7.679708731686747,29.76901464749398,8.483429632157776,31.043116197947416,7.975515949587453,29.851888408069637,20.82668128,18.23069599
2015-11-13,2015-11-28,2015-12-11,east_north,4.42251116,29.4190418,validation,1.68287875,32.76271752,1.149877925953982,38.45027322224351,3.091455812433736,24.924829191566268,1.8657923087439636,33.653756706285705,1.814892254415423,28.63899339723847,12.75426877,42.20355252
2015-11-13,2015-11-28,2015-12-11,east_south,14.25638257,38.73030359,validation,11.62003787,58.09632158,10.970273880927458,31.41670873497853,12.588809730361445,53.16504771693976,11.513604512412954,35.70562969345244,12.057337263680125,40.093010776689454,20.26737344,111.62208718
2015-11-13,2015-11-28,2015-12-11,west_north,-0.62732615,40.06450799,validation,-1.2323692,29.02823026,-1.2019006047050713,27.162198972250458,-0.6965016925542165,21.497346365927704,-1.0051514307756293,25.100768211602986,-1.030958721667715,27.91792293495003,13.87405835,13.29832176
2015-11-13,2015-11-28,2015-12-11,west_south,7.27498456,1.65889591,validation,5.81476412,11.7476209,7.645018180028968,9.061364150399775,6.263415328000001,10.008833459036143,6.986013949383505,9.081813034987018,6.6049616382703435,4.508862872055975,20.3146633,13.51741787
2015-11-27,2015-12-12,2015-12-25,central_north,0.13121534,40.84512496,validation,-0.47670119,26.44043105,-3.728343736470916,14.31948708265871,0.05407778142168673,15.586659141855417,-2.213358739891542,12.623887338206302,-1.6134243222350326,14.265923910492358,10.59460011,28.12472339
2015-11-27,2015-12-12,2015-12-25,central_south,12.10461393,54.76415888,validation,7.74799272,52.12471968,7.743957381748956,30.822678682585877,8.549628921686747,49.21377053749397,8.00513590633336,34.26179182154917,8.05910945559965,37.24890011933094,18.65891226,83.4480396
2015-11-27,2015-12-12,2015-12-25,east_north,7.19402997,50.38824052,validation,1.24557697,47.26199184,-0.9767499639569159,36.18738855099061,2.654154032433736,39.424103511566265,0.46007322657674066,34.82168673592878,0.6895548022628939,34.97647183773947,9.05936404,22.82437112
2015-11-27,2015-12-12,2015-12-25,east_south,16.23795284,79.08606967,validation,11.2427548,72.62345529,9.590718836789176,33.22799910519725,12.211526660361445,67.69218142693975,10.5580081936668,40.02056033884098,11.118881971590017,50.13934478699181,17.90403001,19.01202372
2015-11-27,2015-12-12,2015-12-25,west_north,-2.73824181,59.37254417,validation,-2.32855492,33.42533796,-2.451283989560998,27.72676308150044,-1.7926874125542167,25.894454065927704,-2.2117367887506116,26.06165561003672,-2.3746189617799,30.614898822152522,9.77309098,17.60834901
2015-11-27,2015-12-12,2015-12-25,west_south,4.88772914,17.27127124,validation,5.53063318,18.53427368,6.393731427765741,11.148953910386192,5.979284388,16.795486239036144,6.1271092310982675,11.54688416447603,6.131316045929306,10.737412165991728,17.1222262,20.98352935
2015-12-11,2015-12-26,2016-01-08,central_north,-4.24977757,32.73689207,validation,-3.59767734,27.37864915,-5.038336201697662,12.37132757560104,-3.0668983685783133,16.524877241855418,-4.263675712692692,11.601491325859097,-3.953550590383885,15.703405467901451,8.49537918,18.90142329
2015-12-11,2015-12-26,2016-01-08,central_south,7.11995351,67.81132908,validation,6.69093808,55.12168134,7.015361356116382,30.21738883219301,7.492574281686747,52.21073219749398,7.14775973664223,34.21714058650271,7.0614844295998624,38.37822572363325,16.75481494,67.6754563
2015-12-11,2015-12-26,2016-01-08,east_north,0.35260426,36.59194074,validation,-0.52148317,53.39460899,-2.4557891507177843,33.96210297103518,0.8870938924337359,45.55672066156627,-1.1083774482599444,34.502521388870406,-1.0011554913379497,36.57924593138043,10.24149337,46.64133727
2015-12-11,2015-12-26,2016-01-08,east_south,13.72348725,53.41167659,validation,10.92511427,73.39535476,8.805834852050126,35.75008566410396,11.893886130361444,68.46408089693976,9.984237925721931,41.468337167342426,10.397582245918873,50.875497839901854,19.27901235,95.12032312
2015-12-11,2015-12-26,2016-01-08,west_north,-6.83951215,15.39288891,validation,-3.94753458,31.87855901,-2.9462951422450847,27.54421520225046,-3.4116670725542164,24.347675115927704,-3.182192917497739,25.35020214358611,-3.1607800112598965,28.189270754374174,4.61266537,37.11613299
2015-12-11,2015-12-26,2016-01-08,west_south,3.32801498,33.48357332,validation,4.5163874,30.31126554,5.7987419782518,13.419228514221812,4.965038608,28.572478099036147,5.385887236823819,15.973920447082204,5.430085692509158,18.251647567894597,11.53190011,14.59198892
2015-12-25,2016-01-09,2016-01-22,central_north,-8.34996112,9.00758278,validation,-2.60164305,25.01568941,-5.391350192963143,11.379788084983478,-2.070864078578313,14.161917501855417,-4.013165935008714,9.465426815082058,-3.7732499697631194,13.42740703990799,3.96040111,41.67356569
2015-12-25,2016-01-09,2016-01-22,central_south,5.7377517,26.48870554,validation,7.22893557,47.71998234,7.056361861539897,29.984054878844855,8.030571771686747,44.809033197493974,7.4174398719961525,31.52666507992092,7.370775729310179,32.98739314643359,12.16337207,43.97794209
2015-12-25,2016-01-09,2016-01-22,east_north,-3.88924463,36.40676939,validation,-1.03669456,53.0037641,-3.1293900660627827,32.21973250703727,0.371882502433736,45.16587577156626,-1.6662764252592686,32.76153374641139,-1.7232041256582735,32.89353192930935,5.61221916,26.77956213
2015-12-25,2016-01-09,2016-01-22,east_south,6.98223554,47.31740731,validation,10.01763317,86.77539096,8.671077176013162,38.08533314116145,10.986405030361444,81.84411709693975,9.5969411858641,46.62214857845386,9.798181724902072,64.30877403282469,14.07011204,44.00632853
2015-12-25,2016-01-09,2016-01-22,west_north,-2.25915644,40.88740891,validation,-2.13158239,45.95399209,-2.752639532377839,26.85912240648868,-1.5957148825542167,38.4231081959277,-2.2556811609731917,27.617882663844487,-2.4587810884044954,28.876984693700006,1.35692593,26.97991407
2015-12-25,2016-01-09,2016-01-22,west_south,5.47014433,7.08433431,validation,5.44283573,42.26782146,5.8411461376104326,15.200204830495265,5.891486938,40.529034019036146,5.859931129010429,19.77809767111054,5.714499689344921,27.061654167107033,9.46556545,8.503249
2016-01-08,2016-01-23,2016-02-05,central_north,-1.15013347,14.17508707,validation,-3.7154971,24.98050935,-4.831982876166315,11.6394767154611,-3.184718128578313,14.126737441855415,-4.091807481349729,9.924331677997381,-4.339727990013653,13.028593020222718,1.20307351,27.1516931
2016-01-08,2016-01-23,2016-02-05,central_south,8.9110457,21.98501176,validation,6.51997935,51.37718007,7.787329944323211,30.184726368290313,7.321615551686747,48.46623092749398,7.609631417297002,32.816711998719484,7.650529023316716,31.101519705324275,10.52130712,52.25012832
2016-01-08,2016-01-23,2016-02-05,east_north,0.46642859,36.67049894,validation,-4.46010594,44.28896855,-2.9826380790093223,31.24732603817069,-3.0515288775662643,36.451080221566265,-2.9590466817465897,30.68157094838467,-3.0029471670280947,30.4098769580154,4.49831208,30.15565401
2016-01-08,2016-01-23,2016-02-05,east_south,10.35752204,87.22414024,validation,8.32586001,54.55374924,9.138475139016952,39.64751075860894,9.294631870361444,49.62247537693976,9.171157237207495,39.708811757350716,9.275701586477744,35.926471171204895,14.37440586,39.12213685
2016-01-08,2016-01-23,2016-02-05,west_north,-2.03493413,33.21292583,validation,-0.7284747,30.98403846,-2.013017676203089,25.94937159598207,-0.19260719255421654,23.453154565927704,-1.2116459320420219,22.47642343611624,-1.7232853782400666,24.318027226893413,-1.88508656,31.02660006
2016-01-08,2016-01-23,2016-02-05,west_south,5.89347769,12.03008537,validation,6.41696512,42.71358821,6.420653703999444,16.034759121292673,6.865616328000001,40.97480076903614,6.66896913745934,20.123508510225612,6.381582420217899,26.046476575894754,6.79159801,2.74060552
2016-01-22,2016-02-06,2016-02-19,central_north,-1.79639012,6.71513025,validation,0.9421269,25.4850938,-3.4440163119898477,13.340557785443618,1.4729058714216867,14.631321891855418,-1.266106185870287,10.09843329134518,-0.18945862560745785,12.2912246203074,1.22225056,35.15432401
2016-01-22,2016-02-06,2016-02-19,central_south,10.40590619,12.24926695,validation,10.28116209,44.91999846,9.093524406273644,30.846007514047493,11.082798291686748,42.009049317493975,9.999234858701332,30.650245922991783,9.835769942143873,31.808302970577746,12.26820161,42.39443356
2016-01-22,2016-02-06,2016-02-19,east_north,-4.87491256,35.64345586,validation,0.59224921,72.01966135,-2.03285079480068,31.263466495808178,2.000826272433736,64.18177302156627,-0.1660036483794588,36.60106516624444,0.1284861663037965,33.93491489950239,6.91965985,34.71308237
2016-01-22,2016-02-06,2016-02-19,east_south,6.90151287,32.91420614,validation,11.80483111,74.88092447,10.131906224407812,40.132563968332676,12.773602970361445,69.94965060693976,11.317727970238014,44.53315253195193,11.521605968742243,47.77877689380871,15.35668875,50.90689909
2016-01-22,2016-02-06,2016-02-19,west_north,2.6512492,19.92327401,validation,0.64276078,47.18231193,-0.8672502253205516,25.06010498040965,1.1786282874457834,39.6514280359277,0.12533992503304325,25.889635138545135,-0.23716377926184995,24.71376588853885,-1.52658686,64.12707115
2016-01-22,2016-02-06,2016-02-19,west_south,11.62313194,3.26316606,validation,8.57125708,14.64897664,7.430998586415467,15.634776832223078,9.019908288000002,12.910189199036145,8.180204892524642,11.919750033993637,8.086325601010778,13.405723969500276,5.54158938,15.74246573
2016-02-05,2016-02-20,2016-03-04,central_north,1.88934178,10.16155021,validation,0.72029593,19.05751273,-1.3639392201631786,16.472258408286063,1.2510749014216866,8.203740821855416,-0.10330109500003948,11.399818314000456,0.29521455765707083,10.734323759006394,-4.3120656,36.28017662
2016-02-05,2016-02-20,2016-03-04,central_south,12.69042865,37.82117929,validation,9.03543235,54.86277074,10.829266443674447,31.936001772543996,9.837068551686748,51.951821597493975,10.56674258862531,35.03274534914756,10.619935001379897,30.597668366273208,7.92259869,73.92127867
2016-02-05,2016-02-20,2016-03-04,east_north,1.80792899,50.28100021,validation,-1.03226294,40.64014526,-0.357914789634977,32.32909175232638,0.37631412243373585,32.80225693156626,0.13448188728725397,30.148409204074813,-0.15129995257511075,27.644480064359424,1.89695465,52.64017535
2016-02-05,2016-02-20,2016-03-04,east_south,12.42220276,42.56792335,validation,10.05582248,79.53662965,11.543917125939892,39.62448225898363,11.024594340361444,74.60535578693975,11.481355940849081,46.435102580749785,11.998990346069242,53.042498537517105,15.23401748,77.57405719
2016-02-05,2016-02-20,2016-03-04,west_north,3.98086121,13.1265514,validation,2.39144127,31.16178793,0.5630600250848113,24.348444674253315,2.9273087774457833,23.630904035927703,1.7251026847421764,21.048926940344074,1.5331729463382644,19.90024576258737,-7.35847484,17.03413182
2016-02-05,2016-02-20,2016-03-04,west_south,12.54621456,0.29821373,validation,9.27631873,36.07815504,8.76681777426436,13.991534480113607,9.724969938000001,34.339367599036144,9.35593996399679,16.609992383116253,8.971364572119938,18.648541160736986,3.51296024,20.64887963
2016-02-19,2016-03-05,2016-03-18,central_north,7.74775408,22.82882074,validation,3.48570591,39.99675509,1.23975939684245,20.803596963002132,4.016484881421687,29.142983181855417,2.6384634924723267,20.14870404502577,3.437543306109175,20.711881252534837,-7.71544912,12.07729785
2016-02-19,2016-03-05,2016-03-18,central_south,16.71400744,79.85434602,validation,11.45099851,70.03191125,12.842341956410758,33.364725084320106,12.252634711686747,67.12096210749397,12.816609945090175,40.10779994585289,12.700926022412226,37.17206290642939,6.28826413,19.69077189
2016-02-19,2016-03-05,2016-03-18,east_north,7.88425724,29.77860791,validation,2.05648955,64.02910883,1.9134582009148184,34.329897901456825,3.465066612433736,56.191220501566264,2.8254586807271935,37.650091521643716,3.2761539182727892,31.85417881152127,-2.92376964,35.71188022
2016-02-19,2016-03-05,2016-03-18,east_south,18.22975999,11.14002171,validation,13.04855783,88.47501773,13.25332923301493,38.56496664560284,14.017329690361445,83.54374386693976,13.786344934916379,47.77289316862799,14.207001018501472,56.76255556161533,7.64870745,43.73241591
2016-02-19,2016-03-05,2016-03-18,west_north,4.54208028,48.52247164,validation,2.60332532,43.07920093,2.194169224504041,23.850349138297542,3.1391928274457834,35.5483170359277,2.829869054323402,24.47450012867684,2.69793800035831,20.71968001322049,-2.62456527,40.77740362
2016-02-19,2016-03-05,2016-03-18,west_south,12.16597777,14.93800774,validation,8.92227845,30.50294066,10.340438316688019,11.383442382817522,9.370929658000001,28.764153219036146,10.154152256946006,14.010774514526727,10.515307087511538,15.316831706123416,5.09464291,22.26935314
2016-03-04,2016-03-19,2016-04-01,central_north,4.89358889,28.31442005,validation,5.53289941,36.92273466,4.187334501308055,25.90814178761453,6.063678381421687,26.06896275185542,5.200210515768236,23.5753107851079,5.602682238826422,24.184464896388988,-1.2705566,14.45258648
2016-03-04,2016-03-19,2016-04-01,central_south,14.10870764,37.98232721,validation,13.67905363,61.74528506,14.994625878345541,34.99545920872223,14.480689831686748,58.83433591749397,14.99480041994116,39.377504429062455,14.946927156963778,32.29540248315202,9.1047205,32.70689032
2016-03-04,2016-03-19,2016-04-01,east_north,6.56699053,33.07037073,validation,5.1884293,51.14912829,4.616449453181188,36.99495080123035,6.597006362433736,43.311239961566265,5.681112893747002,36.27673559673892,6.1041449655780555,34.31859262019415,-0.6416777,24.34965409
2016-03-04,2016-03-19,2016-04-01,east_south,16.73125226,49.52210147,validation,14.00094669,57.40130308,15.141261412746278,37.63409269228703,14.969718550361444,52.47002921693976,15.23564948465836,39.474974881214294,15.138779556069888,37.06962353152261,9.91414498,49.0277247
2016-03-04,2016-03-19,2016-04-01,west_north,4.61681198,25.10790061,validation,5.28590608,34.94655912,3.985295272812889,23.479702896750066,5.821773587445784,27.415675225927707,4.9930636655343905,22.087819192043845,4.833359706937065,22.26618012905116,-1.55220973,34.51295121
2016-03-04,2016-03-19,2016-04-01,west_south,12.0813413,0.77273225,validation,11.37980313,25.95181328,12.089342250063488,8.318203305068863,11.828454338000002,24.213025839036145,12.198326189674987,10.630493509255981,12.048926389530394,9.250994905260391,6.43005459,12.07564514
2016-03-18,2016-04-02,2016-04-15,central_north,7.30442965,13.97037719,validation,7.25055848,40.98133792,7.304862321712561,31.22877089780226,7.781337451421686,30.127566011855418,7.69659240603457,29.315985725627737,7.615625909489942,29.294504365328866,-3.45214431,6.55966218
2016-03-18,2016-04-02,2016-04-15,central_south,16.54499587,35.64086947,validation,15.83072088,59.01431005,17.175044140215505,36.664988211095114,16.632357081686745,56.10336090749398,17.131825092466737,40.30687370344694,17.108304603364342,31.80826522841924,8.69409707,14.58528916
2016-03-18,2016-04-02,2016-04-15,east_north,3.96363949,38.31323504,validation,5.39186178,53.42852357,7.567317620520791,39.94769773356272,6.800438842433736,45.59063524156627,7.441344927346352,40.2432960963193,7.9729695005503105,39.07270756194126,-4.43728862,48.43666421
2016-03-18,2016-04-02,2016-04-15,east_south,15.5129153,39.46614141,validation,15.56458461,52.67339096,17.10259078336359,37.570212151727404,16.533356470361447,47.74211709693976,16.99671106658757,38.7380765558199,17.125204212641528,36.81660174740561,6.91632497,78.89950427
2016-03-18,2016-04-02,2016-04-15,west_north,9.28323258,17.15810621,validation,8.27150492,38.60976775,5.928826619496633,23.05942688134684,8.807372427445783,31.078883855927707,7.353620682659682,22.844128646038655,7.210535617828662,24.837011820483834,1.53584238,15.69213017
2016-03-18,2016-04-02,2016-04-15,west_south,14.92999505,13.50467684,validation,14.76520043,19.18489754,13.973331481634492,5.42223121891573,15.213851638000001,17.446110099036147,14.667124267987596,6.6464082599655345,14.101208232260898,5.7525632730241085,10.21747181,0.10730786
2016-04-01,2016-04-16,2016-04-29,central_north,11.16186047,60.61651605,validation,11.55413166,58.02422017,10.435139873991224,36.16955918488542,12.084910631421685,47.17044826185541,11.271992763049827,37.47338273717291,11.220402714539318,36.73868945509939,2.6468097,9.96301224
2016-04-01,2016-04-16,2016-04-29,central_south,19.88145098,58.72676105,validation,19.27752285,55.53391899,19.302989770948898,38.20874081099418,20.079159051686748,52.62296984749398,19.747424104009603,40.61440358210757,19.41239819606055,33.351337726947165,13.14032772,33.97653136
2016-04-01,2016-04-16,2016-04-29,east_north,11.57211633,20.70762967,validation,10.36864439,49.38202212,10.58031184690945,42.77838519138307,11.777221452433736,41.54413379156627,11.189302997381699,41.0156645171477,11.124399709799505,41.767142929295346,2.08365496,47.80342498
2016-04-01,2016-04-16,2016-04-29,east_south,20.21275437,22.45723754,validation,18.66172095,46.13796276,19.05114347034241,38.97153944409,19.630492810361446,41.20668889693976,19.36084728645341,38.213959652568576,19.20174763647277,35.417258793933726,12.38645965,33.18487972
2016-04-01,2016-04-16,2016-04-29,west_north,8.69352919,27.7176057,validation,8.62232445,34.2884889,8.02896604712549,22.37686525267158,9.158191957445784,26.7576050059277,8.64984712804063,22.263595780393327,8.057070089108649,23.493973727557762,3.67955387,18.78070595
2016-04-01,2016-04-16,2016-04-29,west_south,15.08043837,5.02756448,validation,15.60083285,9.0027726,15.963022664248445,3.302208397028317,16.049484058,7.263985159036144,16.09037981773658,3.2709906594018765,15.412454065498654,4.512783169438322,12.36970528,3.44616281
2016-04-15,2016-04-30,2016-05-13,central_north,12.80673328,40.25035806,validation,13.9900476,53.16948314,13.441581834440242,40.19589717330719,14.520826571421686,42.31571123185542,13.931887101716502,39.794321937889464,13.382578490651614,40.623256027109406,7.66095091,20.65474347
2016-04-15,2016-04-30,2016-05-13,central_south,20.18770074,43.34800844,validation,19.79132744,45.78658403,21.322677607496242,39.48580979353765,20.592963641686747,42.87563488749397,21.040407974480004,40.047195861350104,21.093408645892136,41.66599490870999,16.42835783,80.27620681
2016-04-15,2016-04-30,2016-05-13,east_north,12.25092567,52.34012969,validation,13.23202367,51.40308317,13.48190212961011,45.12216931539659,14.640600732433736,43.56519484156627,13.977643575093055,43.74716712410904,13.605713606595021,45.81633865629367,6.313703,29.08051257
2016-04-15,2016-04-30,2016-05-13,east_south,21.27893612,49.7021888,validation,19.75449427,33.63903121,20.91851535873495,42.12632875296472,20.723266130361445,28.707757346939758,20.812557256126855,38.10502969846188,20.920169818913596,36.82866062007905,17.00608323,16.82976274
2016-04-15,2016-04-30,2016-05-13,west_north,11.37878879,22.75761929,validation,11.22197695,31.56448531,10.275002045244495,21.249973687021207,11.757844457445783,24.033601415927702,10.946625748287964,21.130793426880697,10.249655500243016,22.523131625254376,5.09300746,49.23991534
2016-04-15,2016-04-30,2016-05-13,west_south,16.8449413,9.20112422,validation,18.0880985,7.66149691,18.02348233973781,2.4100482383202513,18.536749708000002,5.922709469036144,18.240744230162942,2.6836016046495246,17.643283276603913,4.998024021643662,12.20070146,14.95642652
2016-04-29,2016-05-14,2016-05-27,central_north,14.70934881,37.98728784,validation,15.03501929,60.5967054,16.206068012393008,42.922106777518195,15.565798261421685,49.74293349185541,15.886040887408765,44.81440155144992,15.435949265688727,46.10031821706208,4.49861224,20.1664067
2016-04-29,2016-05-14,2016-05-27,central_south,21.45140371,57.90447403,validation,21.95877184,36.94175008,23.191106962205524,40.39887256155319,22.76040804168675,34.03080093749398,22.934337621089718,38.90177719436373,22.976877865944562,44.88477823406048,14.06129278,22.50034926
2016-04-29,2016-05-14,2016-05-27,east_north,14.54235697,30.21927162,validation,15.06108105,60.76678921,16.120707178284693,46.72601758643349,16.469658112433738,52.928900881566264,16.190719959677324,48.17026343712402,15.555131183190412,49.40288445213602,5.60938619,30.1942677
2016-04-29,2016-05-14,2016-05-27,east_south,21.32854298,53.24276576,validation,21.25251417,47.54448838,22.64799121781344,46.912231822990265,22.221286030361448,42.613214516939756,22.402107098292333,46.05196554390207,22.104119909025297,45.676989741673026,16.34509137,41.77693822
2016-04-29,2016-05-14,2016-05-27,west_north,11.45064756,26.58038571,validation,11.3507304,39.11236187,12.616777863007982,19.588219939062327,11.886597907445783,31.581477975927704,12.270889830972312,23.13968878763772,12.279046480895605,22.449632243721418,4.13354351,24.43098964
2016-04-29,2016-05-14,2016-05-27,west_south,18.16604515,5.18720534,validation,18.51725623,6.43482419,20.098056981158447,2.941818808154511,18.965907438000002,4.696036749036144,19.53366873519965,3.8633124462005366,19.4914781999141,7.214992721413296,12.67125269,0.64904779
2016-05-13,2016-05-28,2016-06-10,central_north,19.25356689,35.28947771,validation,18.37617209,74.25317265,18.623149650898625,44.16858100206681,18.906951061421687,63.399400741855416,18.623861670762228,49.54850415361588,18.30377096515137,51.72217133585393,6.07802312,24.32140324
2016-05-13,2016-05-28,2016-06-10,central_south,24.37541437,65.94708583,validation,25.36090862,35.27852678,24.8637991034102,40.90518069387294,26.162544821686748,32.36757763749398,25.25634309017685,38.88828966197026,25.484960571189003,42.173504724221246,16.20127522,48.12351805
2016-05-13,2016-05-28,2016-06-10,east_north,19.41043124,42.14970259,validation,19.01546201,62.80516993,18.3725669312722,47.49010815445106,20.424039072433736,54.96728160156626,19.07144999550649,49.247355030393436,18.22148273499944,48.69898585379107,4.74465401,44.77816911
2016-05-13,2016-05-28,2016-06-10,east_south,25.24649197,83.22914779,validation,24.17853082,62.40390881,24.18619552030284,52.78976182160546,25.147302680361445,57.472634946939756,24.496269888581846,54.537871332858785,24.363681803370078,57.288457102370714,16.22193831,45.46861022
2016-05-13,2016-05-28,2016-06-10,west_north,17.55922995,5.10923431,validation,13.76385804,30.04946965,14.949497272155053,17.433213899130436,14.299725547445783,22.518585755927703,14.522459486799995,19.61716683121419,14.42861729265432,19.847993023876516,9.21797804,11.28917267
2016-05-13,2016-05-28,2016-06-10,west_south,24.00720229,1.79552798,validation,21.55604041,1.28437917,22.097469866798765,4.793526565702579,22.004691618000003,0.0,21.8818274153393,4.101127335717608,22.261739081300522,5.089750988932257,14.15969181,13.52631569
2016-05-27,2016-06-11,2016-06-24,central_north,22.98867408,40.1284576,validation,19.60757119,62.26649991,20.593819005602874,43.977212594764815,20.138350161421688,51.41272800185541,20.201644531040383,46.9527000354346,20.420049670846538,49.74870356838127,11.95344864,51.58052393
2016-05-27,2016-06-11,2016-06-24,central_south,27.88019569,30.32567964,validation,25.68088931,51.055315,26.28294328591514,41.01676174577308,26.48252551168675,48.14436585749398,26.198947162865252,44.06135607098523,26.397354761057148,47.816790105469494,19.4675361,59.67906025
2016-05-27,2016-06-11,2016-06-24,east_north,19.98600422,35.58092045,validation,19.5842814,60.56211617,20.141301110931206,47.475239925311186,20.992858462433734,52.72422784156627,20.27844106079774,49.53919828967719,19.796786426806477,47.911424712890536,11.44237272,14.83496202
2016-05-27,2016-06-11,2016-06-24,east_south,26.6670876,32.23634371,validation,24.72793737,75.37765403,25.475601851973003,58.8933350608981,25.696709230361446,70.44638016693976,25.475835905429808,63.335044419068055,25.815908364893062,67.81804273959001,19.18305566,21.72722487
2016-05-27,2016-06-11,2016-06-24,west_north,16.59788566,14.27141481,validation,16.37915559,17.05530431,17.112860582575696,14.968665174697056,16.915023097445783,9.524420415927704,16.77746830072969,14.64946519146913,16.851959215328712,15.495540831868336,8.60420234,30.9190043
2016-05-27,2016-06-11,2016-06-24,west_south,25.31665827,1.84389644,validation,24.37885449,2.64091216,23.898039475257274,7.583799058684184,24.827505698,0.9021247190361443,24.064686705098367,6.713278160136841,24.82960512897999,6.108248659478981,15.34315692,3.61775168
2016-06-10,2016-06-25,2016-07-08,central_north,21.6002763,56.09333847,validation,22.3553324,45.58946551,22.022004794444065,42.58306934128646,22.886111371421688,34.73569360185542,22.129150837983758,41.51396120800696,22.438507965237562,39.43205404450609,12.28270758,44.44938414
2016-06-10,2016-06-25,2016-07-08,central_south,28.45054501,31.01829619,validation,26.6695854,30.68969247,27.371917358356857,40.79033725094214,27.471221601686747,27.778743327493977,27.199444162128525,39.025599382768334,27.431585950629987,37.23889951563079,20.00553525,43.63386974
2016-06-10,2016-06-25,2016-07-08,east_north,21.43372872,37.62351365,validation,20.68680193,48.77179122,21.356568341587355,46.87545064278463,22.095378992433737,40.93390289156626,21.41080244385795,46.478025339196364,21.33525879991752,45.900186072498926,11.23521732,52.2905682
2016-06-10,2016-06-25,2016-07-08,east_south,27.66465315,58.64590367,validation,25.54902929,53.91965933,26.450738994488095,64.20100421201151,26.517801150361446,48.98838546693976,26.35763929621589,62.16538259165006,26.165681479911022,60.95824807716609,21.30475194,49.75349769
2016-06-10,2016-06-25,2016-07-08,west_north,19.77326683,7.49836206,validation,19.52140701,14.39939291,18.9061539640199,12.49628086563938,20.057274517445784,6.868509015927704,19.094085578467222,12.050639276798698,19.60372417716557,9.942768082725545,10.56969195,26.60288883
2016-06-10,2016-06-25,2016-07-08,west_south,26.32396394,12.70186849,validation,25.55934189,5.66141957,25.350700379660378,10.738361564346732,26.007993098,3.9226321290361437,25.398794958600043,10.379199304233538,25.901856662579092,10.237392444936667,15.80108106,10.662392
2016-06-24,2016-07-09,2016-07-22,central_north,23.77968613,47.79118378,validation,22.96701924,44.97302551,22.816093851645938,40.3498463442911,23.497798211421685,34.11925360185542,22.863861670701063,40.10910918729627,23.208494565094867,37.55125135082669,13.79616445,28.74900718
2016-06-24,2016-07-09,2016-07-22,central_south,29.07541364,27.68208515,validation,27.19982605,45.31170259,28.038505524037515,40.30967518455688,28.001462251686746,42.40075344749398,27.86235517574037,42.96050407939413,27.72738898393475,41.3560035489256,21.19109984,51.16998135
2016-06-24,2016-07-09,2016-07-22,east_north,22.83668275,31.5202014,validation,21.78452837,46.52654216,21.97069998778055,45.96285599960812,23.193105432433736,38.68865383156626,22.25044977148611,45.43889996614645,22.477636537919253,44.37153874209088,13.75933963,34.58079095
2016-06-24,2016-07-09,2016-07-22,east_south,27.96510149,56.25757754,validation,25.81866764,83.13635633,27.039931681174316,67.74583059546346,26.787439500361447,78.20508246693976,26.907006099855973,73.0281032121715,27.26104304032363,75.29969311599396,21.2290657,59.01628506
2016-06-24,2016-07-09,2016-07-22,west_north,19.20989713,10.72912955,validation,20.84052644,13.76444534,20.11709295387165,10.382066400230416,21.376393947445784,6.2335614459277044,20.355622181288986,10.57191395080665,20.86412195441565,8.22634004684063,11.6047922,25.46476113
2016-06-24,2016-07-09,2016-07-22,west_south,27.17407835,6.37095985,validation,26.74136078,12.10219773,26.29987775147769,13.61721729077273,27.190011988000002,10.363410289036144,26.485833060245483,14.489323161855388,26.476893797630947,14.598415665678278,18.65608368,5.11665181
2016-07-08,2016-07-23,2016-08-05,central_north,23.67212208,44.14495866,validation,22.46713765,39.51535791,22.89630684281264,37.684422050349426,22.997916621421687,28.661586001855415,22.744242479214687,37.13497326633514,22.916640748942932,34.742628068403405,18.46787586,47.41598115
2016-07-08,2016-07-23,2016-08-05,central_south,28.86538739,41.85405157,validation,27.18361731,32.90468127,28.186901759188686,39.66466640069102,27.985253511686746,29.993732127493974,27.976267640684245,39.508450446625716,27.895059543170525,35.721642117949585,24.08132831,77.11036162
2016-07-08,2016-07-23,2016-08-05,east_north,23.7724316,45.67531259,validation,21.90323555,57.09041818,21.956335956243006,45.01789757002075,23.311812612433737,49.252529851566266,22.371567772536977,47.76794714991392,22.63583339651124,44.193216977709184,20.23184054,42.25816479
2016-07-08,2016-07-23,2016-08-05,east_south,28.43977902,60.25471532,validation,26.06345807,70.17342297,27.172939422845452,68.8220180427214,27.032229930361446,65.24214910693976,27.125742063034576,70.62387847036553,27.145028643974733,67.13213232461338,25.19627066,77.11632512
2016-07-08,2016-07-23,2016-08-05,west_north,21.56977096,5.18644416,validation,21.74359112,9.88860442,20.55882802608173,8.984385903380176,22.279458627445784,2.3577205259277045,21.02966564173043,8.569222784155542,21.665312558064745,6.900936203446186,16.59506345,5.94499638
2016-07-08,2016-07-23,2016-08-05,west_south,27.45248106,25.51000575,validation,27.57847925,6.37501528,26.60878892569223,15.655791942654545,28.027130458000002,4.636227839036144,27.06566623928635,14.554216008137288,26.765741229251148,12.912892619612549,22.86904191,1.15109895
2016-07-22,2016-08-06,2016-08-19,central_north,22.7745348,51.58341052,validation,21.46657579,37.90995117,22.20702725756487,34.95011658084695,21.997354761421686,27.056179261855416,21.996604594070554,34.931345371026154,21.97768484428126,33.344085886118734,23.11350012,37.96724483
2016-07-22,2016-08-06,2016-08-19,central_south,27.50547929,84.45109919,validation,26.77140454,31.02090381,27.736285803544163,38.93199388678647,27.573040741686746,28.109954667493977,27.612220115553523,38.572214261832514,27.629081191047067,36.98645474370231,27.55227288,29.33552944
2016-07-22,2016-08-06,2016-08-19,east_north,23.84601237,55.86721538,validation,20.71589737,41.23248266,21.306163094085825,44.261324402758376,22.124474432433736,33.39459433156627,21.547412451828794,43.33402861111696,21.38080238410368,44.882302167343056,19.39736656,22.15593197
2016-07-22,2016-08-06,2016-08-19,east_south,28.02417021,65.98065593,validation,25.92642596,57.0495499,26.7932556602623,67.13970269641987,26.895197820361446,52.11827603693976,26.892931347032683,65.93125714743724,26.804527215915517,64.59647205939874,26.13260894,33.71455309
2016-07-22,2016-08-06,2016-08-19,west_north,19.93344346,7.7710115,validation,20.15843432,16.6633185,20.10734356530876,8.579497710114877,20.694301827445784,9.132434605927703,20.190813330412638,10.544377457179692,20.115272181967697,9.972725772839336,16.5068849,14.37967867
2016-07-22,2016-08-06,2016-08-19,west_south,25.70343351,14.5600853,validation,25.84386459,10.74489073,26.18599743589461,16.48818292715754,26.292515798,9.006103289036144,26.17941730511281,16.86745529970768,25.62793159763699,16.399756473400497,25.01186186,2.2253577
2016-08-05,2016-08-20,2016-09-02,central_north,20.59337996,40.10369778,validation,19.71499947,40.84567783,20.7316143513251,32.39805389397995,20.245778441421685,29.991905921855416,20.491259918579303,33.935366919540726,20.426266528219315,33.4612060869825,21.63109973,47.68798708
2016-08-05,2016-08-20,2016-09-02,central_south,26.33409733,56.6668098,validation,26.24993493,23.64593723,26.641930737335468,38.16172884172562,27.051571131686746,20.734988087493978,26.818982951979645,35.84404762156153,27.003589849325895,39.65499802881516,28.26299152,30.31792063
2016-08-05,2016-08-20,2016-09-02,east_north,21.68716026,27.65507747,validation,19.41082915,42.0099868,20.03519020825358,43.80362915871963,20.819406212433737,34.172098471566265,20.344243085534277,43.21720854091889,20.12079680725461,45.515171522654626,20.94772261,45.18690574
2016-08-05,2016-08-20,2016-09-02,east_south,27.01320692,76.86683939,validation,25.22297818,50.60364055,25.872481128461075,62.8935105550423,26.191750040361445,45.67236668693976,26.11086909697859,60.94870687867832,26.155440419508448,63.25856814027776,27.57411237,54.56415113
2016-08-05,2016-08-20,2016-09-02,west_north,18.37402927,3.8925721,validation,19.5343618,13.75258443,18.731035251903524,9.30110131605777,20.070229307445782,6.221700535927705,19.21128268937615,10.093196620447578,19.388928287116453,9.585039224158125,19.80344286,7.4783332
2016-08-05,2016-08-20,2016-09-02,west_south,23.7257699,13.55914831,validation,24.75345281,10.79048169,25.007440768009555,16.024768038952633,25.202104018,9.051694249036144,25.115834767252554,16.499257951350256,24.832570909813118,14.941486181507717,26.4913999,12.95980745
2016-08-19,2016-09-03,2016-09-16,central_north,19.20235387,54.73582926,validation,17.77928532,31.81550522,18.506204677235715,30.131436709658853,18.310064291421686,20.961733311855415,18.440177194962356,29.68826683064888,18.199966280737602,30.295764339320694,23.10529707,55.31288816
2016-08-19,2016-09-03,2016-09-16,central_south,26.20588754,27.60983917,validation,23.89931088,25.44186702,24.913882085022564,37.372670240516605,24.70094708168675,22.530917877493977,24.893083806243002,35.777458999000444,25.072867849259975,41.889586671953666,29.05982346,28.53576573
2016-08-19,2016-09-03,2016-09-16,east_north,20.50834634,18.2736891,validation,16.8672981,35.02155094,18.185006739066413,43.623464248260134,18.275875162433735,27.183662611566263,18.25599357627262,41.322251605432726,18.007096536804383,46.58474074036015,22.70613751,37.8119596
2016-08-19,2016-09-03,2016-09-16,east_south,25.90377091,64.74973743,validation,23.6242801,48.93629663,24.42341317050613,56.72913183780879,24.593051960361446,44.00502276693976,24.631745034407402,55.76907995977922,24.585220735521812,58.95164915911701,28.08766151,60.16030466
2016-08-19,2016-09-03,2016-09-16,west_north,14.107485,11.69823364,validation,17.40053701,17.63771225,16.505656883903697,11.107513310572196,17.936404517445784,10.106828355927703,17.112707953553002,12.358062199083253,17.06621069899658,12.958402941374668,18.81312744,11.27000003
2016-08-19,2016-09-03,2016-09-16,west_south,22.23650164,11.33946663,validation,23.33733561,17.98677365,23.12884871093629,14.466839360788196,23.785986818,16.247986209036146,23.505393800359265,16.96237363580789,23.51534178324729,14.258443714465301,26.91976617,4.14116746
2016-09-02,2016-09-17,2016-09-30,central_north,17.76175185,32.88587685,validation,14.61682435,34.17629695,15.628783416246405,28.109627362975022,15.147603321421686,23.322525041855418,15.49341552063612,28.712527926272788,15.158621644912742,29.70954404896516,24.28154966,42.4318209
2016-09-02,2016-09-17,2016-09-30,central_south,24.14260542,35.6898582,validation,21.97478998,31.1101872,22.628467083702656,36.55709972121141,22.776426181686748,28.199238057493975,22.80124800421113,36.27566345091557,22.79322245546597,41.249785338564735,28.88573591,39.9812421
2016-09-02,2016-09-17,2016-09-30,east_north,17.77047212,53.23598758,validation,15.48342116,42.17965367,15.828612998099686,43.57974413774017,16.891998222433738,34.341765341566266,16.356205722713373,42.60315669382791,16.168418408991297,44.11439878369849,23.88497583,45.2196223
2016-09-02,2016-09-17,2016-09-30,east_south,25.16558916,61.64358294,validation,22.23923003,70.97399604,22.50848985068214,49.614891477971696,23.208001890361448,66.04272217693976,22.981502296748335,55.79581705754309,22.15039866154891,56.10318798262384,28.50703487,50.57159023
2016-09-02,2016-09-17,2016-09-30,west_north,14.19471557,21.27939734,validation,13.45885333,15.65627579,13.610787666132552,13.784080293823866,13.994720837445783,8.125391895927706,13.83616628459685,13.979792473253234,13.515945013748063,13.823953478890797,21.8508425,4.23870468
2016-09-02,2016-09-17,2016-09-30,west_south,20.70900471,13.20882971,validation,21.15405947,8.06194174,20.685325604067632,12.255264786873695,21.602710678,6.323154299036144,21.18551311342172,12.353929155651254,21.3194515153136,9.029921471754898,27.8604922,21.8345584
2016-09-16,2016-10-01,2016-10-14,central_north,12.9470142,24.79260894,validation,12.11759588,29.63197407,12.26046290593091,26.189514737783895,12.648374851421686,18.778202161855415,12.496255472657598,25.5206099411147,12.170667769888336,25.64300677378497,22.89144155,53.30353188
2016-09-16,2016-10-01,2016-10-14,central_south,21.0918322,11.83067676,validation,18.70063179,30.54593853,19.92921873157762,35.6933483552401,19.502267991686747,27.634989387493977,19.859844915790948,35.28483671155384,19.95003670603726,38.69512198951114,27.96745389,74.81571135
2016-09-16,2016-10-01,2016-10-14,east_north,13.51039805,31.90664472,validation,11.90620728,32.83968768,13.073897666462791,43.454261625735434,13.314784342433736,25.001799351566262,13.243592203072389,39.929239976209246,13.121906380115174,39.923690202201996,23.90370939,51.50553818
2016-09-16,2016-10-01,2016-10-14,east_south,21.13250828,89.35613759,validation,19.406245,30.51800886,20.241011780409817,42.646473257261,20.375016860361445,25.586734996939757,20.373156513151176,39.6402600457762,20.28634726943307,40.712044163158055,27.9549152,71.48359119
2016-09-16,2016-10-01,2016-10-14,west_north,9.56719453,31.18045354,validation,10.49062401,18.51263465,10.307832719619123,16.980687947542656,11.026491517445782,10.981750755927703,10.707339829220984,16.71658786159799,10.468486972699296,14.641073165497087,19.90056872,6.96704977
2016-09-16,2016-10-01,2016-10-14,west_south,18.20218355,4.7058607,validation,18.14782145,12.09198287,17.87748361106316,9.965179191153222,18.596472658,10.353195429036145,18.300334967325945,11.411746939006076,18.352101376384834,7.941038769720091,25.74892472,19.10112608
2016-09-30,2016-10-15,2016-10-28,central_north,12.34197141,19.35605194,validation,9.08064372,33.17610508,8.617316518727447,24.19289968974097,9.611422691421685,22.322333171855416,9.10001794638752,24.42011492179918,8.908539820145492,23.278042082667703,20.92956163,44.39402471
2016-09-30,2016-10-15,2016-10-28,central_south,20.8479542,6.45763231,validation,16.40328737,31.09982168,17.015948387463947,34.76269156733512,17.20492357168675,28.188872537493978,17.174330870168006,34.071836407990006,17.066888615916994,34.31841449944382,26.41270098,62.91702358
2016-09-30,2016-10-15,2016-10-28,east_north,11.69006103,54.01179407,validation,10.62234212,59.18183498,10.063811563219993,43.01451353109173,12.030919182433736,51.34394665156626,10.976913198976884,45.55957069534986,10.300101160328992,41.97545107858167,22.25658752,29.5008209
2016-09-30,2016-10-15,2016-10-28,east_south,19.61216543,5.85217625,validation,17.50290175,42.48292989,17.77797292014053,36.827787373699486,18.471673610361446,37.55165602693976,18.107612471327524,37.75491336611023,17.52711781483129,35.02845264415964,27.38537231,49.90129164
2016-09-30,2016-10-15,2016-10-28,west_north,9.4928928,46.85083483,validation,6.86601292,31.10276571,6.903474053978549,20.276485079295327,7.401880427445784,23.571881815927703,7.2291165787130405,22.17812373984219,7.471449000571415,19.58342678619094,18.54746086,5.08280453
2016-09-30,2016-10-15,2016-10-28,west_south,18.33767604,6.99483833,validation,15.39708182,6.65941916,14.946308309355235,8.170957238590217,15.845733028000001,4.920631719036144,15.401756918945388,8.115472788365022,15.452375777411817,6.194395229782817,23.77569914,13.25362465
2016-10-14,2016-10-29,2016-11-11,central_north,10.97720738,7.07565804,validation,7.00270795,31.26470086,4.9529812450530075,21.982554725026574,7.533486921421686,20.410928951855418,6.062460395503986,21.348186035639635,6.103137974092406,18.43654829402291,19.34004196,47.03488578
2016-10-14,2016-10-29,2016-11-11,central_south,18.43832746,25.76262532,validation,14.75061865,24.793391,14.123198946945708,33.766036962405245,15.552254851686747,21.882441857493976,14.736868579998895,30.734057958359553,14.367882829892643,25.960020983079023,26.17667187,29.35799184
2016-10-14,2016-10-29,2016-11-11,east_north,9.36775655,17.96661403,validation,7.7848635,44.40879677,6.9717709176459675,42.08167882541289,9.193440562433736,36.57090844156627,7.918234096127873,40.377940347001285,7.425401530085423,33.260160039643296,20.77674183,21.39883467
2016-10-14,2016-10-29,2016-11-11,east_south,17.6125883,2.2265931,validation,15.13917513,22.86990623,15.30505734480502,32.87610422548921,16.107946990361445,17.93863236693976,15.571742938987146,28.997320804168343,15.284491030551504,26.163769951985966,25.7888768,96.42231142
2016-10-14,2016-10-29,2016-11-11,west_north,8.39324252,23.42177463,validation,3.77726032,45.52174549,3.705565180075159,23.25795679045243,4.313127827445784,37.990861595927704,4.071153581698395,27.69436700184512,4.682255141931052,26.9834108647746,14.88097059,11.57623832
2016-10-14,2016-10-29,2016-11-11,west_south,15.65347554,10.42885769,validation,12.12779922,15.95896481,12.14129190334361,7.312434369932586,12.576450428000001,14.220177369036143,12.364765253153067,9.543033712966448,12.459937808370505,8.754745608064,22.90464242,12.68222641
2016-10-28,2016-11-12,2016-11-25,central_north,4.89228083,12.89859494,validation,3.8354795,29.198478,1.5341539419121573,19.527599965483326,4.366258471421687,18.344706091855418,2.7040377764372323,18.45165970992284,2.9484668459944445,15.99438304537735,18.29749348,40.7591848
2016-10-28,2016-11-12,2016-11-25,central_south,13.40583224,10.88575093,validation,11.96584835,41.88313076,11.491600935087135,32.735890221282034,12.767484551686747,38.97218161749397,12.012520040598233,33.973916282567785,12.291285470947301,35.27797823740799,25.11727978,40.6769063
2016-10-28,2016-11-12,2016-11-25,east_north,5.0969919,18.61474498,validation,4.74150564,52.46680425,3.991723767840977,40.58741011146696,6.1500827024337354,44.62891592156627,4.87533949892211,40.90820373354664,4.734444330738172,39.51717226602361,18.13014965,32.66561512
2016-10-28,2016-11-12,2016-11-25,east_south,13.00854363,4.88826173,validation,13.86493258,47.40171635,13.01601995651123,31.093859898925704,14.833704440361444,42.47044248693976,13.680245258967684,33.21689568867869,13.845130825312722,35.282456749549624,25.60269466,54.78439683
2016-10-28,2016-11-12,2016-11-25,west_north,4.02892029,28.47504464,validation,0.63523894,40.25916716,0.980023518320379,25.59360178185081,1.1711064474457835,32.7282832659277,1.114835750480874,27.62766151701597,1.6094090691210579,27.67667911256304,13.87167217,21.62838968
2016-10-28,2016-11-12,2016-11-25,west_south,11.15875218,9.48397361,validation,8.64441733,18.80195538,9.687759687124192,7.592996390255197,9.093068538,17.063167939036145,9.42449958488848,10.24564736655153,9.337491524857882,9.110807373032982,20.56442134,7.95936512
2016-11-11,2016-11-26,2016-12-09,central_north,-0.93549516,23.25900183,validation,2.36401865,37.1246732,-1.3873598809466656,16.94134715054416,2.894797621421687,26.270901291855413,0.37000095362402785,17.706142146604567,1.2377737934261483,20.037925663688338,13.59847582,23.39125622
2016-11-11,2016-11-26,2016-12-09,central_south,8.86858814,68.73961875,validation,10.65031974,60.91482414,9.337222329208457,31.74017344438151,11.451955941686748,58.00387499749398,10.192551536361009,37.428558098756625,10.575138490377281,44.33837168851937,20.99770621,7.87923392
2016-11-11,2016-11-26,2016-12-09,east_north,2.96311165,49.06608813,validation,4.17836959,50.84628153,1.32343545766523,38.60558558911748,5.586946652433736,43.008393201566264,3.0459700552818068,37.83805370257035,3.4849665961527085,36.493254611016255,14.13970744,50.66640442
2016-11-11,2016-11-26,2016-12-09,east_south,12.96251804,71.95359492,validation,13.84636069,40.68685113,11.089894443169324,31.334283577176592,14.815132550361444,35.75557726693976,12.486358847770965,30.403479779196463,12.740045532240512,30.59128513032449,21.49413577,100.59981669
2016-11-11,2016-11-26,2016-12-09,west_north,-2.58299116,26.57744029,validation,-1.34545526,42.73166414,-1.0830252873491761,27.089341234797594,-0.8095877525542166,35.2007802459277,-0.9556850991697041,28.787199146145905,-0.7637871399391838,29.94955369128974,10.18822834,23.67886324
2016-11-11,2016-11-26,2016-12-09,west_south,6.10575982,8.5196867,validation,5.9585368,19.2397168,7.759433796523322,8.932833700690257,6.407188008,17.500929359036146,7.129123033861337,11.000625123520486,6.8109999625385775,8.208684424489386,18.57270991,10.40670478
2016-11-25,2016-12-10,2016-12-23,central_north,-8.0424369,11.75906206,validation,-4.18531748,25.85804053,-3.6015739039440806,14.481220952011032,-3.6545385085783133,15.004268621855417,-3.6930499011347733,13.8547843695114,-3.5274283316900554,13.46008761111247,11.92013888,19.02136537
2016-11-25,2016-12-10,2016-12-23,central_south,7.73941154,15.38932543,validation,7.46714617,29.43873441,7.824495320114524,30.876379639773884,8.268782371686747,26.527785267493975,7.8943453274429904,28.45531298449008,7.889571241779005,27.086710787484346,20.67068592,9.93713935
2016-11-25,2016-12-10,2016-12-23,east_north,-3.32492224,35.29915692,validation,-3.33375141,39.27438984,-0.8453565727190924,36.35086091744204,-1.9251743475662642,31.436501511566263,-1.3949194539848402,34.37642665766582,-1.0357692087147574,33.41806197084475,12.11446593,46.44998365
2016-11-25,2016-12-10,2016-12-23,east_south,10.60712467,25.84561798,validation,8.68333391,40.49881424,9.669985621473787,33.06668017087726,9.652105770361445,35.56754037693976,9.475040431968274,32.290917946817686,9.699542308496177,30.689827977863896,19.66889342,4.77832924
2016-11-25,2016-12-10,2016-12-23,west_north,-4.53969553,50.23471535,validation,-3.49321732,34.53821343,-2.387685616514906,27.713206405550764,-2.9573498125542166,27.007329535927703,-2.6589561423019012,26.78093292079338,-2.813432478762275,28.583934013489095,9.55532022,48.48929453
2016-11-25,2016-12-10,2016-12-23,west_south,8.39133829,35.76144276,validation,6.16119066,17.1938004,6.461101615595723,10.988024458915536,6.609841868,15.455012959036145,6.428533233515345,10.930385041866622,6.506038168357502,10.43638595645912,18.25093309,5.45435028
2016-12-09,2016-12-24,2017-01-06,central_north,-4.9630858,19.93605605,validation,-8.91509006,26.11532045,-4.961850981184963,12.509291621157828,-8.384311088578315,15.261548541855415,-6.4498071370008825,13.139358291247394,-7.492145717188987,10.942720104568554,11.75663361,10.10272247
2016-12-09,2016-12-24,2017-01-06,central_south,10.60064006,40.55837465,validation,6.21122597,61.01281952,7.047605416879772,30.256838792718714,7.012862171686748,58.10187037749398,6.974776901940657,36.009248873283894,6.735196520090344,42.283526974178045,19.50165902,25.07001897
2016-12-09,2016-12-24,2017-01-06,east_north,0.49765717,44.38516906,validation,-4.58059021,57.05842222,-2.3574517759929545,34.143463664666434,-3.1720131475662647,49.22053389156626,-2.746688973237827,36.97445833744156,-2.5058798060403804,36.300861963179415,9.40433335,26.84755059
2016-12-09,2016-12-24,2017-01-06,east_south,13.03496631,50.03534142,validation,10.42359419,80.20273076,8.848287616693021,35.52467190609917,11.392366050361444,75.27145689693975,9.808644751232837,43.31430979375841,10.17276286143657,57.57288730134837,18.50529982,3.18617041
2016-12-09,2016-12-24,2017-01-06,west_north,-7.0736837,32.13171118,validation,-6.15582733,51.12895048,-2.932549944348163,27.584811275521705,-5.6199598225542164,43.598066585927704,-4.064757661343829,31.229629281343126,-4.29683393224392,27.827531110410266,8.72153549,29.92280839
2016-12-09,2016-12-24,2017-01-06,west_south,6.07209515,33.99799724,validation,4.07083678,20.64996725,5.824051332606215,13.231050870053593,4.519487988,18.911179809036145,5.194547963502496,13.471166869187268,5.353732303453032,11.205703072641931,16.35087931,11.97017076
2016-12-23,2017-01-07,2017-01-20,central_north,-4.76684054,24.60745913,validation,-5.91569814,25.12616178,-5.397929410244845,11.451400647925663,-5.384919168578313,14.272389871855417,-5.4115705911356,10.656748429357723,-5.500429257859126,15.016999435190044,5.62353398,10.066523
2016-12-23,2017-01-07,2017-01-20,central_south,10.8745965,44.91908053,validation,6.39804976,46.6019926,7.006164532886207,29.99211089754194,7.199685961686748,43.691043457493976,7.031909525747567,31.539156452903907,7.036154592897162,32.0850468457018,13.59771802,10.08130415
2016-12-23,2017-01-07,2017-01-20,east_north,-0.72128502,36.33330499,validation,-4.88793543,47.92425285,-3.0829925809451453,32.428244935266626,-3.479358367566264,40.08636452156627,-3.2692427830237154,32.86397915920908,-3.0421784267580194,32.34960663037492,5.42477243,17.07801817
2016-12-23,2017-01-07,2017-01-20,east_south,11.98371837,22.27558667,validation,8.32523884,58.20324084,8.65221017508345,37.7874126948461,9.294010700361445,53.27196697693976,8.817524394357186,39.42847337296379,9.092547716850895,38.390160101036116,12.52303996,4.68940972
2016-12-23,2017-01-07,2017-01-20,west_north,-4.92876235,64.0805497,validation,-3.64147763,48.08112281,-2.816999783900867,26.977152858584265,-3.105610122554216,40.5502389159277,-2.9270572733797446,28.78667940373347,-2.897700177632583,27.838042299622582,5.0222879,23.58615411
2016-12-23,2017-01-07,2017-01-20,west_south,7.71872479,38.02405412,validation,5.19691881,19.70019784,5.799885412230515,14.993935297800085,5.645570018,17.961410399036147,5.684736205387128,13.77134788433662,6.046057882759596,14.293036289087535,11.96161476,9.35222697
2017-01-06,2017-01-21,2017-02-03,central_north,-1.75395586,8.15040158,validation,-4.3117089,21.55010691,-4.96523794190687,11.516582398479496,-3.7809299285783133,10.696335001855417,-4.434686498654047,9.107063648164814,-4.769773757962027,12.714190762052976,0.89058715,25.46649432
2017-01-06,2017-01-21,2017-02-03,central_south,9.93213785,18.32942942,validation,6.90044887,44.3052226,7.644561336902673,30.12787092405969,7.7020850716867475,41.39427345749398,7.663912934899898,30.769538843698964,7.740490531846012,29.182507702941958,10.33525539,70.4227383
2017-01-06,2017-01-21,2017-02-03,east_north,0.73153723,32.75585862,validation,-3.57007385,40.17776959,-3.0538579560761985,31.32927665692905,-2.1614967875662643,32.33988126156626,-2.646160477083736,29.36880626802743,-2.8932978251908565,30.46521236145399,3.93559317,51.18231748
2017-01-06,2017-01-21,2017-02-03,east_south,12.05749981,51.45113924,validation,8.9946584,45.34713334,9.037302709235654,39.48730112981061,9.963430260361445,40.41585947693976,9.364947180060039,36.93431764583458,8.98146626023162,34.11805247668407,14.31347462,72.10420915
2017-01-06,2017-01-21,2017-02-03,west_north,-4.14641047,21.77057445,validation,-1.96904483,33.7079497,-2.146730278652447,26.083071451028818,-1.4331773225542166,26.177065805927704,-1.8125926254457116,23.685181544848934,-2.044890564881765,24.542188957163845,-1.4942459,26.0970611
2017-01-06,2017-01-21,2017-02-03,west_south,5.71044743,35.3841737,validation,6.67828875,18.03865772,6.308923630766441,15.98722627370889,7.126939958,16.299870279036146,6.658700240712956,13.471304885870673,6.6544925561067165,13.64766784666837,6.36296788,7.47982809
2017-01-20,2017-02-04,2017-02-17,central_north,0.43880713,6.43829548,validation,-4.75364773,23.3589337,-3.688301562279379,13.007314559891718,-4.222868758578313,12.505161791855418,-3.805594630305041,11.061473384776114,-4.381357376335525,13.344809666201538,-9.30890242,11.72846035
2017-01-20,2017-02-04,2017-02-17,central_south,13.10858506,26.13654877,validation,8.18729071,40.44466383,8.87704826016203,30.723891112559944,8.988926911686747,37.53371468749398,8.97915649947366,29.994481231917913,9.118662497695556,27.505397881283887,6.58078345,15.07206538
2017-01-20,2017-02-04,2017-02-17,east_north,-0.4346425,33.94280592,validation,-4.7699795,44.07459104,-2.2153569454398117,31.196432188032468,-3.361402437566264,36.23670271156627,-2.577678152235676,30.83688134995371,-2.6453613049736244,29.784595779021696,-3.79466833,35.2787992
2017-01-20,2017-02-04,2017-02-17,east_south,12.85136836,24.50782642,validation,9.65445178,54.90573842,9.96162367757033,40.130263164444806,10.623223640361445,49.97446455693976,10.27182735878326,39.893231222992156,9.869531233361222,36.12561407113023,9.99631712,26.15202159
2017-01-20,2017-02-04,2017-02-17,west_north,1.60422748,62.3976524,validation,-2.28061656,38.43427265,-1.0508398882289944,25.178708278999185,-1.7447490525542164,30.9033887559277,-1.230794932559638,24.555598238003373,-1.0088382316280105,23.279054428742743,-4.85589945,53.40231751
2017-01-20,2017-02-04,2017-02-17,west_south,11.05194163,19.38291173,validation,7.63205388,10.03488471,7.264411087938747,15.771055321692785,8.080705088,8.296097269036144,7.6715282827687,11.056396470695343,7.749639645901833,12.651199484690448,8.20345457,16.3336251
2017-02-03,2017-02-18,2017-03-03,central_north,2.9203664,18.40704384,validation,0.41629813,39.80949179,-1.6972946358298506,15.94370961520853,0.9470771014216868,28.95571988185542,-0.39383705758535226,16.488815117089874,0.07039226955642164,16.307054882257734,-2.78081711,19.12971966
2017-02-03,2017-02-18,2017-03-03,central_south,14.51528449,27.04113181,validation,11.92213947,51.05477341,10.560844258900254,31.756869532680224,12.723775671686747,48.14382426749398,11.604224832802515,32.87029873514268,11.509586749966697,34.58127995975755,12.05283623,40.57945432
2017-02-03,2017-02-18,2017-03-03,east_north,6.07095538,31.36355955,validation,-0.54823671,44.50634796,-0.6371774103174612,32.11507592589844,0.860340352433736,36.668459631566265,0.17405682214551954,30.7611695645671,0.013383770894313418,27.5684330539427,1.6866476,43.6003979
2017-02-03,2017-02-18,2017-03-03,east_south,15.79087932,22.168143,validation,11.52275143,54.65077269,11.321124860679657,39.74443480659305,12.491523290361444,49.719498826939756,11.912506673504403,39.38543613308036,11.479541010380903,36.85805815992333,13.52263864,49.66071634
2017-02-03,2017-02-18,2017-03-03,west_north,-0.13912746,37.11954785,validation,0.93269038,39.35318016,0.3449589238542877,24.43648123681153,1.4685578874457836,31.822296265927704,0.994004414201081,23.666098225281846,0.7330256358690534,20.73352321490066,-5.68521204,27.6512184
2017-02-03,2017-02-18,2017-03-03,west_south,8.25981759,31.65166386,validation,8.57331546,27.41283322,8.559643166457153,14.29473679852759,9.021966668000001,25.674045779036145,8.917343307147046,14.687760715613326,8.84204924860957,16.01843278705677,6.22096219,47.6224978
2017-02-17,2017-03-04,2017-03-17,central_north,1.13593084,11.2937565,validation,-0.50737103,36.89999562,0.8425521670116531,20.12575704398088,0.023407941421686784,26.046223711855415,0.727889627981839,19.970154208167227,0.23418267738053922,17.743799964639894,-7.44946127,22.68599371
2017-02-17,2017-03-04,2017-03-17,central_south,13.68993047,30.11736267,validation,12.39409653,57.71122696,12.543268312534282,33.14466860730211,13.195732731686748,54.80027781749398,13.011093568535486,36.25824409796779,12.84423516066802,32.44960579587983,8.85830554,31.97302331
2017-02-17,2017-03-04,2017-03-17,east_north,-1.59492861,31.6225366,validation,-1.74079463,63.98313199,1.55841982835409,33.99563948771478,-0.33221756756626397,56.14524366156626,1.0266830579980082,38.4782701856775,1.2461979943332961,40.8053450593539,-2.23731499,35.30547281
2017-02-17,2017-03-04,2017-03-17,east_south,11.08990735,23.30204362,validation,13.25536642,71.55456973,12.995533657835677,38.725865809815595,14.224138280361444,66.62329586693976,13.688250745914328,43.2343810055246,13.755435201886321,42.765427413960566,10.93116229,20.35748399
2017-02-17,2017-03-04,2017-03-17,west_north,4.70334482,32.38587964,validation,1.75441103,42.3439443,1.9508406240667935,23.91050004948989,2.2902785374457837,34.8130604059277,2.3268687212622146,24.483802497549416,2.2717504216480338,21.163862768239678,-6.74389223,58.42779883
2017-02-17,2017-03-04,2017-03-17,west_south,13.79213315,1.1912766,validation,10.53371888,17.23515461,10.103722434054983,11.797746514090605,10.982370088000001,15.496367169036143,10.66301343135769,10.178389231254737,10.771281201317482,13.211091193851036,7.8188438,37.15616993
2017-03-03,2017-03-18,2017-03-31,central_north,7.15208082,34.38062336,validation,3.34730304,47.91535209,3.7519365602158943,25.1518118776369,3.8780820114216867,37.06158018185542,4.055011254323299,26.454805290322934,4.0507717845154865,22.809641764205683,-0.17166054,11.21201113
2017-03-03,2017-03-18,2017-03-31,central_south,18.9626712,37.00684354,validation,14.15851381,68.59973165,14.683179307019849,34.756178900627326,14.960150011686748,65.68878250749397,15.02767437540798,40.710536594144415,14.777394834830627,34.957879888715766,10.91626674,31.29971285
2017-03-03,2017-03-18,2017-03-31,east_north,4.87189183,34.47707413,validation,1.74646911,67.21783076,4.210749770917142,36.587107266569575,3.155046172433736,59.37994243156626,4.0366626898723545,41.167570659708204,4.631260512735819,41.63318331525069,1.83661671,34.42583811
2017-03-03,2017-03-18,2017-03-31,east_south,17.36126357,23.21188437,validation,13.80248083,62.32268182,14.864807148968977,37.730600465543915,14.771252690361445,57.39140795693976,15.001594192948623,40.770853530843425,14.889425105663882,38.44806060937289,12.53040774,53.26916753
2017-03-03,2017-03-18,2017-03-31,west_north,6.75487279,43.48615677,validation,3.20071032,31.99198744,3.720157763446495,23.530879209052888,3.7365778274457835,24.461103545927703,3.9611350116096258,21.876157322869286,3.8974746564012084,21.287433888114435,-3.72434152,31.74051662
2017-03-03,2017-03-18,2017-03-31,west_south,14.02907533,9.30876587,validation,12.16408613,14.51700015,11.830476609255998,8.760795175277014,12.612737338,12.778212709036143,12.356764696021195,7.544869187938028,12.343417626337747,9.630160602283727,5.23171792,41.82506316
2017-03-17,2017-04-01,2017-04-14,central_north,9.89595121,27.63162242,validation,7.04777282,70.04559254,6.855274370743693,30.47824417145793,7.5785517914216864,59.19182063185542,7.411293844638819,36.3219402622188,7.875701311322763,32.50293879142741,-1.71610082,6.73868048
2017-03-17,2017-04-01,2017-04-14,central_south,17.95401232,48.32346061,validation,17.44254026,55.13282991,16.86520106126044,36.4304930617955,18.24417646168675,52.22188076749397,17.625205923997477,38.423130845634276,17.32329827180439,32.498079791786864,12.5872679,26.63801409
2017-03-17,2017-04-01,2017-04-14,east_north,9.64235719,57.44275002,validation,6.82125949,62.41190284,7.137703678828263,39.52392508762069,8.229836552433737,54.57401451156627,7.81489702708634,41.65963407632492,8.160289534843034,38.770197228560804,-0.8950508,32.28225162
2017-03-17,2017-04-01,2017-04-14,east_south,18.21630701,50.98079547,validation,16.92687963,47.20158057,16.821384102097788,37.500897158838484,17.895651490361445,42.270306706939756,17.399084230082238,36.641843770219566,17.46737456148223,33.90903380427656,13.14920528,18.78285162
2017-03-17,2017-04-01,2017-04-14,west_north,6.38618375,32.95426528,validation,4.40486384,40.42726345,5.641654457671121,23.13058443827343,4.940731347445784,32.8963795559277,5.577601748067661,24.462391310561973,5.718369728336001,24.085003145787173,0.48391275,56.17971385
2017-03-17,2017-04-01,2017-04-14,west_south,13.86698844,6.09821999,validation,12.39948824,12.86511877,13.697054014766378,5.801488195156225,12.848139448000001,11.126331329036145,13.511560802943361,5.860667945752986,13.34610043280383,4.120663989421621,10.98341158,19.39971307
2017-03-31,2017-04-15,2017-04-28,central_north,10.31023965,45.2711519,validation,10.79222448,43.09360383,9.992574410095683,35.50850813708349,11.323003451421686,32.23983192185541,10.681416242854716,33.0802784830704,10.641802367447578,33.503965922456345,4.12088819,17.02545423
2017-03-31,2017-04-15,2017-04-28,central_south,20.08746142,38.50424673,validation,18.99422227,34.96975848,19.004528286392752,38.00164208550951,19.79585847168675,32.05880933749398,19.427971975846674,34.93953116987301,19.25455258895337,37.16286648419465,14.65017964,25.23566501
2017-03-31,2017-04-15,2017-04-28,east_north,13.16382492,45.07760185,validation,7.87416011,42.15723187,10.152861899953143,42.39624685972744,9.282737172433736,34.31934354156626,9.896638697761862,39.42843185784406,10.307167094300691,37.689254911760074,6.09902073,26.25349546
2017-03-31,2017-04-15,2017-04-28,east_south,21.16253892,63.27582885,validation,16.78847064,24.48827537,18.77631645072018,38.666546166505796,17.757242500361446,19.55700150693976,18.386690036050414,32.69485415008744,19.136793055493175,30.731884430202665,15.60469855,19.63304184
2017-03-31,2017-04-15,2017-04-28,west_north,7.24978815,33.07235061,validation,8.10475006,35.45569825,7.7194363219990425,22.498071764343223,8.640617567445783,27.9248143559277,8.266520557819934,22.654096411302167,7.738625848799663,23.576079872497473,0.24568943,44.37855268
2017-03-31,2017-04-15,2017-04-28,west_south,16.89100316,2.89800252,validation,16.3932643,5.12585964,15.673466434370026,3.5380241631167184,16.841915508,3.387072199036144,16.257637649237722,1.9944744663562588,15.645826684062328,6.2092934957768975,8.40284837,32.99280973
2017-04-14,2017-04-29,2017-05-12,central_north,12.03485605,62.5978235,validation,12.8686192,67.90319241,13.024317177691643,39.69336174218778,13.399398171421685,57.04942050185542,13.261421312095319,43.47936334770313,12.944394054846576,40.51118807144174,0.06278854,11.82719974
2017-04-14,2017-04-29,2017-05-12,central_south,19.35529455,54.61206551,validation,20.82736176,62.65847596,21.042457952660488,39.32395061791978,21.628997961686746,59.74752681749398,21.353624954720832,43.879986009687016,21.09967030764721,38.01439513334557,12.82983983,32.09550329
2017-04-14,2017-04-29,2017-05-12,east_north,11.50192938,69.14310048,validation,13.11305154,42.62459213,13.080229159586025,44.82828066505012,14.521628602433736,34.78670380156627,13.693458285758968,41.04911840011043,13.47572329430869,41.9863974924811,-1.38713367,38.78163024
2017-04-14,2017-04-29,2017-05-12,east_south,20.9040007,35.92729312,validation,20.36449012,38.84164481,20.658943909743627,41.568216809755164,21.333261980361446,33.91037094693976,20.93656470979118,38.69718020949708,20.70719884558068,37.414395383341414,11.80915899,31.91247148
2017-04-14,2017-04-29,2017-05-12,west_north,11.39251685,12.41312209,validation,8.89236203,36.09610876,9.946559006047785,21.442896138587464,9.428229537445782,28.565224865927703,9.803124350684893,23.039247402094013,9.725765400636018,23.81045647509931,3.73561663,30.26444499
2017-04-14,2017-04-29,2017-05-12,west_south,17.06362575,7.50343079,validation,17.09896225,9.42541736,17.726625533216577,2.4517041777813446,17.547613458,7.686629919036145,17.670335306484144,3.3212915438195694,17.092226269315077,5.312479672857432,12.68538111,1.23589957
2017-04-28,2017-05-13,2017-05-26,central_north,14.64209958,52.8922339,validation,15.24473018,65.78074913,15.830047167010397,42.62148160145486,15.775509151421685,54.926977221855424,15.779043090657975,45.703680834761656,15.271453848785743,45.66915354876693,6.97514052,25.33750847
2017-04-28,2017-05-13,2017-05-26,central_south,22.23039366,55.3873819,validation,22.8393041,30.54576429,22.93503487729668,40.29295791960127,23.640940301686747,27.634815147493978,23.154040570131738,36.677650753388335,23.14806306890337,40.92817807203322,18.81074929,28.08362748
2017-04-28,2017-05-13,2017-05-26,east_north,16.05437146,60.93686701,validation,14.31701481,44.06995688,15.764837300827537,46.547766880340966,15.725591872433736,36.232068551566265,15.656389200570686,43.67410069626381,15.509057233111339,44.78481613645721,3.64452493,25.04091894
2017-04-28,2017-05-13,2017-05-26,east_south,23.23088927,77.90811674,validation,21.41123208,29.98753158,22.411372951925262,46.144957760372364,22.380003940361448,25.056257716939758,22.308272380822398,40.61926143773536,22.238744418698037,38.41470429671121,15.47555732,16.51335284
2017-04-28,2017-05-13,2017-05-26,west_north,10.78548586,20.5782236,validation,11.88869915,31.92966778,12.279716211634408,19.858351178084064,12.424566657445784,24.398783885927703,12.302128546742658,21.08410768354959,12.001639412041918,22.657902012913848,7.03159389,37.85961531
2017-04-28,2017-05-13,2017-05-26,west_south,18.28574894,1.561095,validation,19.39989509,3.67483497,19.803820938526485,2.779355696538894,19.848546298000002,1.9360475290361443,19.739574211828916,2.5516162774166133,19.53598393366651,5.07692641536212,14.66909649,8.82439416
2017-05-12,2017-05-27,2017-06-09,central_north,18.95090332,19.4460858,validation,18.2225812,59.96210418,18.302913054833812,44.0818367013722,18.753360171421686,49.10833227185542,18.359019784451416,45.58044063237223,17.85931989922959,47.0367203598999,8.83690667,35.82210264
2017-05-12,2017-05-27,2017-06-09,central_south,24.08923586,64.14441869,validation,24.44478216,33.9926528,24.63882188983156,40.857849580886395,25.246418361686747,31.08170365749398,24.748628592510908,38.650584439818175,24.95315172052969,42.82239591817759,17.43723534,51.95800169
2017-05-12,2017-05-27,2017-06-09,east_north,16.61994241,37.08206852,validation,17.057707,40.81722598,18.078502484126567,47.43170350300366,18.466284062433736,32.97933765156627,18.05204721782254,43.849883849447394,17.768879853197266,45.216515693655396,9.01559731,66.28576409
2017-05-12,2017-05-27,2017-06-09,east_south,24.1543723,77.98558047,validation,23.49663762,73.70193505,23.98026338574791,51.913470126413074,24.465409480361448,68.77066118693976,24.117452788485803,56.938928752151625,24.255207491244356,62.840874746688044,18.19339105,57.05358401
2017-05-12,2017-05-27,2017-06-09,west_north,16.43596233,7.57447149,validation,13.70205941,32.97270564,14.62233955907102,17.76577143450204,14.237926917445783,25.441821745927705,14.324611537029547,20.48331868177978,14.242409306659638,19.992648354480263,6.17777607,35.34750193
2017-05-12,2017-05-27,2017-06-09,west_south,22.41773299,2.99475969,validation,20.85291383,1.83517455,21.820788086244523,4.460038615240443,21.301565038,0.09638710903614434,21.437170840717304,4.05886963313098,21.68505263924482,5.576711675036076,13.379401,5.92062205
2017-05-26,2017-06-10,2017-06-23,central_north,21.65035364,46.9196337,validation,19.44641194,67.25113154,20.343295646155752,44.08542964511474,19.977190911421687,56.39735963185542,20.004139039256064,48.25640177252295,20.12292999537282,51.67554482463217,11.43404132,37.46312628
2017-05-26,2017-06-10,2017-06-23,central_south,27.27241052,43.12489318,validation,26.00534971,48.73817693,26.098431524983333,41.02322556322021,26.80698591168675,45.82722778749398,26.22767783141024,43.21296176742753,26.451724054601456,45.847552680291315,20.16652497,35.23255306
2017-05-26,2017-06-10,2017-06-23,east_north,22.00716989,51.34247589,validation,20.06019536,61.47724653,19.92113001352086,47.5188502192962,21.468772422433737,53.63935820156627,20.356817695780553,49.518565289889324,19.84355710039248,47.57828759605263,12.23854099,42.70495592
2017-05-26,2017-06-10,2017-06-23,east_south,25.87228626,69.84972409,validation,24.72078866,84.77248857,25.309026178244686,58.04586704763501,25.689560520361447,79.84121470693975,25.394351355350434,65.05816388529479,25.703409959620746,74.06259001611251,20.65286849,61.8666017
2017-05-26,2017-06-10,2017-06-23,west_north,16.85429911,17.74195974,validation,15.73765157,21.36660517,16.821500526645163,15.329260048762936,16.273519077445783,13.835721275927703,16.35585899870865,16.110728796368235,16.34394636207383,16.42177807481511,7.58915659,33.11170063
2017-05-26,2017-06-10,2017-06-23,west_south,25.22276025,0.35485741,validation,23.03351393,0.77907553,23.658462293663245,7.148126678464035,23.482165138000003,0.0,23.36356240726,6.184331825238626,23.885707136207458,6.569660232858276,16.78988637,3.11586169
2017-06-09,2017-06-24,2017-07-07,central_north,20.8217513,36.58679909,validation,20.49039011,54.90460768,21.854744997195937,42.842974990008244,21.021169081421686,44.05083577185542,21.2688558901067,44.65927317918627,21.76031931472677,46.71229456768131,10.8865124,63.04247998
2017-06-09,2017-06-24,2017-07-07,central_south,26.66833216,65.42845179,validation,26.39391157,55.59714121,27.239946850209954,40.84036765214118,27.195547771686748,52.68619206749398,27.051484153852535,45.63281570242971,27.160566237162833,51.12996089306306,19.20210506,54.71960055
2017-06-09,2017-06-24,2017-07-07,east_north,20.74451722,56.48635981,validation,20.65660831,64.71238676,21.218878324955256,46.987059699457085,22.065185372433735,56.874498431566266,21.3463851648109,50.6796040936827,21.165564493790892,48.41883251138685,12.23229695,67.18608119
2017-06-09,2017-06-24,2017-07-07,east_south,26.44616439,60.06797322,validation,25.36913311,90.03271168,26.333359032758885,63.530084566279115,26.337904970361446,85.10143781693976,26.275985058681982,71.17106839618965,26.60579770385921,80.25003156835096,21.0661357,36.6688374
2017-06-09,2017-06-24,2017-07-07,west_north,20.43150239,2.53920793,validation,18.47763781,11.05504123,18.68076678829788,12.836359958129654,19.013505317445784,3.524157335927705,18.522709553443153,11.633428259726184,18.882628046008026,11.625247824821304,10.28234541,17.20518653
2017-06-09,2017-06-24,2017-07-07,west_south,27.04474631,2.39457251,validation,25.54243125,1.83040997,25.170451948176073,10.289832771609177,25.991082458,0.09162252903614432,25.278973246387554,8.92322177659428,25.858132244201883,7.96726778567219,16.83558302,7.07837349
2017-06-23,2017-07-08,2017-07-21,central_north,24.09550332,34.69120284,validation,22.97026031,48.85215419,22.744694364447454,40.70473820185587,23.501039281421686,37.99838228185541,22.825787290477823,41.32887276001253,23.154599115216012,39.450951215721844,14.38331156,59.09945256
2017-06-23,2017-07-08,2017-07-21,central_south,28.00600226,32.36641991,validation,26.85555468,39.14375819,27.972835924510694,40.39043716898738,27.65719088168675,36.23280904749397,27.66299209495532,41.43179706686372,27.573367579606643,38.84670803683768,21.9116673,62.26128875
2017-06-23,2017-07-08,2017-07-21,east_north,22.69791484,45.8379273,validation,21.66537232,56.47629938,21.921020737815283,46.10139404171561,23.073949382433735,48.638411051566266,22.183496208076335,48.14616460189082,22.357286677939975,44.97027799896786,15.58475191,44.3192402
2017-06-23,2017-07-08,2017-07-21,east_south,27.31778578,65.90351256,validation,25.81213082,67.45803573,26.982136693660898,67.37805571389708,26.780902680361446,62.526761866939765,26.834823170941533,68.54281536212339,26.839969563060972,65.3937605375796,23.48136944,61.18201328
2017-06-23,2017-07-08,2017-07-21,west_north,22.01841301,5.46668158,validation,20.80761404,13.29685874,19.987354042422705,10.648027275343166,21.343481547445784,5.765974845927704,20.26204012624906,10.577693353260472,20.831246358626267,8.180173954013014,10.89283426,21.62850684
2017-06-23,2017-07-08,2017-07-21,west_south,27.12396159,22.25490292,validation,25.93780858,11.86486827,26.200662815474903,13.245886563946993,26.386459788,10.126080829036145,26.085084027192227,14.334714817882691,26.19449169031629,16.180556927827343,17.8535272,2.42492065
2017-07-07,2017-07-22,2017-08-04,central_north,22.37240993,39.94790491,validation,23.25025023,30.20864828,22.931014237217312,38.0769304302515,23.781029201421685,19.354876371855415,23.066116975663654,34.693265583278816,23.348479944022976,30.021273293086747,18.24352162,20.80015001
2017-07-07,2017-07-22,2017-08-04,central_south,27.65508063,38.03310266,validation,26.51826265,40.37403042,28.20078467093972,39.76372277207166,27.319898851686748,37.46308127749397,27.709837153183756,41.74783517823812,27.500617995125076,39.25731194985329,24.05950134,63.78966291
2017-07-07,2017-07-22,2017-08-04,east_north,21.21556261,49.40746232,validation,21.59335038,39.42487343,21.997370227247863,45.145491783556345,23.001927442433736,31.586985101566263,22.223524698685754,43.27118198806306,22.30852495264693,45.045423153109056,16.35640086,58.38459135
2017-07-07,2017-07-22,2017-08-04,east_south,26.40659289,61.3613602,validation,25.63262407,70.29426501,27.18424664208721,68.83555288635374,26.601395930361445,65.36299114693976,26.942498949817775,70.78017600369044,26.95160824124437,67.20023635063004,24.03253695,81.89895209
2017-07-07,2017-07-22,2017-08-04,west_north,22.12617855,9.45982817,validation,21.76872623,16.6734947,20.548407578171613,9.128401643398401,22.30459373744578,9.142610805927703,21.037718658471874,10.434716540103075,21.586510559625303,8.215935071525585,15.80689012,6.01974335
2017-07-07,2017-07-22,2017-08-04,west_south,26.23072903,33.34504651,validation,26.7259246,13.35690122,26.607968459475494,15.43264070330277,27.174575808,11.618113779036143,26.710917245062753,16.48257339315847,26.30620106895147,16.84686875247076,22.04264522,2.51772685
2017-07-21,2017-08-05,2017-08-18,central_north,20.1338973,52.6417301,validation,21.52206021,44.14333119,22.35375261028647,35.33390950002873,22.052839181421685,33.28955928185542,22.104990341315283,36.87979878829604,22.162803090142223,36.41589394009013,21.7898968,41.16764595
2017-07-21,2017-08-05,2017-08-18,central_south,27.0589678,81.05817331,validation,26.41515543,30.75858967,27.839546899061396,39.03979254262993,27.216791631686746,27.847640527493976,27.511668613907844,38.72245494894025,27.47550385106007,36.810092884074436,26.66655319,27.51901191
2017-07-21,2017-08-05,2017-08-18,east_north,20.52199267,46.33675424,validation,20.27338101,50.74730392,21.43766822303476,44.35228371591538,21.681958072433737,42.909415591566265,21.4440090334069,46.090057196462766,21.13917888969366,44.477120271530325,21.30776699,43.04028899
2017-07-21,2017-08-05,2017-08-18,east_south,27.12605982,78.33588195,validation,25.55542692,57.16189586,26.880354336029505,67.54681242327432,26.524198780361445,52.23062199693976,26.77883566448307,66.40545557833869,26.64044697635293,64.20400596284958,25.12750604,75.38371489
2017-07-21,2017-08-05,2017-08-18,west_north,19.67078624,8.77991318,validation,19.83010119,23.13413852,20.22885803664512,8.569667670503511,20.365968697445783,15.603254625927704,20.123874794535777,12.381871713312304,19.782207032969673,12.793483075373544,16.59677451,20.14311946
2017-07-21,2017-08-05,2017-08-18,west_south,25.17657613,13.37184356,validation,24.96595921,18.11750627,26.29293906200769,16.449747242144298,25.414610418000002,16.378718829036146,25.875934637056417,19.09659798373467,25.55499110979924,22.30400242479269,24.45732349,0.6799563
2017-09-01,2017-09-16,2017-09-29,central_north,17.80213518,46.13806335,validation,15.38681569,29.30677042,16.07431099999051,28.388162040157415,15.917594661421687,18.452998511855416,16.061187951070576,27.560407983512004,15.732384086605311,28.85863976986747,23.50740226,36.9339999
2017-09-01,2017-09-16,2017-09-29,central_south,25.17568519,39.97238309,validation,21.86267992,13.32053672,22.98432541945208,36.67600343998039,22.66431612168675,10.409587577493976,22.926376870102256,31.856492824780855,23.10565957646824,36.093251230095845,28.11857842,32.46250782
2017-09-01,2017-09-16,2017-09-29,east_north,20.79071209,5.03577608,validation,14.74079868,42.68823351,16.192532383798003,43.58543219082661,16.149375742433737,34.85034518156627,16.254658266499685,43.14342068064758,15.846824612105955,45.29115079134786,21.54766188,44.27227612
2017-09-01,2017-09-16,2017-09-29,east_south,25.34488876,10.55861776,validation,21.48769477,44.79557834,22.80680302558093,50.647855884797686,22.456466630361447,39.86430447693976,22.794696075069584,50.03469444805464,22.594577551775163,52.270263700807945,26.69617674,56.65996371
2017-09-01,2017-09-16,2017-09-29,west_north,10.52206312,26.44550944,validation,14.19942759,14.9180702,14.056106856562765,13.36059661884565,14.735295097445784,7.387186305927705,14.396913117277151,13.407075079000077,14.049670111117141,13.364863432932765,21.97122251,10.08516312
2017-09-01,2017-09-16,2017-09-29,west_south,19.12956329,7.83996788,validation,21.41386638,7.25318422,21.06195871764203,12.590072884397022,21.862517588000003,5.514396779036144,21.509173154234375,12.4703037668971,21.64061899586168,9.477828946630547,26.18295168,34.61110871
2017-09-15,2017-09-30,2017-10-13,central_north,13.75556651,47.2174306,validation,12.07225456,28.46201236,12.764023419548788,26.464439420322396,12.603033531421685,17.608240451855416,12.767590514337005,25.637751180804475,12.458182908383677,26.49582098712251,19.69085836,48.94980009
2017-09-15,2017-09-30,2017-10-13,central_south,22.58148923,32.77034328,validation,18.5089628,21.31757774,20.33308558525069,35.820542335852444,19.310599001686747,18.406628597493977,19.999807562801827,33.19107551124932,20.339673401680873,38.14741507711733,26.83505648,81.09007202
2017-09-15,2017-09-30,2017-10-13,east_north,16.29748439,45.65672418,validation,11.28184582,33.67303429,13.486760486384886,43.48628035481122,12.690422882433735,25.835145961566262,13.22534298010979,40.56647524339084,13.010481754673581,40.79642254999679,20.54531879,46.90180308
2017-09-15,2017-09-30,2017-10-13,east_south,23.73506637,46.97884059,validation,18.53313231,32.67716863,20.5809676345926,43.59267426011175,19.501904170361446,27.745894766939756,20.2155920129383,41.37656229843358,20.20452828553811,43.94155068201357,26.75512651,82.4002201
2017-09-15,2017-09-30,2017-10-13,west_north,7.90206506,12.56333659,validation,10.71827075,21.87864204,10.793268688873212,16.50784868595729,11.254138257445783,14.347758145927703,11.088923538086512,17.385741330112907,10.906611318466801,16.329731806974873,20.02935499,9.07525061
2017-09-15,2017-09-30,2017-10-13,west_south,18.25596074,3.74033376,validation,18.35920795,9.51906236,18.292023594460407,10.274493610372549,18.807859158,7.7802749190361435,18.627490426973065,11.085834014362366,18.693187008677075,8.021356788876002,25.38138493,16.49142584
2017-09-29,2017-10-14,2017-10-27,central_north,11.00689436,29.49425179,validation,10.49785676,35.20610093,9.14524598191103,24.488909955726257,11.028635731421685,24.352329021855414,10.007263516848962,24.9458509549413,9.878547864997188,23.771866714133264,20.5310144,36.94894683
2017-09-29,2017-10-14,2017-10-27,central_south,17.452936,22.38243313,validation,17.12792454,29.37741109,17.436552710718743,34.900006404467554,17.929560741686746,26.466461947493976,17.725101539712835,33.691874515160734,17.446670575797672,33.17162499021637,26.16231027,76.93541882
2017-09-29,2017-10-14,2017-10-27,east_north,12.83429501,43.71836841,validation,10.27353716,18.45344443,10.50316629359516,43.104329360906746,11.682114222433736,10.615556101566266,11.017989379718255,35.17681693828567,11.323746283032875,30.279782061691616,19.82424966,35.28420458
2017-09-29,2017-10-14,2017-10-27,east_south,18.51244019,40.84846877,validation,17.02874213,12.54539187,18.13496286767491,37.55736429578424,17.997513990361448,7.614118006939759,18.072117491618535,30.728871534957403,18.555835115599635,30.48661074797351,26.51546091,46.61617047
2017-09-29,2017-10-14,2017-10-27,west_north,8.34344507,21.29367524,validation,6.16524783,35.53486623,7.384084526434113,19.815826445533858,6.701115337445784,28.003982335927702,7.225786825897061,23.449575988046373,7.777208305269096,20.1881877082642,20.40452102,2.20265969
2017-09-29,2017-10-14,2017-10-27,west_south,17.48137063,0.71292093,validation,14.26680744,12.56878471,15.363026750866906,8.378054069335521,14.715458648,10.829997269036143,15.187979383697442,10.402277898589755,15.626826563268782,10.526993571405814,25.55735759,8.0117541
2017-10-27,2017-11-11,2017-11-24,central_north,3.44241912,11.19220589,validation,2.14992994,33.25939971,1.9976473315952146,19.890640430351123,2.6807089114216867,22.405627801855413,2.281113921937473,20.551771495862617,2.686517365335093,18.90857550092736,18.64780733,47.21073675
2017-10-27,2017-11-11,2017-11-24,central_south,13.37549055,4.43379814,validation,11.79611199,44.1633627,11.842917483076125,32.88289914917858,12.597748191686748,41.25241355749398,12.158216357523074,34.93546490754899,12.458613136090587,37.0400504869791,25.72257952,30.09867906
2017-10-27,2017-11-11,2017-11-24,east_north,2.76990693,30.5056172,validation,4.24351865,49.09855107,4.402973533368556,40.83405963872398,5.652095712433736,41.260662741566264,4.906834085548048,40.56579278047438,4.701724874175034,38.00157444309143,21.48143256,7.52927811
2017-10-27,2017-11-11,2017-11-24,east_south,12.32575479,17.24969857,validation,14.10300324,43.87385369,13.324683766072356,31.21653557340556,15.071775100361444,38.942579826939756,13.962480701360839,32.48579388599923,13.995631761921736,33.659952787184764,25.232962,12.35449664
2017-10-27,2017-11-11,2017-11-24,west_north,4.44626166,43.94412543,validation,1.19568834,42.88534496,1.3322861145653164,25.30855240068497,1.7315558474457835,35.3544610659277,1.566041902937789,28.12415998250999,2.1248346792846293,28.198148291864353,10.56119927,31.37528401
2017-10-27,2017-11-11,2017-11-24,west_south,13.15549987,1.38083683,validation,9.47769885,17.10877041,10.009467752592098,7.4831050305882885,9.926350058,15.369982969036146,9.965718620209614,9.637231870213457,9.936445004038426,8.57189958218567,19.55721098,3.86223966
2017-11-10,2017-11-25,2017-12-08,central_north,2.62509999,6.66537506,validation,-0.07714157,27.95887785,-1.0090100032995903,17.310491924789172,0.45363740142168674,17.105105941855417,-0.4445565921662862,16.528258611891527,-0.07434273070586062,15.641941382051126,13.99130517,48.50942796
2017-11-10,2017-11-25,2017-12-08,central_south,11.65134349,22.5033285,validation,9.34928119,39.60561467,9.608843157885428,31.876861710175003,10.150917391686747,36.69466552749398,9.773564810028489,32.48104629567763,9.9046167839631,32.83919117826754,22.47309658,42.70701117
2017-11-10,2017-11-25,2017-12-08,east_north,3.60462098,14.14552277,validation,1.70855335,45.89363391,1.6781700975212175,38.911793996370804,3.117130412433736,38.05574558156626,2.213805431890056,37.732835786924326,2.2154609644562697,36.91990403267695,16.42889603,39.71117627
2017-11-10,2017-11-25,2017-12-08,east_south,13.34813752,18.08369671,validation,11.1504017,36.90638157,11.336905640874345,31.192826683742002,12.119173560361444,31.97510770693976,11.500796048634314,30.329649463161903,11.742798372048508,31.535931581203247,23.93892144,44.19228427
2017-11-10,2017-11-25,2017-12-08,west_north,1.23008967,15.69819339,validation,-0.96316137,35.92190871,-0.833561970713885,26.930066337462314,-0.42729386255421653,28.3910248159277,-0.6569474761776064,26.908525066794727,-0.5011700652708571,29.20910502269876,8.89108916,11.31963326
2017-11-10,2017-11-25,2017-12-08,west_south,10.52191672,1.23372604,validation,7.20518192,16.52162465,7.997977693890644,8.68712868513073,7.6538331280000005,14.782837209036144,7.790772089559551,9.859692407891398,7.6457347317967885,7.977828166454168,18.38400899,8.7527974
2018-01-05,2018-01-20,2018-02-02,central_north,-2.29035519,11.66154496,test,-2.80777203,33.47252723,-5.025388739953111,11.4661941018756,-2.2769930585783134,22.618755321855414,-3.823325134537039,11.73619857538893,-3.705885817363048,15.317153571713394,4.28986899,6.34556549
2018-01-05,2018-01-20,2018-02-02,central_south,9.26588266,20.6496316,test,9.53653865,45.52703945,7.577721440366103,30.103004021654975,10.338174851686748,42.61609030749398,8.7261758140705,30.22209462362596,8.528602779177136,32.023338577778034,12.98972993,13.79163138
2018-01-05,2018-01-20,2018-02-02,east_north,-0.04428289,27.8084808,test,-2.33339494,61.43944947,-3.083241946716443,31.377775342139586,-0.9248178775662639,53.601561141566265,-2.112465460411774,34.63276291191298,-2.2157268852478804,34.640043833304915,4.02566316,15.69014911
2018-01-05,2018-01-20,2018-02-02,east_south,10.30835154,41.8827798,test,11.65486286,48.47619705,8.990848005158654,39.398826507680276,12.623634720361444,43.54492318693976,10.451834931811149,36.83960278946802,10.194939887090527,34.663389368413206,13.66401883,12.77344811
2018-01-05,2018-01-20,2018-02-02,west_north,0.17379242,28.31077294,test,-2.30372019,35.75361924,-2.2103646546985645,26.149936713927772,-1.7678526825542165,28.222735345927703,-1.9902848495922743,24.38068342484577,-2.1043556780861774,24.865369560496607,2.6717609,21.82220901
2018-01-05,2018-01-20,2018-02-02,west_south,7.73590892,2.47674448,test,6.39215403,18.46543861,6.2564559112420595,15.953990633896042,6.840805238000001,16.726651169036145,6.504271709070321,13.650379476788299,6.596846819634465,13.97317114252187,11.72825137,1.03415772
2018-01-19,2018-02-03,2018-02-16,central_north,-7.72768834,12.22810008,test,-5.5154295,24.73500844,-3.8049851935526355,12.851882506592204,-4.984650528578313,13.881236531855418,-4.194622269832175,11.527481352170284,-4.592922774114975,14.89341261651374,-0.76558506,4.58554858
2018-01-19,2018-02-03,2018-02-16,central_south,9.41058932,47.12986365,test,8.1773055,51.17628168,8.772242014786618,30.66620507365716,8.978941701686747,48.265332537493975,8.928599514362258,32.76757951223918,8.840144536735224,29.943660678563003,7.6864514,37.82043363
2018-01-19,2018-02-03,2018-02-16,east_north,-1.39325761,59.83286351,test,-4.33275142,45.29314517,-2.300933780339207,31.17107495522556,-2.9241743575662644,37.45525684156627,-2.447537694647513,30.97736994135209,-2.5422680414808774,29.77185397337823,-2.05223184,14.94448352
2018-01-19,2018-02-03,2018-02-16,east_south,13.9078108,57.0086836,test,10.64773426,68.68903338,9.879801710404587,40.12104202701537,11.616506120361445,63.75775951693976,10.659583757618904,43.19044111604339,10.627336378712958,43.51731002857683,9.23882616,40.16541225
2018-01-19,2018-02-03,2018-02-16,west_north,-0.363738,18.67259451,test,-2.7034003,27.01867084,-1.140383590186527,25.2393494691473,-2.1675327925542165,19.487786945927702,-1.4854404517172268,21.694848834483338,-1.1653220213980626,21.416326049821134,-1.27857793,11.65225456
2018-01-19,2018-02-03,2018-02-16,west_south,10.43683113,11.06154143,test,6.90057222,21.3440304,7.1836880783522865,15.829380579266662,7.349223428,19.605242959036147,7.333669713476838,14.30489316453659,7.447249170590907,14.290755332591978,7.01079487,2.07799614
2018-02-02,2018-02-17,2018-03-02,central_north,-1.89994847,38.10854947,test,-0.32452338,22.5538948,-1.859795788007328,15.689041791739324,0.20625559142168676,11.700122891855415,-0.8333414773760293,11.924317038242645,-0.7539104677412911,11.964232501824451,-12.83593701,9.58156543
2018-02-02,2018-02-17,2018-03-02,central_south,13.95629093,87.79783541,test,9.42824248,37.27014075,10.428883097121734,31.67003031864624,10.229878681686747,34.35919160749398,10.454584207462531,29.91814719934735,10.665865814553225,29.50280796066387,3.37014837,19.68840643
2018-02-02,2018-02-17,2018-03-02,east_north,5.38107346,60.69442524,test,-3.3326824,35.95693235,-0.7720857260205367,32.01550145368202,-1.924105337566264,28.119044021566268,-1.0893910943563334,29.27714489685383,-1.3346549898951698,29.444795389730555,-8.31951194,23.58750665
2018-02-02,2018-02-17,2018-03-02,east_south,17.98207444,25.77859144,test,8.95767193,34.54161006,11.212115650784295,39.79950230290254,9.926443790361445,29.610336196939755,10.734728366020892,34.89303015560537,10.5003689815772,36.10463557461301,7.01982034,22.80790433
2018-02-02,2018-02-17,2018-03-02,west_north,-4.49486726,30.27660798,test,2.48554122,25.27032521,0.237475313451541,24.48223320023117,3.0214087274457837,17.739441315927703,1.55161361863474,19.43535039098426,1.4715368874709307,18.119420223473433,-4.68782595,21.11998669
2018-02-02,2018-02-17,2018-03-02,west_south,5.68734515,12.33460343,test,10.48606461,27.80378469,8.457929399602742,14.438439680380593,10.934715818,26.064997249036146,9.655273256603792,14.24302334923594,9.626965226188233,16.266349505742358,7.46751284,0.57952907
2018-02-16,2018-03-03,2018-03-16,central_north,0.78315306,9.60039593,test,-1.32265359,39.54846808,0.6467407685512243,19.79329837653933,-0.7918746185783133,28.694696171855416,0.2759950738574183,20.61718597983967,-0.035090593640888734,19.29563691902275,-7.84440426,11.0143454
2018-02-16,2018-03-03,2018-03-16,central_south,12.77863659,15.91013357,test,10.77489748,64.0425313,12.394895935817823,33.03634398959911,11.576533681686747,61.131582157493966,12.25624739882618,38.312905965548424,12.218415558117012,34.19604297020021,4.62037185,18.08450402
2018-02-16,2018-03-03,2018-03-16,east_north,0.06011244,26.86079164,test,-0.38824977,46.05755813,1.3843774720691995,33.83396585222976,1.0203272924337359,38.21966980156626,1.4574850651838211,33.11702332525566,1.430277778545191,30.263154421002238,-5.94564278,47.09502539
2018-02-16,2018-03-03,2018-03-16,east_south,9.79440862,23.26742992,test,11.55941788,63.35661034,12.86809764510391,38.8065737603163,12.528189740361444,58.42533647693976,12.887111342003497,41.615381545885356,12.741764060417115,40.89201327008013,5.79033612,30.01406608
2018-02-16,2018-03-03,2018-03-16,west_north,1.60175212,24.11648427,test,-1.29293543,39.04368197,1.8303992195681107,23.941735359342182,-0.7570679225542165,31.512798075927705,0.9726520136173056,24.559449006408766,1.4807607320901928,27.23935768240509,0.4003544,29.8672639
2018-02-16,2018-03-03,2018-03-16,west_south,10.57849555,13.97651541,test,7.9032613,28.22176137,9.986737445756093,12.000783307998656,8.351912508,26.482973929036145,9.51157359533456,14.026855495753068,10.198362505667319,15.221416061322024,9.25562438,20.06171028
2018-03-02,2018-03-17,2018-03-30,central_north,3.04907207,30.57665835,test,3.47084379,42.41994468,3.5356805711548196,24.775871539830952,4.001622761421687,31.566172771855417,3.97217986565286,24.598952234146452,3.898235919818508,22.61253417858826,-0.96693867,11.12893967
2018-03-02,2018-03-17,2018-03-30,central_south,16.39212109,48.33354168,test,15.23139334,55.08583071,14.527740062866384,34.63699164857952,16.033029541686748,52.17488156749398,15.362071664507447,36.6298098196706,15.183065268339224,33.31809294834038,8.5142134,20.04173626
2018-03-02,2018-03-17,2018-03-30,east_north,2.07327073,32.25791488,test,2.0338555,55.84857431,4.009969821476928,36.385782807423475,3.442432562433736,48.01068598156626,4.020851072469685,37.83810136396389,4.40893465509865,34.986284131303236,-0.17446133,25.16661888
2018-03-02,2018-03-17,2018-03-30,east_south,14.11566537,42.16969081,test,14.17571332,50.94157201,14.727217876190789,37.78491978527507,15.144485180361444,46.01029814693976,15.057375354026732,37.61157767132447,15.03017283804143,35.577811600231584,9.36706416,41.46647828
2018-03-02,2018-03-17,2018-03-30,west_north,3.48568335,32.24458007,test,3.46582397,38.02696123,3.588743921884807,23.556300892068066,4.0016914774457835,30.4960773359277,4.006511266316326,23.33732229844798,3.8990161328514574,21.800859666021307,0.18443954,32.19114682
2018-03-02,2018-03-17,2018-03-30,west_south,11.55755689,17.05848656,test,12.44674666,15.05854613,11.7020993174678,8.982803991526064,12.895397868000002,13.319758689036144,12.401801840192746,7.694385289983355,12.451530442401214,10.581982437521507,7.37043322,2.69545811
2018-03-16,2018-03-31,2018-04-13,central_north,1.42907182,16.02485206,test,5.76869841,51.14884933,6.630699558786398,30.100574742919488,6.299477381421687,40.29507742185541,6.715042075263409,31.361907612189345,6.734800169573224,28.122381210430174,-8.68630062,10.44613912
2018-03-16,2018-03-31,2018-04-13,central_south,15.42001118,19.2711857,test,15.80645152,54.86256647,16.70992310857904,36.31241333740419,16.608087721686747,51.95161732749398,16.852298520563497,38.70917331222553,16.76433973129174,31.393455633721157,8.10238247,45.58235934
2018-03-16,2018-03-31,2018-04-13,east_north,4.34463157,31.66998316,test,4.79030067,57.30724615,6.9235312287615525,39.31144791296688,6.198877732433735,49.46935782156626,6.835126366808917,40.71401344606353,7.411113842786936,39.083042198343094,-2.82825379,52.22382296
2018-03-16,2018-03-31,2018-04-13,east_south,15.81339975,31.52650814,test,15.51706369,54.88587894,16.680741851940038,37.47720085640771,16.485835550361447,49.95460507693976,16.743654985496022,39.031567135796905,16.742041165587597,35.98031337453061,12.41606592,57.93495982
2018-03-16,2018-03-31,2018-04-13,west_north,5.43857633,38.76787826,test,4.64155216,35.78980094,5.499272466184049,23.164332828222108,5.1774196674457835,28.258917045927703,5.588264387546973,23.105821929939854,5.580956680809672,23.21537419277519,0.35981578,17.46763944
2018-03-16,2018-03-31,2018-04-13,west_south,16.5723829,2.23871297,test,13.03417282,10.1459029,13.559752798720398,5.996636607357373,13.482824028000001,8.407115459036143,13.695572092948073,5.004339468197232,13.413646426012132,5.310389107124969,10.8095331,2.19390647
2018-03-30,2018-04-14,2018-04-27,central_north,6.51251731,29.08648661,test,8.56682458,59.01703647,9.77044801926772,35.1713324266889,9.097603551421686,48.163264561855414,9.655745279437678,37.65851658426713,9.634805930626204,33.92245252717585,-2.34433677,38.40948352
2018-03-30,2018-04-14,2018-04-27,central_south,15.76077755,50.63976811,test,18.04771084,45.14335925,18.854503307421176,37.89613813464277,18.849347041686748,42.232410107493976,18.967740287726887,37.77004977778613,18.833694443662367,36.61275464320914,14.5099136,78.23421102
2018-03-30,2018-04-14,2018-04-27,east_north,7.82167749,67.12603056,test,7.57043127,53.93419992,9.938420906739575,42.20167927996548,8.979008332433736,46.09631159156626,9.672495993977726,42.39895799563216,10.263162115783619,42.29810110927478,5.78207896,56.68011967
2018-03-30,2018-04-14,2018-04-27,east_south,17.35291541,75.82531491,test,16.82849018,35.04321356,18.63832996715493,38.52762426449491,17.797262040361446,30.111939696939757,18.346641058578168,35.285829764429934,18.887998428493372,35.19966156201305,18.47694509,13.7438067
2018-03-30,2018-04-14,2018-04-27,west_north,8.38981223,14.3518653,test,6.6939705,36.61583066,7.565834386732331,22.555356535586757,7.2298380074457835,29.084946765927704,7.594147381845883,23.370813618798064,7.48313618513186,23.58339348036985,-4.86686518,25.06949168
2018-03-30,2018-04-14,2018-04-27,west_south,15.72799209,1.25847775,test,15.02859775,6.30081779,15.529281266053582,3.665168304229674,15.477248958,4.562030349036144,15.610004215899682,2.753865280901895,15.004938200408876,4.4626374291546504,5.79892135,17.30686359
2018-04-13,2018-04-28,2018-05-11,central_north,15.26240077,29.84238438,test,11.34252322,52.71311158,12.813926133525625,39.43228817440555,11.873302191421686,41.85933967185542,12.480196023556491,39.65941395490728,12.142001009775246,40.66205131126442,0.52478611,10.68261117
2018-04-13,2018-04-28,2018-05-11,central_south,22.20454012,16.42237841,test,19.25545797,50.4483478,20.901228252451862,39.240268102853264,20.057094171686746,47.53739865749398,20.597369264155983,41.00660814788769,20.67396196844357,39.44097077047975,12.41722203,27.74312543
2018-04-13,2018-04-28,2018-05-11,east_north,14.75518226,30.43565265,test,10.19662471,54.78940219,12.877491671957,44.67574916634789,11.605201772433736,46.95151386156626,12.384338207912517,44.99346370874275,12.94167601439294,45.167586251491,0.58260187,39.85389166
2018-04-13,2018-04-28,2018-05-11,east_south,20.71751088,10.04713319,test,18.44267697,49.0231032,20.52814920854182,41.302203086522425,19.411448830361447,44.09182933693976,20.079603033506203,41.72444874245046,20.21977553331306,40.493505094294306,10.45144135,36.10762316
2018-04-13,2018-04-28,2018-05-11,west_north,11.96508543,14.70792124,test,9.68633437,26.3369131,9.783171371560806,21.53521389497868,10.222201877445784,18.806029205927704,10.029875778305541,20.179863771733366,9.450261517211832,21.70363961018767,1.33315518,25.7520082
2018-04-13,2018-04-28,2018-05-11,west_south,18.68699767,3.20286178,test,17.62525187,3.25471286,17.578389549247635,2.483563087243379,18.073903078,1.5159254190361444,17.79973218497198,1.45467107349784,17.15105192708312,4.805500662649587,10.2961531,15.18932065
2018-04-27,2018-05-12,2018-05-25,central_north,18.02399652,39.01477969,test,15.90491673,53.02674199,15.639466433718678,42.45977467889965,16.435695701421686,42.17297008185541,15.928807860589245,41.901799454331695,15.266426527298606,43.427636063399575,3.13229149,27.24379273
2018-04-27,2018-05-12,2018-05-25,central_south,25.24879807,35.64247306,test,22.74115443,28.3761091,22.80555349690659,40.236868131365476,23.54279063168675,25.465159957493977,23.03962409745014,36.00806717276053,23.042519512578608,39.88328246174808,16.48932498,25.72142678
2018-04-27,2018-05-12,2018-05-25,east_north,17.36169392,63.57049018,test,15.09970239,47.14167254,15.584024835660534,46.45213496327319,16.508279452433737,39.30378421156627,15.891668763744718,44.06913111826252,15.457249754697248,46.26310633021883,0.95258613,22.51768013
2018-04-27,2018-05-12,2018-05-25,east_south,24.40353271,108.51591512,test,21.36016098,50.19780485,22.291651808399166,45.770539848937446,22.328932840361446,45.266530986939756,22.258523297043944,45.61809453138221,21.930035628074638,45.57478989727926,13.12091479,36.82300665
2018-04-27,2018-05-12,2018-05-25,west_north,13.79627427,25.04004258,test,12.47281903,25.92447669,12.111271659401712,19.98945316109095,13.008686537445783,18.393592795927702,12.445369203941702,19.313326148837103,11.903251892109044,21.18213615493771,2.94247762,38.21890436
2018-04-27,2018-05-12,2018-05-25,west_south,19.28429212,1.02772714,test,19.59870912,3.62305252,19.656246158990125,2.7086240616944073,20.047360328,1.8842650790361442,19.743249262122834,2.332625928858967,19.510007510263996,4.7917249942687015,10.92495462,19.30353175
2018-05-11,2018-05-26,2018-06-08,central_north,21.49195319,40.24593457,test,17.96065066,54.14796299,18.139465595795595,44.02720935730793,18.491429631421685,43.294191081855416,18.149793299458434,43.99859934506303,17.718377019304633,45.874532387839395,0.54041174,17.6455584
2018-05-11,2018-05-26,2018-06-08,central_south,27.12313704,32.49536624,test,24.9784091,37.31097758,24.52446529600955,40.83110220034911,25.780045301686748,34.40002843749397,24.916147693737003,39.25699363006963,25.076055913173384,42.94126623048449,14.6231914,41.90957255
2018-05-11,2018-05-26,2018-06-08,east_north,19.34674194,38.98012681,test,17.02870179,58.87177587,17.92783307137996,47.39633494543165,18.437278852433735,51.033887541566266,17.990639378373686,48.52222490760816,17.249130764404807,49.45163822432596,3.68046222,40.57103987
2018-05-11,2018-05-26,2018-06-08,east_south,25.17917216,86.36589967,test,23.21169775,69.57696385,23.87545399889056,51.47805247477224,24.180469610361445,64.64568998693976,23.93293648126823,55.5375978569827,24.029832437111832,60.228219870518814,15.90362785,36.92056941
2018-05-11,2018-05-26,2018-06-08,west_north,15.94342069,16.4745374,test,15.92890219,18.0617763,14.457658563662722,17.929380689896632,16.464769697445785,10.530892405927702,15.14062224719071,15.856797919006276,14.991625522241868,15.550997110561912,5.68821477,32.57406135
2018-05-11,2018-05-26,2018-06-08,west_south,22.54620848,0.79057924,test,22.8531642,1.92712473,21.681068325218764,4.301052383697089,23.301815408,0.18833728903614433,22.198333512614106,3.237190504741676,22.64803605950017,3.21649086886724,16.66758828,2.47916262
2018-05-25,2018-06-09,2018-06-22,central_north,22.10939266,67.21388703,test,20.16449282,60.45089807,20.213966697313378,44.12996698648764,20.695271791421685,49.597126161855414,20.22079832520611,46.18478839359632,20.08211767040417,47.36255651625615,6.27046615,30.82989875
2018-05-25,2018-06-09,2018-06-22,central_south,27.60883861,46.88183359,test,26.41206838,39.05306916,26.003737180239277,41.02378628043087,27.21370458168675,36.14212001749398,26.327799556602915,40.451677583749486,26.60984072194564,41.8458738856976,16.40016948,44.14502476
2018-05-25,2018-06-09,2018-06-22,east_north,20.25545494,42.55857264,test,18.89194985,55.59343358,19.806848806957667,47.535905630212554,20.300526912433735,47.75554525156627,19.793801641234996,48.27855908593622,19.289915795594723,48.01993713747639,8.05512276,60.5708819
2018-05-25,2018-06-09,2018-06-22,east_south,26.6589463,49.86119726,test,24.22884338,70.13359755,25.223400807708934,57.61696534663584,25.197615240361447,65.20232368693976,25.11309124246596,60.95777406069665,25.348313451396827,64.12968637117051,17.34147419,71.0376336
2018-05-25,2018-06-09,2018-06-22,west_north,16.53398247,22.57117744,test,16.90324126,20.62360631,16.673191536503033,15.5091400364144,17.439108767445784,13.092722415927703,16.76070779203009,15.594629750198258,16.859925735111904,14.789597433572986,7.20174373,21.61631461
2018-05-25,2018-06-09,2018-06-22,west_south,24.32651479,8.23690834,test,24.01583525,2.34954223,23.536159364030905,6.933702326338379,24.464486458,0.6107547890361442,23.70909516017993,6.049886520315223,24.467034956697265,5.550869720865585,14.948195,1.44690766
2018-06-08,2018-06-23,2018-07-06,central_north,23.05704279,54.60878202,test,22.68213045,44.75367452,21.766336274881237,42.96610987130329,23.212909421421685,33.89990261185541,22.117164422315742,41.30269032521352,22.31738124377607,38.98592351313924,14.7332337,25.20320353
2018-06-08,2018-06-23,2018-07-06,central_south,28.54332562,36.33170139,test,27.05471285,34.48436205,27.170820892830214,40.86334987126436,27.85634905168675,31.573412907493978,27.249499914481145,39.79855455725087,27.50554721572189,38.036559436145524,20.97475923,22.73230132
2018-06-08,2018-06-23,2018-07-06,east_north,23.01379509,48.85300015,test,21.13756382,45.82373287,21.145455096330267,47.04019757566897,22.546140882433736,37.985844541566266,21.47086161479375,45.51318476192586,21.60999937128012,45.789240058079486,14.11778899,36.84393152
2018-06-08,2018-06-23,2018-07-06,east_south,27.22537002,72.13888483,test,25.52083333,74.08146964,26.271781928270347,63.18178400141154,26.489605190361445,69.15019577693975,26.273320979940483,66.59061731860099,26.61911727831271,68.15145817414279,19.90770612,13.06431334
2018-06-08,2018-06-23,2018-07-06,west_north,18.77477735,5.9237564,test,19.01808614,13.79207504,18.563792414806656,13.00879748365654,19.553953647445784,6.261191145927705,18.68751266096401,12.24880306046543,19.152840640631673,10.778259559488891,12.02325341,11.19475077
2018-06-08,2018-06-23,2018-07-06,west_south,26.23567996,1.86122032,test,25.7558785,8.90776391,25.076603129124713,10.063993626615439,26.204529708000003,7.168976469036144,25.326362159648212,10.499124634949634,25.904059265407323,10.120128882790315,18.25007038,3.17199888
2018-06-22,2018-07-07,2018-07-20,central_north,24.01122708,35.45431004,test,22.31721959,47.3989313,22.703582458431182,40.878533708718535,22.847998561421687,36.54515939185542,22.5237165114372,41.2469940544521,22.90184351312577,39.72004952671489,16.78013574,40.3653618
2018-06-22,2018-07-07,2018-07-20,central_south,28.45002486,36.6489178,test,27.39863711,33.00760201,27.936112107667956,40.42948871880393,28.200273311686747,30.096652867493976,27.855139920263003,39.62681477241783,27.936292361460417,35.79787510701742,25.08758725,29.60721839
2018-06-22,2018-07-07,2018-07-20,east_north,22.02609404,25.26878779,test,20.78995048,49.30994628,21.89137587783165,46.170208730360045,22.198527542433737,41.47205795156626,21.78402894869588,46.548655830976315,21.619445559229916,45.41900363475112,16.7923298,66.35285123
2018-06-22,2018-07-07,2018-07-20,east_south,26.68300914,54.30274664,test,25.59311023,70.53370365,26.949801142767747,67.175509442679,26.561882090361447,65.60242978693977,26.72635824467543,69.24029811441632,26.81931197202636,66.91576080491022,24.27991381,97.32342434
2018-06-22,2018-07-07,2018-07-20,west_north,22.37623159,6.82750632,test,20.90446126,16.95082911,19.916710582314185,10.786234676948766,21.440328767445784,9.419945215927704,20.266670690347073,11.573702768987076,20.80687226166648,8.356519168289553,13.17210919,24.77989435
2018-06-22,2018-07-07,2018-07-20,west_south,27.01784711,28.02504769,test,26.5654813,12.70981467,26.146238608398715,13.054120192157109,27.014132508,10.971027229036144,26.314809864652712,14.174006160776603,26.427041538288858,14.658523031254067,19.54128964,0.9993238
2018-07-06,2018-07-21,2018-08-03,central_north,21.20719346,31.62994106,test,22.41406043,41.64194137,22.9424927707277,38.272432419562236,22.944839401421685,30.788169461855414,22.73903546321505,38.11881784170262,22.95427570091868,36.03747442678328,21.60287356,40.07253789
2018-07-06,2018-07-21,2018-08-03,central_south,27.83792266,29.81036206,test,27.58261916,30.80591893,28.203182808038026,39.8125362021983,28.384255361686748,27.894969787493977,28.13481253790754,38.896562379255926,28.159295437555585,34.81541495892057,26.9295961,35.84681622
2018-07-06,2018-07-21,2018-08-03,east_north,22.46441743,92.13023809,test,21.38704537,49.03170209,22.013006064889908,45.21063692018689,22.795622432433735,41.19381376156627,22.158703999600537,45.914581632508714,22.161489596358066,44.070897846388746,19.48708299,39.11584145
2018-07-06,2018-07-21,2018-08-03,east_south,26.26460377,132.93204671,test,26.10132908,77.35258523,27.186002257469376,68.82096994373289,27.070100940361446,72.42131136693976,27.147700735015125,72.47059515382597,27.3658463275237,70.97331674625343,25.0967552,94.59335251
2018-07-06,2018-07-21,2018-08-03,west_north,22.14145959,5.17567007,test,22.03044012,18.79927099,20.536383324056448,9.207893842195313,22.566307627445784,11.268387095927704,21.140013015278715,10.954949821590944,21.753059288466332,8.470119825499381,15.7467466,19.15273627
2018-07-06,2018-07-21,2018-08-03,west_south,28.30595361,15.30546554,test,27.04124032,19.33336568,26.601975630147358,15.311888510864645,27.489891528,17.594578239036146,26.845359517007275,17.855893690721942,26.515268708090012,19.12098288458798,22.07929312,0.81796533
2018-07-20,2018-08-04,2018-08-17,central_north,23.21105423,35.02794917,test,21.36559668,48.2338931,22.42106207840638,35.52712387834022,21.896375651421685,37.38012119185542,22.080380450863448,38.16901153547866,22.23122690159799,39.34011822107897,22.34937775,61.16554181
2018-07-20,2018-08-04,2018-08-17,central_south,27.47998238,45.98645341,test,27.26689325,34.36348008,27.886238189876423,39.093391579719004,28.068529451686747,31.45253093749398,27.896379556258932,39.451288485738814,27.86844799462645,36.682949679560124,27.58681084,35.73240608
2018-07-20,2018-08-04,2018-08-17,east_north,23.4334576,54.69999711,test,20.85580774,45.36197663,21.498629838391558,44.40008753694673,22.264384802433735,37.524088301566266,21.70759074591375,44.525975755575104,21.5463914670469,43.96623770625423,20.08432121,32.69196342
2018-07-20,2018-08-04,2018-08-17,east_south,27.08862864,52.76104015,test,25.65325172,75.44391332,26.919748280243486,67.73007667333752,26.622023580361446,70.51263945693975,26.870892856077404,71.35399716226048,26.99617169575433,69.91612967952007,26.2603893,45.57897278
2018-07-20,2018-08-04,2018-08-17,west_north,21.48390943,2.54864182,test,20.86291997,12.14952258,20.282455553710157,8.573431963283484,21.398787477445783,4.618638685927704,20.561644465777928,9.157921479214979,20.783265166086416,8.147078301428648,16.35573876,20.87554866
2018-07-20,2018-08-04,2018-08-17,west_south,26.65809957,15.72084606,test,26.59984211,13.81876269,26.34056603881677,16.42038460470109,27.048493318000002,12.079975249036144,26.57399857245785,17.42175574245532,26.046279583863203,16.74784306440159,23.9075297,8.16197664
2018-08-03,2018-08-18,2018-08-31,central_north,20.76462718,54.84432721,test,20.94989693,35.61001902,21.113043517144305,32.922068896226726,21.480675901421687,24.75624711185542,21.203628949995828,32.66777296244885,21.128476553541027,31.11702854889049,22.63543477,59.39676092
2018-08-03,2018-08-18,2018-08-31,central_south,27.80455412,30.78981839,test,25.89299954,32.72691115,26.931084533554145,38.32854468652872,26.69463574168675,29.815962007493976,26.83890667346341,38.593755573001104,26.916194582836678,38.900502110262565,28.52037429,43.49616453
2018-08-03,2018-08-18,2018-08-31,east_north,21.93510169,44.90376527,test,19.78065542,35.92003307,20.35816530545737,43.87560747356988,21.189232482433734,28.082144741566267,20.65932465655955,41.655741691375,20.517932523867167,46.50713639229542,22.40581488,51.45407873
2018-08-03,2018-08-18,2018-08-31,east_south,26.44703416,49.64264267,test,24.75207242,55.91315175,26.11541762178989,63.992925624349084,25.720844280361447,50.981877886939756,26.05347324467144,63.42419928576845,25.92627423280387,63.93721011518461,27.33798355,73.44934767
2018-08-03,2018-08-18,2018-08-31,west_north,17.62300054,9.93829024,test,19.134046,16.6493394,19.101681281275944,9.050965531509801,19.669913507445784,9.118455505927702,19.245663532576316,10.92458093002477,19.113125184656212,10.417151177248655,18.39817304,8.53866687
2018-08-03,2018-08-18,2018-08-31,west_south,25.25720241,14.20219038,test,24.54599217,18.47382411,25.32207249537891,16.227256272575048,24.994643378000003,16.735036669036145,25.209982344279595,18.86205956806189,24.88769955209669,19.092698064016115,26.03672924,1.12421716
2018-08-17,2018-09-01,2018-09-14,central_north,20.31247781,50.71586745,test,18.33636102,35.12229338,19.042285700533633,30.593206580025647,18.867139991421684,24.26852147185542,18.977801381680123,30.926115968908146,18.772828960363814,30.863156695869773,23.97988037,32.28169396
2018-08-17,2018-09-01,2018-09-14,central_south,25.46936044,71.35507283,test,24.19912144,25.71787816,25.33475318449005,37.54340665598875,25.000757641686747,22.806929017493978,25.25300052401715,36.06049249990366,25.444992721057684,41.64355632935546,28.04149859,40.38907323
2018-08-17,2018-09-01,2018-09-14,east_north,21.09562478,72.48618244,test,17.36518429,28.49935628,18.627091693841173,43.64423473379302,18.773761352433734,20.661467951566266,18.697796778997596,39.635491935389666,18.56819041516719,45.644102660217726,22.42711692,32.43596925
2018-08-17,2018-09-01,2018-09-14,east_south,27.0030412,46.96253782,test,23.29238071,49.10536011,24.776063856332613,58.166424155169736,24.261152570361446,44.17408624693976,24.693087816322574,57.158652105630935,24.57904060416716,60.089902378048706,26.80603513,51.9764965
2018-08-17,2018-09-01,2018-09-14,west_north,16.94074604,3.07220345,test,16.95246499,16.89018758,17.046449449974034,10.637443411642264,17.488332497445782,9.359303685927703,17.22211369177575,12.154208452841445,16.951995236567928,12.106682589048152,22.29690696,6.51105499
2018-08-17,2018-09-01,2018-09-14,west_south,23.91441059,9.25737099,test,23.10302015,14.77254345,23.58469582533489,14.87361612950034,23.551671358,13.033756009036145,23.65545010648578,16.675868259503392,23.565201615015564,14.459488088682843,26.95397337,26.66730621
2018-08-31,2018-09-15,2018-09-28,central_north,16.7698339,37.97330937,test,15.47229677,37.0822589,16.29311078276566,28.52839205316141,16.003075741421686,26.228486991855416,16.235648175345833,29.77981163108492,15.91270980605496,30.00784023499453,21.37791502,38.58544219
2018-08-31,2018-09-15,2018-09-28,central_south,24.51765359,74.42316952,test,22.26822559,28.972934,23.158894073655627,36.735107281173455,23.069861791686748,26.061984857493975,23.224379102458403,35.98827862420987,23.32050041983235,41.76968338216851,28.34045802,28.22970303
2018-08-31,2018-09-15,2018-09-28,east_north,18.56962575,77.50069269,test,15.4236841,38.52333269,16.37130842833436,43.58787999977213,16.832261162433735,30.68544436156626,16.635036639777724,41.90328732565624,16.418869400915575,45.036618700985755,22.10923752,81.23941393
2018-08-31,2018-09-15,2018-09-28,east_south,26.18251471,99.03275126,test,22.0395326,45.74583642,22.95311002167438,51.16450335574972,23.008304460361447,40.81456255693976,23.113053680711737,50.566939075723496,22.94293182759134,52.66948200336272,26.33603978,110.19561816
2018-08-31,2018-09-15,2018-09-28,west_north,13.58186138,4.79294248,test,14.46202309,15.44268842,14.275348409033555,13.153244552515204,14.997890597445783,7.911804525927704,14.631601817944212,13.393092051092765,14.288020804673568,13.513504472749798,22.24827451,4.78327339
2018-08-31,2018-09-15,2018-09-28,west_south,22.93071321,8.03343835,test,21.65856737,12.42623853,21.247255488651813,12.75632107012814,22.107218578,10.687451089036143,21.72712821541423,13.963914567734925,21.843184851199187,10.135649580913139,28.38545876,15.13583986
2018-09-14,2018-09-29,2018-10-12,central_north,10.51604576,70.62095643,test,12.24550304,27.47691649,13.01345939417232,26.60145243719691,12.776282011421685,16.623144581855417,12.982948072601516,25.52575282819014,12.675078246442155,26.51363233925927,23.12034365,27.64914557
2018-09-14,2018-09-29,2018-10-12,central_south,23.03999157,47.6439288,test,18.75897982,20.32677821,20.533156793443883,35.88362717649298,19.560616021686748,17.415829067493977,20.219785725122392,32.98951373531891,20.539010092157636,37.92195664036643,27.26337333,44.74213794
2018-09-14,2018-09-29,2018-10-12,east_north,16.91373195,53.19379271,test,11.84264062,37.18686403,13.691073819899055,43.50005506714365,13.251217682433735,29.348975701566268,13.58575736050237,41.42024369991118,13.301325924247092,42.25170490534694,23.45496922,60.41478297
2018-09-14,2018-09-29,2018-10-12,east_south,24.92597242,62.61342481,test,19.21374369,52.19454786,20.74927170262611,44.07392171564592,20.182515550361448,47.26327399693976,20.636604449163727,46.766281992657326,20.072132866811973,45.096390990167194,26.8653867,82.61942129
2018-09-14,2018-09-29,2018-10-12,west_north,9.23381963,30.68338869,test,11.83341786,16.40769912,11.03491982125281,16.272581816845644,12.369285367445784,8.876815225927704,11.685014251261212,15.505696645189513,11.348004884262366,13.486922987299003,21.45116081,3.02460718
2018-09-14,2018-09-29,2018-10-12,west_south,18.13035255,22.56669199,test,19.61010475,9.26178301,18.498113734692016,10.43253567420113,20.058755958000003,7.522995569036144,19.27134721074341,10.827818437028434,19.413881886234943,6.654701497554925,26.87001334,15.59187352
2018-09-28,2018-10-13,2018-10-26,central_north,7.30064423,12.70439631,test,7.73111493,30.91646933,9.408797614504936,24.635304940749762,8.261893901421686,20.062697421855418,8.99617893807418,24.922649078566774,9.311361206359795,26.513279420477755,20.92533639,60.78278248
2018-09-28,2018-10-13,2018-10-26,central_south,14.92170808,76.98601055,test,15.89504961,28.51260515,17.646784841702218,34.96812659506823,16.696685811686745,25.601656007493975,17.332553683933227,34.01348909149347,17.673286494771844,36.85183628613994,27.88611812,31.10209222
2018-09-28,2018-10-13,2018-10-26,east_north,7.0164792,18.44968423,test,8.17253425,43.17882472,10.72203408119093,43.14552123534974,9.581111312433736,35.34093639156627,10.313076280498755,42.52722666634139,10.21474009335654,40.91907658610627,22.23243309,43.99668165
2018-09-28,2018-10-13,2018-10-26,east_south,18.42538228,15.27153924,test,17.08231782,40.2649752,18.313199506640117,37.936203554721956,18.051089680361446,35.33370133693976,18.253018475893782,38.42220945121207,17.789713186135955,36.40576424103672,26.47937248,43.25726014
2018-09-28,2018-10-13,2018-10-26,west_north,7.96812001,5.97797401,test,7.23945717,18.84646179,7.625724186603809,19.583397599516097,7.775324677445783,11.315577895927703,7.786757501323874,18.62516942568943,7.9181969304581,14.734187194185136,18.17796913,10.37313466
2018-09-28,2018-10-13,2018-10-26,west_south,14.93854315,23.34296002,test,15.37173893,9.66915296,15.572142446317812,8.48859325896893,15.820390138,7.930365519036144,15.769804971002362,9.464638382277197,15.959314392928349,8.442468557344593,25.43706002,16.4836213
2018-10-12,2018-10-27,2018-11-09,central_north,4.76817389,31.35046873,test,6.12697502,23.42335519,5.726580934543509,22.477787735940737,6.657753991421687,12.569583281855415,6.139856054862467,20.265238037036617,5.98597256033857,16.78425601726137,20.31081156,53.7887338
2018-10-12,2018-10-27,2018-11-09,central_south,15.46134548,49.860479,test,13.3558421,28.63208794,14.72911803857365,33.98407549228858,14.157478301686748,25.72113879749398,14.524649688400501,32.672672715392025,14.82756256945818,33.97300885859289,25.71043066,72.27848517
2018-10-12,2018-10-27,2018-11-09,east_north,7.67808747,81.37535465,test,6.23178181,38.7217602,7.631732142601043,42.328553186266724,7.640358872433736,30.883871871566264,7.652465345798388,39.878753234905744,7.412563355969279,35.048092624500455,20.99264721,75.99712439
2018-10-12,2018-10-27,2018-11-09,east_south,16.94757894,55.79057826,test,14.66049657,34.75256088,15.826020116279384,33.54364673722793,15.629268430361444,29.821287016939756,15.711912746572601,33.08885790719172,15.524464756349062,31.873337321844286,27.00423762,45.01602315
2018-10-12,2018-10-27,2018-11-09,west_north,5.14361899,24.55076282,test,5.37341034,25.20014543,4.359160506962783,22.66394331099598,5.909277847445784,17.669261535927703,5.0910832432903685,21.683916690019483,4.999018213160023,16.67968150913591,17.41803076,2.34864843
2018-10-12,2018-10-27,2018-11-09,west_south,13.93258723,2.35661383,test,13.27916112,11.38757338,12.719829434360967,7.403247901722745,13.727812328,9.648785939036143,13.187565021387023,8.338519987863352,13.22922890206016,6.5645129753070055,24.15651895,9.48148856
2018-10-26,2018-11-10,2018-11-23,central_north,-1.1880733,7.04723337,test,3.24017428,31.69362691,2.2330084761387767,20.07089626304523,3.770953251421687,20.839855001855415,2.8744026865148964,20.028657208347667,3.09053253184897,18.412028952456524,18.33870659,36.59255137
2018-10-26,2018-11-10,2018-11-23,central_south,7.67696437,28.62502082,test,11.99112001,42.3781062,12.022079653184347,32.956571617919735,12.792756211686747,39.46715705749398,12.34500770155677,34.55365248359092,12.637070048087299,36.501099416088294,25.28398958,64.79590244
2018-10-26,2018-11-10,2018-11-23,east_north,-0.17012881,56.82597457,test,3.92968611,52.41249091,4.610810446581633,40.95343366627908,5.338263172433736,44.57460258156627,4.90585053684831,41.73522299287717,4.829816722546106,40.188956362467366,19.5652286,63.15824477
2018-10-26,2018-11-10,2018-11-23,east_south,11.64648245,66.18069529,test,13.65057511,41.70223358,13.48166293494425,31.293914606843533,14.619346970361445,36.77095971693976,13.865322274879741,32.209221055896094,13.939780995133564,33.30350795845362,26.38468768,94.57288061
2018-10-26,2018-11-10,2018-11-23,west_north,0.51764787,11.27343708,test,1.75514773,37.49524753,1.5134107534681676,25.159608356874188,2.2910152374457837,29.964363635927704,1.8992855282656715,26.506238515608576,2.417569322267075,26.803268848403572,13.74542183,4.77376511
2018-10-26,2018-11-10,2018-11-23,west_south,8.36916416,2.7336683,test,9.78421005,16.91436355,10.174252509749467,7.436627780020072,10.232861258000002,15.175576109036145,10.193760363060012,9.548397120195965,10.180569316461323,8.527837019489724,23.03306614,7.99577861
2018-11-09,2018-11-24,2018-12-07,central_north,-1.98367149,24.50224511,test,1.20526907,28.59389445,-0.8145513402353652,17.495671586904027,1.7360480414216868,17.740122541855417,0.20851760215402715,16.515908886422917,0.5650705170706991,15.818286547879172,11.38614781,66.90399027
2018-11-09,2018-11-24,2018-12-07,central_south,9.69354989,21.27998889,test,11.00439047,45.65544902,9.749484731866954,31.946106680817635,11.806026671686748,42.74449987749398,10.56235487360016,33.68544792688192,10.945156840510371,34.46460331675986,23.51651229,57.64964591
2018-11-09,2018-11-24,2018-12-07,east_north,1.33956506,47.54623999,test,2.56999672,50.66440547,1.859216644624535,39.06249169192828,3.9785737824337355,42.82651714156626,2.690644025163678,38.92186053724271,2.6981278898850714,39.16928639031366,17.19285357,44.87259586
2018-11-09,2018-11-24,2018-12-07,east_south,10.69150826,55.57184224,test,12.93345251,47.70048814,11.464205627878318,31.13428760218209,13.902224370361445,42.769214276939756,12.34397485178862,32.65022889870701,12.656407124393304,34.59070011927312,25.50132288,34.71805375
2018-11-09,2018-11-24,2018-12-07,west_north,-1.52168742,35.22155784,test,0.20834963,47.64033245,-0.7030128919388178,26.84362036460551,0.7442171374457835,40.109448555927706,-0.06635785434490593,29.650173648597107,0.39113412786326723,32.079257253222636,10.12720863,28.84964478
2018-11-09,2018-11-24,2018-12-07,west_south,7.58701782,23.31792416,test,7.73677704,35.53537567,8.122052827080749,8.570281086714644,8.185428248000001,33.796588229036146,8.123045259265286,14.713022488818819,7.984646918822795,19.281094040046572,19.10099766,20.64942091
2018-11-23,2018-12-08,2018-12-21,central_north,0.01195469,7.25196197,test,-1.71200122,22.96449774,-3.195093827811455,14.980696729065219,-1.1812222485783135,12.110725831855415,-2.425858240391567,12.88713301953522,-2.078547392905577,13.454752959506902,6.67038327,13.59022115
2018-11-23,2018-12-08,2018-12-21,central_south,8.19682844,61.65645659,test,8.4073528,41.43001647,8.088747693022192,31.044805905563507,9.208989001686747,38.51906732749397,8.46716874890119,31.647399836652074,8.652638969023908,31.13617475716629,15.28586366,66.02808165
2018-11-23,2018-12-08,2018-12-21,east_north,0.15668945,42.33342375,test,-1.94013091,46.13666811,-0.4311567064403139,36.842089835552564,-0.531553847566264,38.29877978156627,-0.5577613781216968,36.33163301069608,-0.2107503347020787,36.988447361573066,8.25902626,42.93933613
2018-11-23,2018-12-08,2018-12-21,east_south,9.99397989,90.21467448,test,10.0425789,62.66878038,9.926154154402663,32.60625518576541,11.011350760361445,57.73750651693976,10.235359895656611,37.57058383149432,10.653015677239782,42.0882042989404,19.39741766,51.60925704
2018-11-23,2018-12-08,2018-12-21,west_north,0.26009303,29.49576912,test,-1.34813188,49.20452707,-2.1733726832460083,27.64895780695697,-0.8122643725542165,41.6736431759277,-1.6052476141561058,30.111044300559502,-1.3679870790886137,31.932563070766765,7.58744328,7.09642208
2018-11-23,2018-12-08,2018-12-21,west_south,7.72164152,4.00536138,test,6.01665584,25.1441629,6.683626750904135,10.512001598808805,6.465307048000001,23.405375459036147,6.515029084859778,12.916084372684487,6.498617888727949,14.109493273059083,14.92226938,24.64803242
2018-12-07,2018-12-22,2019-01-04,central_north,-3.20900965,28.98263084,test,-2.45432088,20.01529742,-4.7469956980782655,12.870712562999675,-1.9235419085783132,9.161525511855416,-3.636912442449156,9.866402597083383,-3.363421975723905,12.069651783741001,6.61734685,33.91272097
2018-12-07,2018-12-22,2019-01-04,central_south,8.12788829,79.46363515,test,6.05412024,39.5705819,7.150120641326675,30.363419181180053,6.855756441686747,36.65963275749398,6.92697895382628,30.60017908121718,6.818008070761888,29.338901106388203,16.03200387,54.09805442
2018-12-07,2018-12-22,2019-01-04,east_north,1.25529326,51.50579823,test,-2.06005962,45.39930361,-2.0950722535363244,34.59429648295292,-0.6514825575662642,37.56141528156626,-1.5666120836959876,33.574099511949015,-1.4109102130879858,36.67109330621385,7.66699116,81.22114009
2018-12-07,2018-12-22,2019-01-04,east_south,13.45222002,51.59867552,test,8.75206099,61.4990047,8.971435699757466,34.978419154829886,9.720832850361445,56.56773083693976,9.141375814227267,38.634396188305146,9.378074671977448,40.73108927664978,16.51457987,50.59831864
2018-12-07,2018-12-22,2019-01-04,west_north,-3.63911965,24.34137611,test,-1.74492185,34.42574843,-2.876894657913142,27.66534961946523,-1.2090543425542166,26.894864535927702,-2.2178975101579805,25.576302826569375,-2.4870188652324376,31.28466554856489,6.7066696,25.43587988
2018-12-07,2018-12-22,2019-01-04,west_south,3.44431862,9.80693416,test,5.41108436,6.78485129,5.905735560967224,12.764299611628745,5.8597355680000005,5.046063849036144,5.7740120041861385,9.153733548322553,5.882416875996066,8.479153379389935,14.66085121,3.00760534
2018-12-21,2019-01-05,2019-01-18,central_north,-2.22238562,13.96846878,test,-2.35507576,17.46283886,-5.3856332827125915,11.547946018301127,-1.8242967885783132,6.609066951855418,-3.9350653354393987,7.605415217094627,-3.7120583238908056,9.9391269640779,-2.32348153,8.90156338
2018-12-21,2019-01-05,2019-01-18,central_south,9.08943945,13.00048347,test,6.64953672,38.157686,6.970398957496836,30.00893739159828,7.451172921686748,35.24673685749397,7.095079232358709,29.278972438469555,7.211355855687324,29.235822752119443,7.68872604,39.24592102
2018-12-21,2019-01-05,2019-01-18,east_north,-2.56909891,23.64599931,test,-4.14210981,33.37010114,-3.019801772774411,32.651792503382744,-2.7335327475662643,25.532212811566268,-2.9549096039548965,28.999331836840053,-2.906355630114014,31.020017284697698,1.08004687,57.61461513
2018-12-21,2019-01-05,2019-01-18,east_south,9.26279741,25.78331,test,7.4084656,40.43721412,8.645864734922265,37.47466660441165,8.377237460361446,35.50594025693976,8.390103276703357,34.83854421657813,8.611454849341236,31.39144796964546,12.81339457,78.47161306
2018-12-21,2019-01-05,2019-01-18,west_north,-1.09615795,34.83890797,test,-0.80804281,43.97291845,-2.8697867941275725,27.0898379078491,-0.2721753025542165,36.442034555927705,-1.7844238900581124,26.91071847480337,-1.95618553604083,31.25605084414811,-0.07218957,4.07490752
2018-12-21,2019-01-05,2019-01-18,west_south,6.92318835,41.17616967,test,6.70208158,30.52075024,5.769913062419633,14.769253339594608,7.150732788,28.781962799036148,6.310021358067729,16.023872314827894,6.37297950901485,20.00677303160741,8.57734699,0.23535671
2019-01-04,2019-01-19,2019-02-01,central_north,-10.27797531,17.04103927,test,-5.5133984,25.03887224,-5.08117012594926,11.423113921220507,-4.982619428578313,14.185100331855416,-5.008239803553831,10.343922390734338,-5.26950709769351,14.515273609639234,-0.45750915,24.05068758
2019-01-04,2019-01-19,2019-02-01,central_south,6.19532685,32.21864722,test,6.45048973,45.42194461,7.513974851492169,30.080506975091733,7.252125931686748,42.51099546749397,7.392758834430713,31.168946845448584,7.499944452145087,29.54081484657024,10.26777986,19.38720709
2019-01-04,2019-01-19,2019-02-01,east_north,-7.13750364,59.57664303,test,-5.8718452,45.0177433,-3.108456228341316,31.431204905819186,-4.463268137566264,37.179854971566265,-3.6432583788918667,31.472910580049973,-3.575437722425357,29.587765508975846,1.08366613,46.93980948
2019-01-04,2019-01-19,2019-02-01,east_south,7.28304784,61.12822078,test,7.58906648,53.39299698,8.947191768914305,39.30485920837186,8.557838340361444,48.46172311693976,8.728302198460945,39.380147724091785,9.02791171146296,34.88993770226723,11.12146688,55.67542899
2019-01-04,2019-01-19,2019-02-01,west_north,-0.98259319,22.93177921,test,-2.31176496,25.86900119,-2.2717830009587523,26.216701758991587,-1.7758974525542166,18.338117295927702,-2.0514754720564112,21.81720576755345,-2.2184681446484333,23.15640555789349,-0.4129728,42.28632146
2019-01-04,2019-01-19,2019-02-01,west_south,7.60977527,4.7092528,test,6.3812222,25.63930085,6.206307015568573,15.914541736445203,6.829873408,23.900513409036147,6.4786633057979,15.522187814916784,6.529244713592507,16.92232972894133,7.83057858,17.84834686
2019-01-18,2019-02-02,2019-02-15,central_north,-6.95613888,28.39075708,test,-4.7174047,23.46080181,-3.917955414754599,12.703951413675597,-4.1866257285783135,12.607029901855416,-3.9334262798170636,10.797781596716664,-4.5037755072418815,13.167486577138906,-1.06373856,6.313873
2019-01-18,2019-02-02,2019-02-15,central_south,11.41083716,29.77905898,test,7.06406162,42.43196232,8.669798272850509,30.61079277330896,7.865697821686748,39.52101317749397,8.382356022500765,30.748069868668818,8.595173767363928,26.911046956473744,7.94236747,56.3526685
2019-01-18,2019-02-02,2019-02-15,east_north,0.59003029,48.06018877,test,-5.90099966,42.05687397,-2.3826788335501785,31.151156528403817,-4.492422597566264,34.21898564156626,-3.1627200966226185,30.590963751416684,-3.2305346279140172,29.347293003167874,-0.91563351,25.27260732
2019-01-18,2019-02-02,2019-02-15,east_south,13.5303257,27.87341895,test,7.97014395,53.74256939,9.800249129138354,40.10633270949042,8.938915810361445,48.81129552693976,9.4600897558302,40.068303249504396,9.493744840473394,35.919933770785875,9.10509888,59.0495506
2019-01-18,2019-02-02,2019-02-15,west_north,-5.0047246,58.4924793,test,-0.49140294,29.70818167,-1.2283720230297572,25.300824840562004,0.044464567445783476,22.177297775927702,-0.610789636551351,21.718434736482887,-1.0521931100577941,21.34246038370262,-0.69372629,26.68294466
2019-01-18,2019-02-02,2019-02-15,west_south,6.34481586,50.69701988,test,7.83465351,18.73922182,7.104728748984398,15.88111792005882,8.283304718,17.000434379036147,7.668795214738215,13.333866313247615,7.470630247894333,13.69453169782253,7.52514397,11.97460171
2019-02-01,2019-02-16,2019-03-01,central_north,-8.34348971,23.36076771,test,-5.63003155,26.52454192,-2.0194265414748167,15.44092764876598,-5.099252578578313,15.670770011855417,-3.143538998525302,14.449255035607518,-3.2859084024577836,20.122175654324863,-3.24389066,29.85473396
2019-02-01,2019-02-16,2019-03-01,central_south,9.55711409,53.39898053,test,7.64256764,58.18099035,10.298495634079458,31.585062248241606,8.444203841686747,55.270041207493975,9.66500907758103,35.91677040450338,9.781964783224883,32.82881983224985,8.36539059,61.22609481
2019-02-01,2019-02-16,2019-03-01,east_north,-2.09943405,44.02540756,test,-4.98399401,43.23186886,-0.9037750145965271,31.92096774307006,-3.5754169475662643,35.393980531566264,-1.8481539627182522,31.618823176840923,-1.8687528138999294,31.57176283297407,1.78075175,67.55356985
2019-02-01,2019-02-16,2019-03-01,east_south,14.15706046,59.65412799,test,9.28518424,72.42029661,11.104757925884613,39.851026013132596,10.253956100361444,67.48902274693975,10.87352518938576,44.804525380264764,11.318072752454412,48.08655393285143,13.09811542,72.34499546
2019-02-01,2019-02-16,2019-03-01,west_north,-5.0712429,37.27635541,test,-2.27541315,31.15965283,0.131069824856403,24.529145025251218,-1.7395456425542164,23.628768935927702,-0.4968846070954287,22.52105577383577,-0.04031025195075921,22.746994069710748,-3.02912562,25.94987977
2019-02-01,2019-02-16,2019-03-01,west_south,5.31755812,22.34353855,test,7.10495871,40.30645005,8.357503503181865,14.576694477235762,7.553609918,38.56766260903615,8.19989068874667,18.702659612360943,8.387261606036027,21.01015396275292,4.66280004,9.41398099
2019-02-15,2019-03-02,2019-03-15,central_north,-4.74314943,37.65530643,test,-2.02383588,30.68686156,0.452878958591524,19.465385051613424,-1.4930569085783132,19.833089651855417,-0.1480169121309569,18.18794753224443,-0.5295052581258377,18.97493150892157,-1.26790008,13.4482989
2019-02-15,2019-03-02,2019-03-15,central_south,10.56538343,38.03880775,test,10.52160869,51.65296998,12.247363595786375,32.929228581242896,11.323244891686748,48.74202083749398,12.039585941548662,34.97862603249149,12.142546263788695,30.86706884853226,8.46577267,37.17913872
2019-02-15,2019-03-02,2019-03-15,east_north,-0.54400053,31.80024765,test,-1.89501502,46.00763436,1.2127382382649277,33.67608548929012,-0.48643795756626407,38.16974603156626,0.7250100978428422,33.40788229612606,0.8363071958650796,32.941268967071494,-1.86193677,23.98494806
2019-02-15,2019-03-02,2019-03-15,east_south,13.51223051,41.9725191,test,11.40216833,59.32302688,12.741692707875567,38.8870912045978,12.370940190361445,54.39175301693976,12.738005628951594,40.60338365792656,12.487697367182477,39.46142783530193,10.10618056,34.63562982
2019-02-15,2019-03-02,2019-03-15,west_north,-2.30538742,28.41288878,test,-0.18339297,36.67692781,1.7107856616759909,23.97380567850289,0.3524745374457835,29.146043915927706,1.360421615954356,23.545606495105893,1.681957973761905,23.591061748587848,-1.49202728,22.45980488
2019-02-15,2019-03-02,2019-03-15,west_south,9.67438909,33.98244197,test,9.29841328,18.63390915,9.870693674532772,12.20079563548762,9.747064488000001,16.895121709036147,10.008291468984318,11.136918516756808,10.186439049522942,12.453489018651105,5.7084902,31.42232359
2019-03-01,2019-03-16,2019-03-29,central_north,4.11276268,9.86835564,test,2.14950253,38.56194033,3.3204692622925105,24.40170283225631,2.6802815014216868,27.708168421855415,3.2879244087362918,23.64343405598915,2.9647914591172957,21.682257611059587,-9.7608094,17.63658242
2019-03-01,2019-03-16,2019-03-29,central_south,13.87635332,7.64294934,test,11.92703166,60.66333596,14.372539076095562,34.518188877560085,12.728667861686748,57.75238681749397,13.898773603606735,39.00825465791948,14.053619521396278,34.21830671340831,6.54185005,33.06175581
2019-03-01,2019-03-16,2019-03-29,east_north,2.93501475,22.50415606,test,1.52315469,53.22954771,3.810661288594978,36.186387334822776,2.931731752433736,45.391659381566264,3.687458341286145,37.08213070418596,4.043218272314008,34.814137572762434,-5.79049394,60.33384811
2019-03-01,2019-03-16,2019-03-29,east_south,12.99633739,18.26689738,test,12.69429615,70.30931536,14.59010209348105,37.84292436850691,13.663068010361444,65.37804149693976,14.392595658268352,43.18510590516591,14.578370482901416,45.07660782220205,7.70744805,62.56299156
2019-03-01,2019-03-16,2019-03-29,west_north,4.24364406,16.84153348,test,2.74122339,31.87808875,3.458098897329898,23.58171073768445,3.2770908974457837,24.347204855927703,3.6158111878365045,21.895567171441584,3.599220708601193,21.177679144707888,-0.99762958,37.10303062
2019-03-01,2019-03-16,2019-03-29,west_south,12.30320813,4.22852901,test,10.56098528,18.7368395,11.574441804850984,9.204970360958665,11.009636488000002,16.998052059036144,11.545088417353067,9.372410035971443,11.623561034173164,8.743989024778624,7.63897076,11.50444253
2019-03-15,2019-03-30,2019-04-12,central_north,6.59375776,31.85026161,test,7.2036183,48.70270603,6.40634397560443,29.721592185929826,7.734397271421686,37.84893412185542,7.184517549169367,29.87866121441353,7.4293776769770785,29.325164243798444,-7.24424148,27.93771206
2019-03-15,2019-03-30,2019-04-12,central_south,16.23455511,46.50452427,test,15.48844913,64.56594471,16.554441598097053,36.193857676015355,16.290085331686747,61.65499556749397,16.648871149099282,41.20887336823374,16.52772698106883,32.701610047703525,10.75040067,30.53780921
2019-03-15,2019-03-30,2019-04-12,east_north,7.64710265,28.3478905,test,6.90214611,52.16758432,6.709871506631407,39.0987774257357,8.310723172433736,44.32969599156627,7.589474083562015,38.42613277166704,7.87406026266637,37.176781543873645,-1.51623613,47.38936333
2019-03-15,2019-03-30,2019-04-12,east_south,17.83396918,45.58932574,test,15.98015089,60.1953114,16.54011219642171,37.46055512461889,16.948922750361447,55.26403753693976,16.867729254038007,40.19613559456161,16.720916893516897,35.74746522472715,12.73734425,26.21833632
2019-03-15,2019-03-30,2019-04-12,west_north,6.34080271,35.63059469,test,4.63458571,37.0180089,5.357690447226317,23.196967026975564,5.170453217445783,29.4871250059277,5.507818015708695,23.378838334456017,5.471288370023249,23.247863359346642,-4.78668958,39.19324124
2019-03-15,2019-03-30,2019-04-12,west_south,13.57035308,0.98060088,test,11.09874244,18.81517742,13.423023112704616,6.195180975095376,11.547393648000002,17.076389979036147,12.82455885709005,7.990398481666524,13.123878967355033,6.756676067164488,6.24358251,32.04738156
2019-03-29,2019-04-13,2019-04-26,central_north,10.42308966,30.72413411,test,10.61210624,54.96042342,9.547822027131208,34.829967576165615,11.142885211421685,44.10665151185542,10.381090752123196,35.575025671055684,10.436251786458921,35.28507931034157,-8.32034609,23.74459968
2019-03-29,2019-04-13,2019-04-26,central_south,17.42645922,77.35890208,test,18.38064236,62.9988949,18.703972235803608,37.78939437471166,19.182278561686747,60.08794575749398,19.0565397232132,42.21974420604225,18.809028784344658,32.988917998366105,10.11483309,48.40205733
2019-03-29,2019-04-13,2019-04-26,east_north,11.85590687,67.69191448,test,9.55519022,50.95444734,9.723584158419213,42.004945128076656,10.963767282433736,43.11655901156627,10.379189870639419,40.728740185827704,10.388049896032793,41.07570238740442,-1.35862324,42.47652325
2019-03-29,2019-04-13,2019-04-26,east_south,18.86096792,51.21497446,test,18.18390297,48.03093271,18.49999193485823,38.397672044431815,19.152674830361445,43.09965884693976,18.861285706655,38.103767652708825,18.71103426736453,34.697592938228965,13.71292205,56.49541087
2019-03-29,2019-04-13,2019-04-26,west_north,9.54961048,16.25673117,test,8.00870342,37.17914067,7.413016876690581,22.610508790086516,8.544570927445783,29.648256775927706,8.061820442720965,23.051278848314688,7.550029702255241,23.75193458372805,-5.02352039,52.1728549
2019-03-29,2019-04-13,2019-04-26,west_south,16.40364942,5.91924166,test,15.17565602,10.7912637,15.385510206192281,3.7982830129474143,15.624307228000001,9.052476259036144,15.601255986930532,3.908373278677468,14.945491916980519,4.570896624355081,4.97550347,43.34372019
2019-04-12,2019-04-27,2019-05-10,central_north,9.2303963,62.58191952,test,12.22280781,52.36495249,12.602417146502301,39.164835691543175,12.753586781421687,41.51118058185541,12.73238964286892,38.98539222766672,12.243853141387714,39.58082863471873,-6.05678744,23.71199568
2019-04-12,2019-04-27,2019-05-10,central_south,20.61362938,78.71433768,test,19.65307097,52.13096196,20.759271460492624,39.154789396862256,20.45470717168675,49.22001281749398,20.690183614054792,41.17221821490931,20.62451297374376,37.63426721371077,10.15844885,34.91318668
2019-04-12,2019-04-27,2019-05-10,east_north,12.64923222,55.60868426,test,11.31545138,46.04801155,12.673556282063199,44.519593948674455,12.724028442433736,38.21012322156626,12.725702754262855,42.10699849746332,12.761345920962523,42.604550972336625,-2.45455148,31.15676804
2019-04-12,2019-04-27,2019-05-10,east_south,22.53201459,32.5980827,test,19.08578423,49.92345096,20.396707861930146,41.04501619230561,20.054556090361448,44.992177096939756,20.27906373396349,41.478080005967044,20.216320201121114,39.67087575457121,12.97270762,44.92103763
2019-04-12,2019-04-27,2019-05-10,west_north,8.70722055,13.38213392,test,9.59143611,30.70707875,9.620371839672783,21.624795036279252,10.127303617445783,23.176194855927704,9.910399116798345,21.341619854819502,9.366963150293312,22.874077407339154,-2.34698716,31.25955796
2019-04-12,2019-04-27,2019-05-10,west_south,16.90740582,8.85516664,test,16.86550578,9.84247608,17.430313827848845,2.5227279747010236,17.314156988,8.103688639036145,17.413969332107392,3.3818669029866992,16.7969057069573,5.0992935052142006,10.42068907,33.06512054
2019-04-26,2019-05-11,2019-05-24,central_north,13.23892502,68.69539309,test,14.14316006,63.70895345,15.447221666419281,42.29052204649676,14.673939031421686,52.855181541855416,15.106307853265712,45.0717563944542,14.705495528399712,45.24041453559603,3.49367027,21.88470786
2019-04-26,2019-05-11,2019-05-24,central_south,22.34890945,49.57982348,test,21.53870008,54.19412967,22.67513120370216,40.17870129656265,22.34033628168675,51.28318052749398,22.513127876641647,43.094142508526375,22.495541361429723,43.19137183812367,13.12602174,15.74686219
2019-04-26,2019-05-11,2019-05-24,east_north,14.2673042,50.32966057,test,13.98363016,57.24986473,15.40134964967362,46.35218658608059,15.392207222433736,49.411976401566264,15.343891335710882,46.93265078006925,14.977395786580818,48.50315544958637,3.20424277,25.23877359
2019-04-26,2019-05-11,2019-05-24,east_south,23.43909781,30.30136617,test,20.84613958,47.14308888,22.171015183914022,45.40259860686216,21.814911440361445,42.21181501693976,21.972421319367186,44.61748216278234,21.698691728810726,44.02164659871613,13.62958688,19.73287343
2019-04-26,2019-05-11,2019-05-24,west_north,10.47322132,41.05372447,test,12.16084012,37.7639444,11.942945307970245,20.117868695805534,12.696707627445782,30.233060505927703,12.245904621412986,22.548338585668187,11.90001750217884,21.867114016692714,3.45106741,13.80692184
2019-04-26,2019-05-11,2019-05-24,west_south,15.85203217,17.90952823,test,19.06402215,7.22199481,19.508416188827834,2.644994301137782,19.512673358,5.483207369036144,19.44640995342944,3.3203795119778423,19.18951794472717,5.92020961540095,11.31142383,5.79495097
2019-05-10,2019-05-25,2019-06-07,central_north,18.29872614,49.93726678,test,17.79243606,53.6363374,17.973846096810462,43.96502118212732,18.323215031421686,42.78256549185542,17.98826385809926,43.78261629501313,17.543862070877896,45.70764790458101,7.04266777,22.46651327
2019-05-10,2019-05-25,2019-06-07,central_south,25.11333528,60.80038425,test,24.09058851,28.8454539,24.40889429171254,40.80228547035484,24.892224711686747,25.934504757493976,24.466772831860627,37.202294772071085,24.660965687409398,41.395332644438284,16.4528371,45.51021644
2019-05-10,2019-05-25,2019-06-07,east_north,17.73154428,51.88277801,test,16.76255271,46.58670253,17.774780997969255,47.35679941130759,18.171129772433737,38.74881420156626,17.773819955867147,45.242963631043835,17.350349911107788,47.28604374903121,7.33320245,28.72507868
2019-05-10,2019-05-25,2019-06-07,east_south,26.615948,25.50280042,test,23.12343403,44.00352292,23.769444773302396,51.04492245014467,24.092205890361445,39.07224905693976,23.791360828860245,48.40151841358096,23.422552174762576,48.55273091212581,16.85856024,45.51658251
2019-05-10,2019-05-25,2019-06-07,west_north,14.01578058,24.89491772,test,13.1418216,32.84571521,14.29232980732595,18.091097261733793,13.677689107445783,25.314831315927705,13.91140754449378,20.695809696811384,13.827021202284715,20.746369383015786,6.41380263,35.36630558
2019-05-10,2019-05-25,2019-06-07,west_south,19.52622338,3.633639,test,20.56293503,4.413788,21.540495129153506,4.147467328481513,21.011586238,2.6750005590361443,21.16758097522117,4.43337566952469,21.407372369643134,6.583742341328254,13.94078967,1.14394983
2019-05-24,2019-06-08,2019-06-21,central_north,18.08987135,48.92783571,test,18.94116938,52.330152,20.081972615683522,44.16797930444244,19.471948351421688,41.47638009185542,19.62108808105803,44.382917869140755,19.802747556335344,46.265455126578416,9.2496986,37.56707448
2019-05-24,2019-06-08,2019-06-21,central_south,25.28722804,40.73513682,test,24.90840635,41.89463143,25.907457780546945,41.0225318880557,25.710042551686747,38.98368228749398,25.650211838437706,41.616069877760935,25.829625321280165,44.22074185130809,17.00896533,62.9127164
2019-05-24,2019-06-08,2019-06-21,east_north,18.43434933,81.39872322,test,18.67721091,61.98400778,19.689800565010884,47.54968001693937,20.085787972433735,54.146119451566264,19.650714550886665,49.97439544025872,19.063842606535044,48.849157626999954,11.62379982,61.30630089
2019-05-24,2019-06-08,2019-06-21,east_south,24.9909589,126.13003706,test,24.4528172,69.89928811,25.13625038884171,57.185131303037686,25.421589060361445,64.96801424693976,25.156854975487967,60.433552205339666,25.386637907761006,63.81271339222377,19.00871389,48.85060858
2019-05-24,2019-06-08,2019-06-21,west_north,16.05302606,10.68609368,test,16.90870459,20.37871395,16.523233192025728,15.68857718647554,17.444572097445782,12.847830055927705,16.68008187186927,15.582475772704267,16.778850587671922,14.87975526613807,8.47260085,20.84657352
2019-05-24,2019-06-08,2019-06-21,west_south,24.09666571,1.61437998,test,24.09137751,5.38495868,23.412256279647806,6.721858447067492,24.540028718000002,3.6461712390361445,23.676984258227222,6.595804322613533,24.413516755955197,6.20686011685919,15.08207827,5.98025003
2019-06-07,2019-06-22,2019-07-05,central_north,22.48019812,59.26358175,test,21.31556265,56.01952441,21.674785344682203,43.084505223069385,21.846341621421686,45.16575250185542,21.51320416615358,44.75076384449143,21.810078037264862,45.37734822028564,9.66655179,54.72330677
2019-06-07,2019-06-22,2019-07-05,central_south,27.09856305,40.90286122,test,26.55079153,45.69592197,27.099648285720964,40.88493260065884,27.35242773168675,42.784972827493974,27.01750095468599,42.88595309783618,27.139269624372155,43.52458510572585,20.91669161,64.93084544
2019-06-07,2019-06-22,2019-07-05,east_north,22.33969513,32.18123114,test,20.10723412,51.67826376,21.06899933224971,47.091415725020454,21.515811182433737,43.840375431566265,21.005992401370726,47.37439826543651,20.762159970191426,46.429272282425714,12.18939655,55.04994304
2019-06-07,2019-06-22,2019-07-05,east_south,27.32457676,36.55774698,test,25.4170321,73.37356514,26.20831579957102,62.82537221172949,26.385803960361446,68.44229127693976,26.19037032377639,66.11670271434286,26.521674739712985,67.63751893495493,22.08850416,31.71007786
2019-06-07,2019-06-22,2019-07-05,west_north,16.71493952,10.84609357,test,18.2654074,19.6810528,18.444067621288376,13.182648273206315,18.801274907445784,12.150168905927703,18.315371231167223,14.113779839739,18.523356452990065,11.846082252931083,8.92426611,11.22952831
2019-06-07,2019-06-22,2019-07-05,west_south,24.45401626,1.56896442,test,24.86146005,3.51045155,24.98034684457383,9.837419407588435,25.310111258000003,1.7716641090361442,24.886251326151573,9.130611268745575,25.442944420357527,9.206612315762321,17.69577696,4.01374609
2019-06-21,2019-07-06,2019-07-19,central_north,23.95795256,42.45799342,test,22.2087053,46.52148338,22.658898830557117,41.04969545931548,22.739484271421684,35.66771147185541,22.448727026866067,41.138545463001705,22.841931404263875,39.53721684847645,12.28941977,69.10195275
2019-06-21,2019-07-06,2019-07-19,central_south,28.20012763,45.48959804,test,26.7339146,43.67808026,27.896842060129607,40.46761041928114,27.535550801686746,40.767131117493975,27.570836077289727,42.65339358047035,27.48778225907476,41.6214659026389,21.10006569,77.22415498
2019-06-21,2019-07-06,2019-07-19,east_north,23.38565017,48.58426972,test,21.57606218,47.98567999,21.85853760018299,46.23858670002408,22.984639242433737,40.147791661566266,22.088942279782845,45.95954382672164,22.258469650395877,44.688945320639064,13.84080976,51.59935995
2019-06-21,2019-07-06,2019-07-19,east_south,27.97152316,66.89317858,test,25.95464063,75.77123888,26.91520700308871,66.96081296319772,26.923412490361446,70.83996501693976,26.86362208700266,70.31223275333764,27.14734003469316,69.84666616189008,23.05312033,33.85045719
2019-06-21,2019-07-06,2019-07-19,west_north,19.95813873,6.97190758,test,20.05269088,16.8743632,19.842302367027127,10.927757792303158,20.588558387445783,9.343479305927705,19.865505869625174,11.88926447800537,20.16995131394933,9.417057677113782,10.49413824,37.38634058
2019-06-21,2019-07-06,2019-07-19,west_south,26.64590251,5.34417853,test,25.86675295,8.904197,26.088665223195996,12.858540793577824,26.315404158,7.165409559036144,25.979263188078445,13.205895327811515,26.12787998114502,14.202626329278235,15.95881733,20.2665744
2019-07-05,2019-07-20,2019-08-02,central_north,22.24873467,32.4792373,test,22.49972665,44.24405526,22.950076879481646,38.4672681843104,23.030505621421685,33.390283351855416,22.77970161333137,38.90971732733418,23.012903258243114,37.122059816934524,17.33932937,59.05010061
2019-07-05,2019-07-20,2019-08-02,central_south,27.07113764,21.53071436,test,27.06665832,45.60320097,28.20258783249197,39.86083905643639,27.868294521686746,42.692251827493976,27.940772065592167,42.9959555404439,27.732288521013167,41.18085334179027,25.25110786,38.02146749
2019-07-05,2019-07-20,2019-08-02,east_north,22.79957767,40.47552257,test,21.973863,46.60889088,22.02538795221156,45.27658691651643,23.382440062433737,38.77100255156626,22.402315448229515,45.12005557080953,22.641807743449295,43.401285790134125,17.55978088,47.07594518
2019-07-05,2019-07-20,2019-08-02,east_south,26.22396608,63.51444358,test,25.79986137,82.81169485,27.185183716395898,68.79221786928417,26.768633230361445,77.88042098693975,27.02618834868516,73.97383033154487,27.330561925657644,74.9178325414493,26.67958488,12.55022121
2019-07-05,2019-07-20,2019-08-02,west_north,21.23501979,5.98745031,test,21.11887072,13.22797718,20.519864298669177,9.292258858389266,21.654738227445783,5.697093285927704,20.73481863813554,9.818874976548255,21.101241145590137,8.144065834421696,13.34045086,28.92074019
2019-07-05,2019-07-20,2019-08-02,west_south,27.49325057,14.3756359,test,27.08164098,10.40405272,26.592296606869922,15.18515724405891,27.530292188,8.665265279036143,26.83571488951202,15.369276313083471,26.48931961928528,14.651757256159886,18.22212992,6.00644588
2019-07-19,2019-08-03,2019-08-16,central_north,22.27690507,44.34274109,test,21.75068831,40.73041998,22.484336925269318,35.72111683585367,22.281467281421687,29.876648071855417,22.2591682154887,36.216260550459126,22.29650741748776,34.81695843829827,18.46793588,41.3288823
2019-07-19,2019-08-03,2019-08-16,central_south,29.10041479,27.35880276,test,26.53342189,40.2188174,27.929651282548242,39.146771143144285,27.335058091686747,37.30786825749398,27.61975071662834,41.283617197932045,27.464858391380407,38.43196516016985,24.79243231,60.28777846
2019-07-19,2019-08-03,2019-08-16,east_north,21.75458312,37.96589356,test,20.90192165,47.86513123,21.55638637148165,44.44940784030942,22.310498712433734,40.02724290156627,21.759125270675664,45.220196258169295,21.617006375551263,43.68389524215466,18.39863914,71.84768288
2019-07-19,2019-08-03,2019-08-16,east_south,27.56676612,68.09873031,test,25.82495309,66.87495368,26.95638034642397,67.8996363962259,26.793724950361447,61.94367981693976,26.943634452976813,69.16546452105877,26.883996004468436,66.41389268892992,24.79510075,125.73123889
2019-07-19,2019-08-03,2019-08-16,west_north,20.49196989,10.07420515,test,20.85571548,14.16993246,20.331278531494323,8.582944104938058,21.391582987445783,6.6390485659277045,20.584932203590693,9.710489629802192,20.77021909675295,8.676855818022442,16.26643466,10.57129447
2019-07-19,2019-08-03,2019-08-16,west_south,26.72224661,11.7931008,test,26.09344799,14.15636181,26.38429657090857,16.384252994781317,26.542099198000003,12.417574369036144,26.382342424711936,17.655101763730524,25.825745984670686,17.906280387831117,23.9962457,1.80204026
2019-08-02,2019-08-17,2019-08-30,central_north,20.35848553,47.46785132,test,20.62317238,41.81466942,21.232378514874426,33.0997127840345,21.153951351421686,30.960897511855418,21.141788764789478,34.583936786243854,21.100459611872243,33.79751039499689,21.88071411,58.371685
2019-08-02,2019-08-17,2019-08-30,central_south,28.22470034,45.09462201,test,26.10322503,38.20167701,27.020885562331877,38.38397162086092,26.90486123168675,35.29072786749397,26.98381475427463,40.04809068886402,26.984015941372146,38.81680995928812,27.0823559,42.03882112
2019-08-02,2019-08-17,2019-08-30,east_north,20.81188022,43.96828737,test,19.69357314,38.52904232,20.459796051532717,43.902667686919216,21.102150202433737,30.691153991566267,20.681054458097258,42.428723741745586,20.44942010695309,46.27275422921143,21.5626721,48.49073614
2019-08-02,2019-08-17,2019-08-30,east_south,26.35867529,62.68002963,test,25.16902656,58.71900869,26.19090902762802,64.33815227262963,26.137798420361445,53.78773482693976,26.273029676365564,64.31948614010216,26.15517632253995,64.67322519015052,27.20001746,39.14186939
2019-08-02,2019-08-17,2019-08-30,west_north,19.71457272,3.85268301,test,18.8644521,16.82000778,19.21627008491607,8.97900554619579,19.400319607445784,9.289123885927705,19.193454333991724,11.039887721072244,18.931532715250967,10.639809851508442,16.06694683,11.52027436
2019-08-02,2019-08-17,2019-08-30,west_south,26.87608424,5.08620874,test,24.78726631,12.80597032,25.419585242016147,16.282833362480083,25.235917518,11.067182879036144,25.351981141275477,17.360867586208496,24.945426106229608,16.50643934518954,24.32933717,1.61122423
2019-08-16,2019-08-31,2019-09-13,central_north,19.4702605,55.60328704,test,16.6666001,41.0227363,19.21406012598589,30.74988117744846,17.197379071421686,30.168964391855415,18.384794925134965,33.20364873091819,18.634427623278924,35.52704650192739,23.48234275,46.89414644
2019-08-16,2019-08-31,2019-09-13,central_south,27.54927359,15.62337802,test,23.39425702,25.34806169,25.469119685564017,37.60008977853939,24.19589322168675,22.437112547493978,24.98969827151362,36.32057082923748,25.302472298555315,41.320433276689755,28.05171386,47.3628125
2019-08-16,2019-08-31,2019-09-13,east_north,19.18133347,29.11115609,test,16.59898737,30.39369576,18.769110686429016,43.65293419803269,18.007564432433735,22.555807431566265,18.458865650905715,40.44749921137861,18.064428687231626,46.69019484469612,23.34140489,41.63523249
2019-08-16,2019-08-31,2019-09-13,east_south,27.01167256,42.05986186,test,22.97820606,42.25526623,24.88867397917959,58.633893566206076,23.946977920361448,37.323992366939756,24.61263619494226,55.849093731538105,24.644107405952028,59.262769653537035,27.9166345,69.950363
2019-08-16,2019-08-31,2019-09-13,west_north,17.85713335,18.29582588,test,17.16499418,20.30883715,17.219436677337917,10.490230999360525,17.700861687445784,12.777953255927702,17.412267598945114,12.943458642709292,17.151531616342943,12.83348053632264,19.64437404,8.25007026
2019-08-16,2019-08-31,2019-09-13,west_south,25.65225526,7.45745036,test,23.3144618,16.02461174,23.730540166220088,15.001526699663524,23.763113008,14.285824299036145,23.827038498092502,17.092728686068025,23.723031596029763,15.027385998888459,26.31553708,4.36141134
2019-08-30,2019-09-14,2019-09-27,central_north,19.80658924,30.60438534,test,15.7082053,41.20941769,16.509179169456196,28.669347788512823,16.238984271421685,30.35564578185542,16.46472899297782,30.98506547146513,16.182903791897605,30.4347174489338,22.80542892,35.22006738
2019-08-30,2019-09-14,2019-09-27,central_south,26.6740549,32.31979102,test,22.51199057,28.75966891,23.3311415755787,36.79399120672391,23.313626771686746,25.848719767493975,23.42442979563143,35.97459553384016,23.514639474931922,41.842250011591844,27.23911801,21.89527333
2019-08-30,2019-09-14,2019-09-27,east_north,18.34722865,16.05922935,test,15.62464607,38.10215014,16.547903673311108,43.59017991288667,17.033223132433736,30.264261811566264,16.81903048235225,41.80699652904427,16.61866465712365,45.147142118119234,23.27475291,47.52347509
2019-08-30,2019-09-14,2019-09-27,east_south,25.14534811,8.48324526,test,22.06798244,34.26506688,23.097453826599384,51.68071843433042,23.036754300361448,29.333793016939758,23.188513766874046,47.97838454662944,23.428146705589818,52.462709848601065,26.51178072,58.382374
2019-08-30,2019-09-14,2019-09-27,west_north,14.01485038,16.14129223,test,14.30093738,19.98194138,14.492172044223567,12.949009218552941,14.836804887445783,12.451057485927702,14.694653708606438,14.578245960148394,14.368530959711773,14.873295570836504,20.95809102,5.07997758
2019-08-30,2019-09-14,2019-09-27,west_south,21.3314571,19.54173032,test,21.52597808,9.70923699,21.43043161047212,12.921503067916568,21.974629288000003,7.970449549036145,21.77146894440553,13.490174966059286,21.860283236625925,10.20881658176084,27.52505146,13.15393189
2019-09-13,2019-09-28,2019-10-11,central_north,12.58393817,62.74689462,test,12.23403271,28.09166666,13.261218941153908,26.738254486157064,12.764811681421685,17.237894751855418,13.122752886205244,25.8952255437538,12.842689436608183,27.361514308135778,22.49350806,43.81585967
2019-09-13,2019-09-28,2019-10-11,central_south,23.83839302,28.2639853,test,19.00403949,22.84900103,20.731880804050267,35.9463782600736,19.805675691686748,19.938051887493977,20.443099324844404,33.71751276518326,20.74952531182053,38.96025069312222,29.02444665,25.71830539
2019-09-13,2019-09-28,2019-10-11,east_north,15.71670952,33.71768046,test,11.87712798,44.65126731,13.8938998563215,43.51245185196846,13.285705042433735,36.81337898156627,13.731994325508332,43.48630419415562,13.28710196979662,43.867269258904585,21.78734565,36.88950259
2019-09-13,2019-09-28,2019-10-11,east_south,24.737681,18.75154661,test,19.20828502,40.51833913,20.91637680379871,44.560139569228966,20.177056880361448,35.58706526693976,20.71313376118995,44.129746835308225,20.4059666221468,44.734655472130896,27.41109649,65.19147387
2019-09-13,2019-09-28,2019-10-11,west_north,6.46178683,17.17858266,test,12.63887919,15.74527588,11.275705262274318,16.038295991757856,13.174746697445784,8.214391985927705,12.159503461479176,14.996984339222426,11.86920417977542,12.995355398418294,20.67873078,11.06782258
2019-09-13,2019-09-28,2019-10-11,west_south,17.80124324,2.59602444,test,20.21336669,6.02287415,18.703294953972964,10.592562722061494,20.662017898000002,4.284086709036144,19.638024190536438,9.99035534750051,19.900673873994418,6.256676806234916,26.65549571,13.55805737
2019-09-27,2019-10-12,2019-10-25,central_north,7.79581098,23.94358996,test,9.02768476,40.40967347,9.671945377117531,24.780682295776497,9.558463731421686,29.555901561855418,9.710489843631663,27.235583316761396,9.810445746340033,27.262259629840873,20.68816497,48.37403932
2019-09-27,2019-10-12,2019-10-25,central_south,16.58533236,49.04522769,test,17.76556791,28.48738371,17.85685179621641,35.03588406349181,18.56720411168675,25.576434567493976,18.24030960709643,33.557579732128985,17.866961671945344,32.73121606969822,28.47232879,46.02563242
2019-09-27,2019-10-12,2019-10-25,east_north,10.3370703,47.18954707,test,9.6740389,50.39055613,10.940273120922562,43.1843101350905,11.082615962433735,42.552667801566265,11.083902214965367,44.08389364140017,10.555053622895823,41.78237034391877,21.09356488,41.54528343
2019-09-27,2019-10-12,2019-10-25,east_south,19.22091369,67.21622816,test,18.32053627,35.83177245,18.491169804697414,38.32411887148476,19.289308130361448,30.90049858693976,18.87133716060004,37.23698524377356,18.347116741533483,34.67128037354048,26.69467555,76.53991394
2019-09-27,2019-10-12,2019-10-25,west_north,6.92941652,15.28883726,test,6.84198901,26.21117115,7.868106056250742,19.349764563186476,7.3778565174457835,18.680287255927702,7.7755357116465165,20.634771962588253,8.238174389980074,18.216825594755225,19.71666588,3.66610372
2019-09-27,2019-10-12,2019-10-25,west_south,15.55007645,0.25671925,test,15.62729489,8.70734944,15.781641547620252,8.603608513104353,16.075946098,6.968561999036144,15.999708046396073,9.31593536441558,16.168003921800448,8.189542300719719,26.90793827,3.26453262
2019-10-11,2019-10-26,2019-11-08,central_north,0.95806276,22.70953595,test,6.64025065,23.74295012,5.986510327879351,22.64020481694924,7.171029621421686,12.889178211855416,6.509093063778103,20.419213756557408,6.314254364176537,16.743892135584577,19.58211648,37.77740157
2019-10-11,2019-10-26,2019-11-08,central_south,11.73690456,61.68407408,test,13.94502904,24.93146188,14.933372311500452,34.056302160022966,14.746665241686747,22.020512737493977,14.887346378146784,31.66245318111795,15.05031239973097,31.433717438550087,27.52934391,13.6064583
2019-10-11,2019-10-26,2019-11-08,east_north,7.48192838,67.53294394,test,6.36415305,39.256467,7.8525159698906375,42.40501662427662,7.772730112433735,31.418578671566266,7.840764650426931,40.1416463729617,7.614215502286977,35.61358095415014,19.21850757,30.94555401
2019-10-11,2019-10-26,2019-11-08,east_south,17.67038358,50.34889576,test,14.76328204,30.44533651,16.001234543938903,33.78849150595916,15.732053900361445,25.51406264693976,15.854375630885691,32.198401232526464,15.636149538180469,30.71894156686969,26.69090414,42.77298852
2019-10-11,2019-10-26,2019-11-08,west_north,1.05554581,4.62402917,test,5.38423521,27.57413496,4.581500291311068,22.459715492782703,5.920102717445784,20.043251065927702,5.23186572021182,22.263660449306535,5.271134096076608,18.339032790489348,18.64924307,14.91412899
2019-10-11,2019-10-26,2019-11-08,west_south,11.63563097,1.83637329,test,13.41343287,13.19935084,12.91594938227177,7.445232573377714,13.862084078,11.460563399036143,13.365237664845825,8.908735457093632,13.412671459768749,7.173177584460033,26.16690115,9.68343583
2019-10-25,2019-11-09,2019-11-22,central_north,0.69414089,12.74058201,test,2.72483813,29.75825671,2.4706608392404608,20.250228507054796,3.255617101421687,18.904484801855418,2.7963204420068397,19.92457728788958,3.0570619144260345,17.648331025003987,20.10213902,51.32127334
2019-10-25,2019-11-09,2019-11-22,central_south,9.84659779,15.81105856,test,12.09942632,40.81674304,12.203478437769322,33.030317097091164,12.901062521686747,37.90579389749398,12.497240262120602,34.2596774928972,12.780910964355868,36.12977921475344,26.74843085,33.95346548
2019-10-25,2019-11-09,2019-11-22,east_north,0.93542763,15.17337785,test,3.43339537,50.83836958,4.8200248148284,41.070113012917794,4.841972432433736,43.00048125156626,4.82049119016174,41.66912414371329,4.901025330438705,39.512212467067855,18.67347493,18.77112043
2019-10-25,2019-11-09,2019-11-22,east_south,10.86595268,33.15224375,test,13.50790894,39.47019323,13.640323589398552,31.38213425357477,14.476680800361445,34.53891936693976,13.898765384403632,31.825602322091736,13.957181481553302,32.613740078941035,25.20060962,9.81679892
2019-10-25,2019-11-09,2019-11-22,west_north,3.93174062,11.41324121,test,2.08243064,31.61712981,1.6977861064719402,25.00645361067931,2.618298147445784,24.086245915927705,2.136337481225058,24.831677644684284,2.5151640813524274,24.014182537798796,14.17340294,18.45248684
2019-10-25,2019-11-09,2019-11-22,west_south,12.18865059,27.7469247,test,10.31959697,13.76826431,10.34158324399496,7.395883690085494,10.768248178,12.029476869036143,10.513776145409608,8.610226123259324,10.514146893472905,7.370528093450984,21.77520151,17.15764846
2019-11-08,2019-11-23,2019-12-06,central_north,0.62047514,27.85762079,test,0.28036638,25.11070078,-0.6166639338318001,17.68110752305755,0.8111453514216868,14.256928871855415,-0.06770375840095988,16.126223995189466,0.23095904562747283,14.29135006125351,13.92967409,53.04751404
2019-11-08,2019-11-23,2019-12-06,central_south,11.21056213,27.16833757,test,9.68669208,49.35250747,9.893277087588213,32.015900337299094,10.488328281686748,46.44155832749398,10.104474991358327,35.22599377036761,10.266658712069201,37.452825987971394,24.98510769,25.98079331
2019-11-08,2019-11-23,2019-12-06,east_north,1.94887529,44.594184,test,1.48270119,49.16518849,2.0426277203760996,39.211457847645285,2.891278252433736,41.327300161566264,2.3419311499049096,39.079570647246086,2.4439992788080884,38.94521600730478,16.12808768,36.2949039
2019-11-08,2019-11-23,2019-12-06,east_south,11.80026986,31.11326283,test,12.49023461,47.1373861,11.59397255210542,31.08419171043208,13.459006470361444,42.20611223693976,12.236313820414924,32.690975154168044,12.57162192543798,34.74122719966827,25.57000249,16.04689269
2019-11-08,2019-11-23,2019-12-06,west_north,-1.51816948,27.48670742,test,-0.26674077,31.87197963,-0.5686157467108105,26.752623114071806,0.26912673744578347,24.341095735927702,-0.21244327862486467,25.650100323122697,-0.0769714318875323,27.871538772194203,8.27680967,17.67102586
2019-11-08,2019-11-23,2019-12-06,west_south,7.06679962,48.9015549,test,7.57511876,21.10456959,8.249291360798091,8.457645919753784,8.023769968,19.365782149036146,8.1065552367471,10.948495850936279,7.998736771465274,10.179374781365393,18.73927339,5.02305328
2019-11-22,2019-12-07,2019-12-20,central_north,-4.51017965,9.71918796,test,-5.71525446,23.48700618,-3.051021243377803,15.151466683237757,-5.184475488578313,12.633234271855418,-4.016257348939844,14.51806305244624,-4.702291548914212,10.686760893453389,7.98103795,33.32178696
2019-11-22,2019-12-07,2019-12-20,central_south,8.58111197,24.64405639,test,6.76777556,44.5895559,8.184299979113733,31.103248854636348,7.569411761686747,41.67860675749398,7.843769980393485,33.12315254236579,7.550443564850847,32.258320442678325,17.43549287,41.50783449
2019-11-22,2019-12-07,2019-12-20,east_north,-0.85191587,54.62775972,test,-2.92618265,49.11940227,-0.28658981020190666,37.005672625446905,-1.517605587566264,41.28151394156627,-0.8805292828788782,37.63679338635541,-0.6282465528627916,35.9056063663885,10.95336894,45.09659139
2019-11-22,2019-12-07,2019-12-20,east_south,11.32089873,60.78670294,test,10.02540745,70.97021418,10.017581632686596,32.46163520794745,10.994179310361444,66.03894031693976,10.297487123978271,39.7321452237946,10.724363201193835,48.814231525070554,19.52129354,69.86723758
2019-11-22,2019-12-07,2019-12-20,west_north,-0.98995198,32.63109248,test,-3.38844184,47.74713254,-2.0940534921499374,27.619468611741524,-2.8525743325542168,40.216248645927706,-2.413971854238527,30.42652371272037,-2.4768317700597344,28.199369949941005,6.12855282,15.85513829
2019-11-22,2019-12-07,2019-12-20,west_south,6.9706708,11.77790472,test,5.45932837,22.08473641,6.764603745892806,10.356292268519459,5.907979578,20.345948969036147,6.324688310783047,12.236834209515578,6.183049307415279,11.393054948577557,15.50915689,0.23386314
2019-12-06,2019-12-21,2020-01-03,central_north,0.66430832,28.11772019,test,-5.01363194,23.40795708,-4.665940902398568,12.999578119161242,-4.482852968578313,12.554185171855416,-4.656385376270726,11.737254576768574,-4.557345540723098,13.713457946320599,2.02759431,21.81733035
2019-12-06,2019-12-21,2020-01-03,central_south,10.45486787,48.32872256,test,5.85690797,46.32640396,7.192061330089537,30.402378295446535,6.6585441716867475,43.41545481749398,6.880425564831179,32.526679629742304,6.684680423890355,32.07685615666371,12.17810452,58.02060314
2019-12-06,2019-12-21,2020-01-03,east_north,3.03460727,28.21512459,test,-5.34006146,51.54577042,-1.9998863305214272,34.74816893119484,-3.9314843975662646,43.70788209156626,-2.8748798076358275,36.426233538946576,-2.8806617324359243,32.55033943788273,8.7532651,65.03119156
2019-12-06,2019-12-21,2020-01-03,east_south,13.81500275,64.01041459,test,7.95050964,65.52839828,9.018962406741917,34.79671338140798,8.919281500361445,60.597124416939764,8.8393613332465,39.871000215778224,9.000594867493696,43.24471242639969,18.21631801,41.33784928
2019-12-06,2019-12-21,2020-01-03,west_north,-1.35140889,20.79444284,test,-2.22590569,35.86806572,-2.8511496522494792,27.686365763286744,-1.6900381825542163,28.3371818259277,-2.4018525761218226,26.172771575448,-2.6047662665916778,31.114777483494773,1.39781466,4.99496903
2019-12-06,2019-12-21,2020-01-03,west_south,4.66960531,26.35492378,test,5.54990422,18.70900737,5.9395039852547304,12.605570748509814,5.998555428,16.970219929036144,5.872366994842333,12.190411127366154,6.0580548197849735,12.66221488878928,11.71809026,0.31254548
2019-12-20,2020-01-04,2020-01-17,central_north,-4.07749093,21.1027072,test,-6.22250808,20.01365742,-5.37237201827097,11.605288241434101,-5.691729108578313,9.159885511855418,-5.544958462820224,9.59521911522343,-5.6784762755265685,13.625888703851803,0.33440255,7.50836339
2019-12-20,2020-01-04,2020-01-17,central_south,11.04912742,51.95097439,test,5.9904183,43.72544922,6.958002505716993,30.020581319340245,6.7920545016867475,40.814500077493975,6.8192518221684715,30.995658555003953,6.849052410797898,30.728543514477405,9.3333904,24.30559185
2019-12-20,2020-01-04,2020-01-17,east_north,1.57532889,37.25300318,test,-5.31367591,41.64687727,-2.9819337920020033,32.7689229807152,-3.905098847566264,33.80898894156626,-3.412238646894468,31.684420921401443,-3.178567107811215,30.80680909080429,0.46019039,18.51120809
2019-12-20,2020-01-04,2020-01-17,east_south,14.29568773,52.12430722,test,7.90231096,65.07957471,8.64742985450694,37.313241091840176,8.871082820361446,60.14830084693976,8.638608298809423,41.10236414325304,8.969540818798954,43.068747290104184,11.16098293,42.31446738
2019-12-20,2020-01-04,2020-01-17,west_north,-2.89018007,32.43551916,test,-3.87237038,30.87291468,-2.8917133718469916,27.143919145595206,-3.3365028725542167,23.342030785927705,-3.1059432543343823,24.494425156457346,-2.9102880360250127,27.31850244048025,4.48583657,8.18300794
2019-12-20,2020-01-04,2020-01-17,west_south,5.91449636,5.26445326,test,4.64359215,20.12096469,5.759248123055272,14.650424482251196,5.092243358,18.382177249036147,5.4201217481927015,13.871122704571086,5.808643893788959,13.36273838533447,12.98351701,11.63946556
2020-01-03,2020-01-18,2020-01-31,central_north,-3.15784348,20.12770521,test,-7.2288674,24.9465985,-5.132545273256824,11.387287058394621,-6.6980884285783135,14.092826591855417,-5.760986148431587,10.846281783709241,-5.999115732048981,15.181282693973174,0.66796213,35.4227111
2020-01-03,2020-01-18,2020-01-31,central_south,7.60491361,32.39868569,test,7.66480436,55.91903663,7.453368168717196,30.06037484586394,8.466440561686747,53.00808748749398,7.880458654691636,33.539027013878965,7.612525706241319,36.313035540028395,11.29341346,34.19212318
2020-01-03,2020-01-18,2020-01-31,east_north,-1.84329037,33.16041675,test,-4.50511707,53.29021283,-3.129488540909822,31.48949676835722,-3.096540007566264,45.45232450156627,-3.07368399152579,33.27062068894813,-2.9307855765781206,32.982390125416146,2.47174035,45.45991169
2020-01-03,2020-01-18,2020-01-31,east_south,8.44531005,21.32326985,test,11.05235057,71.0191897,8.906365950866672,39.205477604276105,12.021122430361444,66.08791583693976,10.180967633448471,42.85612800838602,10.287005894678124,47.15627144564432,12.21539333,31.22682182
2020-01-03,2020-01-18,2020-01-31,west_north,0.73721085,28.78991543,test,-5.44911886,33.26920694,-2.3309337870469498,26.283281088625543,-4.913251352554216,25.7383230459277,-3.3898213139804625,24.833744887744444,-2.7641025983206675,25.422149130123795,-1.63673645,27.40735399
2020-01-03,2020-01-18,2020-01-31,west_south,7.96784855,5.18016627,test,4.8046799,24.83087962,6.158517323777626,15.868963371250373,5.253331108,23.092092179036147,5.784724889885468,15.783769883401042,6.308210123675662,14.698092562146876,6.88858991,58.79986679
2020-01-17,2020-02-01,2020-02-14,central_north,-4.05320074,14.74528621,test,-4.8005222,21.07662744,-4.027157850012671,12.56354482425954,-4.269743228578313,10.222855531855416,-4.040902040089447,10.06546612460409,-4.614193756100538,12.63666099471298,-4.17871821,9.95863466
2020-01-17,2020-02-01,2020-02-14,central_south,9.04477512,75.03655777,test,6.8590388,38.04064506,8.569772647710765,30.557671450502735,7.660675001686748,35.129695917493976,8.22555077509159,29.59068298438353,8.506919680189105,26.454038185381375,9.59852053,25.14500351
2020-01-17,2020-02-01,2020-02-14,east_north,0.28071371,55.83504818,test,-6.32895418,41.73638764,-2.460558151315449,31.136670168745155,-4.9203771175662645,33.89849931156626,-3.3931163426429185,30.614455663502763,-3.5011552058831628,29.031733971123497,0.18242262,55.02852119
2020-01-17,2020-02-01,2020-02-14,east_south,13.55001773,104.77142336,test,7.71686535,56.96987415,9.72300776464059,40.08606704925573,8.685637210361445,52.03860028693976,9.309565586117476,40.9696768630554,9.51547771204974,37.32638177127524,11.79043895,60.28772773
2020-01-17,2020-02-01,2020-02-14,west_north,-1.22795584,23.35788174,test,-0.39613728,29.13770419,-1.3147630814502704,25.363086276481344,0.1397302274457835,21.606820295927704,-0.6271089105392156,21.563105220329575,-1.0949531690679761,21.50223368969723,-0.83373229,30.4879501
2020-01-17,2020-02-01,2020-02-14,west_south,6.61543918,8.41200827,test,7.56692288,12.02700255,7.0275710280288415,15.926243240532518,8.015574088000001,10.288215109036145,7.494470682099405,11.659836351845126,7.4770603574481225,12.688630639361953,7.64057519,19.30837752
2020-01-31,2020-02-15,2020-02-28,central_north,-2.64124981,11.5257823,test,-3.29281551,28.64187143,-2.17612285299026,15.199472293754347,-2.762036538578313,17.788099521855415,-2.256439739437873,14.030470447582676,-2.9398914449151574,14.148670385586076,0.17553061,26.68163498
2020-01-31,2020-02-15,2020-02-28,central_south,9.15416136,32.34480199,test,9.79810606,50.66244865,10.169737559085048,31.50200355241879,10.599742261686748,47.751499507493975,10.474531241867254,33.13064669166623,10.413177565612667,30.096424197401124,9.66704978,31.70185403
2020-01-31,2020-02-15,2020-02-28,east_north,-0.50576501,22.51245069,test,-3.56760388,51.55617686,-1.0321937994232124,31.831533145905887,-2.1590268175662644,43.718288531566266,-1.3191767296516792,33.255959728001045,-1.322171585058487,31.870029467645555,1.44175934,25.46920798
2020-01-31,2020-02-15,2020-02-28,east_south,10.73235739,58.2980871,test,11.64434632,68.4553061,10.99909684105209,39.89881159590321,12.613118180361445,63.52403223693976,11.787863616403477,42.99398529348234,11.75479816523342,42.20079112913821,12.72887712,56.86239529
2020-01-31,2020-02-15,2020-02-28,west_north,-0.42790717,10.78536954,test,-1.3626452,31.87886594,0.02576906933585646,24.57721553001879,-0.8267776925542165,24.347982045927704,-0.1792926964996333,22.415204243039764,-0.02774956842088505,21.06897387150704,-1.39223298,21.74804845
2020-01-31,2020-02-15,2020-02-28,west_south,9.3638864,10.22985352,test,8.54647253,15.94450188,8.258395466555855,14.709372574703368,8.995123738000002,14.205714439036145,8.697078334938219,11.857314175112101,8.739529551081553,14.020986769608452,4.58544521,25.97524223
2020-02-14,2020-02-29,2020-03-13,central_north,3.90713596,16.01468576,test,-0.72280515,28.29128261,0.2610329455580435,19.142190498893015,-0.19202617857831328,17.437510701855416,0.2787498352965214,16.82907557413508,-0.40301024077443204,15.600056716233109,-2.72484432,21.18844156
2020-02-14,2020-02-29,2020-03-13,central_south,14.93139956,38.46860988,test,9.65108928,49.35165388,12.100719969804773,32.82337643479436,10.452725481686748,46.440704737493974,11.583191724410536,34.51307595979901,11.742895430122708,31.15161762994008,11.08405233,60.06303917
2020-02-14,2020-02-29,2020-03-13,east_north,4.38037115,22.81737061,test,-1.87038535,47.82287652,1.0435653229336737,33.52211159412256,-0.46180828756626413,39.984988191566266,0.6381600228425364,33.70331252687387,0.7337490426434772,32.770850877481564,2.66802854,37.89497003
2020-02-14,2020-02-29,2020-03-13,east_south,14.02875425,40.43297749,test,10.5745496,76.15606392,12.616361687811251,38.967149397703615,11.543321460361444,71.22479005693975,12.346530857888883,45.32657733614505,12.747706892733497,50.64572863972815,14.43822997,58.11028754
2020-02-14,2020-02-29,2020-03-13,west_north,3.23769957,9.77583569,test,0.2199195,33.73110695,1.5920106359782196,24.00675395208986,0.7557870074457835,26.2002230559277,1.451868742796982,22.607610034299636,1.5853244048591324,21.5202014657372,-2.29723382,32.28360403
2020-02-14,2020-02-29,2020-03-13,west_south,11.35516024,31.09305532,test,8.19931587,25.21806339,9.755611378564602,12.397577655879964,8.647967078,23.479275949036147,9.490641345913286,13.32555011580953,10.00904835751886,13.896098113668774,5.67655316,1.67353141
2020-02-28,2020-03-14,2020-03-27,central_north,2.9725975,30.2547297,test,4.34889548,47.40253728,3.1063651837444386,24.029520196596618,4.879674451421687,36.54876537185541,4.100787192654183,24.915520717482096,4.585303451888816,23.52237192098044,-4.23534861,20.79182055
2020-02-28,2020-03-14,2020-03-27,central_south,17.36438259,62.20484547,test,14.56538013,48.53071121,14.217614065848153,34.3998322793921,15.367016331686747,45.61976206749398,14.890869274237069,34.79109441679357,14.864730564892458,34.410086250496846,8.15167025,39.723117
2020-02-28,2020-03-14,2020-03-27,east_north,4.97719045,42.65209489,test,3.97651099,54.4805444,3.6128926309686014,35.98906729984777,5.385088052433736,46.642656071566265,4.602432140628579,36.398149513573344,5.028134241446382,32.73729443284522,-1.97643031,35.92163038
2020-02-28,2020-03-14,2020-03-27,east_south,18.54860988,34.95370642,test,14.46895477,49.51625754,14.453496625352408,37.9043420429335,15.437726630361444,44.58498367693976,15.018153179694544,37.092407629014915,15.114647691316293,35.5334338459306,9.0475057,20.31166635
2020-02-28,2020-03-14,2020-03-27,west_north,2.15447737,24.23407017,test,1.93281739,42.60337451,3.3282224289612374,23.607181464626777,2.4686848974457836,35.072490615927705,3.220822769617128,24.94447688917029,3.486660828292772,24.400324046381055,-0.03193363,30.25822851
2020-02-28,2020-03-14,2020-03-27,west_south,10.23694576,26.54527064,test,9.91334472,21.35642412,11.44751661809982,9.427056308705026,10.361995928,19.617636679036146,11.204933374484582,10.37269807781432,11.468917098755199,9.831011575646851,7.82594824,9.31979486
2020-03-13,2020-03-28,2020-04-10,central_north,6.89652695,20.83823278,test,5.74720247,42.1819267,6.182263159868181,29.34151608892901,6.277981441421687,31.328154791855415,6.436346155441028,28.248209762498877,6.3183383057580205,27.50727971909731,-2.53009733,11.64807805
2020-03-13,2020-03-28,2020-04-10,central_south,17.2885746,31.14763382,test,15.11926137,49.91880575,16.39878297248345,36.074885838666916,15.920897571686748,47.00785660749398,16.37966665751426,37.285155788728915,16.42295337068873,33.228483341941214,9.32371016,65.5052533
2020-03-13,2020-03-28,2020-04-10,east_north,8.23247303,45.04078895,test,4.30384629,55.45106044,6.496792135875337,38.88606507679924,5.712423352433736,47.613172111566264,6.387659117293748,39.882662054489316,6.9335011321045785,38.19087864509595,0.65009505,45.41584042
2020-03-13,2020-03-28,2020-04-10,east_south,18.89739494,16.64359637,test,14.98954669,50.77470654,16.399524666914985,37.45075782273035,15.958318550361444,45.843432676939756,16.356527701949155,37.938541882734455,16.46322184760006,36.32099257400121,12.87965774,95.190773
2020-03-13,2020-03-28,2020-04-10,west_north,4.66931101,23.45276397,test,5.10327325,37.53816634,5.216906022871229,23.228567158771586,5.639140757445784,30.0072824459277,5.625446402372701,23.31140038355002,5.423889869312178,23.045329997328807,-0.90466219,25.68894582
2020-03-13,2020-03-28,2020-04-10,west_south,12.07584383,18.19974677,test,12.78891732,16.98297202,13.286874781374477,6.396903928664189,13.237568528,15.244184579036142,13.452279148584683,7.035088835737335,13.13108558901618,5.434040840345457,6.75942049,8.1029427
2020-03-27,2020-04-11,2020-04-24,central_north,5.49118272,19.55990843,test,8.58702076,52.55658244,9.32474421309712,34.484601315464715,9.117799731421686,41.70281053185542,9.405273356272058,35.23610107487404,9.255007711987275,33.50927924555272,-3.99538402,14.75837592
2020-03-27,2020-04-11,2020-04-24,central_south,16.02682619,63.21862826,test,17.74068195,63.82124807,18.55295314284346,37.6814595980532,18.542318151686747,60.91029892749398,18.706869714283368,42.47711881004382,18.550240767152676,33.317029597881344,8.83671883,42.96589883
2020-03-27,2020-04-11,2020-04-24,east_north,5.8434651,45.67193845,test,7.32204028,53.39877607,9.508413544315284,41.80617206744477,8.730617342433737,45.56088774156626,9.32986062391765,41.849476365364524,9.85254779975753,41.54403999335604,-0.89344005,20.97093259
2020-03-27,2020-04-11,2020-04-24,east_south,17.61944817,90.22632315,test,17.24686668,53.59467268,18.361325624120767,38.27661595713392,18.215638540361446,48.66339881693976,18.402637614225846,39.70305083213957,18.396514577208237,36.37138879283384,11.73281182,66.08076671
2020-03-27,2020-04-11,2020-04-24,west_north,6.27833057,12.96111557,test,6.31465424,38.90572751,7.26098946072679,22.663591100855882,6.850521747445784,31.374843615927702,7.272490107952821,24.00679768690853,7.232657525166446,23.744348063056417,-0.91229662,11.47346639
2020-03-27,2020-04-11,2020-04-24,west_south,14.24353217,6.97727639,test,13.6662496,11.69995225,15.242166728371977,3.9372199915250015,14.114900808000002,9.961164809036145,14.892785539488525,4.653526978812506,14.635081727648494,3.4712454192363538,8.88145913,10.5567609
2020-04-10,2020-04-25,2020-05-08,central_north,11.70589159,35.66927665,test,10.67012879,56.56818519,12.389831578081388,38.89112969243003,11.200907761421686,45.714413281855414,11.973763414263338,40.293505186493064,11.735038042173851,39.6971185368963,3.16424247,13.10862544
2020-04-10,2020-04-25,2020-05-08,central_south,20.53842291,27.3932859,test,19.37043046,54.62351254,20.616602229052855,39.067545611184194,20.17206666168675,51.71256339749398,20.499261855500052,41.76968703112992,20.465613595888257,36.99336821385461,13.31701266,32.93520975
2020-04-10,2020-04-25,2020-05-08,east_north,9.91170887,49.91286885,test,9.58316794,57.47488166,12.468475954661669,44.359895792614154,10.991745002433735,49.636993331566266,11.909458485057844,45.469535149689335,12.592668090020393,45.318419766711514,2.98031269,28.05063026
2020-04-10,2020-04-25,2020-05-08,east_south,18.38850519,43.18116504,test,18.48261909,54.87839054,20.264639536881546,40.79674077948683,19.451390950361446,49.94711667693976,19.963818398371348,42.71185169669715,20.13530514818756,41.49913719584947,12.26916421,42.46629728
2020-04-10,2020-04-25,2020-05-08,west_north,11.52914583,12.89946091,test,9.68781094,32.94595148,9.458182756110348,21.711663106209986,10.223678447445783,25.4150675859277,9.867390628657656,21.876345429783978,9.289261425339085,23.128210916732385,3.29644474,8.34020942
2020-04-10,2020-04-25,2020-05-08,west_south,21.07117432,0.03380961,test,17.11999389,5.6163828,17.2824212974284,2.569152837026845,17.568645098,3.8775953590361443,17.433223737630158,2.128173198035343,16.752702266229683,4.864415125080267,11.16768551,15.09236085
2020-04-24,2020-05-09,2020-05-22,central_north,12.632703,40.26806058,test,13.52484297,58.46186349,15.253350228779603,42.11376905937721,14.055621941421686,47.60809158185542,14.732687617094474,43.65480294789917,14.329996341382056,44.881793844846584,2.37230395,31.55916212
2020-04-24,2020-05-09,2020-05-22,central_south,21.57341193,48.86680136,test,21.28331554,53.3517272,22.543784580269612,40.118467732479324,22.084951741686748,50.44077805749397,22.334296729649957,42.82256657947481,22.32865788944248,42.88649759192144,16.80874845,67.79584972
2020-04-24,2020-05-09,2020-05-22,east_north,11.89862858,48.29227277,test,13.06196193,56.41281458,15.216854398239457,46.24794315502061,14.470538992433736,48.57492625156627,14.856674525596006,46.83524535222605,14.8644995542031,47.44618357205344,4.84166227,47.20077789
2020-04-24,2020-05-09,2020-05-22,east_south,19.89098934,62.20406494,test,20.68204878,60.23653845,22.04948236170014,45.041370066918255,21.650820640361445,55.30526458693976,21.861561948538103,47.77975919371357,21.908172475021253,48.90908920265278,18.47417747,36.62766472
2020-04-24,2020-05-09,2020-05-22,west_north,11.6664326,32.85707268,test,11.86700648,27.85291828,11.774780739735693,20.243569602702845,12.402873987445783,20.322034385927704,12.014765567999426,20.02295276791062,11.505550070540618,22.081414999229352,2.31981079,23.76562275
2020-04-24,2020-05-09,2020-05-22,west_south,19.52926343,2.5668801,test,18.99617107,3.77278555,19.36036681876192,2.5885331549195083,19.444822278,2.033998109036144,19.332136869843964,2.2990047827500746,19.009111762795754,5.010738168703309,10.54519846,41.49119806
2020-05-08,2020-05-23,2020-06-05,central_north,19.48899476,39.91371056,test,17.50861812,65.1059966,17.806090189014938,43.8952359406865,18.039397091421687,54.25222469185542,17.798919443463536,46.76622927172744,17.299199760334933,47.91687343101964,7.26883241,21.95603253
2020-05-08,2020-05-23,2020-06-05,central_south,24.29218175,50.50444078,test,24.64664242,40.59737171,24.292131417649,40.771389880319354,25.448278621686747,37.68642256749398,24.657787851220917,40.02775426213363,24.763779270617526,43.76234013489905,18.01485645,27.26032047
2020-05-08,2020-05-23,2020-06-05,east_north,19.04990392,32.02888668,test,17.10405696,58.2582328,17.619378730038235,47.31305954736346,18.512634022433737,50.42034447156627,17.85349024946347,48.100158514168115,17.05353454940113,49.41213336023881,8.73328412,36.91500999
2020-05-08,2020-05-23,2020-06-05,east_south,24.3307161,69.65398916,test,23.68170577,60.11488067,23.662257213019473,50.61442504735178,24.650477630361447,55.18360680693976,23.995306028070146,52.08332838743212,23.727237719813527,54.424219700469024,19.094822,13.74063394
2020-05-08,2020-05-23,2020-06-05,west_north,16.37340229,10.07243646,test,13.84771597,28.41716383,14.126417004251191,18.250840649544894,14.383583477445782,20.886279935927703,14.109253541727202,19.327377037150097,13.87013982813708,20.399296420965502,3.67926269,24.40384878
2020-05-08,2020-05-23,2020-06-05,west_south,23.73738844,1.62915038,test,21.09932295,4.79959277,21.39911688688757,3.999448230744709,21.547974158000002,3.0608053290361443,21.31584044007887,4.167773638117872,21.594247237546284,5.813836982998476,11.84281947,12.68521402
2020-05-22,2020-06-06,2020-06-19,central_north,20.9925245,33.51111229,test,19.32471092,60.73276646,19.947348273191466,44.19936323842918,19.855489891421687,49.87899455185541,19.72254120386437,46.427882513431086,19.70345853209362,48.34359178260718,4.6049074,15.71552559
2020-05-22,2020-06-06,2020-06-19,central_south,25.79026194,29.50005787,test,25.69251417,41.49808602,25.809623164100547,41.019437681517736,26.494150371686747,38.587136877493975,25.923637448602026,41.185464541282684,26.17998647875461,43.36159690805269,15.65764695,53.49078027
2020-05-22,2020-06-06,2020-06-19,east_north,18.84687989,28.22337313,test,19.09324516,53.71328714,19.57000859513805,47.56009053123337,20.501822222433734,45.875398811566264,19.743725376030106,47.58610430984311,19.253126228952944,48.006440928797446,5.53203605,49.010421
2020-05-22,2020-06-06,2020-06-19,east_south,24.22008391,79.35772185,test,24.46645292,74.43965677,25.04759963966748,56.75074985909846,25.435224780361445,69.50838290693976,25.12051702657708,61.237080267679374,25.406391223089216,66.29947555958083,17.46031747,70.67436391
2020-05-22,2020-06-06,2020-06-19,west_north,14.047054,31.873227,test,15.81728403,20.96079317,16.371702312374463,15.867450716763683,16.353151537445783,13.429909275927702,16.14108862643394,16.140826789936792,16.132904918883213,16.680281892012054,6.02090283,9.42598848
2020-05-22,2020-06-06,2020-06-19,west_south,22.44332978,1.65142731,test,23.67847239,2.42081084,23.286809696818178,6.5128213278031195,24.127123598,0.6820233990361444,23.428852504450518,5.713452349054863,24.15988115888954,5.436021314456962,13.106307,13.58391444
2020-06-05,2020-06-20,2020-07-03,central_north,22.71878944,48.89845417,test,21.09389353,55.71496554,21.58012525497686,43.19801738501799,21.624672501421685,44.861193631855414,21.365933868527808,44.765268713279255,21.680709872142966,45.52637991632329,12.13474408,37.26378176
2020-06-05,2020-06-20,2020-07-03,central_south,27.25362873,54.62868422,test,26.39371099,51.2287237,27.02646413729393,40.905083046380035,27.195347191686746,48.317774557493976,26.919425354679746,44.357607083114814,27.056263317795445,47.514048302607975,20.74993156,35.41128956
2020-06-05,2020-06-20,2020-07-03,east_north,22.47782744,39.26939692,test,20.69410369,52.9200438,20.989526401950325,47.14060842506665,22.102680752433734,45.08215547156627,21.208159230837158,47.49228855628235,21.105594460167506,46.11623931539022,9.95056363,55.32649528
2020-06-05,2020-06-20,2020-07-03,east_south,26.71441875,46.20554469,test,25.41218289,70.43811323,26.14298739467954,62.46119363317695,26.380954750361447,65.50683936693976,26.14389338833074,65.01490074254427,26.414916494609535,65.80673429497273,19.04991242,65.51339196
2020-06-05,2020-06-20,2020-07-03,west_north,18.21683504,17.84592528,test,18.60574434,15.06383733,18.3216705508235,13.357773561848795,19.141611847445784,7.532953435927705,18.380388715953284,12.848004127890942,18.766218947803758,11.458322564763488,11.46363092,15.42687877
2020-06-05,2020-06-20,2020-07-03,west_south,25.3338533,0.92546498,test,25.28281051,4.95028783,24.881740221040257,9.61034779798549,25.731461718000002,3.2115003890361438,25.00810267142506,9.145258327130655,25.653355174500557,8.692900371150419,20.65868676,0.03677099
2020-06-19,2020-07-04,2020-07-17,central_north,23.79179166,44.96484184,test,23.18112442,44.16859829,22.61067144923719,41.218072384819145,23.711903391421686,33.31482638185541,22.82165215106404,40.288279858873366,23.18312310847161,37.329750422797986,11.30566285,40.43921787
2020-06-19,2020-07-04,2020-07-17,central_south,29.0248737,37.93426316,test,27.07778145,45.17357112,27.85506095303021,40.504769260142545,27.879417651686747,42.26262197749398,27.69080533132898,42.926634344487866,27.622640275314367,41.79517700552044,20.73730655,50.15717195
2020-06-19,2020-07-04,2020-07-17,east_north,23.70494968,41.89663126,test,21.96803001,50.48153303,21.822514091932447,46.306425965944165,23.376607072433735,42.64364470156627,22.234128993624438,46.50568310670769,22.545865283687924,44.119175528910645,10.66308175,43.24044075
2020-06-19,2020-07-04,2020-07-17,east_south,27.47218131,57.9408361,test,25.94678183,75.84333446,26.87837970455355,66.73419620801644,26.915553690361445,70.91206059693975,26.835749664887196,70.12668304238248,27.131356315671976,69.86646781391238,18.82426592,39.4971581
2020-06-19,2020-07-04,2020-07-17,west_north,19.90047995,3.8695711,test,20.06795726,13.85105521,19.7641946801748,11.072467657413675,20.603824767445783,6.320171315927705,19.819992121752204,11.147127885605187,20.228580243070443,9.13792262326568,11.69645427,28.1514558
2020-06-19,2020-07-04,2020-07-17,west_south,28.07433797,3.90453055,test,26.29237444,7.1656586,26.027990472966586,12.65934508682201,26.741025648,5.4268711590361445,26.116458195258808,12.418354476746362,26.307388619955116,12.128946904522106,20.06436114,2.56521182
2020-07-03,2020-07-18,2020-07-31,central_north,23.35422783,56.42409521,test,22.93681206,38.61145948,22.95378449831974,38.661310707549625,23.467591031421687,27.757687571855417,22.950439928156403,37.40724217846538,23.22473117603363,34.25842490233393,18.81243198,36.88105802
2020-07-03,2020-07-18,2020-07-31,central_south,28.09000706,46.48989352,test,27.40899832,36.39761769,28.199027614888244,39.90860493433088,28.210634521686746,33.48666854749398,28.06093587997908,40.468884158494575,27.939825374220607,36.24193668886079,23.85674991,49.58643859
2020-07-03,2020-07-18,2020-07-31,east_north,24.43962715,41.74245872,test,22.02626451,53.52539153,22.034516768156312,45.343267925202966,23.434841572433736,45.687503201566265,22.43736837654812,46.96641132887497,22.724782453463725,43.44201167068641,18.18760904,30.32070732
2020-07-03,2020-07-18,2020-07-31,east_south,28.05253479,55.77711326,test,26.31172923,78.20151865,27.181810222342357,68.74936113770656,27.280501090361447,73.27024478693976,27.225465423110577,72.54012293254644,27.48342564599669,71.45332638205305,23.88612844,84.23920092
2020-07-03,2020-07-18,2020-07-31,west_north,21.63333019,7.80789247,test,21.52141191,14.34664417,20.498889360288285,9.381404693814149,22.057279417445784,6.815760275927704,20.889365296892553,10.030808711494318,21.42554719523168,7.837802260255302,15.2356591,16.66623827
2020-07-03,2020-07-18,2020-07-31,west_south,27.04451658,15.7746589,test,26.71507302,12.05133819,26.5789601600528,15.052559859799471,27.163724228,10.312550749036143,26.672854636939995,15.804769732845699,26.347472405138333,16.060063700263076,22.58872386,1.59895704
2020-07-17,2020-08-01,2020-08-14,central_north,21.90502492,32.21880303,test,22.16325198,38.7659847,22.543579447161125,35.915808446330566,22.694030951421684,27.912212791855413,22.457189714545756,35.71822716323892,22.504371657597734,33.56447074068382,21.24124059,32.99842966
2020-07-17,2020-08-01,2020-08-14,central_south,28.06224332,27.51321822,test,26.87604739,36.76053037,27.969798866707507,39.19991570775181,27.677683591686748,33.84958122749397,27.77482178216037,40.30441336103097,27.655672369397422,37.07145765824808,25.93516706,33.3508254
2020-07-17,2020-08-01,2020-08-14,east_north,22.77463689,52.56454338,test,21.23895668,50.55953915,21.610930313577473,44.50021548242424,22.647533742433737,42.721650821566264,21.9309427022648,45.87070673075014,21.927880930619626,43.207997898497936,18.87757445,31.84770924
2020-07-17,2020-08-01,2020-08-14,east_south,27.34288021,81.63055498,test,25.7719805,72.48035863,26.99025810919143,68.05537421313612,26.740752360361448,67.54908476693976,26.946361121081914,70.78604038341685,27.00709729763478,68.48290437553916,24.47286836,82.31886085
2020-07-17,2020-08-01,2020-08-14,west_north,20.83613631,2.51101664,test,20.64277411,12.43568996,20.375329467195005,8.598169553497868,21.178641617445784,4.904806065927704,20.51262251138427,9.33850208912539,20.609726746721254,8.511202548322997,14.47544471,28.63111407
2020-07-17,2020-08-01,2020-08-14,west_south,27.44430303,3.35073386,test,26.01091001,12.1686274,26.424132858649966,16.341358000335983,26.459561218,10.429839959036144,26.36165633449042,17.13011765295349,25.796151143019966,17.325971016667694,22.83168339,1.68325603
2020-07-31,2020-08-15,2020-08-28,central_north,23.2353538,17.24950451,test,20.95862447,45.18968021,21.34777775087809,33.27880759612935,21.489403441421686,34.33590830185541,21.349675235183216,35.537800996742575,21.369065484318853,35.32504025521915,22.0227135,51.81537927
2020-07-31,2020-08-15,2020-08-28,central_south,27.35715424,43.67179291,test,26.21880101,38.52243542,27.107378352944625,38.43930366528811,27.020437211686748,35.61148627749398,27.07779585458271,40.16794951061125,27.064420902418572,38.73388221378424,26.97269308,50.18829759
2020-07-31,2020-08-15,2020-08-28,east_north,21.42242315,37.32052011,test,20.72690033,48.21317002,20.55838293457539,43.93129867585148,22.135477392433735,40.375281691566265,21.18273686755059,44.71170966920006,21.221402428130734,42.80757054719952,22.14669863,40.78192491
2020-07-31,2020-08-15,2020-08-28,east_south,26.52015964,76.61703955,test,25.51608452,62.72593032,26.26364120810765,64.67228636265273,26.484856380361446,57.79465645693976,26.46379391563373,65.54499017812643,26.36570654507514,65.59869381326111,26.21083556,46.29818377
2020-07-31,2020-08-15,2020-08-28,west_north,21.99666558,3.90088222,test,19.60438086,13.67020526,19.326313505564066,8.912812313498893,20.140248367445782,6.139321365927704,19.55514968724456,9.954390105793127,19.546863550049437,9.331390337454456,17.7926845,20.47329965
2020-07-31,2020-08-15,2020-08-28,west_south,29.06743892,6.13905681,test,25.23754208,9.81335886,25.513367400209713,16.33227697144761,25.686193288000002,8.074571419036143,25.58407355127753,16.493533378939055,25.189723277937443,15.317461332945758,25.10623855,0.63990256
2020-08-14,2020-08-29,2020-09-11,central_north,17.01123932,40.9052096,test,18.26682509,41.7551269,19.382304209901484,30.907981239912434,18.797604061421687,30.901354991855417,19.149009449037926,33.0611794263167,19.036934413701147,32.773365709790085,23.92143582,42.42917548
2020-08-14,2020-08-29,2020-09-11,central_south,25.57520347,67.74947313,test,24.79351443,37.68292037,25.600465799536323,37.65666755429089,25.595150631686746,34.77197122749398,25.670099624746104,39.22955735574297,25.763526531687695,40.52021353802249,28.89316606,40.29815342
2020-08-14,2020-08-29,2020-09-11,east_north,19.76675436,51.83812317,test,18.18225784,39.99148909,18.908408330356913,43.66262791380703,19.590834902433734,32.15360076156627,19.21559248815854,42.539803065956235,19.005340833162247,46.2597165369789,23.82156413,39.25313179
2020-08-14,2020-08-29,2020-09-11,east_south,26.71310561,44.42359862,test,24.07326569,53.99411929,24.99876708002541,59.09490940857471,25.042037550361446,49.06284542693976,25.15407784854462,58.99590014137469,25.034392647083152,61.394473081077976,27.35132806,57.91952274
2020-08-14,2020-08-29,2020-09-11,west_north,17.14284332,7.59833133,test,17.6888553,12.08947121,17.388658279201845,10.347918013135281,18.224722807445783,4.558587315927704,17.709392374253223,10.556435737337672,17.535260587620716,10.557035356329038,19.38892267,4.59851832
2020-08-14,2020-08-29,2020-09-11,west_south,24.5374737,8.43126891,test,24.7433247,10.16727704,23.873236193621317,15.125288653388974,25.191975908,8.428489599036144,24.49337568734743,15.232737595131045,24.690301792104894,12.708174846678599,27.7584092,2.5930665
2020-08-28,2020-09-12,2020-09-25,central_north,17.12118505,10.00357656,test,15.63153652,27.43470913,16.722451536880836,28.811090508181646,16.162315491421687,16.580937221855418,16.528793140515038,27.5555176038503,16.232583800379377,29.39191279341333,23.69590983,50.87180981
2020-08-28,2020-09-12,2020-09-25,central_south,22.66402579,51.59053192,test,21.90222665,17.03910344,23.50100931214478,36.85266426629666,22.703862851686747,14.128154297493978,23.2448361290437,33.1907600105546,23.500720094295126,39.20915272834915,28.30785313,41.53893987
2020-08-28,2020-09-12,2020-09-25,east_north,14.36926125,12.20197219,test,14.98033262,32.78342285,16.72227551943233,43.592418165468054,16.388909682433738,24.945534521566266,16.638885230308095,40.68614801676449,16.38638083208642,44.86061160605513,24.44479459,37.97323877
2020-08-28,2020-09-12,2020-09-25,east_south,22.24747984,99.50467639,test,21.71142115,42.1344018,23.239788378022787,52.196092535931946,22.680193010361446,37.20312793693976,23.136494494470462,50.62947201572155,23.05967268944248,54.200925081918726,28.04424532,52.3534828
2020-08-28,2020-09-12,2020-09-25,west_north,15.9562042,7.47480971,test,16.10142958,13.56445384,14.706475135720533,12.748030414370131,16.637297087445784,6.033569945927705,15.557324553387776,12.235294621109613,15.456726175576375,12.319876448528525,21.40050632,7.39246725
2020-08-28,2020-09-12,2020-09-25,west_south,23.3528683,0.26109637,test,22.53155591,10.40701106,21.61140803299416,13.085398081485723,22.980207118000003,8.668223619036144,22.296945587959392,13.550943038095173,22.55780572195193,9.934780554584567,26.7271547,17.25125149
2020-09-11,2020-09-26,2020-10-09,central_north,13.43246861,11.10979042,test,13.05114076,30.26262002,13.507218280781789,26.874912888113798,13.581919731421685,19.408848111855416,13.61101730228567,26.40848515014328,13.265968327654406,27.137335187081714,21.62441338,39.77647255
2020-09-11,2020-09-26,2020-10-09,central_south,20.15022244,17.36752347,test,19.79788861,21.63129114,20.92917966614032,36.00880190344952,20.59952481168675,18.720341997493975,20.888358380983373,33.278581417296195,20.977616265724805,37.5295761886771,27.83525331,28.4615716
2020-09-11,2020-09-26,2020-10-09,east_north,13.99325799,38.6044467,test,11.91236834,33.26079573,14.09518322572754,43.52355595139507,13.320945402433736,25.422907401566263,13.843356250375447,40.56357495708204,13.611964023054455,41.47635202371332,22.71231689,57.61993779
2020-09-11,2020-09-26,2020-10-09,east_south,20.71833316,46.20675596,test,19.46609679,33.7937902,21.082221725843468,45.05097361719506,20.434868650361448,28.862516336939755,20.90793493001257,42.72059919976995,20.865737478162345,45.41557949620724,27.4782069,79.34187989
2020-09-11,2020-09-26,2020-10-09,west_north,14.12687732,4.42880939,test,12.92848665,18.670852,11.515509505368723,15.805150334601432,13.464354157445783,11.139968105927704,12.423817973164994,15.603247369250433,12.145335769223237,14.824693051973853,21.35470627,2.87701893
2020-09-11,2020-09-26,2020-10-09,west_south,22.07896825,0.00059156,test,20.13924259,6.99957396,18.907475991479522,10.754367358109361,20.587893798,5.260786519036144,19.72804045304642,10.486319417779228,19.927973819527057,6.716155358092195,27.41990897,2.87111948
2020-09-25,2020-10-10,2020-10-23,central_north,8.12192076,30.38463239,test,11.63902681,24.58096794,9.934593538459833,24.925087101565218,12.169805781421687,13.727196031855417,10.928886173227657,22.42712116615292,10.894266583607276,19.837460048140624,23.26378629,16.68558341
2020-09-25,2020-10-10,2020-10-23,central_south,20.38174829,19.93037359,test,18.22428959,14.09737806,18.06666512012372,35.103276393389464,19.02592579168675,11.186428917493977,18.530846615207928,29.756272865286714,18.4005528603243,26.592194939838745,27.48205822,31.20841232
2020-09-25,2020-10-10,2020-10-23,east_north,12.7590717,51.47158834,test,10.65637437,26.1624328,11.157817414900245,43.22075525412377,12.064951432433736,18.324544471566266,11.579985458360877,37.49037276664528,11.651603606547322,34.37143387373571,21.60459828,34.63969901
2020-09-25,2020-10-10,2020-10-23,east_south,21.14243068,49.53984435,test,17.88601557,32.19873217,18.668803596430177,38.72087849725401,18.854787430361448,27.26745830693976,18.79064287247071,36.807944250067735,18.407979457843645,35.472820679773136,26.39724732,85.06712341
2020-09-25,2020-10-10,2020-10-23,west_north,8.75429919,23.98539379,test,9.4838667,24.6734739,8.11111843713021,19.11507626769353,10.019734207445783,17.142590005927705,9.020607148957335,19.310550119170816,8.721353651490464,16.73067189614489,21.90714662,3.21306466
2020-09-25,2020-10-10,2020-10-23,west_south,19.82509239,0.00300437,test,17.31443538,9.71292592,15.991432767564236,8.722954049988907,17.763086588,7.974138479036144,16.832438334268616,9.229647893652247,16.859317332875943,4.833352731526531,29.29392493,6.05207747
2020-10-09,2020-10-24,2020-11-06,central_north,5.23005815,17.31866216,test,6.73849365,27.45085184,6.247307815711396,22.80128892030413,7.2692726214216865,16.597079931855415,6.711185646712762,21.60199527070154,6.565683018543642,18.927543888875352,18.52352533,38.1402841
2020-10-09,2020-10-24,2020-11-06,central_south,13.29367838,46.09412709,test,14.55189187,26.28387319,15.138621120312493,34.128276596756336,15.353528071686748,23.372924047493978,15.26710601892984,31.98286547496568,15.280502008632059,31.026557823407348,26.61730022,74.29740031
2020-10-09,2020-10-24,2020-11-06,east_north,7.64274076,45.83781037,test,6.37277898,43.80506123,8.07357713675037,42.47858580716881,7.781356042433735,35.967172901566265,7.984646403965037,41.503774993385974,7.803004546706659,37.99630257787727,20.21804947,52.6098184
2020-10-09,2020-10-24,2020-11-06,east_south,18.04017984,42.88265861,test,14.68035334,25.85934596,16.177110771953878,34.044396000564866,15.649125200361444,20.928072096939758,15.918966331801045,31.30228122549722,15.785064260626026,29.707832363911084,26.84913749,37.0944708
2020-10-09,2020-10-24,2020-11-06,west_north,5.34014902,11.40200709,test,6.8775871,26.96029475,4.805925003353835,22.25255990267684,7.413454607445784,19.429410855927703,5.98890247976168,21.574117813747506,5.762449654358706,17.36466819970524,18.04646414,7.34712922
2020-10-09,2020-10-24,2020-11-06,west_south,14.61220683,3.96495521,test,14.62658457,11.88680354,13.113575080135133,7.492996208039995,15.075235778000001,10.148016099036145,13.989666435794948,8.309874834085994,13.917747829255084,3.885545396055388,25.98091789,7.43080209
2020-10-23,2020-11-07,2020-11-20,central_north,5.47744586,19.9177732,test,3.76141289,34.39376088,2.710514389253998,20.428581689774695,4.292191861421687,23.53998897185542,3.3810197829482247,21.058707303799164,3.6232661174852403,20.020528270435275,16.22403822,16.19335731
2020-10-23,2020-11-07,2020-11-20,central_south,16.09461862,3.97613846,test,13.33966768,36.04896901,12.387037785697757,33.10410741922674,14.141303881686747,33.13801986749398,13.118746489201797,32.75400298363833,13.095625807587552,31.713180591765404,22.54853941,55.28728867
2020-10-23,2020-11-07,2020-11-20,east_north,8.45099991,33.89477782,test,5.31025219,48.72697288,5.030543450405639,41.184056909472886,6.718829252433736,40.88908455156626,5.728296145451827,40.69551236709137,5.409222000579876,37.06218435170939,14.6748193,18.13634886
2020-10-23,2020-11-07,2020-11-20,east_south,17.78493392,73.32844157,test,14.85964431,36.06022479,13.80060214847849,31.481290722030103,15.828416170361445,31.12895092693976,14.556605532882365,30.658114763887976,14.318498221554648,29.6631864555933,22.96517231,98.07806764
2020-10-23,2020-11-07,2020-11-20,west_north,1.53549954,41.28791749,test,2.00100178,42.37476505,1.8853504459980317,24.849145212550457,2.536869287445784,34.843881155927704,2.234256733266727,27.68611688138021,2.833273545598546,27.80154906035568,15.76125674,5.05803759
2020-10-23,2020-11-07,2020-11-20,west_south,10.87400695,6.9542891,test,10.99188561,12.75315244,10.511401844391795,7.360929170879874,11.440536818000002,11.014364999036143,10.896427758166684,8.19657409192646,10.894983009723276,6.4108715644057455,22.53148186,1.94038155
2020-11-06,2020-11-21,2020-12-04,central_north,1.14472171,17.52533617,test,1.54805575,35.22910568,-0.41542007566782324,17.866692247261412,2.078834721421687,24.37533377185542,0.6004979040916012,18.629304744237793,1.0576340805035236,19.624835309938504,13.78960966,12.29873688
2020-11-06,2020-11-21,2020-12-04,central_south,10.08571454,41.3045647,test,12.27272558,43.73045282,10.040165476633604,32.08620441092159,13.074361781686747,40.81950367749397,11.26562962094238,33.04680195933609,11.613042886152538,32.25129298583259,20.05956651,15.58711489
2020-11-06,2020-11-21,2020-12-04,east_north,4.7586142,50.29551104,test,2.46995389,53.34782763,2.2283362232188146,39.35860096706847,3.878530952433736,45.50993930156626,2.8733051253703485,40.0718233972223,2.9024858919586474,41.025178675971276,14.74594083,37.07946173
2020-11-06,2020-11-21,2020-12-04,east_south,13.13686725,32.82332121,test,13.35174615,37.48554379,11.726157793069216,31.042767604350605,14.320518010361445,32.55426992693976,12.659875427081744,29.915434520686286,12.721734346750612,30.34080830455783,20.63773488,57.19871292
2020-11-06,2020-11-21,2020-12-04,west_north,-0.86342626,5.74146058,test,-0.47335446,45.24396902,-0.4303964136520288,26.65707066582914,0.06251304744578351,37.713085125927705,-0.19112423489399033,29.26830491587827,0.16449678496619613,30.2327755816689,14.32177699,8.0378839
2020-11-06,2020-11-21,2020-12-04,west_south,7.99587991,1.07304039,test,7.61112798,24.5880629,8.379661784626592,8.349373151315692,8.059779188,22.849275459036146,8.207156315520264,11.862556505898095,8.084082583812268,12.10078670322154,22.48052638,0.00902649
2020-11-20,2020-12-05,2020-12-18,central_north,-0.75743357,8.2194229,test,0.06557026,20.64223406,-2.9027361765735193,15.324138864612014,0.5963492314216867,9.788462151855416,-1.5147929776090656,12.112079773769171,-1.0656970808218877,11.13554249576395,9.92863575,20.47456789
2020-11-20,2020-12-05,2020-12-18,central_south,7.80028512,25.5068303,test,9.17295144,34.10549001,8.283542186842025,31.16277196926617,9.974587641686748,31.194540867493973,8.891003249737004,29.690823060377884,9.143010917870715,27.874536250186697,20.68725108,29.78408738
2020-11-20,2020-12-05,2020-12-18,east_north,0.21371272,39.82435525,test,0.84469247,55.3390067,-0.13886220447584918,37.16896366913763,2.2532695324337357,47.501118371566264,0.795690441826651,38.26798910835839,0.9246935489066939,41.535483833576365,12.11391732,50.30545494
2020-11-20,2020-12-05,2020-12-18,east_south,9.79154855,38.51485754,test,10.72101681,44.59150913,10.11198182235693,32.32194349380991,11.689788670361445,39.66023526693976,10.597103587999246,32.497222613977456,10.899291355764156,33.19477542559625,21.13521867,45.75748795
2020-11-20,2020-12-05,2020-12-18,west_north,-1.45080206,17.96562004,test,-0.22702755,33.64668023,-2.010777829952465,27.585844099208497,0.3088399574457835,26.115796335927705,-1.0658415401177104,25.72229930371313,-1.212306856698953,30.508254797964472,10.39938675,22.40003201
2020-11-20,2020-12-05,2020-12-18,west_south,6.33444263,6.5368109,test,7.39883252,11.83972892,6.84897575862009,10.20241480525251,7.847483728,10.100941479036145,7.168586059303161,8.856238010424136,7.240257050101074,6.829906165182194,20.21061588,0.00098478
2020-12-04,2020-12-19,2021-01-01,central_north,-2.65365163,16.94682697,test,-1.06104414,23.70992408,-4.5801969567206475,13.132396162061484,-0.5302651685783132,12.856152171855417,-2.952858409867347,10.699368902566565,-2.3585021136945157,12.827905723122033,3.90173629,27.46715371
2020-12-04,2020-12-19,2021-01-01,central_south,8.71285814,53.45922334,test,8.70666538,37.92511493,7.237890002763046,30.44299074784847,9.508301581686748,35.01416578749398,8.084248193748236,29.466615307460177,8.396582494254908,28.236569864764842,13.75126147,47.83151139
2020-12-04,2020-12-19,2021-01-01,east_north,0.1560561,40.38700229,test,-0.37146371,40.59172619,-1.900895528494802,34.903612457456546,1.037113352433736,32.75383786156627,-0.7590611217353891,32.10345886647572,-0.6527882401482299,32.73382941597751,8.14173744,49.10777894
2020-12-04,2020-12-19,2021-01-01,east_south,9.30164045,42.44733562,test,10.91696906,42.80888609,9.069718295994635,34.61568539069188,11.885740920361444,37.87761222693976,10.068184685913455,32.82237742324226,10.141724183504785,33.134346112518216,18.67655237,46.92731942
2020-12-04,2020-12-19,2021-01-01,west_north,-1.88822038,22.5902148,test,-1.27956495,42.5025034,-2.821748743677043,27.70431048279162,-0.7436974425542164,34.971619505927706,-1.9766851682278657,27.68230562185426,-2.0000761958277495,32.44972252905414,4.32179275,9.28610576
2020-12-04,2020-12-19,2021-01-01,west_south,5.5653473,5.40122151,test,6.15573986,12.95933051,5.97657437921013,12.445631751749774,6.604391068,11.220543069036143,6.136305225076177,10.403113221348985,6.3163419011174495,10.163249531746601,14.65571103,3.96694936
2020-12-18,2021-01-02,2021-01-15,central_north,-0.8767587,7.5204218,test,-2.65953367,20.38577625,-5.331570010425852,11.737522267489764,-2.1287546985783132,9.532004341855416,-4.035643913658974,8.706179084719302,-3.8259032250431453,11.821640694311615,6.3389802,19.8052803
2020-12-18,2021-01-02,2021-01-15,central_south,5.64114864,21.35414645,test,7.79948947,43.13016301,6.944317361009192,30.05020369953629,8.601125671686747,40.21921386749398,7.562256255824683,30.32974465592299,7.661856371269675,31.166402314649826,16.15992392,3.97845127
2020-12-18,2021-01-02,2021-01-15,east_north,-0.16647428,19.58740594,test,-2.0922338,50.75650475,-2.893717184907942,33.01331288053442,-0.6836567375662639,42.91861642156626,-2.0035285463052053,33.30764133338401,-1.9865193749467096,35.84143789401689,9.23104394,33.87838177
2020-12-18,2021-01-02,2021-01-15,east_south,8.38846974,42.45488948,test,9.98435999,56.71404226,8.660108618223905,36.981368506482575,10.953131850361444,51.78276839693976,9.495313299717264,38.02884785453452,9.54653752470077,38.18214267133477,18.53439022,74.00190399
2020-12-18,2021-01-02,2021-01-15,west_north,-0.50176572,29.84472489,test,-1.59969131,37.84682708,-2.926383378072323,27.247042354450993,-1.0638238025542166,30.3159431859277,-2.1665648128803547,25.732340790887303,-2.465209128601061,30.344808112769503,2.57918331,38.88301992
2020-12-18,2021-01-02,2021-01-15,west_south,6.22909436,1.1920025,test,5.91567454,10.83083777,5.746730506009122,14.40066745720672,6.364325748000001,9.092050329036145,5.922437762251422,10.870681978556217,6.1341545113934135,11.296763394687929,11.3733732,6.72342218
2021-01-01,2021-01-16,2021-01-29,central_north,-4.69232767,14.77967396,test,-1.83161485,26.13254054,-5.221937249801335,11.337148950242705,-1.3008358785783134,15.278768631855417,-3.5607880879192884,9.393484081611147,-3.1567836979549826,13.25005210620203,1.97494095,16.65941226
2021-01-01,2021-01-16,2021-01-29,central_south,8.94965787,26.89200141,test,8.09909883,47.51092398,7.341755874051497,30.027178009550052,8.900735031686748,44.599974837493974,7.97368829812417,31.155183510483692,7.7909911036055375,32.37838134127817,11.66628612,34.84778947
2021-01-01,2021-01-16,2021-01-29,east_north,-2.58377514,25.19668471,test,-1.95870241,51.78417764,-3.158966474953276,31.620373448548655,-0.550125347566264,43.94628931156627,-2.0379993354634562,32.16833056176229,-2.2511908864801167,31.94682890416861,5.29305495,49.26233605
2021-01-01,2021-01-16,2021-01-29,east_south,9.52365337,34.10436398,test,10.2009574,64.61040522,8.833328566573325,38.99083629571908,11.169729260361445,59.67913135693976,9.76044304733724,41.28629214772644,9.718579072926826,42.450180809340964,13.49602692,32.54709409
2021-01-01,2021-01-16,2021-01-29,west_north,-1.48027912,18.83190298,test,-0.94543083,36.84065813,-2.442225057660177,26.41553066676857,-0.40956332255421657,29.309774235927705,-1.5708942788638405,24.431578604930397,-2.0202516765861827,27.37895267280864,-0.29535638,11.73871123
2021-01-01,2021-01-16,2021-01-29,west_south,6.84535282,33.20543141,test,6.96514673,8.69965164,6.070176459524344,15.759789126708789,7.413797938,6.960864199036145,6.599146475475135,10.749089307988328,6.587832149106444,10.496727963558264,9.33886093,1.13041225
2021-01-15,2021-01-30,2021-02-12,central_north,-9.29650751,14.79673971,test,-4.40644665,34.58672713,-4.234046884320785,12.305369857516704,-3.8756676785783135,23.732955221855416,-3.9816041101405846,13.276741566436048,-4.303810437202757,14.600913019774769,-0.26483665,8.92750794
2021-01-15,2021-01-30,2021-02-12,central_south,7.68953445,20.07810767,test,8.93919396,44.95424528,8.377196474967906,30.4583627147587,9.740830161686748,42.04329613749398,8.987040672957793,30.635324811244384,8.784606972981045,30.042601235559882,7.78373072,30.881243
2021-01-15,2021-01-30,2021-02-12,east_north,-4.7723754,29.70666936,test,-4.32426805,55.11587081,-2.604590965881508,31.123943283154972,-2.915690987566264,47.27798248156626,-2.6244267381738084,33.466080026535764,-2.5396111890215023,32.49846266790894,1.32110719,27.8611039
2021-01-15,2021-01-30,2021-02-12,east_south,9.34570705,44.11750469,test,9.85314043,47.60010775,9.575623549561357,40.02864521094308,10.821912290361444,42.66883388693976,10.090174383038725,37.72850224389833,9.495859978865077,34.66735355239878,10.45066843,27.55606495
2021-01-15,2021-01-30,2021-02-12,west_north,-1.52518481,20.83399268,test,-2.02131068,39.48798809,-1.4825800012160666,25.48975929319768,-1.4854431725542165,31.957104195927705,-1.3960054573560927,24.88173707013,-1.3879418883330006,23.420040103803967,-1.63798561,11.46357763
2021-01-15,2021-01-30,2021-02-12,west_south,9.22717913,3.99174658,test,7.28644023,16.91603045,6.8788140763627625,15.99660089102003,7.735091438,15.177243009036145,7.2889116826199825,13.06255652327929,7.203860572857626,13.333656089943862,6.22685979,6.40262812
2021-01-29,2021-02-13,2021-02-26,central_north,-8.16678701,8.26271706,test,-4.77190109,26.03400309,-2.480458160904575,14.736930431819777,-4.241122118578313,15.180231181855415,-3.0653819196386576,13.38363439836645,-3.4382389381285146,16.50348781929822,-2.31242831,13.06236231
2021-01-29,2021-02-13,2021-02-26,central_south,2.90846379,30.3116061,test,8.34647466,44.73029037,9.917333595702784,31.34176032545068,9.148110861686748,41.81934122749398,9.700659730925597,31.82958407668521,9.852279841807896,27.89673108710235,8.62181128,25.41051582
2021-01-29,2021-02-13,2021-02-26,east_north,-2.97494215,32.02432178,test,-4.47855186,41.68043763,-1.2790193471804159,31.668172331349727,-3.069974797566264,33.842549301566265,-1.8707954004245142,30.736502706150798,-1.9222073543976856,30.42779482750927,-0.55214842,47.68890822
2021-01-29,2021-02-13,2021-02-26,east_south,10.53372259,84.36612834,test,8.81522425,49.14535093,10.793045018232675,39.982429337383216,9.783996110361445,44.21407706693976,10.439534213267383,38.78757082827072,10.114177643124385,36.18105662044043,7.91239255,44.1722972
2021-01-29,2021-02-13,2021-02-26,west_north,-2.32440275,30.70828045,test,0.05637107,32.90680861,-0.18140585206593318,24.676810800693385,0.5922385774457835,25.375924715927702,0.2867821515176408,22.231977543662023,-0.032399070741217395,20.14423483562022,-1.73089772,24.93599708
2021-01-29,2021-02-13,2021-02-26,west_south,7.23511639,5.62834454,test,8.79632445,15.20173489,8.064256286015935,14.957518449538203,9.244975658000001,13.462947449036143,8.678208723786621,11.694897925498335,8.674390477480483,14.163482247843799,5.82678524,5.23245808
2021-02-12,2021-02-27,2021-03-12,central_north,4.18809103,15.81869324,test,-1.43489525,34.85208591,-0.116346565284351,18.510630712141264,-0.9041162785783133,23.998314001855416,-0.2312289709621278,18.195173859525433,-0.8095207094733543,16.46529919951435,-1.56658965,9.19549354
2021-02-12,2021-02-27,2021-03-12,central_south,13.7751833,24.57466998,test,10.94438389,51.3685062,11.810296916897203,32.61567366454156,11.746020091686747,48.45755705749397,11.95370670078102,34.362120335631445,11.982333340426852,30.77603706084327,5.56040972,50.36143405
2021-02-12,2021-02-27,2021-03-12,east_north,2.37418969,26.63816749,test,-2.80257982,49.40391723,0.7128680745310723,33.22631930893389,-1.3940027575662641,41.56602890156626,0.05383130347713205,34.08107193115403,0.16547117829075209,34.049516481376585,-0.33663514,24.96645227
2021-02-12,2021-02-27,2021-03-12,east_south,13.64322577,26.53508533,test,10.61392494,55.12193287,12.369094321901951,39.124828911669304,11.582696800361445,50.19065900693976,12.17539584127817,39.76211715073151,11.905442868452397,39.15706441559007,9.41532244,51.26040756
2021-02-12,2021-02-27,2021-03-12,west_north,1.69652122,11.06899688,test,0.04495226,37.30470068,1.3570241000543224,24.075442080758112,0.5808197674457835,29.773816785927707,1.242079944942621,23.55607627593244,1.3944857252034062,22.270182954132512,-0.7276744,32.4783333
2021-02-12,2021-02-27,2021-03-12,west_south,9.15305468,5.58802193,test,9.57250269,15.10991682,9.52841560732966,12.780648546940496,10.021153898000001,13.371129379036145,9.909342817736015,10.392596914244027,10.044404175855494,13.125351007724532,5.37177229,1.66836012
2021-02-26,2021-03-13,2021-03-26,central_north,5.12867807,49.79656295,test,3.42816066,43.01666745,2.68173092073993,23.29196171483338,3.958939631421687,32.16289554185542,3.461423891301111,23.343638165698863,3.671165028356987,21.83886834677335,-3.81174032,16.63534184
2021-02-26,2021-03-13,2021-03-26,central_south,14.82978476,61.767747,test,14.52840494,48.41013268,13.908747028790813,34.164703149516676,15.330041141686747,45.49918353749398,14.69461589764094,34.45635153672373,14.692563874895356,34.960842480228024,9.01007806,26.44991885
2021-02-26,2021-03-13,2021-03-26,east_north,5.90896902,28.91528153,test,2.42540509,58.35878862,3.2222479244543107,35.6012317804334,3.8339821524337356,50.520900291566264,3.73398884958309,37.48091042840257,4.096563234188383,32.723434314243065,-1.32162879,24.56180038
2021-02-26,2021-03-13,2021-03-26,east_south,16.24016112,43.70041954,test,14.32408692,47.18464692,14.181966431756022,38.036317038791196,15.292858780361444,42.25337305693976,14.794457754493312,36.48722530226135,14.973571440712131,35.68164128484047,9.93463645,24.70935524
2021-02-26,2021-03-13,2021-03-26,west_north,3.09097894,19.54354276,test,1.30352147,40.86938953,3.0707767723997663,23.658589062917333,1.8393889774457834,33.3385056359277,2.8029858194638946,24.595663993871707,3.151772617993167,24.95659253518092,-1.57142288,12.01530781
2021-02-26,2021-03-13,2021-03-26,west_south,9.31922702,9.69869577,test,10.23507286,12.93093247,11.195915498478515,9.870038162548962,10.683724068000002,11.192145029036144,11.177447612979709,8.240551936138786,11.311345177441652,8.483380157828083,7.3037097,20.04664639
2021-03-12,2021-03-27,2021-04-09,central_north,8.86099785,22.29704886,test,7.77752418,47.86643478,5.7351507556954235,28.5789658922116,8.308303151421686,37.01266287185541,7.043011947874235,28.348870669970193,7.816793958434191,29.87747113332792,-7.62425885,14.3664147
2021-03-12,2021-03-27,2021-04-09,central_south,16.43489162,30.88435247,test,16.73113222,42.87189827,16.08704387153328,35.83593490769867,17.532768421686747,39.960949127493976,16.86450388718164,34.56596729278509,16.801720742476377,36.911268436352074,8.52327445,10.75571291
2021-03-12,2021-03-27,2021-04-09,east_north,8.52762905,33.08867233,test,6.16786349,50.39771225,6.072646117248476,38.46112358820619,7.576440552433736,42.55982392156626,6.918969744837363,37.45217749884239,7.22519662330107,35.87114468077378,-4.77914071,26.19550946
2021-03-12,2021-03-27,2021-04-09,east_south,16.41421767,31.17116131,test,15.72428353,39.13556535,16.118596672881182,37.450864192802015,16.693055390361444,34.20429148693976,16.483642178006225,34.47031738135952,16.953189254940224,34.444852085147346,8.33626081,46.52745413
2021-03-12,2021-03-27,2021-04-09,west_north,6.43830295,5.73416647,test,5.16236237,30.75864277,4.9377195675107215,23.288987102262375,5.698229877445784,23.227758875927705,5.479688137502037,21.391095442849842,5.2207685493036635,21.92018327065639,-0.71030796,25.56382001
2021-03-12,2021-03-27,2021-04-09,west_south,15.63511887,0.83758076,test,13.73762303,3.94829046,13.016361458139102,6.809000381364843,14.186274238000001,2.209503019036144,13.673403660550079,3.4373910480615812,13.668890505968651,9.033838371846908,8.76265378,16.59877857
2021-03-26,2021-04-10,2021-04-23,central_north,5.39824534,20.10359381,test,9.29975492,47.70644932,8.877426891768044,33.78263234339461,9.830533891421686,36.85267741185541,9.446092476413472,33.00648485981236,9.401003559274645,33.19912092635215,-10.68008784,9.02670594
2021-03-26,2021-04-10,2021-04-23,central_south,14.85548006,39.39272896,test,18.26049558,44.34703807,18.249525449750507,37.462217340615275,19.062131781686748,41.436088927493984,18.721422169032518,36.82550130071077,18.44453082375428,36.04280209610289,1.29305168,32.91927504
2021-03-26,2021-04-10,2021-04-23,east_north,8.80638951,31.26817216,test,7.46531184,51.58324339,9.077320944967926,41.40303257584186,8.873888902433736,43.745355061566265,9.147660018828702,40.83094453023402,9.464264433194455,40.20276488843639,-3.99664877,35.80625055
2021-03-26,2021-04-10,2021-04-23,east_south,17.49697185,35.92615856,test,17.04092816,38.91971255,18.083103126486687,38.060845295256115,18.009700020361446,33.98843868693976,18.136035984794784,35.561142252773735,18.504817967624035,35.00709046229787,10.25349614,91.63356714
2021-03-26,2021-04-10,2021-04-23,west_north,5.82450537,6.82850007,test,6.91371483,32.27385083,6.959323156684585,22.76380627321329,7.449582337445784,24.742966935927704,7.345375790479521,21.96428252636627,6.926979195077267,22.98802917940775,-2.87755792,32.61480591
2021-03-26,2021-04-10,2021-04-23,west_south,15.25415262,0.66641163,test,14.61633574,6.68073666,14.956814088336287,4.231936398939959,15.064986948000001,4.941949219036144,15.125112248887742,3.072085785884461,14.582912256045883,4.858030278992956,7.55188116,6.17272578
2021-04-09,2021-04-24,2021-05-07,central_north,11.96230394,27.12827466,test,11.59007896,57.68611354,11.961598075898143,38.32548473399447,12.120857931421686,46.832341631855414,12.126246830207165,39.67279413392423,11.708424340151431,38.3307459029196,3.73349487,8.24090174
2021-04-09,2021-04-24,2021-05-07,central_south,20.20524504,78.49357514,test,20.35880906,43.15466757,20.32918539182502,38.88789429630609,21.160445261686746,40.243718427493974,20.736576039503685,38.10913186227786,20.375057612842678,38.182317963254434,12.82381087,31.5871922
2021-04-09,2021-04-24,2021-05-07,east_north,11.99492421,47.72846754,test,9.9371626,54.55831906,12.055095858418994,44.03021326617004,11.345739662433736,46.72043073156627,11.826651323009482,44.1421469498015,12.199112986745302,44.72405808117405,0.94451794,24.95089478
2021-04-09,2021-04-24,2021-05-07,east_south,20.66648883,44.95946171,test,19.0543295,44.19343676,19.998701388632146,40.327205380675686,20.023101360361448,39.262162896939756,20.039158924708413,39.18052310895317,19.942751559393876,37.4030634048177,13.27114964,26.95231985
2021-04-09,2021-04-24,2021-05-07,west_north,10.51589856,12.50718533,test,9.42626041,29.52816742,9.135718329890649,21.877370824824567,9.962127917445782,21.997283525927703,9.57773761203428,20.99864558740953,8.936847677615745,22.46916952088908,1.43522041,10.18635726
2021-04-09,2021-04-24,2021-05-07,west_south,17.71822287,3.74613371,test,17.46661503,2.99067401,16.987273413223193,2.6835587870965396,17.915266238,1.2518865690361445,17.41451633360047,1.2306010053789027,16.75723721438475,5.1290295341915275,9.28015222,2.14829
2021-04-23,2021-05-08,2021-05-21,central_north,13.74194674,38.68942276,test,14.18990078,56.76574855,14.860877816999404,41.73797326777704,14.720679751421686,45.91197664185542,14.794722174145036,42.51801012397169,14.22071518110834,43.620589355858854,4.85790542,52.65449347
2021-04-23,2021-05-08,2021-05-21,central_south,20.41298425,80.17009908,test,21.82129673,35.22915567,22.2783832139802,39.991849195696865,22.622932931686748,32.31820652749397,22.384377009087473,37.589184913504795,22.303185925160303,42.04024786322624,15.21329641,47.64588301
2021-04-23,2021-05-08,2021-05-21,east_north,13.57012031,16.4481326,test,13.34953917,51.68853621,14.842578057698029,46.02667865703612,14.758116232433736,43.85064788156627,14.765737750947586,45.13719362571122,14.586603545007517,46.956230368891426,5.55294384,20.04500652
2021-04-23,2021-05-08,2021-05-21,east_south,19.72168385,19.29975838,test,20.62134403,39.26238056,21.803804907686736,44.339946045095665,21.590115890361446,34.331106696939756,21.66508821351532,41.560276524398745,21.448908384232787,40.42368481644722,15.67411759,30.41654804
2021-04-23,2021-05-08,2021-05-21,west_north,11.42798046,10.33598741,test,12.03831797,24.03497153,11.43910351785825,20.486734145722384,12.574185477445782,16.504087635927704,11.8995097351515,18.95429287903956,11.255931374305515,20.37491608488238,2.77432753,19.1631893
2021-04-23,2021-05-08,2021-05-21,west_south,19.58227607,1.12443878,test,19.72898538,2.37495887,19.06374825190481,2.497344309848758,20.177636588000002,0.6361714290361442,19.476892294883797,1.4473109060672442,19.145369738654523,4.251403619251242,9.03481614,11.13291318
2021-05-07,2021-05-22,2021-06-04,central_north,16.77492143,37.55179484,test,16.86357428,60.05666216,17.464312030945027,43.73275701145023,17.394353251421688,49.20289025185542,17.333893140271357,45.33699638488493,16.86293561114177,47.01309781216163,8.16574738,16.51301888
2021-05-07,2021-05-22,2021-06-04,central_south,22.77595762,65.58868799,test,23.77697595,47.01463813,24.055117693145856,40.70333060485615,24.578612151686748,44.10368898749398,24.177677211667593,41.791370260222536,24.27151817887229,45.0902458677928,15.86306676,36.8043334
2021-05-07,2021-05-22,2021-06-04,east_north,17.0840489,44.81370335,test,16.42824797,58.9209564,17.301656982407614,47.21283695354033,17.836825032433737,51.08306807156627,17.3994052940423,48.24192129364842,16.65262623691922,49.53341042660419,8.24280412,41.3962893
2021-05-07,2021-05-22,2021-06-04,east_south,23.61536691,31.5671816,test,22.81636689,66.51841912,23.44443203488195,49.76267906603537,23.785138750361448,61.58714525693976,23.525271260248196,53.261684163321405,23.52182221916602,57.04716544031696,16.60019782,43.99867983
2021-05-07,2021-05-22,2021-06-04,west_north,14.77926758,15.01430282,test,14.03475008,23.74767188,13.793087721981617,18.56410333258986,14.570617587445783,16.216787985927702,13.999277885234445,18.08639256386204,13.664010248318437,19.804425941004574,5.99391087,7.78317902
2021-05-07,2021-05-22,2021-06-04,west_south,21.45694313,1.49884228,test,21.25028497,1.58069598,21.114134781612737,3.720736785484582,21.698936178,0.0,21.218363424608267,2.8894469385586348,21.441284392547963,4.190751500666677,14.42393461,2.84692731
2021-05-21,2021-06-05,2021-06-18,central_north,23.65992268,17.48330443,test,19.49678202,55.90233948,19.670348603612783,44.24185274986913,20.027560991421687,45.048567571855415,19.633283352582037,44.969153377449146,19.449686174579277,46.22929707626594,5.89183541,30.45857371
2021-05-21,2021-06-05,2021-06-18,central_south,26.99256194,46.15691379,test,25.8124033,33.78354827,25.609405149827488,41.00763539396142,26.614039501686747,30.872599127493974,25.849594142407042,38.95325265511258,26.176883164366902,41.18405106109496,15.60382341,45.82897598
2021-05-21,2021-06-05,2021-06-18,east_north,20.8338461,35.65012253,test,19.2675065,60.76155256,19.322289767287103,47.57050158112364,20.676083562433735,52.92366423156626,19.692973569971937,49.249328199357706,19.022147500498875,48.371113435118275,10.21148438,30.43510356
2021-05-21,2021-06-05,2021-06-18,east_south,25.77970015,64.15348228,test,24.79922319,63.5805825,24.865894929926014,55.87588301981114,25.767995050361446,58.64930863693976,25.137570373652185,57.4652480155612,25.16131683050891,59.88717734294035,18.52025702,36.12222568
2021-05-21,2021-06-05,2021-06-18,west_north,17.94466368,9.32060624,test,15.49734121,26.31392949,16.064227211628168,16.223035085406604,16.033208717445785,18.783045595927703,15.848399731578287,17.76173829505437,15.796128088130175,17.05253193794372,5.67466275,7.16788579
2021-05-21,2021-06-05,2021-06-18,west_south,25.80494469,0.43126429,test,22.90665755,1.21695313,23.031510789887584,6.104058100006257,23.355308758,0.0,22.961731701168166,5.1853625365970775,23.582247368624998,5.391963396207217,15.58723288,0.55799682
2021-06-04,2021-06-19,2021-07-02,central_north,21.25453868,61.67814965,test,21.34058235,54.07593687,21.38161084255015,43.409826756987485,21.871361321421684,43.22216496185541,21.353652215696844,44.28454225066221,21.528822595429666,44.22604023060234,11.44504399,26.14033611
2021-06-04,2021-06-19,2021-07-02,central_south,26.53402968,68.2087826,test,26.3359045,45.09223989,26.87420043727693,40.94095752815461,27.13754070168675,42.181290747493975,26.796591905795626,42.66222203099001,26.9543417741075,43.57963803249443,19.51431746,79.38892697
2021-06-04,2021-06-19,2021-07-02,east_north,21.65752712,55.43757312,test,20.29586107,54.10710297,20.821593190609278,47.23249854322236,21.704438132433737,46.269214641566265,20.947588253526053,47.88244332065908,20.728303727950795,46.55221721505028,11.43123659,46.13034278
2021-06-04,2021-06-19,2021-07-02,east_south,25.42182159,82.22505827,test,25.36389307,70.73458934,26.006850444455093,61.71094109449938,26.332664930361446,65.80331547693976,26.043276902582445,64.43523992557506,26.33186319620583,65.78077027851282,19.89512676,42.61014103
2021-06-04,2021-06-19,2021-07-02,west_north,21.66465866,7.1742022,test,18.81274792,12.0040383,18.069173896832393,13.711294694210517,19.348615427445782,4.473154405927704,18.319506958550736,12.100718452458825,18.83874452207128,11.160722799521427,9.66177373,12.68632761
2021-06-04,2021-06-19,2021-07-02,west_south,26.6038514,9.4216002,test,25.92779768,2.80491912,24.67770580345127,9.155667693753959,26.376448888000002,1.0661316790361444,25.156601640141453,7.9052759765843845,25.875888882206933,5.740825893108472,16.85422016,3.77831678
2021-06-18,2021-07-03,2021-07-16,central_north,22.5570585,44.65123376,test,22.98810263,44.12164038,22.503699834216146,41.545864779627955,23.518881601421686,33.26786847185542,22.675556112761907,40.49661486849622,23.036548374211584,37.669934921578985,12.39389769,32.63568921
2021-06-18,2021-07-03,2021-07-16,central_south,26.20969715,64.82674958,test,26.78405189,41.68632185,27.76410731921951,40.576065192399675,27.585688091686748,38.77537270749397,27.504423624865087,42.06924429633702,27.47081714839317,40.49329919759968,19.92311455,69.68485788
2021-06-18,2021-07-03,2021-07-16,east_north,22.01954892,67.15145716,test,21.47500122,54.5073878,21.74094665884488,46.44007488900357,22.883578282433735,46.66949947156626,21.983296360425392,47.74747144657434,22.10125310533225,44.94389177098746,11.91571877,21.76024218
2021-06-18,2021-07-03,2021-07-16,east_south,26.14518182,77.10255821,test,25.67542052,78.3429531,26.798128543912476,66.24617244031683,26.644192380361446,73.41167923693976,26.67382918644169,70.43084887832673,27.012671916862292,71.63770883921595,19.14050634,21.87757495
2021-06-18,2021-07-03,2021-07-16,west_north,22.94700708,5.54073563,test,21.47283648,13.11049228,19.597148923835075,11.37092370031659,22.008703987445784,5.579608385927705,20.308192863787916,10.625745965395897,21.276969125985506,7.5511606469090005,12.10671487,7.05496657
2021-06-18,2021-07-03,2021-07-16,west_south,28.13426322,20.25627281,test,26.95153652,11.40583208,25.89753308448289,12.250914003704887,27.400187728000002,9.667044639036144,26.319668471544716,12.934150363459349,26.54886401080013,11.728854164206101,19.93623113,1.00136284
2021-07-02,2021-07-17,2021-07-30,central_north,24.30453538,23.44058102,test,22.54908577,47.26811613,22.949646487551227,39.046495003989655,23.079864741421687,36.414344221855416,22.79348578951856,40.069790976807326,23.071961172389692,38.774435645416915,16.42422457,43.16074547
2021-07-02,2021-07-17,2021-07-30,central_south,27.58401268,40.93839296,test,26.81173858,42.59694377,28.18312683143744,40.00241692895707,27.613374781686748,39.68599462749398,27.80446594063643,42.33006589349732,27.610540787682126,40.15867250968887,22.82322953,64.42625868
2021-07-02,2021-07-17,2021-07-30,east_north,21.65405085,52.32789496,test,21.51007125,57.03674833,22.043021433249574,45.47851428456446,22.918648312433735,49.19886000156627,22.22357702421217,48.125553411426196,22.34139012176496,45.36892468228919,17.14443749,34.70595092
2021-07-02,2021-07-17,2021-07-30,east_south,26.95206935,69.22615209,test,25.81143307,77.56273735,27.167478287143147,68.62165557020985,26.780204930361446,72.63146348693977,26.997417427932856,72.39692835835882,27.223533302320572,71.25264744675457,23.21379957,12.20566392
2021-07-02,2021-07-17,2021-07-30,west_north,22.78737389,9.5954675,test,21.55818107,16.64138505,20.443738502384722,9.573653788247544,22.094048577445783,9.110501155927704,20.869814267398162,10.721931047471674,21.40579488178314,8.145074700418785,12.89529118,18.6261013
2021-07-02,2021-07-17,2021-07-30,west_south,26.17844274,37.51231864,test,26.59341224,16.2391006,26.541438274292933,14.77025361279998,27.042063448,14.500313159036144,26.598756096614974,16.697196898482776,26.388472275447867,18.39445683216176,20.41709233,1.47079838
2021-07-16,2021-07-31,2021-08-13,central_north,22.71067803,33.38102567,test,22.2393969,45.0681689,22.649983154719713,36.30694866819463,22.770175871421685,34.21439699185542,22.551406350067627,37.66473127124438,22.66016743804715,36.643030984828584,23.36950365,17.59429958
2021-07-16,2021-07-31,2021-08-13,central_south,27.36367018,29.96270968,test,26.82571768,36.19479313,28.040354869253292,39.30543350851901,27.627353881686748,33.28384398749398,27.783011007873526,40.2565545556167,27.651907841174236,36.92935769777576,26.36606195,57.6840357
2021-07-16,2021-07-31,2021-08-13,east_north,22.18934042,32.09448278,test,21.13439702,48.56052188,21.710353639701783,44.60615869706931,22.542974082433737,40.72263355156627,21.929794638449977,45.46640980421361,21.853775884006993,43.585601588569105,21.09174387,45.30600124
2021-07-16,2021-07-31,2021-08-13,east_south,26.54684314,69.79294215,test,25.97167269,68.92783271,27.049785999978475,68.32497825320223,26.940444550361445,63.99655884693976,27.048186962443726,69.98808377316185,27.031489124613433,66.97576400583193,25.86230371,78.37472147
2021-07-16,2021-07-31,2021-08-13,west_north,21.63606213,12.90674745,test,21.5240943,11.95849886,20.449139225020343,8.645599448491607,22.059961807445784,4.427614965927705,20.91256437501004,8.971484447981684,21.413368717601827,7.514541625824041,17.99604091,9.4645694
2021-07-16,2021-07-31,2021-08-13,west_south,26.68357325,16.95816286,test,26.60206328,13.04446485,26.492141835689267,16.235339919741346,27.050714488,11.305677409036145,26.638930834912745,17.099120451738887,26.09290818035677,16.809489939038865,25.17957637,0.58635841
2021-07-30,2021-08-14,2021-08-27,central_north,23.16022552,31.38755062,test,20.99219712,42.37228812,21.566703938992784,33.64123719774679,21.522976091421686,31.518516211855417,21.474378619714376,35.11784988616894,21.454262025452472,34.31463022411084,21.55609167,56.57444427
2021-07-30,2021-08-14,2021-08-27,central_south,27.54374788,51.18002652,test,25.90189304,38.80731363,27.27041171667251,38.549663873741686,26.70352924168675,35.89636448749398,27.02977474291798,40.48421122004481,27.00132952114143,38.628672779558514,26.66520679,56.88431342
2021-07-30,2021-08-14,2021-08-27,east_north,23.4025239,63.80845637,test,20.47866249,39.42758963,20.746358500553832,43.99333789147094,21.887239552433737,31.589701301566265,21.160684578736603,42.57518042296262,21.07518094103578,45.302449261572946,21.44560603,33.38189841
2021-07-30,2021-08-14,2021-08-27,east_south,27.26691438,82.56254941,test,25.07777851,75.87447483,26.40079961024111,65.30621777746562,26.046550370361448,70.94320096693976,26.375488205848946,69.68789552792624,26.454857516514622,69.65431341654957,25.25990209,71.68662711
2021-07-30,2021-08-14,2021-08-27,west_north,18.32213816,16.86503288,test,19.59851558,13.71559723,19.53262715259826,8.797830563941128,20.134383087445784,6.184713335927705,19.660144983098817,9.946706997587942,19.57817791205319,9.37076588346309,21.42381405,6.05659982
2021-07-30,2021-08-14,2021-08-27,west_south,25.13167042,16.78729086,test,25.10983106,16.1735919,25.689639086467768,16.412395310435315,25.558482268000002,14.434804459036146,25.63346951145121,18.335386778572694,25.198419848763947,18.203111509766526,27.1426953,6.39489445
2021-08-13,2021-08-28,2021-09-10,central_north,20.5509464,43.40162875,test,19.38630897,42.8421427,19.708043519313446,31.228555077753622,19.917087941421688,31.988370791855413,19.79915857620531,33.34421428481451,19.72604319821233,32.73093408800749,22.48817824,38.65178315
2021-08-13,2021-08-28,2021-09-10,central_south,26.59083425,43.37578558,test,24.5375594,38.84742313,25.853969353144176,37.769525609674005,25.339195601686747,35.93647398749398,25.704125414869115,39.8090096554087,25.825611999801474,40.01113942348185,26.0661305,73.73026776
2021-08-13,2021-08-28,2021-09-10,east_north,19.55770394,70.63903484,test,18.52798217,30.24609152,19.178725842753657,43.68523578012418,19.936559232433737,22.408203191566265,19.490745814067004,39.975830455252975,19.475499008582528,45.97978981846191,21.41303717,85.61589587
2021-08-13,2021-08-28,2021-09-10,east_south,25.24548893,52.87485881,test,23.9424504,50.90181849,25.211299100934674,59.99608024842609,24.911222260361445,45.970544626939756,25.212464093065645,58.98927168292495,25.119111358204716,61.586233646112916,25.88202344,89.53558355
2021-08-13,2021-08-28,2021-09-10,west_north,18.20267905,4.05221749,test,17.06062866,12.18742963,17.715516257492858,10.078347828210804,17.596496167445782,4.656545735927705,17.62507680934665,10.701257293763664,17.287395727187747,10.689819742961802,23.06865967,5.69220924
2021-08-13,2021-08-28,2021-09-10,west_south,25.60596008,15.40074922,test,23.18009669,10.96556617,24.14896622005846,15.35965964325767,23.628747898,9.226778729036145,23.992190115848693,16.230324490382518,23.813865146826114,14.651326389342476,28.12326973,18.38290743
2021-08-27,2021-09-11,2021-09-24,central_north,18.56517433,25.61988225,test,15.59236053,44.05902758,17.14035753805645,29.09717419811176,16.123139501421687,33.20525567185541,16.77919229966242,32.340129603471155,16.667527982052547,32.26147829040934,24.16606137,32.47875329
2021-08-27,2021-09-11,2021-09-24,central_south,24.15097425,41.81747507,test,21.98195114,31.17184507,23.833379198792983,36.969413657317546,22.783587341686747,28.260895927493976,23.492717892765036,37.13768039745733,23.871401434379102,42.202906281713,27.39100897,42.78198539
2021-08-27,2021-09-11,2021-09-24,east_north,19.23630051,53.51493776,test,15.70636917,40.17111374,17.064183331013,43.59704992510424,17.114946232433738,32.33322541156627,17.15002897345677,42.55927047411774,16.8075139747753,45.9046425308254,22.11847695,45.06379736
2021-08-27,2021-09-11,2021-09-24,east_south,24.06598501,76.21821954,test,21.86228122,37.32592365,23.51825173563177,53.222679809006955,22.831053080361446,32.39464978693976,23.352763003538257,50.21233698795311,23.467557555808288,54.851133299776066,26.85301113,64.10904262
2021-08-27,2021-09-11,2021-09-24,west_north,15.09850495,13.04058997,test,14.0499188,15.48549618,15.127116873878753,12.356389172892486,14.585786307445783,7.954612285927705,14.938305907764768,13.274871357988395,14.702784440882802,13.333135401184403,22.55868063,8.24577292
2021-08-27,2021-09-11,2021-09-24,west_south,23.62700073,2.17157117,test,21.31045921,6.66026508,21.966452124823245,13.40844950495368,21.759110418000002,4.921477639036144,21.981115484207542,13.34530320440917,22.031676700805594,11.308043795011063,26.16370514,38.97246795
2021-09-10,2021-09-25,2021-10-08,central_north,18.21208409,22.09307031,test,14.39244336,35.58756074,13.993607079032078,27.14807054079697,14.923222331421686,24.733788831855417,14.462984976725892,27.78607585286942,14.188226278605647,27.920925859190643,22.9616902,31.29105847
2021-09-10,2021-09-25,2021-10-08,central_south,22.81641228,46.34198381,test,20.90893839,27.38107306,21.319195812850033,36.13269415704074,21.710574591686747,24.470123917493975,21.591010366686806,34.71530283682051,21.444678600144552,38.542776812911214,27.46140922,27.91753741
2021-09-10,2021-09-25,2021-10-08,east_north,16.22446675,28.40778655,test,13.89491745,34.38801829,14.492904818632725,43.542231595966435,15.303494512433735,26.550129961566263,14.906377363268188,40.42019085948091,14.849026952853986,41.924822256290796,21.44596244,36.17074981
2021-09-10,2021-09-25,2021-10-08,east_south,22.93897422,40.26895618,test,20.78532364,34.24610619,21.40989074110196,46.04504185691887,21.754095500361448,29.314832326939758,21.65624876836076,43.32663526446265,21.6296568022421,45.301962040832336,26.55823923,72.20536468
2021-09-10,2021-09-25,2021-10-08,west_north,12.72160649,12.19696552,test,12.0441996,18.1426317,11.991714320626947,15.342913833217716,12.580067107445783,10.611747805927703,12.32581217546991,15.599968489927775,12.038693707819139,14.87457395093169,21.70769641,15.15835268
2021-09-10,2021-09-25,2021-10-08,west_south,19.15899113,19.28996761,test,19.66878705,5.61043538,19.31247493653397,11.082466739663895,20.117438258,3.8716479390361442,19.764676353812238,10.698582541887642,19.83370165357901,7.834553325727086,26.73936472,16.04551154
2021-09-24,2021-10-09,2021-10-22,central_north,12.00687447,39.11678229,test,11.52547614,32.45623814,10.45801096520105,25.21117148236568,12.056255111421686,21.60246623185542,11.202142755615327,24.97961975082487,11.006218454506289,23.972142680747062,22.94234328,28.62795519
2021-09-24,2021-10-09,2021-10-22,central_south,19.91927717,24.26397807,test,17.87794369,29.8860639,18.485179112133046,35.236959876339874,18.679579891686746,26.975114757493976,18.662553436827558,34.3454903789636,18.473986993924743,35.31088108201317,27.55018308,52.45989072
2021-09-24,2021-10-09,2021-10-22,east_north,15.28192468,28.70013845,test,11.03214668,34.46893962,11.59056101931223,43.28686383716202,12.440723742433736,26.631051291566266,12.008075392883839,39.820392061917616,11.821531262327284,37.801660204672686,23.55025523,68.07968003
2021-09-24,2021-10-09,2021-10-22,east_south,20.54020939,17.44701827,test,17.99034111,30.66094259,19.022782981005154,39.539951556425706,18.959112970361446,25.72966872693976,19.045985965668514,37.16910898375846,18.78510582692088,36.808695457032286,27.37559601,82.41521885
2021-09-24,2021-10-09,2021-10-22,west_north,7.05266261,23.19012677,test,8.85944897,26.50108103,8.59858392855563,18.64313789159854,9.395316477445784,18.970197135927705,9.046969969289275,19.857625292998513,8.95575081953912,17.783613775971535,19.05480528,16.20051184
2021-09-24,2021-10-09,2021-10-22,west_south,14.17716185,2.85386734,test,16.4876284,11.0196835,16.41152442925734,8.974024300629477,16.936279608,9.280896059036143,16.738042535124297,10.231071020173811,16.838923481675128,7.9468892887331535,24.99345624,20.19012642
2021-10-08,2021-10-23,2021-11-05,central_north,6.97046403,33.71974559,test,8.55630256,25.83690085,6.771113798706626,23.119477909796885,9.087081531421687,14.983128941855416,7.778758974482311,21.05468537401107,7.67129561999793,17.096690270425977,21.05982948,51.70627057
2021-10-08,2021-10-23,2021-11-05,central_south,15.67349844,29.44842443,test,15.57108316,23.74587839,15.551748694351984,34.271413563852214,16.372719361686748,20.834929247493978,15.937035634009433,31.299279022958007,15.667427650129316,28.11710999581719,27.03999281,44.68628793
2021-10-08,2021-10-23,2021-11-05,east_north,8.25953435,64.13207864,test,7.88777479,40.31923904,8.516242976490346,42.61711470708576,9.296351852433736,32.481350711566265,8.876704234150534,40.41146201445956,8.403963041897597,35.42885867806473,20.63325667,60.37645873
2021-10-08,2021-10-23,2021-11-05,east_south,15.92051244,33.31989716,test,15.57655803,25.28652345,16.530563166776094,34.589045682810706,16.545329890361444,20.35524958693976,16.509177886477254,31.4669123469298,16.27482599481901,29.634855935241557,25.80449887,43.15958258
2021-10-08,2021-10-23,2021-11-05,west_north,7.39705256,48.77318524,test,6.05126804,32.34746398,5.260650612722236,21.8299304106979,6.587135547445784,24.816580085927704,5.922010662061806,23.166343814746163,6.063646423784164,20.8985476473151,17.90538853,4.33541078
2021-10-08,2021-10-23,2021-11-05,west_south,15.05507483,8.85575208,test,13.92132426,6.77327602,13.513020124413746,7.605621232061448,14.369975468000002,5.034488579036144,13.925468827226325,7.475168926708159,13.999346965515507,6.20009868654828,25.62025312,16.08751685
2021-10-22,2021-11-06,2021-11-19,central_north,5.43624351,15.05072219,test,4.62867627,33.73589071,3.1964603902858233,20.782149191891556,5.1594552414216865,22.882118801855416,4.031348653023077,21.08858920595469,4.189770451096204,19.638078365134355,19.22516676,23.98668404
2021-10-22,2021-11-06,2021-11-19,central_south,13.64097836,8.43781514,test,12.97717491,31.37325146,12.760328054154503,33.25171434185483,13.778811111686748,28.462302317493975,13.184183653991536,31.944804585106052,13.229593021480998,31.16878488709062,24.83957996,42.8318299
2021-10-22,2021-11-06,2021-11-19,east_north,6.4167316,29.89548838,test,5.56596432,48.30917021,5.455199962724997,41.403594905739986,6.974541382433736,40.47128188156626,6.0888083116077025,40.87563362743022,5.721032737273136,36.9022483278538,19.42382663,37.86442387
2021-10-22,2021-11-06,2021-11-19,east_south,13.76838622,23.91585888,test,13.89518469,31.79825765,14.125754673745346,31.71274313157611,14.863956550361445,26.86698378693976,14.344465093126306,30.206428599140434,14.184592044430179,29.6330302201825,24.5365825,79.12248118
2021-10-22,2021-11-06,2021-11-19,west_north,4.93187241,25.96656404,test,2.03367095,36.11365478,2.269786990467446,24.52231704946622,2.569538457445783,28.5827708859277,2.4669877176448067,25.97908046722868,3.0498961847181465,25.035557052798445,15.81434795,13.48546152
2021-10-22,2021-11-06,2021-11-19,west_south,13.78133784,0.73292701,test,10.1268739,12.33612602,10.858261465280819,7.3085770177974885,10.575525108,10.597338579036144,10.744031872088676,8.52212351594245,10.794547161005287,7.771760898203862,24.32951535,1.8306216
2021-11-05,2021-11-20,2021-12-03,central_north,3.41580063,4.97912914,test,0.00559972,26.92496015,-0.003159854738188833,18.237894558233183,0.5363786914216867,16.071188241855417,0.1842872598440557,17.402924869668556,0.5579841971151165,14.840728952554574,17.73035493,20.4796555
2021-11-05,2021-11-20,2021-12-03,central_south,12.08761421,12.46367259,test,10.30171403,29.51137025,10.343002555873824,32.22819350316716,11.103350231686747,26.600421107493975,10.598174306825264,30.20495270867615,10.755343669372632,29.895131021340635,22.28822692,43.59433837
2021-11-05,2021-11-20,2021-12-03,east_north,2.02408625,16.61546222,test,2.02260894,54.66862515,2.6063738113592194,39.64706831106885,3.431186002433736,46.83073682156626,2.9137427660902544,40.97115251801739,3.0397944700728985,41.57767107639076,15.93028029,54.89655845
2021-11-05,2021-11-20,2021-12-03,east_south,10.75213693,7.08812894,test,11.75283748,37.04106001,11.997582411310386,30.98681043263204,12.721609340361445,32.10978614693976,12.155158549895333,30.444190370050418,12.3737954744308,31.635525422926772,22.42002353,33.2693345
2021-11-05,2021-11-20,2021-12-03,west_north,3.472104,9.89009278,test,0.79393398,39.99514896,-0.14260763294531134,26.452305864271842,1.3298014874457835,32.464265065927705,0.5037871978474302,27.49583381449545,0.8774184919513737,30.296437168872604,13.44615923,9.57858694
2021-11-05,2021-11-20,2021-12-03,west_south,10.94607614,1.58795666,test,9.41270276,17.49403861,8.649662401103628,8.14648579410478,9.861353968000001,15.755251169036145,9.11254101682502,9.428505886734632,9.100839374460392,7.085939995690939,19.63532794,19.64570333
2021-11-19,2021-12-04,2021-12-17,central_north,0.28426244,19.14997276,test,-1.32662565,28.5594816,-2.5937274437208875,15.674632343520576,-0.7958466785783133,17.705709691855418,-1.901768634246948,15.076579942038524,-1.472756438824193,15.976857765596552,13.5743439,39.39531283
2021-11-19,2021-12-04,2021-12-17,central_south,13.82874093,20.25610813,test,10.55550158,35.96245502,8.492976044382559,31.28489016965888,11.357137781686747,33.05150587749398,9.598788597903514,29.97262313537617,9.888837351716493,27.11303697140738,20.43549173,25.75990827
2021-11-19,2021-12-04,2021-12-17,east_north,3.70353792,29.83095454,test,0.72893158,55.73524652,0.16585257969185108,37.4941744798383,2.137508642433736,47.89735819156626,0.9269379721700147,38.81297062772951,1.0562288330400684,42.03395963373441,16.061644,26.70548496
2021-11-19,2021-12-04,2021-12-17,east_south,13.94950864,24.87448354,test,12.25044753,39.81584177,10.309578489931578,32.05852887194016,13.219219390361445,34.88456790693976,11.34668251772359,30.688555525306352,11.538809096886084,31.420164195808606,21.03958565,36.47127014
2021-11-19,2021-12-04,2021-12-17,west_north,-0.9215943,39.11807471,test,-1.66376395,44.16498279,-1.832335108724,27.505975211938722,-1.1278964425542166,36.63409889592771,-1.5401888520776317,29.046674891416682,-1.4116284272853048,30.84004567376289,7.07364568,21.15273918
2021-11-19,2021-12-04,2021-12-17,west_south,7.56197187,22.00356622,test,7.3957512,17.3435809,7.027877678439605,9.900975733831267,7.8444024080000005,15.604793459036143,7.284854191359419,10.228071667161895,7.3677557228923956,9.053316284939136,14.60860884,3.08216349
2021-12-03,2021-12-18,2021-12-31,central_north,-3.00369912,15.34660106,test,-5.22628867,29.89124188,-4.394725980038435,13.409300123423016,-4.695509698578313,19.037469971855415,-4.579516485741111,13.997500097691265,-4.569838276627996,14.912990378139089,7.06183824,36.98113739
2021-12-03,2021-12-18,2021-12-31,central_south,13.58647875,24.67584269,test,9.24223279,45.25849506,7.341205798245075,30.529020788757222,10.043868991686747,42.347545917493974,8.38134797340993,31.400423190207132,8.809555963684865,31.78137155195667,17.05384664,25.61459642
2021-12-03,2021-12-18,2021-12-31,east_north,2.17656891,28.71110129,test,-1.62323937,56.11674736,-1.691649262046024,35.21866767433519,-0.21466230756626414,48.27885903156626,-1.136047344190671,36.96738761291114,-0.9554724336988323,40.309081529188276,9.63251279,68.18444161
2021-12-03,2021-12-18,2021-12-31,east_south,14.67577658,35.81554274,test,12.4588764,40.41752777,9.18088386746901,34.25685572608208,13.427648260361444,35.48625390693976,10.771935501989553,31.530435456944485,11.025505740937973,31.250194148250895,17.23797949,29.57343773
2021-12-03,2021-12-18,2021-12-31,west_north,-4.29702675,44.45436428,test,-5.35953566,32.97346205,-2.751847637575248,27.730622223603827,-4.823668152554216,25.442578155927706,-3.660701877739574,26.59198379808012,-3.832356461868817,25.70567425145653,7.65198863,49.51022861
2021-12-03,2021-12-18,2021-12-31,west_south,6.62871955,38.10298912,test,5.21408915,27.20508388,6.06068753408528,12.123000892866868,5.662740358000001,25.466296439036146,5.81576816791644,14.33306969168014,5.850957746677629,16.448597661918797,15.18123432,8.93187186
2021-12-17,2022-01-01,2022-01-14,central_north,-7.26631269,12.38447848,test,-6.54293013,25.73035211,-5.304013899801829,11.812169079345228,-6.012151158578313,14.876580201855415,-5.638483191008758,11.458521723442534,-5.880760737463333,14.376038504150618,6.32573506,13.9148921
2021-12-17,2022-01-01,2022-01-14,central_south,7.31268015,26.65270301,test,9.81638514,32.97690851,6.943077809915037,30.068128031397293,10.618021341686747,30.065959367493978,8.384999680227004,27.037054639798765,8.583954329541164,25.40386440392278,13.70200981,12.00010723
2021-12-17,2022-01-01,2022-01-14,east_north,-3.00523409,35.76804249,test,-4.52896347,55.39526066,-2.843399363906567,33.1403317956164,-3.120386407566264,47.55737233156626,-2.989371057505432,35.45048349610617,-2.7081586838005904,35.64867628701968,6.10360295,25.11559602
2021-12-17,2022-01-01,2022-01-14,east_south,10.54213963,48.11700121,test,10.72871192,47.85034211,8.671247294718569,36.8113772076608,11.697483780361445,42.91906824693976,9.79402143476586,35.348992637302516,9.705455143209598,34.271671748833654,13.19693012,27.08989232
2021-12-17,2022-01-01,2022-01-14,west_north,-2.95750823,30.42913903,test,-4.57639025,57.17537572,-2.9390289930644458,27.29587720330005,-4.0405227425542165,49.6444918259277,-3.3868676248052925,31.865266192018378,-3.458724905878997,31.093442004914056,5.69613012,27.97376415
2021-12-17,2022-01-01,2022-01-14,west_south,6.40081378,7.78416695,test,6.03251225,30.19282426,5.744943327384875,14.270103530288969,6.481163458,28.454036819036144,6.002544951911988,15.884972668690086,6.1330051115006405,20.080314641017363,14.3110618,0.72391418
2021-12-31,2022-01-15,2022-01-28,central_north,-7.0015105,7.68867447,test,-7.19914128,23.43369871,-5.259888232212328,11.322703273256762,-6.668362308578313,12.579926801855418,-5.838917884292628,10.403517897015863,-6.075046696029841,14.69359563500181,2.56567675,5.57353507
2021-12-31,2022-01-15,2022-01-28,central_south,5.0375753,21.65959846,test,7.34093985,41.72489128,7.290838279591431,30.014095900822728,8.142576051686747,38.81394213749398,7.612175687266494,29.863914730154196,7.620360788519033,29.8008437859687,11.17600024,14.15863441
2021-12-31,2022-01-15,2022-01-28,east_north,-7.25618131,23.39380821,test,-5.50396965,49.18592204,-3.167395856596743,31.692801748634835,-4.0953925875662645,41.348033711566266,-3.536620864230634,32.68806750790148,-3.386185916714786,31.140901581574933,2.00159065,18.78831796
2021-12-31,2022-01-15,2022-01-28,east_south,6.49049671,37.96880145,test,9.76345233,55.41493857,8.801176002587962,38.875784358179104,10.732224190361444,50.483664706939756,9.537047253072085,38.917341562293885,9.347032337431358,36.86639055880178,10.72052379,8.6466542
2021-12-31,2022-01-15,2022-01-28,west_north,-1.7109366,5.12537878,test,-3.31450155,40.05455421,-2.4942611510508566,26.481020296999635,-2.7786340425542164,32.5236703159277,-2.5907909048752993,26.09739029418527,-2.4268359277852154,25.90760696177816,3.18506093,11.47469273
2021-12-31,2022-01-15,2022-01-28,west_south,7.16911007,2.02940239,test,6.34934362,14.38409848,6.029705305561199,15.696396192492319,6.797994828,12.645311039036145,6.323607228577995,12.409952697929441,6.429327841474378,12.762770085268588,10.87626753,1.5941379
