init_date,target_start,target_end,region,persistence_start,persistence_end,forecast_temp_c,forecast_precip_mm,observed_temp_c,observed_precip_mm,persistence_temp_c,persistence_precip_mm,grid_cells
1999-01-01,1999-01-16,1999-01-29,central_north,1998-11-19,1998-12-02,-6.30283468,24.47398397,-1.57091076,21.95419775,6.63560102,9.45401748,110
1999-01-01,1999-01-16,1999-01-29,central_south,1998-11-19,1998-12-02,6.69232428,36.91259423,12.61502457,41.71780740,15.23817082,10.96997354,72
1999-01-01,1999-01-16,1999-01-29,east_north,1998-11-19,1998-12-02,-5.60435012,49.79213391,2.08908634,52.52592794,6.67212510,21.59246815,45
1999-01-01,1999-01-16,1999-01-29,east_south,1998-11-19,1998-12-02,8.68315117,46.83086457,14.25410877,63.46792559,15.59968033,9.27573334,23
1999-01-01,1999-01-16,1999-01-29,west_north,1998-11-19,1998-12-02,-2.75597497,24.28261261,-1.09505365,50.10043522,3.97163651,59.69923897,95
1999-01-01,1999-01-16,1999-01-29,west_south,1998-11-19,1998-12-02,6.04199645,5.23931639,7.80052689,14.83062401,10.00060447,13.36187555,31
1999-01-15,1999-01-30,1999-02-12,central_north,1998-12-03,1998-12-16,-3.60055813,34.96968365,1.26691473,20.85534993,2.58907239,10.44641068,110
1999-01-15,1999-01-30,1999-02-12,central_south,1998-12-03,1998-12-16,9.53317653,35.43539846,13.09480642,39.63709472,10.82736187,51.06727389,72
1999-01-15,1999-01-30,1999-02-12,east_north,1998-12-03,1998-12-16,-3.63457379,54.40961802,1.18871372,26.60409402,5.39712900,23.26978778,45
1999-01-15,1999-01-30,1999-02-12,east_south,1998-12-03,1998-12-16,10.42089754,25.93340202,13.93024863,39.57953096,14.71521911,39.82916973,23
1999-01-15,1999-01-30,1999-02-12,west_north,1998-12-03,1998-12-16,-2.47771791,48.87097794,-0.94364445,40.83391408,-1.70366936,24.62305933,95
1999-01-15,1999-01-30,1999-02-12,west_south,1998-12-03,1998-12-16,7.07221988,25.95650211,6.69347340,15.11129472,5.40799199,6.99766588,31
1999-01-29,1999-02-13,1999-02-26,central_north,1998-12-17,1998-12-30,-3.58480815,37.26409206,-0.62256240,7.55791387,-7.81104640,10.71026765,110
1999-01-29,1999-02-13,1999-02-26,central_south,1998-12-17,1998-12-30,9.50827339,53.39285256,10.39536725,8.24517166,5.42926256,25.20835946,72
1999-01-29,1999-02-13,1999-02-26,east_north,1998-12-17,1998-12-30,-1.97177792,64.79573351,-2.55075172,17.10897037,-1.96358713,28.36744695,45
1999-01-29,1999-02-13,1999-02-26,east_south,1998-12-17,1998-12-30,11.24660589,49.17569856,7.92592850,21.51105219,9.37607934,40.50135673,23
1999-01-29,1999-02-13,1999-02-26,west_north,1998-12-17,1998-12-30,-2.43832905,42.73222478,0.83526011,36.09036149,-5.88556638,29.73638536,95
1999-01-29,1999-02-13,1999-02-26,west_south,1998-12-17,1998-12-30,8.14830266,18.83748497,9.51837836,1.88438900,5.54294385,1.36939314,31
1999-02-12,1999-02-27,1999-03-12,central_north,1998-12-31,1999-01-13,-0.38858364,38.00629274,-0.65330801,21.34457362,-11.40844226,19.90723868,110
1999-02-12,1999-02-27,1999-03-12,central_south,1998-12-31,1999-01-13,11.04924940,49.57709569,12.53814103,33.86462112,5.66114723,30.86669523,72
1999-02-12,1999-02-27,1999-03-12,east_north,1998-12-31,1999-01-13,-2.31231598,49.31968087,-1.51912572,55.28842890,-7.44730520,56.40186685,45
1999-02-12,1999-02-27,1999-03-12,east_south,1998-12-31,1999-01-13,11.30050267,47.70376564,10.26983105,23.14356288,6.54857420,40.83409430,23
1999-02-12,1999-02-27,1999-03-12,west_north,1998-12-31,1999-01-13,1.35980154,35.45857385,0.84234709,24.32186508,-0.97413359,11.38924981,95
1999-02-12,1999-02-27,1999-03-12,west_south,1998-12-31,1999-01-13,10.21722249,19.49992513,10.27760519,2.92810892,6.90118821,0.66576091,31
1999-02-26,1999-03-13,1999-03-26,central_north,1999-01-14,1999-01-27,2.74162486,42.04185822,3.64219968,8.57101086,-1.86208707,21.59370237,110
1999-02-26,1999-03-13,1999-03-26,central_south,1999-01-14,1999-01-27,13.48836008,45.48763891,12.08361665,50.35065708,11.87813198,28.60185168,72
1999-02-26,1999-03-13,1999-03-26,east_north,1999-01-14,1999-01-27,0.88074741,50.77281652,2.72221772,34.76777488,1.13828613,68.93428155,45
1999-02-26,1999-03-13,1999-03-26,east_south,1999-01-14,1999-01-27,12.74537671,43.57090998,12.93967034,39.21872054,13.66911635,77.34710236,23
1999-02-26,1999-03-13,1999-03-26,west_north,1999-01-14,1999-01-27,0.99534804,45.71345222,5.59690844,11.14454039,-0.37057660,52.25572079,95
1999-02-26,1999-03-13,1999-03-26,west_south,1999-01-14,1999-01-27,9.74209828,14.85331245,10.85897314,11.79656291,8.29646216,14.01752209,31
1999-03-12,1999-03-27,1999-04-09,central_north,1999-01-28,1999-02-10,6.28513453,50.98488621,8.65584893,40.68313216,1.14828094,17.18826814,110
1999-03-12,1999-03-27,1999-04-09,central_south,1999-01-28,1999-02-10,15.47598160,51.26449293,17.60289939,41.28450127,13.39382620,53.14531595,72
1999-03-12,1999-03-27,1999-04-09,east_north,1999-01-28,1999-02-10,4.07576710,40.30576425,9.71807006,19.99143816,0.25640921,25.87771877,45
1999-03-12,1999-03-27,1999-04-09,east_south,1999-01-28,1999-02-10,14.72918268,47.54586640,18.50166605,20.53271774,13.99733860,38.48669691,23
1999-03-12,1999-03-27,1999-04-09,west_north,1999-01-28,1999-02-10,3.16937150,39.55145426,1.81900721,27.92948179,-0.65351007,42.38772353,95
1999-03-12,1999-03-27,1999-04-09,west_south,1999-01-28,1999-02-10,10.33032732,23.10618491,9.21601864,18.32929210,6.79028557,15.65001449,31
1999-03-26,1999-04-10,1999-04-23,central_north,1999-02-11,1999-02-24,8.67256807,51.29268289,7.85498153,43.54729964,-1.39623482,11.69092580,110
1999-03-26,1999-04-10,1999-04-23,central_south,1999-02-11,1999-02-24,17.85678141,59.19035365,17.58908660,18.06557798,9.50511225,10.96036362,72
1999-03-26,1999-04-10,1999-04-23,east_north,1999-02-11,1999-02-24,6.30424969,46.62360379,8.01487940,38.75729942,-1.54778102,16.54897070,45
1999-03-26,1999-04-10,1999-04-23,east_south,1999-02-11,1999-02-24,16.71873124,39.62801760,17.66882785,13.05423730,8.92577996,22.28494133,23
1999-03-26,1999-04-10,1999-04-23,west_north,1999-02-11,1999-02-24,6.80849425,40.25056320,6.38549991,15.85380320,-0.17135736,32.62688243,95
1999-03-26,1999-04-10,1999-04-23,west_south,1999-02-11,1999-02-24,14.17467656,11.91955808,13.97367084,7.83804831,8.45449562,1.97877410,31
1999-04-09,1999-04-24,1999-05-07,central_north,1999-02-25,1999-03-10,12.06670968,56.45528768,12.37472915,50.72587988,0.28759483,21.39188148,110
1999-04-09,1999-04-24,1999-05-07,central_south,1999-02-25,1999-03-10,19.93544093,37.09653848,19.32499119,61.71975067,13.32217393,29.20672925,72
1999-04-09,1999-04-24,1999-05-07,east_north,1999-02-25,1999-03-10,11.20523492,48.56075363,12.46094591,13.87342343,-1.32062017,55.51973996,45
1999-04-09,1999-04-24,1999-05-07,east_south,1999-02-25,1999-03-10,19.08261134,46.81686259,18.22488829,65.31645682,10.21063493,23.35951039,23
1999-04-09,1999-04-24,1999-05-07,west_north,1999-02-25,1999-03-10,9.12792049,29.34261891,7.00389344,35.11009063,1.04988456,28.34953979,95
1999-04-09,1999-04-24,1999-05-07,west_south,1999-02-25,1999-03-10,17.58328688,2.16518406,13.57501470,9.27594608,10.59450404,2.40987877,31
1999-04-23,1999-05-08,1999-05-21,central_north,1999-03-11,1999-03-24,15.31043924,58.61366833,14.20092656,48.57333297,2.62843888,9.31083865,110
1999-04-23,1999-05-08,1999-05-21,central_south,1999-03-11,1999-03-24,22.36929771,29.42896044,22.08392209,35.29560611,11.90205444,51.03918759,72
1999-04-23,1999-05-08,1999-05-21,east_north,1999-03-11,1999-03-24,14.94869778,47.38626251,14.65485714,28.76072112,2.10529261,36.59501323,45
1999-04-23,1999-05-08,1999-05-21,east_south,1999-03-11,1999-03-24,21.69181580,39.70906215,20.90879397,33.99028795,12.43643446,32.04153429,23
1999-04-23,1999-05-08,1999-05-21,west_north,1999-03-11,1999-03-24,11.00214762,31.74664685,8.72128454,16.21740337,4.67083789,9.90052708,95
1999-04-23,1999-05-08,1999-05-21,west_south,1999-03-11,1999-03-24,18.84392489,6.24681481,18.45838701,0.20452863,10.26662507,10.03009083,31
1999-05-07,1999-05-22,1999-06-04,central_north,1999-03-25,1999-04-07,17.24523363,51.92083109,16.89858914,37.58153279,7.80749576,33.04231099,110
1999-05-07,1999-05-22,1999-06-04,central_south,1999-03-25,1999-04-07,23.67203948,22.85448258,23.89682876,46.87040747,16.13316367,44.84204051,72
1999-05-07,1999-05-22,1999-06-04,east_north,1999-03-25,1999-04-07,16.70250027,42.27058480,17.32485304,33.50649114,8.31360254,15.83848065,45
1999-05-07,1999-05-22,1999-06-04,east_south,1999-03-25,1999-04-07,22.69919784,67.98451703,23.13222979,24.77082766,17.06664147,26.43306409,23
1999-05-07,1999-05-22,1999-06-04,west_north,1999-03-25,1999-04-07,12.19184596,36.75804574,13.65901680,21.28356931,2.50482488,25.29598859,95
1999-05-07,1999-05-22,1999-06-04,west_south,1999-03-25,1999-04-07,18.97464063,1.07377763,19.47449719,6.92253612,9.90653648,19.11475920,31
1999-05-21,1999-06-05,1999-06-18,central_north,1999-04-08,1999-04-21,20.45072585,49.18323892,18.76445881,50.01629148,8.12620025,38.41300220,110
1999-05-21,1999-06-05,1999-06-18,central_south,1999-04-08,1999-04-21,25.24941563,34.99010705,24.73435524,45.06408706,17.54106745,17.62050059,72
1999-05-21,1999-06-05,1999-06-18,east_north,1999-04-08,1999-04-21,19.40802004,53.16027672,19.78793825,22.81945312,8.05765495,35.60505123,45
1999-05-21,1999-06-05,1999-06-18,east_south,1999-04-08,1999-04-21,24.55538490,61.33877110,24.56330870,71.67029780,17.77303578,14.50365930,23
1999-05-21,1999-06-05,1999-06-18,west_north,1999-04-08,1999-04-21,15.75748877,22.78082771,14.58554502,14.56064098,5.88281685,15.58485505,95
1999-05-21,1999-06-05,1999-06-18,west_south,1999-04-08,1999-04-21,22.52840068,2.52225232,21.35115777,4.74477740,13.03227990,7.95596041,31
1999-06-04,1999-06-19,1999-07-02,central_north,1999-04-22,1999-05-05,21.33738869,40.15634963,20.76536894,54.89481076,11.94766367,52.48249067,110
1999-06-04,1999-06-19,1999-07-02,central_south,1999-04-22,1999-05-05,26.32243595,39.79857834,26.52639931,73.16828183,19.93202823,53.27686136,72
1999-06-04,1999-06-19,1999-07-02,east_north,1999-04-22,1999-05-05,20.47967476,49.05804156,21.37542449,38.70556204,11.56056257,19.51847047,45
1999-06-04,1999-06-19,1999-07-02,east_south,1999-04-22,1999-05-05,25.21716005,83.10665039,24.33632027,83.60098738,18.18937617,50.29306102,23
1999-06-04,1999-06-19,1999-07-02,west_north,1999-04-22,1999-05-05,17.97626800,12.61126485,17.33771072,10.35887273,6.67934372,39.05097728,95
1999-06-04,1999-06-19,1999-07-02,west_south,1999-04-22,1999-05-05,25.41500158,3.86048933,25.92223576,3.55743399,13.22504340,10.83224226,31
1999-06-18,1999-07-03,1999-07-16,central_north,1999-05-06,1999-05-19,21.52173611,45.81995392,22.59267533,37.52489646,13.45583335,53.34258677,110
1999-06-18,1999-07-03,1999-07-16,central_south,1999-05-06,1999-05-19,26.18609363,50.72831718,26.49844633,42.92780921,21.38992286,43.75704726,72
1999-06-18,1999-07-03,1999-07-16,east_north,1999-05-06,1999-05-19,21.36099691,54.98332400,22.42722541,30.81030197,15.07174649,24.32715549,45
1999-06-18,1999-07-03,1999-07-16,east_south,1999-05-06,1999-05-19,25.25434048,87.87941953,25.77746513,70.19783112,21.07047199,46.93705686,23
1999-06-18,1999-07-03,1999-07-16,west_north,1999-05-06,1999-05-19,19.63832144,9.43388570,18.82446113,9.39897603,8.05540383,17.26099560,95
1999-06-18,1999-07-03,1999-07-16,west_south,1999-05-06,1999-05-19,26.18035708,5.61307028,24.96159790,31.73169216,18.12721855,0.29667184,31
1999-07-02,1999-07-17,1999-07-30,central_north,1999-05-20,1999-06-02,21.90179776,40.42508835,25.41960929,36.58358052,16.42440501,38.30879999,110
1999-07-02,1999-07-17,1999-07-30,central_south,1999-05-20,1999-06-02,26.39321250,37.99034730,28.32271573,21.02051960,23.35923283,45.45047353,72
1999-07-02,1999-07-17,1999-07-30,east_north,1999-05-20,1999-06-02,21.30001453,46.35441796,24.32993130,35.09314392,16.94791051,36.48688136,45
1999-07-02,1999-07-17,1999-07-30,east_south,1999-05-20,1999-06-02,25.69827850,65.81064297,28.13155197,35.04015904,22.56133088,20.20058007,23
1999-07-02,1999-07-17,1999-07-30,west_north,1999-05-20,1999-06-02,20.55369742,13.30820287,19.62474220,8.21226066,13.91972325,13.74437871,95
1999-07-02,1999-07-17,1999-07-30,west_south,1999-05-20,1999-06-02,25.99502506,10.38728599,24.15695871,24.99155166,19.91063772,5.24611866,31
1999-07-16,1999-07-31,1999-08-13,central_north,1999-06-03,1999-06-16,21.25055863,36.50943221,21.21409192,54.16475176,19.33787569,53.92619915,110
1999-07-16,1999-07-31,1999-08-13,central_south,1999-06-03,1999-06-16,26.71618717,34.46260838,28.95953401,20.57998150,25.34544488,43.83390168,72
1999-07-16,1999-07-31,1999-08-13,east_north,1999-06-03,1999-06-16,21.11946158,51.36902084,21.31739740,24.74783596,20.13871818,22.42922131,45
1999-07-16,1999-07-31,1999-08-13,east_south,1999-06-03,1999-06-16,25.77988140,83.32309870,28.21164957,32.20405380,24.93023713,53.95026722,23
1999-07-16,1999-07-31,1999-08-13,west_north,1999-06-03,1999-06-16,20.52938119,11.52140605,18.89793888,17.33020770,13.56952024,20.38835139,95
1999-07-16,1999-07-31,1999-08-13,west_south,1999-06-03,1999-06-16,26.13227077,12.01077225,23.43900056,23.32827410,20.31718827,3.49088319,31
1999-07-30,1999-08-14,1999-08-27,central_north,1999-06-17,1999-06-30,20.91587144,36.84122843,21.58715516,19.37013079,20.03713093,44.47190559,110
1999-07-30,1999-08-14,1999-08-27,central_south,1999-06-17,1999-06-30,26.28238373,31.05391758,28.09022040,18.67918860,25.68881543,72.59066081,72
1999-07-30,1999-08-14,1999-08-27,east_north,1999-06-17,1999-06-30,21.18012844,35.51359821,20.55757670,52.11382513,20.21735771,32.85861822,45
1999-07-30,1999-08-14,1999-08-27,east_south,1999-06-17,1999-06-30,25.30778494,69.26364227,26.87443804,74.52440214,23.91699698,95.46379422,23
1999-07-30,1999-08-14,1999-08-27,west_north,1999-06-17,1999-06-30,18.06400021,12.08851731,19.68966347,9.53851006,17.38945498,10.89757324,95
1999-07-30,1999-08-14,1999-08-27,west_south,1999-06-17,1999-06-30,24.63155202,6.85324099,25.25355592,14.58751745,25.26882880,6.35508754,31
1999-08-13,1999-08-28,1999-09-10,central_north,1999-07-01,1999-07-14,18.41032593,33.36664964,19.80961221,32.78301624,22.20168302,43.05313165,110
1999-08-13,1999-08-28,1999-09-10,central_south,1999-07-01,1999-07-14,25.30815583,14.57707593,26.94374253,23.99377758,26.68803539,45.48499561,72
1999-08-13,1999-08-28,1999-09-10,east_north,1999-07-01,1999-07-14,18.07655788,36.27463820,20.57824970,34.34483110,22.30451463,40.43165040,45
1999-08-13,1999-08-28,1999-09-10,east_south,1999-07-01,1999-07-14,24.52089338,34.30026784,25.39039631,57.69087179,25.78204633,74.43370124,23
1999-08-13,1999-08-28,1999-09-10,west_north,1999-07-01,1999-07-14,16.29269074,12.08475955,15.43451914,14.26236967,18.98644639,8.58953409,95
1999-08-13,1999-08-28,1999-09-10,west_south,1999-07-01,1999-07-14,23.03849497,5.30190108,22.99000110,14.31682547,25.50096235,24.63820622,31
1999-08-27,1999-09-11,1999-09-24,central_north,1999-07-15,1999-07-28,16.59321250,26.15126034,14.21189086,17.81431001,24.87098616,40.58694965,110
1999-08-27,1999-09-11,1999-09-24,central_south,1999-07-15,1999-07-28,23.20017426,12.53367505,21.94696545,17.39209358,27.88531195,21.67719267,72
1999-08-27,1999-09-11,1999-09-24,east_north,1999-07-15,1999-07-28,16.25783751,36.20226217,15.48429486,89.39432225,24.15515479,27.25811811,45
1999-08-27,1999-09-11,1999-09-24,east_south,1999-07-15,1999-07-28,22.17405283,47.82912289,21.49097023,92.26338033,27.61141379,41.06471428,23
1999-08-27,1999-09-11,1999-09-24,west_north,1999-07-15,1999-07-28,13.80196980,16.92338161,14.84246050,5.91051507,19.02761442,8.99214145,95
1999-08-27,1999-09-11,1999-09-24,west_south,1999-07-15,1999-07-28,21.45093854,4.26619601,21.40736358,22.24374971,24.18083214,28.64791732,31
1999-09-10,1999-09-25,1999-10-08,central_north,1999-07-29,1999-08-11,11.24411315,31.17952850,11.00380587,31.20618882,22.27937039,42.42179047,110
1999-09-10,1999-09-25,1999-10-08,central_south,1999-07-29,1999-08-11,20.21250662,16.96854894,20.36799838,20.45633214,28.97030158,20.44286471,72
1999-09-10,1999-09-25,1999-10-08,east_north,1999-07-29,1999-08-11,12.33545766,36.77183531,12.96924651,45.92919596,21.58618956,30.49754341,45
1999-09-10,1999-09-25,1999-10-08,east_south,1999-07-29,1999-08-11,20.23634596,48.52197336,21.15506221,79.25737738,28.20157486,30.00809581,23
1999-09-10,1999-09-25,1999-10-08,west_north,1999-07-29,1999-08-11,10.44157124,16.58840376,10.34828483,6.16848574,19.42728154,15.20450138,95
1999-09-10,1999-09-25,1999-10-08,west_south,1999-07-29,1999-08-11,19.38431470,2.05915499,19.96516663,0.66182442,23.52250759,26.48836179,31
1999-09-24,1999-10-09,1999-10-22,central_north,1999-08-12,1999-08-25,9.39802711,31.46049855,10.35554438,12.92104498,21.03750227,32.68006080,110
1999-09-24,1999-10-09,1999-10-22,central_south,1999-08-12,1999-08-25,18.28491287,20.23882135,18.40331460,31.80264350,28.34115405,17.27922060,72
1999-09-24,1999-10-09,1999-10-22,east_north,1999-08-12,1999-08-25,9.05684399,29.03490609,10.56622023,43.64977950,20.81848660,41.36440586,45
1999-09-24,1999-10-09,1999-10-22,east_south,1999-08-12,1999-08-25,17.31617136,26.58282094,19.69550448,84.68116565,27.19776037,68.73965421,23
1999-09-24,1999-10-09,1999-10-22,west_north,1999-08-12,1999-08-25,6.95317232,21.70272851,9.11581530,4.55661442,19.11570258,12.52530903,95
1999-09-24,1999-10-09,1999-10-22,west_south,1999-08-12,1999-08-25,15.59003049,6.02487008,17.17040648,1.41407804,24.87023740,12.66583781,31
1999-10-08,1999-10-23,1999-11-05,central_north,1999-08-26,1999-09-08,5.14971570,32.80257247,8.62397214,5.80280837,20.99981436,32.70273917,110
1999-10-08,1999-10-23,1999-11-05,central_south,1999-08-26,1999-09-08,14.77645733,22.12842102,15.14367725,25.35455223,27.42019414,22.58873476,72
1999-10-08,1999-10-23,1999-11-05,east_north,1999-08-26,1999-09-08,6.15785594,44.16669058,8.63228944,36.43785358,20.81331694,40.03711127,45
1999-10-08,1999-10-23,1999-11-05,east_south,1999-08-26,1999-09-08,15.35066942,30.53314194,14.42432891,27.24395480,25.69559182,56.89674130,23
1999-10-08,1999-10-23,1999-11-05,west_north,1999-08-26,1999-09-08,3.97250083,26.02190758,7.16071229,19.23866999,16.13197281,14.99174707,95
1999-10-08,1999-10-23,1999-11-05,west_south,1999-08-26,1999-09-08,12.79824271,8.38007040,15.05369149,0.71977780,23.33054304,15.48640784,31
1999-10-22,1999-11-06,1999-11-19,central_north,1999-09-09,1999-09-22,3.00189630,21.93007408,9.25950849,1.88564230,14.12996052,18.57282608,110
1999-10-22,1999-11-06,1999-11-19,central_south,1999-09-09,1999-09-22,13.23560229,22.06468313,16.52257798,0.29130805,22.59697196,21.26811481,72
1999-10-22,1999-11-06,1999-11-19,east_north,1999-09-09,1999-09-22,3.92396109,37.90513251,6.10248900,6.86496905,16.15767646,94.09511644,45
1999-10-22,1999-11-06,1999-11-19,east_south,1999-09-09,1999-09-22,13.46105503,27.02795906,14.95357091,1.39021920,22.40737247,102.56749033,23
1999-10-22,1999-11-06,1999-11-19,west_north,1999-09-09,1999-09-22,1.45768911,37.44380085,7.12286434,19.68762081,14.94300482,5.59898832,95
1999-10-22,1999-11-06,1999-11-19,west_south,1999-09-09,1999-09-22,10.40880532,15.58900858,13.94514952,3.35980621,21.82765932,17.17568511,31
1999-11-05,1999-11-20,1999-12-03,central_north,1999-09-23,1999-10-06,-1.30655746,36.63446755,3.56461450,15.68213883,11.32776394,26.44495982,110
1999-11-05,1999-11-20,1999-12-03,central_south,1999-09-23,1999-10-06,10.93303909,35.24185092,12.40394302,16.89123432,20.31077491,16.10533117,72
1999-11-05,1999-11-20,1999-12-03,east_north,1999-09-23,1999-10-06,1.83434708,54.01457723,6.08813732,35.70170363,13.89693499,48.34008757,45
1999-11-05,1999-11-20,1999-12-03,east_south,1999-09-23,1999-10-06,12.52178034,32.87139795,13.60384639,27.25293163,21.02367257,76.64032463,23
1999-11-05,1999-11-20,1999-12-03,west_north,1999-09-23,1999-10-06,-1.60895956,40.35153424,1.73734279,33.89091687,10.91210540,4.63334077,95
1999-11-05,1999-11-20,1999-12-03,west_south,1999-09-23,1999-10-06,7.47350609,13.76243117,8.73646353,1.49780893,20.35715845,6.83993697,31
1999-11-19,1999-12-04,1999-12-17,central_north,1999-10-07,1999-10-20,-2.06974208,23.69283751,-0.60738947,23.49933737,10.87707118,17.34660999,110
1999-11-19,1999-12-04,1999-12-17,central_south,1999-10-07,1999-10-20,9.13044358,28.72810158,8.65451781,43.28319544,19.12021697,36.05824701,72
1999-11-19,1999-12-04,1999-12-17,east_north,1999-10-07,1999-10-20,0.41982285,46.84517129,3.88795642,46.43720870,10.63467766,40.18868796,45
1999-11-19,1999-12-04,1999-12-17,east_south,1999-10-07,1999-10-20,11.11661602,42.25407505,12.18926246,24.02447303,20.32125331,78.41570444,23
1999-11-19,1999-12-04,1999-12-17,west_north,1999-10-07,1999-10-20,-1.46272108,44.48179376,-1.36109783,26.47756869,9.37400546,6.51085696,95
1999-11-19,1999-12-04,1999-12-17,west_south,1999-10-07,1999-10-20,6.85346358,11.53243056,5.12075469,1.32253685,17.43465943,1.46183975,31
1999-12-03,1999-12-18,1999-12-31,central_north,1999-10-21,1999-11-03,-4.23601989,33.04743395,-3.25288594,4.82369745,8.89414298,6.46085633,110
1999-12-03,1999-12-18,1999-12-31,central_south,1999-10-21,1999-11-03,7.79692214,43.86192044,7.06820352,14.15279885,15.20944528,25.54583977,72
1999-12-03,1999-12-18,1999-12-31,east_north,1999-10-21,1999-11-03,0.25997615,57.23531738,-3.26625794,11.41071680,8.77199649,38.22724359,45
1999-12-03,1999-12-18,1999-12-31,east_south,1999-10-21,1999-11-03,10.83598821,51.36935507,8.24109656,23.41868509,14.93616452,36.86992323,23
1999-12-03,1999-12-18,1999-12-31,west_north,1999-10-21,1999-11-03,-4.90536177,43.67403892,-1.51258187,7.38306205,7.54915033,17.74287093,95
1999-12-03,1999-12-18,1999-12-31,west_south,1999-10-21,1999-11-03,4.33739663,11.17152394,6.36316284,1.66107442,15.31417257,0.61874899,31
1999-12-17,2000-01-01,2000-01-14,central_north,1999-11-04,1999-11-17,-2.51126473,24.10442433,-2.71232311,13.41388907,9.46995056,0.75302140,110
1999-12-17,2000-01-01,2000-01-14,central_south,1999-11-04,1999-11-17,8.65884666,34.21587039,10.40468089,25.04142878,16.44660878,0.11552310,72
1999-12-17,2000-01-01,2000-01-14,east_north,1999-11-04,1999-11-17,-2.71685326,41.07718825,1.39334433,37.37675447,6.26069691,8.60369664,45
1999-12-17,2000-01-01,2000-01-14,east_south,1999-11-04,1999-11-17,9.87032879,29.99622920,12.22475215,35.29096815,14.74433392,1.29680385,23
1999-12-17,2000-01-01,2000-01-14,west_north,1999-11-04,1999-11-17,-2.06523495,34.54440824,-1.97769617,35.88204189,7.81150134,18.74811176,95
1999-12-17,2000-01-01,2000-01-14,west_south,1999-11-04,1999-11-17,5.85700592,9.19183167,5.17090338,2.96479761,14.37236109,3.32029369,31
1999-12-31,2000-01-15,2000-01-28,central_north,1999-11-18,1999-12-01,-2.33937262,24.89636480,-6.37423815,7.46570437,3.79552047,15.09401614,110
1999-12-31,2000-01-15,2000-01-28,central_south,1999-11-18,1999-12-01,10.66268540,29.04705505,8.26606072,15.98479241,12.53173360,12.91907080,72
1999-12-31,2000-01-15,2000-01-28,east_north,1999-11-18,1999-12-01,-0.12543062,54.99130780,-9.28346968,18.88757337,6.39088650,35.90447874,45
1999-12-31,2000-01-15,2000-01-28,east_south,1999-11-18,1999-12-01,11.48401208,35.24692088,4.74091120,50.00649020,14.20960710,27.31203623,23
1999-12-31,2000-01-15,2000-01-28,west_north,1999-11-18,1999-12-01,-4.41172669,59.86737697,0.18893609,35.99770568,2.09137924,30.76826236,95
1999-12-31,2000-01-15,2000-01-28,west_south,1999-11-18,1999-12-01,5.36849796,23.75791268,10.80305959,12.92633426,9.32029011,1.53110278,31
2000-01-14,2000-01-29,2000-02-11,central_north,1999-12-02,1999-12-15,-3.57738775,31.56668221,-3.11837911,4.53429237,0.80719628,23.95381184,110
2000-01-14,2000-01-29,2000-02-11,central_south,1999-12-02,1999-12-15,9.46998691,46.17999004,7.65002104,7.45549523,9.73433120,47.28423788,72
2000-01-14,2000-01-29,2000-02-11,east_north,1999-12-02,1999-12-15,-1.40845279,55.57861552,-4.17435179,17.71392207,4.27722491,44.50466802,45
2000-01-14,2000-01-29,2000-02-11,east_south,1999-12-02,1999-12-15,11.74156424,44.65449478,7.13829906,19.62282193,12.20152742,23.19398928,23
2000-01-14,2000-01-29,2000-02-11,west_north,1999-12-02,1999-12-15,-5.08720825,33.32757817,0.34786940,19.98685818,-1.65071713,26.94598927,95
2000-01-14,2000-01-29,2000-02-11,west_south,1999-12-02,1999-12-15,4.12947785,25.54806412,9.07410217,6.69814704,5.22894621,1.35910461,31
2000-01-28,2000-02-12,2000-02-25,central_north,1999-12-16,1999-12-29,-3.11777153,34.16491478,0.39617121,24.99505327,-3.97145922,5.85430315,110
2000-01-28,2000-02-12,2000-02-25,central_south,1999-12-16,1999-12-29,10.46198142,48.18114744,14.48224713,19.25488174,6.57990659,14.24459493,72
2000-01-28,2000-02-12,2000-02-25,east_north,1999-12-16,1999-12-29,-3.45979982,68.06084643,0.36429735,47.61487372,-3.15707927,12.91317350,45
2000-01-28,2000-02-12,2000-02-25,east_south,1999-12-16,1999-12-29,11.34703938,60.58473887,12.89602678,31.36234142,8.00226604,24.24124321,23
2000-01-28,2000-02-12,2000-02-25,west_north,1999-12-16,1999-12-29,-1.05871421,35.07824082,0.50749306,44.49696406,-0.72928593,12.18835276,95
2000-01-28,2000-02-12,2000-02-25,west_south,1999-12-16,1999-12-29,8.39209963,14.46306539,9.05311495,32.80464625,6.61704314,1.68277406,31
2000-02-11,2000-02-26,2000-03-10,central_north,1999-12-30,2000-01-12,2.56933952,38.71256856,6.03967882,24.40026524,-1.99829175,12.96161323,110
2000-02-11,2000-02-26,2000-03-10,central_south,1999-12-30,2000-01-12,12.66427743,53.57502995,14.98563515,24.01945421,10.61478945,24.36180238,72
2000-02-11,2000-02-26,2000-03-10,east_north,1999-12-30,2000-01-12,1.24780307,59.64723871,6.42437155,16.05181538,2.41154394,35.57973342,45
2000-02-11,2000-02-26,2000-03-10,east_south,1999-12-30,2000-01-12,12.92211876,40.50939974,15.60328162,14.08358436,12.31901126,34.41634261,23
2000-02-11,2000-02-26,2000-03-10,west_north,1999-12-30,2000-01-12,1.73780298,38.96502979,2.33308835,33.85228329,-2.58289874,30.75266748,95
2000-02-11,2000-02-26,2000-03-10,west_south,1999-12-30,2000-01-12,10.18469391,13.78076900,8.30190451,27.08503136,4.48667786,2.94499822,31
2000-02-25,2000-03-11,2000-03-24,central_north,2000-01-13,2000-01-26,3.02286587,44.23870324,3.53941796,23.27418733,-5.90079654,6.81121973,110
2000-02-25,2000-03-11,2000-03-24,central_south,2000-01-13,2000-01-26,14.72425525,42.91856754,13.41246266,59.16047035,9.48120696,7.98716272,72
2000-02-25,2000-03-11,2000-03-24,east_north,2000-01-13,2000-01-26,0.97883774,58.93260662,3.93413164,51.63491764,-8.57680020,20.60930459,45
2000-02-25,2000-03-11,2000-03-24,east_south,2000-01-13,2000-01-26,13.63498798,48.96538912,14.24412815,60.79826831,5.98330161,50.25525852,23
2000-02-25,2000-03-11,2000-03-24,west_north,2000-01-13,2000-01-26,0.81646979,44.73601497,2.98793327,19.59520392,0.67660983,39.48210591,95
2000-02-25,2000-03-11,2000-03-24,west_south,2000-01-13,2000-01-26,9.32384979,17.84764858,11.22669221,7.87242383,11.20830193,12.30585430,31
2000-03-10,2000-03-25,2000-04-07,central_north,2000-01-27,2000-02-09,6.97977947,47.12892436,6.53399463,14.41168611,-3.56513921,4.56546257,110
2000-03-10,2000-03-25,2000-04-07,central_south,2000-01-27,2000-02-09,16.72507773,42.23503166,16.32812929,52.25180776,5.69518552,16.14056258,72
2000-03-10,2000-03-25,2000-04-07,east_north,2000-01-27,2000-02-09,5.12311983,61.74984758,7.94836962,43.45035761,-5.92918138,14.75123065,45
2000-03-10,2000-03-25,2000-04-07,east_south,2000-01-27,2000-02-09,16.39068067,53.47802649,16.53478696,36.30994548,5.45018081,20.07853158,23
2000-03-10,2000-03-25,2000-04-07,west_north,2000-01-27,2000-02-09,4.31490364,42.91785926,6.45160404,9.28039617,-0.17814236,17.39694836,95
2000-03-10,2000-03-25,2000-04-07,west_south,2000-01-27,2000-02-09,11.14212523,24.35010399,13.65700062,7.74979923,8.50637888,4.23933302,31
2000-03-24,2000-04-08,2000-04-21,central_north,2000-02-10,2000-02-23,8.52307161,43.62199334,7.14829670,28.66113681,-1.54441611,20.47365498,110
2000-03-24,2000-04-08,2000-04-21,central_south,2000-02-10,2000-02-23,18.10464511,47.46808775,17.12708788,24.29528524,13.96579022,17.11918352,72
2000-03-24,2000-04-08,2000-04-21,east_north,2000-02-10,2000-02-23,6.62194195,50.25300926,7.70788564,56.69547949,-0.88620096,48.27878233,45
2000-03-24,2000-04-08,2000-04-21,east_south,2000-02-10,2000-02-23,17.33425191,52.27188935,16.60590931,40.31867378,12.38911231,31.43094439,23
2000-03-24,2000-04-08,2000-04-21,west_north,2000-02-10,2000-02-23,7.06196210,25.29200392,8.67098342,22.34478632,0.67231393,43.58318919,95
2000-03-24,2000-04-08,2000-04-21,west_south,2000-02-10,2000-02-23,15.23504670,6.84741509,15.51781190,9.89259844,9.65973903,31.53875709,31
2000-04-07,2000-04-22,2000-05-05,central_north,2000-02-24,2000-03-08,12.04191023,62.52611514,13.71932126,20.50506610,7.40144405,26.09995170,110
2000-04-07,2000-04-22,2000-05-05,central_south,2000-02-24,2000-03-08,20.61470048,46.52297750,19.77341274,44.04505173,15.24493961,24.77743665,72
2000-04-07,2000-04-22,2000-05-05,east_north,2000-02-24,2000-03-08,10.91114445,55.33276265,10.34741794,35.78984117,6.58561562,16.61128683,45
2000-04-07,2000-04-22,2000-05-05,east_south,2000-02-24,2000-03-08,19.56225355,34.45760326,17.47901716,27.30572300,15.16561951,13.89864544,23
2000-04-07,2000-04-22,2000-05-05,west_north,2000-02-24,2000-03-08,7.80079722,33.46915383,10.57389600,12.42973189,2.15782783,34.51987048,95
2000-04-07,2000-04-22,2000-05-05,west_south,2000-02-24,2000-03-08,15.92797295,4.01561576,18.73481604,0.86463748,8.04301751,29.03037103,31
2000-04-21,2000-05-06,2000-05-19,central_north,2000-03-09,2000-03-22,13.97829807,50.64231075,14.34629622,44.18583494,1.96722683,21.64052197,110
2000-04-21,2000-05-06,2000-05-19,central_south,2000-03-09,2000-03-22,21.80265940,32.62233686,23.57488924,19.35797060,13.20733783,51.11505681,72
2000-04-21,2000-05-06,2000-05-19,east_north,2000-03-09,2000-03-22,12.98438974,50.44150779,16.25156041,54.44080142,3.78396699,53.83357273,45
2000-04-21,2000-05-06,2000-05-19,east_south,2000-03-09,2000-03-22,20.44914710,40.49372219,23.02058740,4.16332614,14.83274906,60.92211064,23
2000-04-21,2000-05-06,2000-05-19,west_north,2000-03-09,2000-03-22,11.25342656,24.16116211,9.83734589,28.40935902,2.47777722,21.94393041,95
2000-04-21,2000-05-06,2000-05-19,west_south,2000-03-09,2000-03-22,18.85735689,3.27374771,18.64054722,1.31572599,10.79860546,8.15784941,31
2000-05-05,2000-05-20,2000-06-02,central_north,2000-03-23,2000-04-05,16.83542158,65.03970049,16.95746503,39.45293530,7.16496039,17.94005706,110
2000-05-05,2000-05-20,2000-06-02,central_south,2000-03-23,2000-04-05,24.30664141,33.63285565,25.60544579,39.33544453,16.08842694,61.62653070,72
2000-05-05,2000-05-20,2000-06-02,east_north,2000-03-23,2000-04-05,16.83581545,50.65498315,15.40691763,46.80309663,7.93715439,42.44807674,45
2000-05-05,2000-05-20,2000-06-02,east_south,2000-03-23,2000-04-05,23.12953689,42.70926389,24.18482904,34.53531107,16.29292206,36.48582230,23
2000-05-05,2000-05-20,2000-06-02,west_north,2000-03-23,2000-04-05,11.92577544,34.45374861,14.97357524,12.91002104,6.07667717,10.51358703,95
2000-05-05,2000-05-20,2000-06-02,west_south,2000-03-23,2000-04-05,19.31637292,4.06699262,23.78971507,0.77136816,12.80195601,9.84637170,31
2000-05-19,2000-06-03,2000-06-16,central_north,2000-04-06,2000-04-19,19.02758575,62.05437562,19.02128881,42.87519095,6.66766797,20.40858871,110
2000-05-19,2000-06-03,2000-06-16,central_south,2000-04-06,2000-04-19,25.20956469,41.73972749,24.71531761,51.91092062,17.27263301,23.69497873,72
2000-05-19,2000-06-03,2000-06-16,east_north,2000-04-06,2000-04-19,18.36903631,59.58511519,17.95557048,56.39065655,7.53113202,46.00572546,45
2000-05-19,2000-06-03,2000-06-16,east_south,2000-04-06,2000-04-19,24.31951515,63.01786289,24.78459771,36.44576444,16.30610511,39.62895539,23
2000-05-19,2000-06-03,2000-06-16,west_north,2000-04-06,2000-04-19,15.78756198,18.38809198,16.13436673,15.66712442,8.13825752,22.34586462,95
2000-05-19,2000-06-03,2000-06-16,west_south,2000-04-06,2000-04-19,23.41669712,2.84650151,24.02951985,2.92120603,15.60499665,9.66457184,31
2000-06-02,2000-06-17,2000-06-30,central_north,2000-04-20,2000-05-03,23.18838330,42.95626106,19.09793979,57.88413975,12.19492588,30.01604481,110
2000-06-02,2000-06-17,2000-06-30,central_south,2000-04-20,2000-05-03,26.57328424,37.61908322,25.95876621,66.29943609,19.18572275,34.25594925,72
2000-06-02,2000-06-17,2000-06-30,east_north,2000-04-20,2000-05-03,21.37679066,47.29771254,20.37411119,57.83911331,9.32144409,46.05240475,45
2000-06-02,2000-06-17,2000-06-30,east_south,2000-04-20,2000-05-03,25.57741858,63.25362952,26.14198837,77.21659365,17.20683203,25.92459542,23
2000-06-02,2000-06-17,2000-06-30,west_north,2000-04-20,2000-05-03,17.12380896,12.02761256,17.79955334,8.56359587,10.35167159,11.65748185,95
2000-06-02,2000-06-17,2000-06-30,west_south,2000-04-20,2000-05-03,24.31159258,1.60549445,24.74011909,18.71701039,18.08732961,1.16941413,31
2000-06-16,2000-07-01,2000-07-14,central_north,2000-05-04,2000-05-17,21.35501789,40.72580622,23.87407269,46.67651617,15.45068297,32.02026608,110
2000-06-16,2000-07-01,2000-07-14,central_south,2000-05-04,2000-05-17,26.01582014,39.90314287,28.34695491,14.87025984,23.58487945,23.00351587,72
2000-06-16,2000-07-01,2000-07-14,east_north,2000-05-04,2000-05-17,19.90032208,49.66537378,20.12352147,31.82789898,16.58910794,38.76457515,45
2000-06-16,2000-07-01,2000-07-14,east_south,2000-05-04,2000-05-17,25.41774465,61.23062686,26.56216456,40.81021333,22.46865039,5.92525750,23
2000-06-16,2000-07-01,2000-07-14,west_north,2000-05-04,2000-05-17,20.95796762,14.65821653,18.57222994,9.66194377,9.82149383,26.78295420,95
2000-06-16,2000-07-01,2000-07-14,west_south,2000-05-04,2000-05-17,25.99742486,13.46820293,24.53341342,8.46086423,19.05666289,1.15132150,31
2000-06-30,2000-07-15,2000-07-28,central_north,2000-05-18,2000-05-31,22.26502118,40.86555336,20.97167571,32.93782432,16.34182827,43.24014574,110
2000-06-30,2000-07-15,2000-07-28,central_south,2000-05-18,2000-05-31,26.77830708,31.15991522,28.29434698,16.06637220,25.17929634,41.29622262,72
2000-06-30,2000-07-15,2000-07-28,east_north,2000-05-18,2000-05-31,21.00157294,46.55259375,19.27880281,54.25118369,14.66124020,62.37794944,45
2000-06-30,2000-07-15,2000-07-28,east_south,2000-05-18,2000-05-31,25.98058495,53.66747193,26.04098256,68.94339002,24.09279254,34.02132561,23
2000-06-30,2000-07-15,2000-07-28,west_north,2000-05-18,2000-05-31,20.93820574,15.00139701,20.82149433,4.91997409,14.74584787,14.90171573,95
2000-06-30,2000-07-15,2000-07-28,west_south,2000-05-18,2000-05-31,25.95569385,12.71720859,27.19428022,4.97631213,23.03042952,0.57095924,31
2000-07-14,2000-07-29,2000-08-11,central_north,2000-06-01,2000-06-14,21.82580626,38.17276977,23.36473974,33.36207871,18.91141700,42.78780202,110
2000-07-14,2000-07-29,2000-08-11,central_south,2000-06-01,2000-06-14,27.10959005,33.81162173,28.16660560,25.85602078,24.64817738,48.10956552,72
2000-07-14,2000-07-29,2000-08-11,east_north,2000-06-01,2000-06-14,20.98780494,60.44273618,21.58355860,66.48359456,17.78248528,48.15483060,45
2000-07-14,2000-07-29,2000-08-11,east_south,2000-06-01,2000-06-14,25.59727780,72.15137615,26.64714052,71.62479443,24.56242303,28.56642790,23
2000-07-14,2000-07-29,2000-08-11,west_north,2000-06-01,2000-06-14,21.15261351,11.38873425,22.50796881,3.51554270,15.83300806,14.70974017,95
2000-07-14,2000-07-29,2000-08-11,west_south,2000-06-01,2000-06-14,26.14485542,8.31351920,26.91965218,11.13276272,23.50259218,3.26993893,31
2000-07-28,2000-08-12,2000-08-25,central_north,2000-06-15,2000-06-28,21.04278274,40.96564381,22.15421101,29.73202044,18.76310732,64.54832429,110
2000-07-28,2000-08-12,2000-08-25,central_south,2000-06-15,2000-06-28,26.58129438,34.09080965,28.43500106,7.99345275,26.08354971,63.98516124,72
2000-07-28,2000-08-12,2000-08-25,east_north,2000-06-15,2000-06-28,19.49179352,44.43980613,18.54096516,37.90730649,20.84968859,60.67709061,45
2000-07-28,2000-08-12,2000-08-25,east_south,2000-06-15,2000-06-28,24.95509092,72.93960494,25.44636672,34.18456158,26.45866706,65.50096290,23
2000-07-28,2000-08-12,2000-08-25,west_north,2000-06-15,2000-06-28,19.18805320,12.19291880,19.13060678,6.31574225,17.20477637,10.62499888,95
2000-07-28,2000-08-12,2000-08-25,west_south,2000-06-15,2000-06-28,25.10211759,9.27646082,25.45713633,15.76624896,25.07135058,13.84309501,31
2000-08-11,2000-08-26,2000-09-08,central_north,2000-06-29,2000-07-12,19.79360924,28.15174665,21.68187779,20.21134618,23.13646351,47.73682657,110
2000-08-11,2000-08-26,2000-09-08,central_south,2000-06-29,2000-07-12,25.48085616,26.55995803,28.90940511,12.85788150,27.76815655,22.43012182,72
2000-08-11,2000-08-26,2000-09-08,east_north,2000-06-29,2000-07-12,18.03571473,38.89348422,19.41609543,28.68506585,19.74739904,37.02849771,45
2000-08-11,2000-08-26,2000-09-08,east_south,2000-06-29,2000-07-12,24.35363886,48.71809696,24.58825562,100.58680190,26.32771162,47.18087143,23
2000-08-11,2000-08-26,2000-09-08,west_north,2000-06-29,2000-07-12,17.73122343,14.96561024,15.39903822,19.33448069,18.40628764,9.95965099,95
2000-08-11,2000-08-26,2000-09-08,west_south,2000-06-29,2000-07-12,23.47066729,5.82854509,22.50302393,15.56077092,24.37909224,11.81691790,31
2000-08-25,2000-09-09,2000-09-22,central_north,2000-07-13,2000-07-26,17.76292909,38.96361085,17.58508152,26.82650607,21.21657124,28.61826261,110
2000-08-25,2000-09-09,2000-09-22,central_south,2000-07-13,2000-07-26,25.03403865,30.43857028,25.29317563,22.91844311,28.46139002,17.55358532,72
2000-08-25,2000-09-09,2000-09-22,east_north,2000-07-13,2000-07-26,17.17974188,33.69145726,17.06852383,45.55063497,19.24693041,46.91604290,45
2000-08-25,2000-09-09,2000-09-22,east_south,2000-07-13,2000-07-26,24.21501854,43.64475227,23.39077706,56.73918792,26.09695862,78.48946796,23
2000-08-25,2000-09-09,2000-09-22,west_north,2000-07-13,2000-07-26,13.93612938,17.02246075,15.90809647,11.59123632,20.75180541,4.80813315,95
2000-08-25,2000-09-09,2000-09-22,west_south,2000-07-13,2000-07-26,21.47219159,6.56918610,23.98250573,2.26502810,26.93243609,5.87024694,31
2000-09-08,2000-09-23,2000-10-06,central_north,2000-07-27,2000-08-09,13.94730324,28.58269852,12.04985397,29.80906741,23.13331938,37.77631259,110
2000-09-08,2000-09-23,2000-10-06,central_south,2000-07-27,2000-08-09,21.45589086,16.16198158,20.91844979,25.02634084,28.04614778,23.40242857,72
2000-09-08,2000-09-23,2000-10-06,east_north,2000-07-27,2000-08-09,12.68615252,35.59460356,13.03647969,48.01595439,21.60723821,68.39196338,45
2000-09-08,2000-09-23,2000-10-06,east_south,2000-07-27,2000-08-09,20.54018379,51.28516359,21.57571128,62.02239234,26.50946540,67.27093494,23
2000-09-08,2000-09-23,2000-10-06,west_north,2000-07-27,2000-08-09,11.87906007,17.66703038,10.94255370,11.89436670,22.60754841,3.41791998,95
2000-09-08,2000-09-23,2000-10-06,west_south,2000-07-27,2000-08-09,19.48143669,9.34794821,20.71145173,3.88175945,27.14060920,9.53030706,31
2000-09-22,2000-10-07,2000-10-20,central_north,2000-08-10,2000-08-23,10.48703931,32.69392623,10.63250290,13.01053685,22.29197216,27.99515494,110
2000-09-22,2000-10-07,2000-10-20,central_south,2000-08-10,2000-08-23,18.83383063,19.15417635,15.62685207,29.63108935,28.47483049,10.57802367,72
2000-09-22,2000-10-07,2000-10-20,east_north,2000-08-10,2000-08-23,10.51280698,38.32429566,10.26006581,20.85100164,18.72451425,36.81332297,45
2000-09-22,2000-10-07,2000-10-20,east_south,2000-08-10,2000-08-23,18.60547964,44.32406960,16.32876166,4.55795994,25.53138424,36.14459519,23
2000-09-22,2000-10-07,2000-10-20,west_north,2000-08-10,2000-08-23,7.87275546,22.89981440,8.80540020,20.80910735,19.23239784,5.77976541,95
2000-09-22,2000-10-07,2000-10-20,west_south,2000-08-10,2000-08-23,16.29362026,8.10862708,15.28828451,20.55100723,25.66429787,15.61017504,31
2000-10-06,2000-10-21,2000-11-03,central_north,2000-08-24,2000-09-06,7.26888419,36.73127737,12.00576253,39.47156796,22.20213162,21.60166473,110
2000-10-06,2000-10-21,2000-11-03,central_south,2000-08-24,2000-09-06,15.58212923,45.51538467,19.79347423,53.50545576,29.36660925,11.20552096,72
2000-10-06,2000-10-21,2000-11-03,east_north,2000-08-24,2000-09-06,7.19854814,37.70321572,10.30154805,7.24983595,19.77130242,36.94780405,45
2000-10-06,2000-10-21,2000-11-03,east_south,2000-08-24,2000-09-06,15.82991306,24.66108198,18.02565985,1.70913097,25.06324017,97.17693225,23
2000-10-06,2000-10-21,2000-11-03,west_north,2000-08-24,2000-09-06,4.50857610,27.16466029,5.26326812,28.97375820,16.19323295,19.25487041,95
2000-10-06,2000-10-21,2000-11-03,west_south,2000-08-24,2000-09-06,12.61918283,14.11683462,11.40106340,40.62378966,22.59424513,17.36049427,31
2000-10-20,2000-11-04,2000-11-17,central_north,2000-09-07,2000-09-20,1.11752706,33.41737427,-0.68442852,33.49668210,18.78460439,22.73446962,110
2000-10-20,2000-11-04,2000-11-17,central_south,2000-09-07,2000-09-20,13.05835689,34.88137481,9.77182899,85.67069860,25.32805009,20.98654653,72
2000-10-20,2000-11-04,2000-11-17,east_north,2000-09-07,2000-09-20,3.73346993,45.54003226,6.53182179,33.84956891,17.49257843,40.50436257,45
2000-10-20,2000-11-04,2000-11-17,east_south,2000-09-07,2000-09-20,14.39768745,25.39608934,14.55168857,29.15505214,23.22551244,52.47959315,23
2000-10-20,2000-11-04,2000-11-17,west_north,2000-09-07,2000-09-20,0.49095209,37.69614505,-3.32779259,14.33590484,16.66816214,8.08808718,95
2000-10-20,2000-11-04,2000-11-17,west_south,2000-09-07,2000-09-20,9.95994847,28.07861922,5.90552055,13.80991886,24.20309681,2.46064723,31
2000-11-03,2000-11-18,2000-12-01,central_north,2000-09-21,2000-10-04,-3.05464414,32.13758046,-2.24249364,9.47461289,13.07830673,27.73233520,110
2000-11-03,2000-11-18,2000-12-01,central_south,2000-09-21,2000-10-04,8.01814796,51.06147333,8.17673183,51.77762867,21.62483126,24.41393089,72
2000-11-03,2000-11-18,2000-12-01,east_north,2000-09-21,2000-10-04,1.45111606,51.92042939,-0.01333966,25.44086044,13.27880076,39.47568156,45
2000-11-03,2000-11-18,2000-12-01,east_south,2000-09-21,2000-10-04,12.42172633,53.32307184,8.86117814,42.37417942,21.68307400,75.19487831,23
2000-11-03,2000-11-18,2000-12-01,west_north,2000-09-21,2000-10-04,-4.30794890,32.18912755,-1.64110998,11.73551830,11.20389508,16.03978137,95
2000-11-03,2000-11-18,2000-12-01,west_south,2000-09-21,2000-10-04,4.51054804,17.27296246,7.50649092,1.45140194,21.08091387,3.20602166,31
2000-11-17,2000-12-02,2000-12-15,central_north,2000-10-05,2000-10-18,-1.55680673,23.38307758,-7.85067137,13.35688174,9.23336426,21.08439661,110
2000-11-17,2000-12-02,2000-12-15,central_south,2000-10-05,2000-10-18,8.02419501,35.02262861,5.37106989,19.17764209,15.90685590,34.18692026,72
2000-11-17,2000-12-02,2000-12-15,east_north,2000-10-05,2000-10-18,-2.08705482,46.68164028,-3.72699826,26.31361759,10.42717663,30.45713243,45
2000-11-17,2000-12-02,2000-12-15,east_south,2000-10-05,2000-10-18,8.15217862,30.82750182,8.72540145,18.13176545,17.02391689,5.91265233,23
2000-11-17,2000-12-02,2000-12-15,west_north,2000-10-05,2000-10-18,-0.75674592,37.56401459,-2.82797994,16.00464086,8.53816476,18.85510531,95
2000-11-17,2000-12-02,2000-12-15,west_south,2000-10-05,2000-10-18,7.14117856,20.08593897,8.16415796,2.47936126,15.74747099,19.73738950,31
2000-12-01,2000-12-16,2000-12-29,central_north,2000-10-19,2000-11-01,-5.43101964,22.47446523,-11.38217501,13.12333728,12.95701785,33.72951253,110
2000-12-01,2000-12-16,2000-12-29,central_south,2000-10-19,2000-11-01,5.05742675,44.12350362,2.59638720,42.12488850,19.87885399,42.24356349,72
2000-12-01,2000-12-16,2000-12-29,east_north,2000-10-19,2000-11-01,-4.43897086,42.21481377,-6.84420400,44.27580789,10.45830131,11.22425462,45
2000-12-01,2000-12-16,2000-12-29,east_south,2000-10-19,2000-11-01,8.09487626,46.98615151,4.49184676,32.40886734,18.17255162,1.77267797,23
2000-12-01,2000-12-16,2000-12-29,west_north,2000-10-19,2000-11-01,-3.16046873,31.75928152,-3.40199560,13.83376559,6.28943856,30.54151748,95
2000-12-01,2000-12-16,2000-12-29,west_south,2000-10-19,2000-11-01,4.99073769,16.20211969,5.95352636,2.01266086,12.38383063,41.85977759,31
2000-12-15,2000-12-30,2001-01-12,central_north,2000-11-02,2000-11-15,-7.86774411,25.54846278,-4.42525890,4.64682552,1.09105079,38.04726681,110
2000-12-15,2000-12-30,2001-01-12,central_south,2000-11-02,2000-11-15,3.86748528,42.17096653,3.33001190,17.83612059,11.24311094,87.89761032,72
2000-12-15,2000-12-30,2001-01-12,east_north,2000-11-02,2000-11-15,-5.67908451,54.77031153,-4.99927793,13.81996615,7.57574926,32.72750794,45
2000-12-15,2000-12-30,2001-01-12,east_south,2000-11-02,2000-11-15,7.41468581,59.43751956,3.59048979,11.24529539,15.51296444,24.01116074,23
2000-12-15,2000-12-30,2001-01-12,west_north,2000-11-02,2000-11-15,-4.31756081,39.06719583,-1.84873563,13.03740152,-2.14385507,14.56397134,95
2000-12-15,2000-12-30,2001-01-12,west_south,2000-11-02,2000-11-15,4.01972442,17.23351516,6.58753289,23.50308614,6.79397267,14.46552427,31
2000-12-29,2001-01-13,2001-01-26,central_north,2000-11-16,2000-11-29,-6.17463307,32.08222520,-5.38686864,7.97320635,-2.60142984,9.58389529,110
2000-12-29,2001-01-13,2001-01-26,central_south,2000-11-16,2000-11-29,6.49496272,46.82900745,5.30504243,36.67260685,7.96812412,61.61504059,72
2000-12-29,2001-01-13,2001-01-26,east_north,2000-11-16,2000-11-29,-4.34552498,54.23976537,-3.35435234,21.46355600,0.40258934,23.75391650,45
2000-12-29,2001-01-13,2001-01-26,east_south,2000-11-16,2000-11-29,9.47262078,41.94588097,8.49745780,29.85953255,9.23097424,47.02418318,23
2000-12-29,2001-01-13,2001-01-26,west_north,2000-11-16,2000-11-29,-3.98427537,29.70254269,-4.23382691,15.74076834,-2.38537498,9.26662507,95
2000-12-29,2001-01-13,2001-01-26,west_south,2000-11-16,2000-11-29,4.71993051,18.07844139,3.50326135,12.68989991,6.71046230,1.35146429,31
2001-01-12,2001-01-27,2001-02-09,central_north,2000-11-30,2000-12-13,-5.22147181,34.36585712,-4.68998498,30.66069222,-6.93283333,11.45131456,110
2001-01-12,2001-01-27,2001-02-09,central_south,2000-11-30,2000-12-13,8.61780447,53.50090459,8.73416965,27.40624763,5.81085495,10.05697844,72
2001-01-12,2001-01-27,2001-02-09,east_north,2000-11-30,2000-12-13,-3.34951452,63.05105258,-0.79456875,33.46601618,-3.34662958,15.75540787,45
2001-01-12,2001-01-27,2001-02-09,east_south,2000-11-30,2000-12-13,11.80052128,51.67739159,10.58248223,15.59083097,8.17929363,13.28169551,23
2001-01-12,2001-01-27,2001-02-09,west_north,2000-11-30,2000-12-13,-3.19203234,42.22563898,-3.53857673,14.70586963,-2.57008175,11.76953942,95
2001-01-12,2001-01-27,2001-02-09,west_south,2000-11-30,2000-12-13,6.77096246,21.01827564,5.42287104,11.10607671,8.50442727,2.28090430,31
2001-01-26,2001-02-10,2001-02-23,central_north,2000-12-14,2000-12-27,-1.92288136,32.68371888,-7.30187468,12.54597283,-11.44960633,14.42975980,110
2001-01-26,2001-02-10,2001-02-23,central_south,2000-12-14,2000-12-27,10.32528052,38.90868945,9.91034993,51.15750684,3.11276743,43.54037017,72
2001-01-26,2001-02-10,2001-02-23,east_north,2000-12-14,2000-12-27,-0.03004019,60.33985955,-2.11736534,27.52009811,-5.94484221,57.00055502,45
2001-01-26,2001-02-10,2001-02-23,east_south,2000-12-14,2000-12-27,12.02884737,43.71864339,12.62771854,36.91133842,5.59934567,24.26094554,23
2001-01-26,2001-02-10,2001-02-23,west_north,2000-12-14,2000-12-27,-2.62521676,33.72779782,-2.60129652,22.77915933,-3.24593772,20.90865380,95
2001-01-26,2001-02-10,2001-02-23,west_south,2000-12-14,2000-12-27,6.96692185,17.33845425,6.92533580,18.59748436,6.14367754,2.24981179,31
2001-02-09,2001-02-24,2001-03-09,central_north,2000-12-28,2001-01-10,-5.54560383,35.38893915,-2.70434251,21.05283530,-5.52236508,5.68313593,110
2001-02-09,2001-02-24,2001-03-09,central_south,2000-12-28,2001-01-10,8.93790709,62.39079370,10.82940786,72.27132229,2.79922631,16.66324494,72
2001-02-09,2001-02-24,2001-03-09,east_north,2000-12-28,2001-01-10,-4.31738831,55.54672023,-1.34246966,29.58762297,-5.89194776,14.46375013,45
2001-02-09,2001-02-24,2001-03-09,east_south,2000-12-28,2001-01-10,11.05055642,68.49850741,13.00286777,41.95181479,3.10134571,20.62776005,23
2001-02-09,2001-02-24,2001-03-09,west_north,2000-12-28,2001-01-10,-1.77146787,37.22962731,0.30874062,18.71402313,-2.13726900,6.94918743,95
2001-02-09,2001-02-24,2001-03-09,west_south,2000-12-28,2001-01-10,8.31180520,27.65634523,7.75961484,40.65489241,6.57095408,8.98029477,31
2001-02-23,2001-03-10,2001-03-23,central_north,2001-01-11,2001-01-24,-1.35844649,29.61550328,1.92755927,16.73449394,-4.70103634,7.98402281,110
2001-02-23,2001-03-10,2001-03-23,central_south,2001-01-11,2001-01-24,10.02234689,43.53534249,11.81926575,43.58063604,5.08364503,45.96769090,72
2001-02-23,2001-03-10,2001-03-23,east_north,2001-01-11,2001-01-24,-1.93350202,39.52851378,2.55087827,50.11060523,-2.98290347,21.26061563,45
2001-02-23,2001-03-10,2001-03-23,east_south,2001-01-11,2001-01-24,10.70342168,57.86825145,13.23263404,85.50264169,9.03753707,33.96088069,23
2001-02-23,2001-03-10,2001-03-23,west_north,2001-01-11,2001-01-24,2.60182772,31.50220501,4.13760712,13.85501332,-3.94311928,17.71536557,95
2001-02-23,2001-03-10,2001-03-23,west_south,2001-01-11,2001-01-24,11.14406175,20.20498481,10.97732095,5.42146077,3.66678467,23.74459968,31
2001-03-09,2001-03-24,2001-04-06,central_north,2001-01-25,2001-02-07,6.70917603,55.84735730,3.51024823,16.50992153,-4.45649011,20.36751178,110
2001-03-09,2001-03-24,2001-04-06,central_south,2001-01-25,2001-02-07,15.78346265,53.50376457,14.22981214,31.87523649,8.01284899,23.66499062,72
2001-03-09,2001-03-24,2001-04-06,east_north,2001-01-25,2001-02-07,5.30777785,56.84493401,2.48257775,31.94426822,-2.07500999,29.06532614,45
2001-03-09,2001-03-24,2001-04-06,east_south,2001-01-25,2001-02-07,15.99386644,41.81014196,13.45609769,51.51502381,9.06753770,15.52924528,23
2001-03-09,2001-03-24,2001-04-06,west_north,2001-01-25,2001-02-07,2.99959779,38.07364804,5.18684247,21.00756139,-2.78561667,16.90859740,95
2001-03-09,2001-03-24,2001-04-06,west_south,2001-01-25,2001-02-07,10.07368956,21.84893196,13.70221507,6.01646582,5.64451387,12.07577210,31
2001-03-23,2001-04-07,2001-04-20,central_north,2001-02-08,2001-02-21,7.98163720,44.99829128,9.12268572,42.13168495,-7.49404380,21.90205328,110
2001-03-23,2001-04-07,2001-04-20,central_south,2001-02-08,2001-02-21,16.90237468,46.42844111,19.09866119,19.38360573,10.19192625,51.81247174,72
2001-03-23,2001-04-07,2001-04-20,east_north,2001-02-08,2001-02-21,5.28530142,48.54624702,9.22162042,32.84832113,-0.75115157,29.05668824,45
2001-03-23,2001-04-07,2001-04-20,east_south,2001-02-08,2001-02-21,16.11444278,44.58235548,19.06611078,10.46996016,13.12488731,25.86814740,23
2001-03-23,2001-04-07,2001-04-20,west_north,2001-02-08,2001-02-21,7.24893311,32.63722138,4.63323406,24.61854635,-3.86062552,20.56332440,95
2001-03-23,2001-04-07,2001-04-20,west_south,2001-02-08,2001-02-21,14.50267779,9.81203653,12.19621117,9.49526150,6.10644360,20.19465740,31
2001-04-06,2001-04-21,2001-05-04,central_north,2001-02-22,2001-03-07,9.75655674,47.84402028,14.02053568,37.75803632,-3.48469580,22.44839178,110
2001-04-06,2001-04-21,2001-05-04,central_south,2001-02-22,2001-03-07,18.40588457,50.73577415,19.69886237,18.23793546,10.88803914,65.17154926,72
2001-04-06,2001-04-21,2001-05-04,east_north,2001-02-22,2001-03-07,8.13303646,47.86668576,14.11166490,8.26099577,-2.03246797,31.55963867,45
2001-04-06,2001-04-21,2001-05-04,east_south,2001-02-22,2001-03-07,17.54423056,47.36600159,18.96506955,15.71047882,13.30053999,52.80542989,23
2001-04-06,2001-04-21,2001-05-04,west_north,2001-02-22,2001-03-07,9.99837210,22.93935389,9.30668637,17.46007989,-0.18140063,20.54893540,95
2001-04-06,2001-04-21,2001-05-04,west_south,2001-02-22,2001-03-07,17.42556051,4.95964247,16.12962683,6.07534803,7.64482456,37.60974756,31
2001-04-20,2001-05-05,2001-05-18,central_north,2001-03-08,2001-03-21,13.93399701,57.86563339,16.59423696,41.05336017,1.52754776,16.17419821,110
2001-04-20,2001-05-05,2001-05-18,central_south,2001-03-08,2001-03-21,21.51227922,48.87059042,22.38583270,36.31613221,11.07027143,53.58225884,72
2001-04-20,2001-05-05,2001-05-18,east_north,2001-03-08,2001-03-21,12.60372987,39.02481215,14.17838487,27.26069307,1.80772543,33.21038119,45
2001-04-20,2001-05-05,2001-05-18,east_south,2001-03-08,2001-03-21,20.61127340,38.67433460,21.02363519,13.02031551,12.64728233,83.40286190,23
2001-04-20,2001-05-05,2001-05-18,west_north,2001-03-08,2001-03-21,10.35264054,38.88602146,13.13055091,12.17330255,3.68766074,15.47243042,95
2001-04-20,2001-05-05,2001-05-18,west_south,2001-03-08,2001-03-21,16.53731853,4.32661372,20.65002430,4.13780482,10.21499539,9.42771068,31
2001-05-04,2001-05-19,2001-06-01,central_north,2001-03-22,2001-04-04,16.03832112,52.98962458,13.93795973,51.69335871,2.31286525,13.06233634,110
2001-05-04,2001-05-19,2001-06-01,central_south,2001-03-22,2001-04-04,23.20135576,33.50539043,22.52997372,51.89723677,13.27291699,29.51653977,72
2001-05-04,2001-05-19,2001-06-01,east_north,2001-03-22,2001-04-04,15.34744687,63.53519294,14.36777237,64.88795260,1.90801967,47.56518928,45
2001-05-04,2001-05-19,2001-06-01,east_south,2001-03-22,2001-04-04,22.15609173,60.08606241,22.52820942,56.24701199,12.85763672,52.79958132,23
2001-05-04,2001-05-19,2001-06-01,west_north,2001-03-22,2001-04-04,14.14288864,23.19826610,15.95551665,4.90269706,5.52350698,18.44265126,95
2001-05-04,2001-05-19,2001-06-01,west_south,2001-03-22,2001-04-04,20.56057645,2.28246029,22.97524353,3.08619401,14.32580280,0.57823956,31
2001-05-18,2001-06-02,2001-06-15,central_north,2001-04-05,2001-04-18,19.89146118,53.37917550,18.26636819,61.63882405,8.76265088,44.86986986,110
2001-05-18,2001-06-02,2001-06-15,central_south,2001-04-05,2001-04-18,25.22013440,48.08616557,26.00753931,69.34591560,19.51664086,22.02488742,72
2001-05-18,2001-06-02,2001-06-15,east_north,2001-04-05,2001-04-18,18.71103147,56.25878681,18.41327241,44.98657103,9.46051712,34.28661087,45
2001-05-18,2001-06-02,2001-06-15,east_south,2001-04-05,2001-04-18,24.45856523,57.35568177,25.14953358,86.76354995,19.61406053,11.53023773,23
2001-05-18,2001-06-02,2001-06-15,west_north,2001-04-05,2001-04-18,16.33064538,15.93410288,13.97382752,22.56123897,4.30173983,23.34040640,95
2001-05-18,2001-06-02,2001-06-15,west_south,2001-04-05,2001-04-18,23.44988397,2.62492376,23.07072166,0.46194817,11.43232746,14.08979720,31
2001-06-01,2001-06-16,2001-06-29,central_north,2001-04-19,2001-05-02,21.47006657,46.07138520,21.26951517,24.71432573,14.03886605,30.38743306,110
2001-06-01,2001-06-16,2001-06-29,central_south,2001-04-19,2001-05-02,25.53431477,32.88485853,25.73470907,25.50861229,19.43520376,12.39923451,72
2001-06-01,2001-06-16,2001-06-29,east_north,2001-04-19,2001-05-02,19.52722365,51.17336630,21.08897082,48.06108581,12.17998808,9.04720190,45
2001-06-01,2001-06-16,2001-06-29,east_south,2001-04-19,2001-05-02,24.91556345,66.72908633,24.84976992,64.90695821,17.95146823,12.79151689,23
2001-06-01,2001-06-16,2001-06-29,west_north,2001-04-19,2001-05-02,18.39673081,14.70646873,18.36377545,9.62564209,9.17506443,19.76382885,95
2001-06-01,2001-06-16,2001-06-29,west_south,2001-04-19,2001-05-02,24.69435577,3.91243337,25.38825954,5.11872935,16.39593132,6.54710493,31
2001-06-15,2001-06-30,2001-07-13,central_north,2001-05-03,2001-05-16,22.18778534,46.52305173,22.63183729,30.69001179,15.91917179,43.58752196,110
2001-06-15,2001-06-30,2001-07-13,central_south,2001-05-03,2001-05-16,26.12858386,37.38156345,27.87885938,30.28689287,21.81241681,38.71686688,72
2001-06-15,2001-06-30,2001-07-13,east_north,2001-05-03,2001-05-16,21.33943941,48.41725687,19.59455125,39.94609051,14.89754776,20.36622557,45
2001-06-15,2001-06-30,2001-07-13,east_south,2001-05-03,2001-05-16,25.10013832,63.74744056,26.16164400,63.04530044,20.64632188,13.30778243,23
2001-06-15,2001-06-30,2001-07-13,west_north,2001-05-03,2001-05-16,20.33930891,12.59787234,21.57064535,13.49011211,12.35283519,13.54035371,95
2001-06-15,2001-06-30,2001-07-13,west_south,2001-05-03,2001-05-16,25.62725354,8.95849482,26.30336876,14.83411687,19.48178953,4.41411237,31
2001-06-29,2001-07-14,2001-07-27,central_north,2001-05-17,2001-05-30,21.45804800,47.44272097,24.21223998,54.71772853,14.47304817,48.57487459,110
2001-06-29,2001-07-14,2001-07-27,central_south,2001-05-17,2001-05-30,26.39217180,44.05365286,28.73606925,20.88550607,22.76277915,42.60707051,72
2001-06-29,2001-07-14,2001-07-27,east_north,2001-05-17,2001-05-30,21.29576728,59.37255128,21.53017180,32.18342191,14.74639125,69.01192990,45
2001-06-29,2001-07-14,2001-07-27,east_south,2001-05-17,2001-05-30,25.78852088,64.04589746,25.47794180,74.77855539,22.56038254,53.05774130,23
2001-06-29,2001-07-14,2001-07-27,west_north,2001-05-17,2001-05-30,21.03426094,14.21512752,19.08057089,10.14190844,15.30989019,5.67830191,95
2001-06-29,2001-07-14,2001-07-27,west_south,2001-05-17,2001-05-30,26.50191097,7.43792012,24.94578301,11.43095514,22.54569586,3.19574604,31
2001-07-13,2001-07-28,2001-08-10,central_north,2001-05-31,2001-06-13,22.77417223,40.64075800,25.14178389,29.54880307,17.60955147,57.58416446,110
2001-07-13,2001-07-28,2001-08-10,central_south,2001-05-31,2001-06-13,26.91341888,36.21511123,28.52046321,29.92746702,25.65570360,71.91190420,72
2001-07-13,2001-07-28,2001-08-10,east_north,2001-05-31,2001-06-13,21.84806331,55.81958781,23.31574907,29.45453873,16.75654004,46.71882269,45
2001-07-13,2001-07-28,2001-08-10,east_south,2001-05-31,2001-06-13,25.99514659,63.84938182,26.08227507,63.90695951,24.71338454,76.82836053,23
2001-07-13,2001-07-28,2001-08-10,west_north,2001-05-31,2001-06-13,21.16150817,9.49074102,20.68604319,10.13581440,14.53423105,19.99293435,95
2001-07-13,2001-07-28,2001-08-10,west_south,2001-05-31,2001-06-13,26.63013797,8.05476813,25.67903063,19.96838703,23.70954628,0.45185052,31
2001-07-27,2001-08-11,2001-08-24,central_north,2001-06-14,2001-06-27,20.82918870,44.20905055,21.42408483,33.34707217,20.52379504,36.30612547,110
2001-07-27,2001-08-11,2001-08-24,central_south,2001-06-14,2001-06-27,26.44853882,34.73552000,27.47535557,36.79880065,25.67138044,27.16784096,72
2001-07-27,2001-08-11,2001-08-24,east_north,2001-06-14,2001-06-27,19.71673129,38.43501265,20.96236024,45.17846034,21.29980177,48.94342201,45
2001-07-27,2001-08-11,2001-08-24,east_south,2001-06-14,2001-06-27,25.31989374,55.44082935,26.38092804,54.74180348,24.92247935,69.59544208,23
2001-07-27,2001-08-11,2001-08-24,west_north,2001-06-14,2001-06-27,19.82369116,12.98038467,20.11850579,8.94875780,17.54184015,10.00333499,95
2001-07-27,2001-08-11,2001-08-24,west_south,2001-06-14,2001-06-27,25.66830255,8.94152142,25.01186533,19.48681009,24.61855735,4.83853438,31
2001-08-10,2001-08-25,2001-09-07,central_north,2001-06-28,2001-07-11,20.35234536,36.11534637,21.50225091,26.26622397,22.97112505,28.07713979,110
2001-08-10,2001-08-25,2001-09-07,central_south,2001-06-28,2001-07-11,25.33349589,28.18133448,25.75220267,87.35756525,27.54853793,33.41069331,72
2001-08-10,2001-08-25,2001-09-07,east_north,2001-06-28,2001-07-11,19.04745036,25.02603223,19.33755344,31.58017275,20.24676880,38.55642472,45
2001-08-10,2001-08-25,2001-09-07,east_south,2001-06-28,2001-07-11,23.98479517,42.82202009,25.63193362,55.75534461,26.12547247,65.96703369,23
2001-08-10,2001-08-25,2001-09-07,west_north,2001-06-28,2001-07-11,17.80668888,15.52637779,18.90158128,5.94686377,21.39089617,12.88632935,95
2001-08-10,2001-08-25,2001-09-07,west_south,2001-06-28,2001-07-11,23.68154646,8.45123247,24.68736141,5.04384899,26.29581731,13.69680165,31
2001-08-24,2001-09-08,2001-09-21,central_north,2001-07-12,2001-07-25,16.99943931,47.06922511,16.17374029,49.13629477,24.22798123,47.45991524,110
2001-08-24,2001-09-08,2001-09-21,central_south,2001-07-12,2001-07-25,23.72041211,27.01363658,23.94180026,38.96515300,28.74184006,18.81292398,72
2001-08-24,2001-09-08,2001-09-21,east_north,2001-07-12,2001-07-25,16.20524798,28.19106458,17.16008900,29.35064388,21.49081676,19.53453120,45
2001-08-24,2001-09-08,2001-09-21,east_south,2001-07-12,2001-07-25,22.69501182,23.99690968,22.68121261,53.90384484,25.43730107,66.31513441,23
2001-08-24,2001-09-08,2001-09-21,west_north,2001-07-12,2001-07-25,13.63544723,19.43090807,15.60143800,7.05007103,19.11881518,12.24814231,95
2001-08-24,2001-09-08,2001-09-21,west_south,2001-07-12,2001-07-25,20.87074495,16.41052332,22.61158955,8.62291061,25.03438521,9.69406125,31
2001-09-07,2001-09-22,2001-10-05,central_north,2001-07-26,2001-08-08,13.70729352,32.25257734,13.55134711,17.15648719,25.23874721,36.30081028,110
2001-09-07,2001-09-22,2001-10-05,central_south,2001-07-26,2001-08-08,20.46016751,18.28489930,19.29346613,11.91730299,28.53634898,32.02153790,72
2001-09-07,2001-09-22,2001-10-05,east_north,2001-07-26,2001-08-08,14.05071786,39.35389479,14.01028781,40.48466034,22.25177442,39.86934669,45
2001-09-07,2001-09-22,2001-10-05,east_south,2001-07-26,2001-08-08,20.86661148,36.85134057,19.44273613,38.97704016,25.76603823,77.94411230,23
2001-09-07,2001-09-22,2001-10-05,west_north,2001-07-26,2001-08-08,11.64968684,21.58228766,15.03134904,4.39251800,20.55039592,9.39819445,95
2001-09-07,2001-09-22,2001-10-05,west_south,2001-07-26,2001-08-08,19.75411256,6.31754226,21.96437430,1.29230823,25.77792051,18.58295446,31
2001-09-21,2001-10-06,2001-10-19,central_north,2001-08-09,2001-08-22,10.62129656,33.26470250,9.70287304,39.75970536,21.15089329,29.80672125,110
2001-09-21,2001-10-06,2001-10-19,central_south,2001-08-09,2001-08-22,18.79579516,18.64224505,16.91116225,68.56598477,27.48603006,41.21976006,72
2001-09-21,2001-10-06,2001-10-19,east_north,2001-08-09,2001-08-22,10.24189623,30.31464720,10.71545399,37.13185132,21.70460282,42.78312960,45
2001-09-21,2001-10-06,2001-10-19,east_south,2001-08-09,2001-08-22,18.40744824,26.67240671,17.74565454,23.57115265,26.70087757,54.30759543,23
2001-09-21,2001-10-06,2001-10-19,west_north,2001-08-09,2001-08-22,8.11280511,25.11597887,8.75850244,13.59416694,20.52328748,8.95143979,95
2001-09-21,2001-10-06,2001-10-19,west_south,2001-08-09,2001-08-22,16.45636497,13.06990002,17.04609105,4.89254247,25.12605000,23.96992892,31
2001-10-05,2001-10-20,2001-11-02,central_north,2001-08-23,2001-09-05,6.17770004,37.98086331,9.14976226,18.21487885,21.74802595,26.35933611,110
2001-10-05,2001-10-20,2001-11-02,central_south,2001-08-23,2001-09-05,15.75132120,25.39211159,17.58742196,2.18638649,25.94150348,82.46931947,72
2001-10-05,2001-10-20,2001-11-02,east_north,2001-08-23,2001-09-05,8.33913077,45.31750941,10.19984795,21.04889473,19.51229080,38.03517194,45
2001-10-05,2001-10-20,2001-11-02,east_south,2001-08-23,2001-09-05,16.45849189,14.96432262,16.96143125,13.69243429,25.78316083,51.40804621,23
2001-10-05,2001-10-20,2001-11-02,west_north,2001-08-23,2001-09-05,3.89817288,35.31388193,7.69509391,21.42061347,19.67192544,4.23617346,95
2001-10-05,2001-10-20,2001-11-02,west_south,2001-08-23,2001-09-05,13.10924726,9.41037625,16.73564969,2.26352743,24.76119498,5.05748815,31
2001-10-19,2001-11-03,2001-11-16,central_north,2001-09-06,2001-09-19,4.04635744,30.05603137,9.34338344,5.78992549,16.79575271,52.17956660,110
2001-10-19,2001-11-03,2001-11-16,central_south,2001-09-06,2001-09-19,12.35242506,30.54342954,16.02987416,24.85471228,24.33596547,38.04968750,72
2001-10-19,2001-11-03,2001-11-16,east_north,2001-09-06,2001-09-19,4.49157760,36.32823657,6.96810414,9.16776933,17.38573571,16.04522639,45
2001-10-19,2001-11-03,2001-11-16,east_south,2001-09-06,2001-09-19,13.96413082,22.81113529,14.98411158,9.48525865,22.80917754,54.03622551,23
2001-10-19,2001-11-03,2001-11-16,west_north,2001-09-06,2001-09-19,2.41431482,30.25688845,6.32617278,15.64363362,15.23141524,10.37048126,95
2001-10-19,2001-11-03,2001-11-16,west_south,2001-09-06,2001-09-19,10.60271165,20.05192593,14.19747450,8.87445114,22.66712049,8.65385146,31
2001-11-02,2001-11-17,2001-11-30,central_north,2001-09-20,2001-10-03,1.43798035,24.12700982,3.37900942,36.44511759,14.73214288,15.29646531,110
2001-11-02,2001-11-17,2001-11-30,central_south,2001-09-20,2001-10-03,11.17708868,30.67752911,11.54903996,69.22062228,19.87737182,16.79564478,72
2001-11-02,2001-11-17,2001-11-30,east_north,2001-09-20,2001-10-03,1.82716301,43.19686187,7.64569308,35.08680888,14.20112626,51.50468145,45
2001-11-02,2001-11-17,2001-11-30,east_south,2001-09-20,2001-10-03,11.56821408,35.58235934,16.60311943,22.51674019,19.86182316,45.92166186,23
2001-11-02,2001-11-17,2001-11-30,west_north,2001-09-20,2001-10-03,2.01420246,28.36263512,0.44621127,47.16953636,15.75958725,4.08023162,95
2001-11-02,2001-11-17,2001-11-30,west_south,2001-09-20,2001-10-03,9.99148976,16.12010181,8.10484346,10.29001366,22.39066416,0.97005402,31
2001-11-16,2001-12-01,2001-12-14,central_north,2001-10-04,2001-10-17,-2.25248664,26.10492428,1.93921510,13.35285920,9.61804137,46.56428027,110
2001-11-16,2001-12-01,2001-12-14,central_south,2001-10-04,2001-10-17,8.34096857,34.72833760,12.00968360,47.39346556,17.47272198,70.56471521,72
2001-11-16,2001-12-01,2001-12-14,east_north,2001-10-04,2001-10-17,-1.32711592,39.20018261,6.56326640,24.25521452,11.98287331,38.66707682,45
2001-11-16,2001-12-01,2001-12-14,east_south,2001-10-04,2001-10-17,10.04049039,41.49349007,16.25581962,28.01312257,18.64308266,22.68842472,23
2001-11-16,2001-12-01,2001-12-14,west_north,2001-10-04,2001-10-17,-0.98974154,37.56434001,-1.72682367,44.21545221,9.05831678,13.37227946,95
2001-11-16,2001-12-01,2001-12-14,west_south,2001-10-04,2001-10-17,7.16993624,21.87560646,5.34693032,10.84359181,17.40108044,5.23155038,31
2001-11-30,2001-12-15,2001-12-28,central_north,2001-10-18,2001-10-31,-5.15372081,28.93308418,-2.30702707,14.59992520,8.80597311,17.21353850,110
2001-11-30,2001-12-15,2001-12-28,central_south,2001-10-18,2001-10-31,7.03063590,42.02682522,7.64330831,38.35063423,16.99855701,2.03075606,72
2001-11-30,2001-12-15,2001-12-28,east_north,2001-10-18,2001-10-31,-0.41178139,54.24518271,-0.19081013,33.54490195,9.30003598,19.39470375,45
2001-11-30,2001-12-15,2001-12-28,east_south,2001-10-18,2001-10-31,11.30272779,50.80908283,9.69644668,15.70755554,16.29747463,14.18263000,23
2001-11-30,2001-12-15,2001-12-28,west_north,2001-10-18,2001-10-31,-7.21069076,32.47934389,-4.02352120,21.10587117,7.89320639,20.29646894,95
2001-11-30,2001-12-15,2001-12-28,west_south,2001-10-18,2001-10-31,2.81003628,23.17755006,4.45414282,6.23039106,17.14999440,2.14710877,31
2001-12-14,2001-12-29,2002-01-11,central_north,2001-11-01,2001-11-14,-6.87972916,16.60211958,-3.87011761,2.60878859,9.37275966,6.73121503,110
2001-12-14,2001-12-29,2002-01-11,central_south,2001-11-01,2001-11-14,4.23075080,29.64769556,4.45600237,16.03016672,16.74331655,6.65666323,72
2001-12-14,2001-12-29,2002-01-11,east_north,2001-11-01,2001-11-14,-7.88930743,32.82183503,-2.69867679,18.24211138,7.43802691,10.83660329,45
2001-12-14,2001-12-29,2002-01-11,east_south,2001-11-01,2001-11-14,5.43605801,41.16105756,5.71692602,27.81366256,15.49413822,8.39112303,23
2001-12-14,2001-12-29,2002-01-11,west_north,2001-11-01,2001-11-14,-2.83363050,35.13643256,-0.88590441,29.34788574,6.32778004,14.65493774,95
2001-12-14,2001-12-29,2002-01-11,west_south,2001-11-01,2001-11-14,5.75266853,42.59516371,7.21922131,9.93634869,14.59170195,7.89906131,31
2001-12-28,2002-01-12,2002-01-25,central_north,2001-11-15,2001-11-28,-6.94307427,21.38010841,-2.41247661,8.83412812,5.10450963,30.41114024,110
2001-12-28,2002-01-12,2002-01-25,central_south,2001-11-15,2001-11-28,6.51475332,32.26487253,8.98433890,38.91577819,12.71740876,60.61975786,72
2001-12-28,2002-01-12,2002-01-25,east_north,2001-11-15,2001-11-28,-7.44872801,35.72751273,-0.02499312,29.34384537,7.76487334,23.34741790,45
2001-12-28,2002-01-12,2002-01-25,east_south,2001-11-15,2001-11-28,6.97424184,54.99418005,10.85750727,66.91441167,16.12233073,22.36035005,23
2001-12-28,2002-01-12,2002-01-25,west_north,2001-11-15,2001-11-28,-2.35700960,30.76473827,-3.28743070,20.50921301,1.81270050,40.08236452,95
2001-12-28,2002-01-12,2002-01-25,west_south,2001-11-15,2001-11-28,6.13629160,11.33422267,5.00796271,0.84869674,9.07907399,8.95676312,31
2002-01-11,2002-01-26,2002-02-08,central_north,2001-11-29,2001-12-12,-5.54276161,31.78925577,-2.87977849,18.77977189,1.83423070,14.62566990,110
2002-01-11,2002-01-26,2002-02-08,central_south,2001-11-29,2001-12-12,9.17006573,53.02221867,8.56059680,38.14646453,11.65245297,50.47991053,72
2002-01-11,2002-01-26,2002-02-08,east_north,2001-11-29,2001-12-12,-1.88643238,59.74630770,1.17184506,26.35038461,6.73205920,31.06357904,45
2002-01-11,2002-01-26,2002-02-08,east_south,2001-11-29,2001-12-12,12.36609173,53.13202119,12.42856334,34.81875731,16.35764227,25.97210196,23
2002-01-11,2002-01-26,2002-02-08,west_north,2001-11-29,2001-12-12,-5.51270047,40.14139184,-4.51021351,20.31960542,-1.89263268,43.16049014,95
2002-01-11,2002-01-26,2002-02-08,west_south,2001-11-29,2001-12-12,5.89294591,20.43367778,4.52504062,8.14383708,5.83012012,12.34441469,31
2002-01-25,2002-02-09,2002-02-22,central_north,2001-12-13,2001-12-26,-4.78383096,20.84552354,1.50210374,13.15492192,-1.57480084,19.35091217,110
2002-01-25,2002-02-09,2002-02-22,central_south,2001-12-13,2001-12-26,6.78426056,38.49578067,9.26209854,14.43478193,8.07769902,61.52442370,72
2002-01-25,2002-02-09,2002-02-22,east_north,2001-12-13,2001-12-26,-5.19366207,40.08101579,0.84903622,20.14316519,1.60386722,38.43372165,45
2002-01-25,2002-02-09,2002-02-22,east_south,2001-12-13,2001-12-26,8.31639629,55.16622995,11.24784172,11.67185715,11.52407223,19.64185299,23
2002-01-25,2002-02-09,2002-02-22,west_north,2001-12-13,2001-12-26,-2.73424751,21.31191900,0.10543207,15.66849722,-3.72229169,29.92937350,95
2002-01-25,2002-02-09,2002-02-22,west_south,2001-12-13,2001-12-26,7.04731775,9.69004408,8.45859296,2.28708406,3.80104622,6.94581646,31
2002-02-08,2002-02-23,2002-03-08,central_north,2001-12-27,2002-01-09,-1.53176217,26.59719685,-4.95029117,14.53290789,-4.86464145,2.89273651,110
2002-02-08,2002-02-23,2002-03-08,central_south,2001-12-27,2002-01-09,8.82578595,54.47604055,7.44701193,13.55211680,3.88862576,16.18772873,72
2002-02-08,2002-02-23,2002-03-08,east_north,2001-12-27,2002-01-09,-2.61428774,48.30908390,0.92177116,23.27514884,-3.81152908,16.10965903,45
2002-02-08,2002-02-23,2002-03-08,east_south,2001-12-27,2002-01-09,10.73752387,64.26503638,8.92710356,51.59082189,4.85725676,27.32390573,23
2002-02-08,2002-02-23,2002-03-08,west_north,2001-12-27,2002-01-09,-1.17566820,28.17030835,-2.94164187,18.16039549,-1.34442019,31.05404743,95
2002-02-08,2002-02-23,2002-03-08,west_south,2001-12-27,2002-01-09,7.78404718,31.06487413,8.45326489,3.23082588,6.92457841,9.46018494,31
2002-02-22,2002-03-09,2002-03-22,central_north,2002-01-10,2002-01-23,-1.12587567,29.37632855,-0.93247245,22.96585344,-2.16973967,6.27752088,110
2002-02-22,2002-03-09,2002-03-22,central_south,2002-01-10,2002-01-23,10.52582603,46.08360328,13.09286310,58.35128331,9.25483809,21.89887986,72
2002-02-22,2002-03-09,2002-03-22,east_north,2002-01-10,2002-01-23,-2.18991978,46.88238574,3.40885464,46.04167792,0.10275930,22.53572671,45
2002-02-22,2002-03-09,2002-03-22,east_south,2002-01-10,2002-01-23,10.99843969,59.42206080,16.23746099,42.12238914,10.36463184,51.86375853,23
2002-02-22,2002-03-09,2002-03-22,west_north,2002-01-10,2002-01-23,2.22229009,28.11292054,-0.71920338,25.15971643,-3.13066327,15.72180773,95
2002-02-22,2002-03-09,2002-03-22,west_south,2002-01-10,2002-01-23,11.68888949,13.56793418,9.47690040,2.85891299,5.72548510,1.33142137,31
2002-03-08,2002-03-23,2002-04-05,central_north,2002-01-24,2002-02-06,3.47570535,46.39653536,1.65610238,12.41612357,-3.15683379,21.49440071,110
2002-03-08,2002-03-23,2002-04-05,central_south,2002-01-24,2002-02-06,14.25304183,52.59261644,14.23971835,32.78224650,8.84470043,51.52177813,72
2002-03-08,2002-03-23,2002-04-05,east_north,2002-01-24,2002-02-06,3.01713268,63.51472919,4.15292916,47.03523387,1.42527259,33.35904002,45
2002-03-08,2002-03-23,2002-04-05,east_south,2002-01-24,2002-02-06,14.77280421,60.53094025,16.52690389,38.08301103,13.32151893,23.03749322,23
2002-03-08,2002-03-23,2002-04-05,west_north,2002-01-24,2002-02-06,2.53898959,33.20633009,5.32833154,8.53632484,-4.71169227,18.84440490,95
2002-03-08,2002-03-23,2002-04-05,west_south,2002-01-24,2002-02-06,11.09625888,12.68248691,13.94225209,3.06955170,3.97017542,8.00337647,31
2002-03-22,2002-04-06,2002-04-19,central_north,2002-02-07,2002-02-20,9.07807139,44.85685670,12.13997709,28.27131297,1.64021390,11.26386397,110
2002-03-22,2002-04-06,2002-04-19,central_south,2002-02-07,2002-02-20,16.69467599,50.00754219,20.10804985,44.31337085,8.79888539,17.23760008,72
2002-03-22,2002-04-06,2002-04-19,east_north,2002-02-07,2002-02-20,6.82397477,50.43551849,13.06944677,37.67465554,0.53072143,17.18954241,45
2002-03-22,2002-04-06,2002-04-19,east_south,2002-02-07,2002-02-20,15.93465107,36.67697290,20.04878563,25.70011635,10.52235470,34.94511122,23
2002-03-22,2002-04-06,2002-04-19,west_north,2002-02-07,2002-02-20,6.55934446,32.89074038,7.60416133,24.71282592,-0.45053884,18.54236013,95
2002-03-22,2002-04-06,2002-04-19,west_south,2002-02-07,2002-02-20,14.18315409,7.91962004,16.05886993,3.17514236,7.88095947,2.56258665,31
2002-04-05,2002-04-20,2002-05-03,central_north,2002-02-21,2002-03-06,9.92141950,52.11650606,8.06652275,41.40215585,-4.62880880,13.42214219,110
2002-04-05,2002-04-20,2002-05-03,central_south,2002-02-21,2002-03-06,18.49160478,43.04535577,21.46621811,20.80520323,6.49514827,14.47655567,72
2002-04-05,2002-04-20,2002-05-03,east_north,2002-02-21,2002-03-06,8.48400645,54.21208563,8.30559578,62.30278151,0.51682670,28.61032874,45
2002-04-05,2002-04-20,2002-05-03,east_south,2002-02-21,2002-03-06,18.00183494,39.29426488,21.63053595,20.68772038,8.88859203,54.81264786,23
2002-04-05,2002-04-20,2002-05-03,west_north,2002-02-21,2002-03-06,8.10860530,34.96747580,7.16536722,12.98619433,-1.80072150,14.21517784,95
2002-04-05,2002-04-20,2002-05-03,west_south,2002-02-21,2002-03-06,15.67188445,6.29546105,15.16781884,1.93096150,8.61668537,0.48056800,31
2002-04-19,2002-05-04,2002-05-17,central_north,2002-03-07,2002-03-20,13.83670753,51.68884795,11.45401840,58.69396522,-0.13363477,25.34941265,110
2002-04-19,2002-05-04,2002-05-17,central_south,2002-03-07,2002-03-20,20.83575043,42.40172758,22.53570588,31.55014527,14.38962907,52.02989356,72
2002-04-19,2002-05-04,2002-05-17,east_north,2002-03-07,2002-03-20,12.54397322,48.20869598,12.69370311,57.79805122,4.60990102,37.01779904,45
2002-04-19,2002-05-04,2002-05-17,east_south,2002-03-07,2002-03-20,20.34035093,36.57444747,22.11024656,30.06114309,16.52922107,32.33082925,23
2002-04-19,2002-05-04,2002-05-17,west_north,2002-03-07,2002-03-20,10.87862883,20.93307109,9.26734404,8.66142310,-1.57482764,31.70436166,95
2002-04-19,2002-05-04,2002-05-17,west_south,2002-03-07,2002-03-20,18.27775085,3.72944065,18.57437353,0.21714670,8.98487477,5.62795484,31
2002-05-03,2002-05-18,2002-05-31,central_north,2002-03-21,2002-04-03,15.16377627,52.17072431,14.99457190,22.63945065,0.48837362,13.06738387,110
2002-05-03,2002-05-18,2002-05-31,central_south,2002-03-21,2002-04-03,23.38003195,30.29806199,21.32959434,36.65324393,13.57290534,39.36294167,72
2002-05-03,2002-05-18,2002-05-31,east_north,2002-03-21,2002-04-03,13.43708232,70.82668952,13.62221638,33.62440750,3.62861582,54.08752766,45
2002-05-03,2002-05-18,2002-05-31,east_south,2002-03-21,2002-04-03,22.18496286,48.68194365,20.28217576,30.33759042,16.24060088,45.71072038,23
2002-05-03,2002-05-18,2002-05-31,west_north,2002-03-21,2002-04-03,12.91944096,20.08762684,13.46515691,16.33511731,4.41048946,9.45199212,95
2002-05-03,2002-05-18,2002-05-31,west_south,2002-03-21,2002-04-03,20.26773854,3.71740831,19.84785490,2.18723981,13.56463626,3.10265793,31
2002-05-17,2002-06-01,2002-06-14,central_north,2002-04-04,2002-04-17,19.28959182,49.97989706,19.44835948,47.80074237,10.63888367,23.70075597,110
2002-05-17,2002-06-01,2002-06-14,central_south,2002-04-04,2002-04-17,25.04288673,35.22626262,26.29669351,29.92944177,18.49764948,44.11994747,72
2002-05-17,2002-06-01,2002-06-14,east_north,2002-04-04,2002-04-17,18.45181984,62.51203985,18.29352818,56.83296301,10.50954059,36.30153675,45
2002-05-17,2002-06-01,2002-06-14,east_south,2002-04-04,2002-04-17,23.87981060,76.14534645,25.71184961,39.43298503,18.60529843,26.92111112,23
2002-05-17,2002-06-01,2002-06-14,west_north,2002-04-04,2002-04-17,15.06567288,20.15418983,14.63421742,15.78940200,8.29559830,21.19873278,95
2002-05-17,2002-06-01,2002-06-14,west_south,2002-04-04,2002-04-17,22.47575640,3.13321532,23.45842721,0.43993127,16.44831367,3.00982442,31
2002-05-31,2002-06-15,2002-06-28,central_north,2002-04-18,2002-05-01,20.97278755,50.59643973,22.68694503,31.98059080,8.53063856,42.44772469,110
2002-05-31,2002-06-15,2002-06-28,central_south,2002-04-18,2002-05-01,25.80197867,42.82036288,25.95033721,33.15546107,21.83962846,17.32797298,72
2002-05-31,2002-06-15,2002-06-28,east_north,2002-04-18,2002-05-01,19.43943566,55.06739427,20.41903358,39.33540876,9.63933447,51.78399118,45
2002-05-31,2002-06-15,2002-06-28,east_south,2002-04-18,2002-05-01,24.79244693,77.30005600,24.84487440,81.54061091,21.68209627,16.99467421,23
2002-05-31,2002-06-15,2002-06-28,west_north,2002-04-18,2002-05-01,19.07918184,7.21833712,19.07598190,8.95746590,6.45869193,15.91965224,95
2002-05-31,2002-06-15,2002-06-28,west_south,2002-04-18,2002-05-01,26.18531332,2.20599275,25.44610885,1.09938557,15.08801223,2.11298910,31
2002-06-14,2002-06-29,2002-07-12,central_north,2002-05-02,2002-05-15,22.36468328,46.03969252,24.45683737,29.38828760,11.25916042,55.84645465,110
2002-06-14,2002-06-29,2002-07-12,central_south,2002-05-02,2002-05-15,26.63177944,42.04389907,26.78423386,61.07010339,22.29742528,29.23020317,72
2002-06-14,2002-06-29,2002-07-12,east_north,2002-05-02,2002-05-15,21.02136898,52.30484356,22.25888869,19.40196061,12.17969049,67.47975750,45
2002-06-14,2002-06-29,2002-07-12,east_south,2002-05-02,2002-05-15,25.64142311,86.01286984,26.30695108,56.88552828,22.36622922,33.84641654,23
2002-06-14,2002-06-29,2002-07-12,west_north,2002-05-02,2002-05-15,19.86471013,14.06104020,21.28346932,7.17742399,8.77539620,8.88291482,95
2002-06-14,2002-06-29,2002-07-12,west_south,2002-05-02,2002-05-15,26.22947514,5.57068446,26.79510668,5.34242252,17.68295462,0.19838490,31
2002-06-28,2002-07-13,2002-07-26,central_north,2002-05-16,2002-05-29,22.47536185,41.99401301,24.38284603,23.39720261,13.21066175,26.46521406,110
2002-06-28,2002-07-13,2002-07-26,central_south,2002-05-16,2002-05-29,26.32292882,46.62838867,27.13622537,49.58202437,21.00761773,35.65931118,72
2002-06-28,2002-07-13,2002-07-26,east_north,2002-05-16,2002-05-29,21.42004614,54.74448699,22.11914052,36.31285320,12.60390875,30.44060057,45
2002-06-28,2002-07-13,2002-07-26,east_south,2002-05-16,2002-05-29,25.59821416,65.94036322,27.27370349,64.69395739,19.95190304,25.44806465,23
2002-06-28,2002-07-13,2002-07-26,west_north,2002-05-16,2002-05-29,21.13162511,17.01855892,22.09205846,10.09357581,12.50799140,16.48326639,95
2002-06-28,2002-07-13,2002-07-26,west_south,2002-05-16,2002-05-29,26.50705228,11.68799196,26.07906422,18.29312822,19.12415906,2.20381506,31
2002-07-12,2002-07-27,2002-08-09,central_north,2002-05-30,2002-06-12,23.65779270,43.47450068,23.62636962,36.19550289,20.18772882,42.55497675,110
2002-07-12,2002-07-27,2002-08-09,central_south,2002-05-30,2002-06-12,27.28219273,33.62210818,27.87137552,24.47223349,26.12296576,29.19436591,72
2002-07-12,2002-07-27,2002-08-09,east_north,2002-05-30,2002-06-12,22.15976356,47.55572405,22.87887617,26.07533133,18.71758091,53.09582877,45
2002-07-12,2002-07-27,2002-08-09,east_south,2002-05-30,2002-06-12,26.51871132,53.41776430,26.93083259,35.43128451,25.38469011,39.79483636,23
2002-07-12,2002-07-27,2002-08-09,west_north,2002-05-30,2002-06-12,21.03848170,11.31597746,18.66593028,8.77616199,14.78783069,16.09120372,95
2002-07-12,2002-07-27,2002-08-09,west_south,2002-05-30,2002-06-12,26.27130521,12.73264425,25.17937042,14.97004202,23.59082653,0.39999920,31
2002-07-26,2002-08-10,2002-08-23,central_north,2002-06-13,2002-06-26,20.31192454,37.33631278,21.22506000,53.18107556,21.67959932,36.91393864,110
2002-07-26,2002-08-10,2002-08-23,central_south,2002-06-13,2002-06-26,26.23102878,33.78430314,27.56290301,41.71140032,25.92792754,30.18661200,72
2002-07-26,2002-08-10,2002-08-23,east_north,2002-06-13,2002-06-26,19.60570670,38.78905662,23.61782206,21.28695642,19.70774002,36.52320633,45
2002-07-26,2002-08-10,2002-08-23,east_south,2002-06-13,2002-06-26,25.36092899,65.77136237,27.02674942,44.64363892,24.90995574,75.52823894,23
2002-07-26,2002-08-10,2002-08-23,west_north,2002-06-13,2002-06-26,19.97942188,12.01382231,18.68997410,4.23263906,18.51312331,8.13028741,95
2002-07-26,2002-08-10,2002-08-23,west_south,2002-06-13,2002-06-26,25.75963077,7.74673796,25.87824303,5.14400746,25.28863078,0.99848840,31
2002-08-09,2002-08-24,2002-09-06,central_north,2002-06-27,2002-07-10,19.33438190,47.71382444,22.17632812,24.96733961,24.97970392,26.00428253,110
2002-08-09,2002-08-24,2002-09-06,central_south,2002-06-27,2002-07-10,26.01005941,32.48179300,27.05644388,19.84331166,26.63807870,66.09978728,72
2002-08-09,2002-08-24,2002-09-06,east_north,2002-06-27,2002-07-10,19.19126372,38.29536255,19.64632925,33.49966648,22.97813757,32.04097038,45
2002-08-09,2002-08-24,2002-09-06,east_south,2002-06-27,2002-07-10,24.96149937,52.81424072,25.33482825,89.55125116,26.56273057,55.52673663,23
2002-08-09,2002-08-24,2002-09-06,west_north,2002-06-27,2002-07-10,16.85197572,13.43006239,17.91410184,7.21877034,20.81534072,7.99016906,95
2002-08-09,2002-08-24,2002-09-06,west_south,2002-06-27,2002-07-10,23.96827670,2.33944962,24.89547192,5.52445983,26.46969186,3.97401576,31
2002-08-23,2002-09-07,2002-09-20,central_north,2002-07-11,2002-07-24,17.96035349,28.45339650,19.26845721,32.27716941,23.82670897,25.47906759,110
2002-08-23,2002-09-07,2002-09-20,central_south,2002-07-11,2002-07-24,23.62252823,25.47609073,24.85625778,62.74505836,26.94903196,49.91785820,72
2002-08-23,2002-09-07,2002-09-20,east_north,2002-07-11,2002-07-24,16.90410563,34.72955658,19.94352739,30.27651721,21.77437428,33.44118563,45
2002-08-23,2002-09-07,2002-09-20,east_south,2002-07-11,2002-07-24,23.03402290,41.07135506,25.22369718,67.78000097,26.95199622,64.44837494,23
2002-08-23,2002-09-07,2002-09-20,west_north,2002-07-11,2002-07-24,16.34125600,8.66842156,15.06949030,19.01212168,22.63968544,8.18864706,95
2002-08-23,2002-09-07,2002-09-20,west_south,2002-07-11,2002-07-24,23.11536841,5.79255777,21.46070994,29.89821614,26.21967753,17.59723680,31
2002-09-06,2002-09-21,2002-10-04,central_north,2002-07-25,2002-08-07,13.58891489,45.07549681,13.52451834,38.66894933,24.00963891,36.89362146,110
2002-09-06,2002-09-21,2002-10-04,central_south,2002-07-25,2002-08-07,21.42513396,33.15487396,22.86588222,59.54098295,28.04280559,28.14203640,72
2002-09-06,2002-09-21,2002-10-04,east_north,2002-07-25,2002-08-07,14.67144252,41.66429428,17.15285710,59.04454672,23.08170635,30.55575914,45
2002-09-06,2002-09-21,2002-10-04,east_south,2002-07-25,2002-08-07,21.67604520,44.97361192,24.36117884,51.97493469,27.35601213,46.89274032,23
2002-09-06,2002-09-21,2002-10-04,west_north,2002-07-25,2002-08-07,11.55270102,19.67158699,10.73661545,13.75537358,19.20236570,8.37172604,95
2002-09-06,2002-09-21,2002-10-04,west_south,2002-07-25,2002-08-07,19.09059966,6.66824100,19.32659066,3.08578124,25.35539873,16.57791274,31
2002-09-20,2002-10-05,2002-10-18,central_north,2002-08-08,2002-08-21,10.39212486,29.74829358,8.74214272,20.60219696,21.11871924,43.90094598,110
2002-09-20,2002-10-05,2002-10-18,central_south,2002-08-08,2002-08-21,18.40820969,22.08161978,17.95833938,50.17824257,27.38470514,41.27481502,72
2002-09-20,2002-10-05,2002-10-18,east_north,2002-08-08,2002-08-21,9.60200803,45.11865665,10.72767803,58.25225397,23.08442515,15.77720279,45
2002-09-20,2002-10-05,2002-10-18,east_south,2002-08-08,2002-08-21,18.15753986,24.91415228,20.51628954,67.84314780,26.40793690,44.70097790,23
2002-09-20,2002-10-05,2002-10-18,west_north,2002-08-08,2002-08-21,9.92294055,14.72205567,9.11276512,2.50284543,18.71685253,5.34347641,95
2002-09-20,2002-10-05,2002-10-18,west_south,2002-08-08,2002-08-21,17.38035419,13.17746801,17.41193832,4.01314428,26.19002845,5.70431767,31
2002-10-04,2002-10-19,2002-11-01,central_north,2002-08-22,2002-09-04,6.43821853,29.38557815,2.24946369,28.95013547,22.09598865,35.44963568,110
2002-10-04,2002-10-19,2002-11-01,central_south,2002-08-22,2002-09-04,14.63287323,38.00453728,14.94218455,88.78687842,27.23434661,20.12855275,72
2002-10-04,2002-10-19,2002-11-01,east_north,2002-08-22,2002-09-04,7.14306445,48.02136339,5.54586614,40.59016507,20.19658200,38.81679167,45
2002-10-04,2002-10-19,2002-11-01,east_south,2002-08-22,2002-09-04,16.27023592,41.13677343,17.83732852,37.42501738,25.68483821,85.92751770,23
2002-10-04,2002-10-19,2002-11-01,west_north,2002-08-22,2002-09-04,6.08396788,23.71012937,3.05016748,8.14967809,18.00481831,6.30521048,95
2002-10-04,2002-10-19,2002-11-01,west_south,2002-08-22,2002-09-04,13.90801194,10.03568333,12.93811554,8.16241364,24.70685548,4.44439921,31
2002-10-18,2002-11-02,2002-11-15,central_north,2002-09-05,2002-09-18,3.63142700,32.94155153,3.69158753,10.74338424,20.14939534,23.55604594,110
2002-10-18,2002-11-02,2002-11-15,central_south,2002-09-05,2002-09-18,11.05636730,51.68105607,12.58396276,52.53258899,25.50016907,47.50210042,72
2002-10-18,2002-11-02,2002-11-15,east_north,2002-09-05,2002-09-18,4.30446168,54.72186827,6.10732812,44.20571905,19.52056775,27.26377882,45
2002-10-18,2002-11-02,2002-11-15,east_south,2002-09-05,2002-09-18,13.97474987,60.14807059,14.75796537,63.20225258,25.23715343,65.81874002,23
2002-10-18,2002-11-02,2002-11-15,west_north,2002-09-05,2002-09-18,2.58251970,32.77988039,2.63792309,33.91601621,15.47458181,20.34808499,95
2002-10-18,2002-11-02,2002-11-15,west_south,2002-09-05,2002-09-18,9.84188346,15.61974461,11.40004266,22.50196366,22.13904770,30.00453725,31
2002-11-01,2002-11-16,2002-11-29,central_north,2002-09-19,2002-10-02,1.43711661,30.68012367,1.10150642,4.39476855,14.28240526,33.23866001,110
2002-11-01,2002-11-16,2002-11-29,central_south,2002-09-19,2002-10-02,10.20481874,46.59433963,9.26444518,9.96531516,22.72136348,63.39907171,72
2002-11-01,2002-11-16,2002-11-29,east_north,2002-09-19,2002-10-02,2.51521441,56.36813512,1.66374878,46.72685219,17.66562318,58.81629554,45
2002-11-01,2002-11-16,2002-11-29,east_south,2002-09-19,2002-10-02,12.16040659,49.09308165,10.01506246,38.83050440,24.45722483,59.70013216,23
2002-11-01,2002-11-16,2002-11-29,west_north,2002-09-19,2002-10-02,0.14591433,28.36409820,2.22072238,7.85499296,11.52948126,10.62478169,95
2002-11-01,2002-11-16,2002-11-29,west_south,2002-09-19,2002-10-02,8.77791837,16.18484193,9.96421065,1.21127119,20.21589850,3.22722504,31
2002-11-15,2002-11-30,2002-12-13,central_north,2002-10-03,2002-10-16,-2.35472155,34.53910881,-2.69713848,6.57925497,9.47246022,34.95196039,110
2002-11-15,2002-11-30,2002-12-13,central_south,2002-10-03,2002-10-16,8.28393055,59.49258991,6.67628919,56.42048611,19.08257639,62.14083439,72
2002-11-15,2002-11-30,2002-12-13,east_north,2002-10-03,2002-10-16,-0.04565071,50.38638557,-3.55924556,27.92069333,12.30635479,47.46881130,45
2002-11-15,2002-11-30,2002-12-13,east_south,2002-10-03,2002-10-16,11.60370118,53.34789509,8.09357041,63.70952152,21.95445247,67.24387752,23
2002-11-15,2002-11-30,2002-12-13,west_north,2002-10-03,2002-10-16,-1.69270648,24.72982966,0.19108932,12.34786610,9.02272546,6.52998567,95
2002-11-15,2002-11-30,2002-12-13,west_south,2002-10-03,2002-10-16,6.04981052,33.87557998,7.49831377,11.92083168,17.28409338,3.16478564,31
2002-11-29,2002-12-14,2002-12-27,central_north,2002-10-17,2002-10-30,-1.77476225,21.10524043,-1.35177728,15.54297768,3.53532642,30.13966610,110
2002-11-29,2002-12-14,2002-12-27,central_south,2002-10-17,2002-10-30,6.06672662,62.82768557,8.20132018,44.00794631,15.79812041,88.95753329,72
2002-11-29,2002-12-14,2002-12-27,east_north,2002-10-17,2002-10-30,-1.13650421,46.65375009,0.13309831,51.01049593,6.17722283,52.32315479,45
2002-11-29,2002-12-14,2002-12-27,east_south,2002-10-17,2002-10-30,10.61202394,58.87957051,9.10497355,57.05798216,17.98804885,37.04334432,23
2002-11-29,2002-12-14,2002-12-27,west_north,2002-10-17,2002-10-30,-3.06623422,32.06653418,-1.86617513,46.41558036,4.81082983,7.36800542,95
2002-11-29,2002-12-14,2002-12-27,west_south,2002-10-17,2002-10-30,4.23060298,22.00095563,4.15381084,25.20238028,13.33123232,9.81985188,31
2002-12-13,2002-12-28,2003-01-10,central_north,2002-10-31,2002-11-13,-3.76167157,18.17658763,-0.35221932,6.70389961,3.18245005,9.94981229,110
2002-12-13,2002-12-28,2003-01-10,central_south,2002-10-31,2002-11-13,5.99285184,30.86652984,8.49600036,21.10325379,12.34256940,51.73981267,72
2002-12-13,2002-12-28,2003-01-10,east_north,2002-10-31,2002-11-13,-5.63111225,44.53282584,-1.19019356,37.79647641,5.55869532,45.16956198,45
2002-12-13,2002-12-28,2003-01-10,east_south,2002-10-31,2002-11-13,6.47806033,43.39672458,9.37021194,28.07003998,14.96395439,63.55007758,23
2002-12-13,2002-12-28,2003-01-10,west_north,2002-10-31,2002-11-13,-1.39291660,51.69059435,0.20910510,33.35321755,1.68793571,33.37474049,95
2002-12-13,2002-12-28,2003-01-10,west_south,2002-10-31,2002-11-13,6.25850179,29.91597831,7.63767015,6.85309691,11.58727087,22.55356035,31
2002-12-27,2003-01-11,2003-01-24,central_north,2002-11-14,2002-11-27,-3.78747262,20.51068444,-9.41077471,4.37902030,0.90431413,6.09261305,110
2002-12-27,2003-01-11,2003-01-24,central_south,2002-11-14,2002-11-27,7.26312341,54.27156123,4.09608661,7.22230845,9.91453697,11.87741310,72
2002-12-27,2003-01-11,2003-01-24,east_north,2002-11-14,2002-11-27,-4.11082666,49.41837555,-9.66634544,6.19648088,2.87419664,47.41814043,45
2002-12-27,2003-01-11,2003-01-24,east_south,2002-11-14,2002-11-27,8.67849432,75.49649328,3.93470096,8.36847783,10.99567577,39.65723263,23
2002-12-27,2003-01-11,2003-01-24,west_north,2002-11-14,2002-11-27,-3.69929132,40.90474146,-0.02237703,21.40866775,2.49157976,9.14221194,95
2002-12-27,2003-01-11,2003-01-24,west_south,2002-11-14,2002-11-27,5.55565570,34.15756457,9.02119455,1.64351726,10.14587253,0.66257944,31
2003-01-10,2003-01-25,2003-02-07,central_north,2002-11-28,2002-12-11,-2.67795980,25.56444251,-4.98090664,11.02214015,-2.49426288,6.01454690,110
2003-01-10,2003-01-25,2003-02-07,central_south,2002-11-28,2002-12-11,7.73605048,52.42056682,7.36955156,23.26588614,6.59266161,45.38910234,72
2003-01-10,2003-01-25,2003-02-07,east_north,2002-11-28,2002-12-11,-2.72472043,40.92010615,-4.77544602,26.31477067,-4.00117719,17.92294739,45
2003-01-10,2003-01-25,2003-02-07,east_south,2002-11-28,2002-12-11,9.62683128,64.44600600,7.83910127,33.83175507,7.40246451,48.66623156,23
2003-01-10,2003-01-25,2003-02-07,west_north,2002-11-28,2002-12-11,-1.45157122,32.11974353,0.82606751,30.08266284,0.04597388,6.36978491,95
2003-01-10,2003-01-25,2003-02-07,west_south,2002-11-28,2002-12-11,6.60728624,18.17807666,8.93126919,0.17535283,7.87016736,12.05069781,31
2003-01-24,2003-02-08,2003-02-21,central_north,2002-12-12,2002-12-25,-6.04033700,27.91685628,-4.67570760,14.23820593,-0.64312171,15.80759492,110
2003-01-24,2003-02-08,2003-02-21,central_south,2002-12-12,2002-12-25,6.73442193,62.18012570,9.08670992,52.16582343,8.73861179,54.82589209,72
2003-01-24,2003-02-08,2003-02-21,east_north,2002-12-12,2002-12-25,-5.86963133,55.09711389,-6.37713770,37.07849355,0.77477609,53.38524377,45
2003-01-24,2003-02-08,2003-02-21,east_south,2002-12-12,2002-12-25,8.64742896,81.44469271,9.12817406,45.66729324,9.95014989,70.93923196,23
2003-01-24,2003-02-08,2003-02-21,west_north,2002-12-12,2002-12-25,-0.90486206,37.42374590,0.14625382,21.45674635,-1.38911618,45.32315789,95
2003-01-24,2003-02-08,2003-02-21,west_south,2002-12-12,2002-12-25,7.18226827,56.13497826,8.31004773,32.11943052,4.73789779,25.16598675,31
2003-02-07,2003-02-22,2003-03-07,central_north,2002-12-26,2003-01-08,-2.22209813,25.78590293,-8.15492421,9.77014790,-0.20400771,6.83969262,110
2003-02-07,2003-02-22,2003-03-07,central_south,2002-12-26,2003-01-08,8.06294302,57.09202298,7.15236890,48.28758726,7.73769694,21.06881142,72
2003-02-07,2003-02-22,2003-03-07,east_north,2002-12-26,2003-01-08,-4.83524326,46.81903664,-4.20395528,48.38999106,-1.55324509,44.88039703,45
2003-02-07,2003-02-22,2003-03-07,east_south,2002-12-26,2003-01-08,8.42973258,68.55051742,12.58641855,96.10208962,8.23303488,28.95365750,23
2003-02-07,2003-02-22,2003-03-07,west_north,2002-12-26,2003-01-08,0.51217595,27.34719231,-2.30865576,20.85544118,0.35330712,39.10941267,95
2003-02-07,2003-02-22,2003-03-07,west_south,2002-12-26,2003-01-08,8.57409915,14.74650097,7.29974628,23.86162730,6.79522090,5.20849718,31
2003-02-21,2003-03-08,2003-03-21,central_north,2003-01-09,2003-01-22,-1.27298382,42.58489834,2.96589639,25.17783896,-8.22342164,4.14625637,110
2003-02-21,2003-03-08,2003-03-21,central_south,2003-01-09,2003-01-22,10.58212527,52.39479020,14.89944219,29.57351328,5.69402377,7.41259117,72
2003-02-21,2003-03-08,2003-03-21,east_north,2003-01-09,2003-01-22,-1.59672847,77.00371075,2.66251843,28.59884306,-8.02750565,6.89959169,45
2003-02-21,2003-03-08,2003-03-21,east_south,2003-01-09,2003-01-22,11.96793672,86.57492776,16.17290716,85.51338353,5.94764778,6.16594252,23
2003-02-21,2003-03-08,2003-03-21,west_north,2003-01-09,2003-01-22,0.27776742,31.57354748,4.78850536,34.16093215,-0.61580288,17.02916621,95
2003-02-21,2003-03-08,2003-03-21,west_south,2003-01-09,2003-01-22,9.26767220,15.04530824,11.46866140,21.73024643,8.72872949,3.72913347,31
2003-03-07,2003-03-22,2003-04-04,central_north,2003-01-23,2003-02-05,2.76809273,46.97578246,6.62321436,15.80881678,-5.20568637,10.38905104,110
2003-03-07,2003-03-22,2003-04-04,central_south,2003-01-23,2003-02-05,12.74819944,65.34140776,14.79495517,11.45615152,6.73031448,12.07414663,72
2003-03-07,2003-03-22,2003-04-04,east_north,2003-01-23,2003-02-05,2.01404538,61.65491605,6.77708501,34.66780178,-5.66849048,22.80759558,45
2003-03-07,2003-03-22,2003-04-04,east_south,2003-01-23,2003-02-05,13.15490795,72.24608580,16.00433426,23.77321247,6.49192884,21.94242194,23
2003-03-07,2003-03-22,2003-04-04,west_north,2003-01-23,2003-02-05,2.43546641,30.57697085,4.58876802,30.10515479,1.94307314,35.42757566,95
2003-03-07,2003-03-22,2003-04-04,west_south,2003-01-23,2003-02-05,9.77950686,18.94014942,12.19999026,1.36317669,9.97782579,0.15844642,31
2003-03-21,2003-04-05,2003-04-18,central_north,2003-02-06,2003-02-19,7.77623526,55.36156380,8.34251728,27.69126197,-6.28389235,14.64406701,110
2003-03-21,2003-04-05,2003-04-18,central_south,2003-02-06,2003-02-19,16.65695920,70.88226077,16.90420806,31.34471318,8.00178058,43.59248008,72
2003-03-21,2003-04-05,2003-04-18,east_north,2003-02-06,2003-02-19,6.62440069,58.83379182,6.29696399,45.98961710,-7.34262490,40.19195827,45
2003-03-21,2003-04-05,2003-04-18,east_south,2003-02-06,2003-02-19,16.64397061,70.95741004,16.32531325,83.12038734,8.34269362,58.20436460,23
2003-03-21,2003-04-05,2003-04-18,west_north,2003-02-06,2003-02-19,5.57702747,31.69258261,6.63998262,24.68496886,-0.93183391,19.13966864,95
2003-03-21,2003-04-05,2003-04-18,west_south,2003-02-06,2003-02-19,13.31171453,10.64716540,12.55608012,11.15526416,7.50760480,29.58182560,31
2003-04-04,2003-04-19,2003-05-02,central_north,2003-02-20,2003-03-05,9.77690694,55.20997607,11.10677885,42.75767562,-7.50804643,9.69656546,110
2003-04-04,2003-04-19,2003-05-02,central_south,2003-02-20,2003-03-05,17.93959613,56.07988334,19.93232011,28.30486040,7.04445843,61.57138227,72
2003-04-04,2003-04-19,2003-05-02,east_north,2003-02-20,2003-03-05,8.40446166,56.34569726,11.38740960,32.99468470,-3.35504908,43.75775699,45
2003-04-04,2003-04-19,2003-05-02,east_south,2003-02-20,2003-03-05,17.76679058,54.26464560,19.40189342,44.84653007,12.34728846,76.03097185,23
2003-04-04,2003-04-19,2003-05-02,west_north,2003-02-20,2003-03-05,7.46301733,32.57415031,7.52703664,28.88991860,-2.21740348,17.64339955,95
2003-04-04,2003-04-19,2003-05-02,west_south,2003-02-20,2003-03-05,15.07667845,5.25971289,13.98204648,2.85172070,7.35858623,26.08234100,31
2003-04-18,2003-05-03,2003-05-16,central_north,2003-03-06,2003-03-19,12.90181458,64.73881241,12.96176333,64.22818550,1.50696119,18.35924636,110
2003-04-18,2003-05-03,2003-05-16,central_south,2003-03-06,2003-03-19,21.16548410,47.85605215,23.70141456,43.96957573,14.57121060,32.26673476,72
2003-04-18,2003-05-03,2003-05-16,east_north,2003-03-06,2003-03-19,12.48245246,53.73464131,12.85110804,59.61795345,0.87084650,15.04955036,45
2003-04-18,2003-05-03,2003-05-16,east_south,2003-03-06,2003-03-19,20.07230372,44.25320902,22.48909903,46.68868052,15.63948675,72.89368630,23
2003-04-18,2003-05-03,2003-05-16,west_north,2003-03-06,2003-03-19,9.69785769,32.04054777,8.43921214,28.98823840,4.26268015,36.88642262,95
2003-04-18,2003-05-03,2003-05-16,west_south,2003-03-06,2003-03-19,17.65469745,4.63151285,16.21287032,6.21026808,11.21300151,21.32905894,31
2003-05-02,2003-05-17,2003-05-30,central_north,2003-03-20,2003-04-02,15.31765181,54.28368964,15.47579529,23.18890069,6.70113243,20.39982521,110
2003-05-02,2003-05-17,2003-05-30,central_south,2003-03-20,2003-04-02,22.75669045,29.35528132,22.23755496,45.25370477,13.88340259,15.11913324,72
2003-05-02,2003-05-17,2003-05-30,east_north,2003-03-20,2003-04-02,15.04552075,59.50989111,13.56158117,53.82897723,6.81847318,48.77526346,45
2003-05-02,2003-05-17,2003-05-30,east_south,2003-03-20,2003-04-02,21.81245890,41.06192574,21.07697544,86.14026787,15.97832331,58.26960974,23
2003-05-02,2003-05-17,2003-05-30,west_north,2003-03-20,2003-04-02,12.61062901,25.62178496,15.12292082,6.13159774,5.14030341,28.06935723,95
2003-05-02,2003-05-17,2003-05-30,west_south,2003-03-20,2003-04-02,20.46527355,1.44834126,22.86367012,1.46194678,12.30194834,1.78945320,31
2003-05-16,2003-05-31,2003-06-13,central_north,2003-04-03,2003-04-16,19.19079102,53.94979646,16.04375743,50.88036379,7.93127074,22.56634913,110
2003-05-16,2003-05-31,2003-06-13,central_south,2003-04-03,2003-04-16,25.62411551,34.93941799,24.17435674,68.27301152,16.83149652,30.37720067,72
2003-05-16,2003-05-31,2003-06-13,east_north,2003-04-03,2003-04-16,17.75102319,49.96545319,16.06549839,72.91099454,6.37077234,48.30711658,45
2003-05-16,2003-05-31,2003-06-13,east_south,2003-04-03,2003-04-16,23.87872027,52.72383625,23.98342504,88.50659061,16.40488941,75.47425535,23
2003-05-16,2003-05-31,2003-06-13,west_north,2003-04-03,2003-04-16,14.81046616,22.48247213,16.23046464,10.03726678,5.93427924,26.15299908,95
2003-05-16,2003-05-31,2003-06-13,west_south,2003-04-03,2003-04-16,22.19266146,1.63712866,23.37072032,1.04051053,12.23801190,10.93068948,31
2003-05-30,2003-06-14,2003-06-27,central_north,2003-04-17,2003-04-30,20.84860530,44.16000612,20.31843296,38.96958414,10.60539656,43.28883722,110
2003-05-30,2003-06-14,2003-06-27,central_south,2003-04-17,2003-04-30,26.70617932,30.68405440,25.42856875,58.45090773,19.61196901,26.92992089,72
2003-05-30,2003-06-14,2003-06-27,east_north,2003-04-17,2003-04-30,18.74409245,48.56357706,19.41939889,46.33497447,10.21445680,25.89719021,45
2003-05-30,2003-06-14,2003-06-27,east_south,2003-04-17,2003-04-30,24.34776483,72.84730365,24.82362438,81.08990314,18.81674498,42.94309261,23
2003-05-30,2003-06-14,2003-06-27,west_north,2003-04-17,2003-04-30,17.50338892,15.72257497,16.33658976,11.97152048,7.19234155,29.90591221,95
2003-05-30,2003-06-14,2003-06-27,west_south,2003-04-17,2003-04-30,24.82055798,1.60392292,23.10065493,2.97771058,13.55255872,3.10165836,31
2003-06-13,2003-06-28,2003-07-11,central_north,2003-05-01,2003-05-14,21.20778350,56.49582241,22.53956951,44.10263658,12.50151548,65.83954270,110
2003-06-13,2003-06-28,2003-07-11,central_south,2003-05-01,2003-05-14,27.28919110,36.14569757,26.50799587,54.25837861,23.33733603,37.58803445,72
2003-06-13,2003-06-28,2003-07-11,east_north,2003-05-01,2003-05-14,20.08303273,52.54230912,21.96055262,52.56669312,13.12514847,60.88329293,45
2003-06-13,2003-06-28,2003-07-11,east_south,2003-05-01,2003-05-14,25.26703492,73.72057646,26.16472353,82.95031616,22.54929828,49.30284360,23
2003-06-13,2003-06-28,2003-07-11,west_north,2003-05-01,2003-05-14,19.07870095,8.68289672,19.87265871,2.03270288,7.93606552,29.83646547,95
2003-06-13,2003-06-28,2003-07-11,west_south,2003-05-01,2003-05-14,26.39982430,1.40731393,26.88107346,1.88373309,15.52048003,6.29254221,31
2003-06-27,2003-07-12,2003-07-25,central_north,2003-05-15,2003-05-28,23.04819636,37.82340311,23.14798734,19.45971587,14.82829270,26.62641293,110
2003-06-27,2003-07-12,2003-07-25,central_south,2003-05-15,2003-05-28,27.10710048,34.37455479,27.73110219,33.94683914,22.21627908,53.77833712,72
2003-06-27,2003-07-12,2003-07-25,east_north,2003-05-15,2003-05-28,20.60079058,49.74369757,20.59472377,52.86769448,13.15816069,57.07463508,45
2003-06-27,2003-07-12,2003-07-25,east_south,2003-05-15,2003-05-28,25.61982980,63.56535285,25.69403619,83.75392434,21.20017963,88.56263585,23
2003-06-27,2003-07-12,2003-07-25,west_north,2003-05-15,2003-05-28,20.77060608,13.11298920,23.66712078,3.73926619,13.96525996,7.12981121,95
2003-06-27,2003-07-12,2003-07-25,west_south,2003-05-15,2003-05-28,26.31204008,7.08062877,28.52926972,8.12547661,22.07552519,1.44490432,31
2003-07-11,2003-07-26,2003-08-08,central_north,2003-05-29,2003-06-11,22.66483480,42.92673331,22.97488349,26.95081803,16.01003192,45.71900439,110
2003-07-11,2003-07-26,2003-08-08,central_south,2003-05-29,2003-06-11,27.29793398,28.41430409,28.19105986,34.19100213,24.19410588,50.94902416,72
2003-07-11,2003-07-26,2003-08-08,east_north,2003-05-29,2003-06-11,20.73625028,47.78407682,21.62703189,63.67553295,15.51548274,64.44661648,45
2003-07-11,2003-07-26,2003-08-08,east_south,2003-05-29,2003-06-11,25.60492241,66.62496189,25.92890235,95.05118115,23.28349519,81.26376232,23
2003-07-11,2003-07-26,2003-08-08,west_north,2003-05-29,2003-06-11,21.22034567,6.84201028,21.85106917,11.60688014,16.73611923,10.28527909,95
2003-07-11,2003-07-26,2003-08-08,west_south,2003-05-29,2003-06-11,26.87334859,5.63755029,26.11688865,18.01535342,23.87796936,1.28201739,31
2003-07-25,2003-08-09,2003-08-22,central_north,2003-06-12,2003-06-25,22.03039191,44.65353648,24.25918172,12.64331195,20.47278888,38.93242390,110
2003-07-25,2003-08-09,2003-08-22,central_south,2003-06-12,2003-06-25,26.55085223,41.26226642,27.29428598,28.57251458,25.49907227,64.80435471,72
2003-07-25,2003-08-09,2003-08-22,east_north,2003-06-12,2003-06-25,20.60560434,49.74635522,22.69975787,39.19563532,18.90670197,58.65258507,45
2003-07-25,2003-08-09,2003-08-22,east_south,2003-06-12,2003-06-25,25.02536385,56.50628041,26.16570761,74.38735805,24.83745930,92.03614148,23
2003-07-25,2003-08-09,2003-08-22,west_north,2003-06-12,2003-06-25,19.68229566,10.27007989,21.40248025,7.74361185,16.05238609,12.26803438,95
2003-07-25,2003-08-09,2003-08-22,west_south,2003-06-12,2003-06-25,25.79344038,10.80416811,26.19050598,15.85592951,22.63746506,2.84944823,31
2003-08-08,2003-08-23,2003-09-05,central_north,2003-06-26,2003-07-09,20.97527900,32.95998618,21.06407929,42.37790958,22.12605576,41.21163971,110
2003-08-08,2003-08-23,2003-09-05,central_south,2003-06-26,2003-07-09,25.26962796,25.44524440,26.25825085,57.10922871,26.01939351,60.43096479,72
2003-08-08,2003-08-23,2003-09-05,east_north,2003-06-26,2003-07-09,18.55240666,25.22884102,19.39083638,63.50122148,22.38412199,36.94802702,45
2003-08-08,2003-08-23,2003-09-05,east_south,2003-06-26,2003-07-09,23.55749929,39.15075354,26.67182353,50.37954638,26.00655739,74.74980364,23
2003-08-08,2003-08-23,2003-09-05,west_north,2003-06-26,2003-07-09,17.63543364,16.45596103,19.22833832,9.33425500,19.33198739,2.35780025,95
2003-08-08,2003-08-23,2003-09-05,west_south,2003-06-26,2003-07-09,23.49166030,10.43742090,25.15892054,18.64636507,26.39536814,1.54285268,31
2003-08-22,2003-09-06,2003-09-19,central_north,2003-07-10,2003-07-23,17.30223853,26.91938660,17.98989849,39.87018919,22.70792895,29.93576121,110
2003-08-22,2003-09-06,2003-09-19,central_south,2003-07-10,2003-07-23,23.53412881,30.15591354,23.17069891,39.95713796,27.85993587,35.19768279,72
2003-08-22,2003-09-06,2003-09-19,east_north,2003-07-10,2003-07-23,15.76290848,40.08050095,17.90315988,41.24556958,20.48899812,60.42034214,45
2003-08-22,2003-09-06,2003-09-19,east_south,2003-07-10,2003-07-23,22.23634193,61.16582678,22.92591878,38.53942077,26.03835077,76.22589237,23
2003-08-22,2003-09-06,2003-09-19,west_north,2003-07-10,2003-07-23,17.21429768,11.38362505,13.42301670,18.57866336,23.43505169,2.14482788,95
2003-08-22,2003-09-06,2003-09-19,west_south,2003-07-10,2003-07-23,23.77964112,7.71352479,22.43716139,10.75323661,28.58768988,6.45858832,31
2003-09-05,2003-09-20,2003-10-03,central_north,2003-07-24,2003-08-06,13.99163756,35.03182992,11.29929829,22.02617828,23.06966644,25.55186970,110
2003-09-05,2003-09-20,2003-10-03,central_south,2003-07-24,2003-08-06,20.50005185,24.74000570,20.44709357,31.10309459,27.88796040,33.75767211,72
2003-09-05,2003-09-20,2003-10-03,east_north,2003-07-24,2003-08-06,13.74597570,47.74833681,13.22804180,63.64252505,21.44571696,65.54628953,45
2003-09-05,2003-09-20,2003-10-03,east_south,2003-07-24,2003-08-06,20.01729356,43.94234503,20.82439829,47.50757261,25.80794696,91.32893739,23
2003-09-05,2003-09-20,2003-10-03,west_north,2003-07-24,2003-08-06,12.33824754,20.68919216,14.75576589,2.35300717,22.22080206,12.11742874,95
2003-09-05,2003-09-20,2003-10-03,west_south,2003-07-24,2003-08-06,20.28469685,6.23188814,22.28795883,6.44756846,26.22280273,18.99069409,31
2003-09-19,2003-10-04,2003-10-17,central_north,2003-08-07,2003-08-20,11.56461118,34.86326820,12.99131652,19.05910637,24.18074629,12.41431501,110
2003-09-19,2003-10-04,2003-10-17,central_south,2003-08-07,2003-08-20,18.42567623,23.80896615,19.80187466,46.74947858,27.38887544,28.80596859,72
2003-09-19,2003-10-04,2003-10-17,east_north,2003-08-07,2003-08-20,10.79520155,27.07686403,11.86401988,37.84670666,22.42226636,45.51800230,45
2003-09-19,2003-10-04,2003-10-17,east_south,2003-08-07,2003-08-20,18.58567538,46.85879632,19.84413765,31.25506546,26.01458000,87.12671996,23
2003-09-19,2003-10-04,2003-10-17,west_north,2003-08-07,2003-08-20,9.54697286,26.04307403,11.29309538,12.10616840,21.46906370,6.74057591,95
2003-09-19,2003-10-04,2003-10-17,west_south,2003-08-07,2003-08-20,17.53389120,10.75399263,19.48247794,9.07132235,26.35678004,15.02660276,31
2003-10-03,2003-10-18,2003-10-31,central_north,2003-08-21,2003-09-03,6.54792696,26.46445956,9.71739593,10.52824072,21.82372746,43.64845849,110
2003-10-03,2003-10-18,2003-10-31,central_south,2003-08-21,2003-09-03,15.37319820,19.00735467,18.12343456,11.02728670,26.81211222,55.57282970,72
2003-10-03,2003-10-18,2003-10-31,east_north,2003-08-21,2003-09-03,7.67726291,35.73058044,8.46224131,58.47578169,20.27839501,48.88704654,45
2003-10-03,2003-10-18,2003-10-31,east_south,2003-08-21,2003-09-03,16.39582355,41.48990480,17.67017002,44.96980831,26.86275856,40.24518682,23
2003-10-03,2003-10-18,2003-10-31,west_north,2003-08-21,2003-09-03,5.54145947,38.19830082,9.49579937,11.97180193,19.22732468,10.71352262,95
2003-10-03,2003-10-18,2003-10-31,west_south,2003-08-21,2003-09-03,14.32892829,5.52338310,17.85938244,0.24429587,25.29524160,17.81662973,31
2003-10-17,2003-11-01,2003-11-14,central_north,2003-09-04,2003-09-17,1.61835906,38.37195738,1.75019185,23.94001532,18.79562477,33.24756047,110
2003-10-17,2003-11-01,2003-11-14,central_south,2003-09-04,2003-09-17,12.14897333,42.57240608,15.73216385,14.24648070,23.60053679,40.77657321,72
2003-10-17,2003-11-01,2003-11-14,east_north,2003-09-04,2003-09-17,3.17380741,41.31448592,7.67527981,42.65678286,17.88280951,35.16670230,45
2003-10-17,2003-11-01,2003-11-14,east_south,2003-09-04,2003-09-17,13.63438296,35.20592082,18.15908476,23.21539012,23.27012643,41.34223620,23
2003-10-17,2003-11-01,2003-11-14,west_north,2003-09-04,2003-09-17,2.31340736,29.57245813,-0.05240166,21.78753745,14.75825282,18.15833189,95
2003-10-17,2003-11-01,2003-11-14,west_south,2003-09-04,2003-09-17,10.89570065,19.42190697,11.01189164,22.89862173,22.99780955,13.55392014,31
2003-10-31,2003-11-15,2003-11-28,central_north,2003-09-18,2003-10-01,0.28422375,40.50358046,1.76647100,27.15065922,11.80644230,27.87946376,110
2003-10-31,2003-11-15,2003-11-28,central_south,2003-09-18,2003-10-01,10.66482115,43.00697430,12.54932461,59.15091481,21.05613432,35.71447073,72
2003-10-31,2003-11-15,2003-11-28,east_north,2003-09-18,2003-10-01,3.03404995,53.36525175,6.21341135,51.29695450,14.84168198,83.49691518,45
2003-10-31,2003-11-15,2003-11-28,east_south,2003-09-18,2003-10-01,12.72823086,35.32990167,14.83856809,36.76341645,21.76715647,61.79506720,23
2003-10-31,2003-11-15,2003-11-28,west_north,2003-09-18,2003-10-01,-2.41153650,37.78828084,-0.68307069,25.49140124,14.33960949,2.11705746,95
2003-10-31,2003-11-15,2003-11-28,west_south,2003-09-18,2003-10-01,6.81465514,13.81659142,7.88109500,1.92867320,22.31920325,4.37927195,31
2003-11-14,2003-11-29,2003-12-12,central_north,2003-10-02,2003-10-15,-2.74264437,27.32897718,-1.50266870,16.53626137,13.10860167,18.87198579,110
2003-11-14,2003-11-29,2003-12-12,central_south,2003-10-02,2003-10-15,8.70950745,43.17877568,8.28742512,12.04266617,19.65427677,46.22462638,72
2003-11-14,2003-11-29,2003-12-12,east_north,2003-10-02,2003-10-15,-1.00337319,46.81335461,-0.91538552,55.27979198,11.60615322,35.36519213,45
2003-11-14,2003-11-29,2003-12-12,east_south,2003-10-02,2003-10-15,11.12908196,37.88226854,8.03758941,34.54572338,19.77514748,31.69666315,23
2003-11-14,2003-11-29,2003-12-12,west_north,2003-10-02,2003-10-15,-1.62752100,24.92847038,0.67754232,34.25774334,11.54740538,9.21720994,95
2003-11-14,2003-11-29,2003-12-12,west_south,2003-10-02,2003-10-15,6.88199560,24.66771290,7.92316163,6.12883451,19.70254326,11.13725568,31
2003-11-28,2003-12-13,2003-12-26,central_north,2003-10-16,2003-10-29,-6.80299357,25.75286726,-1.36450663,9.70721918,10.18286424,10.02198605,110
2003-11-28,2003-12-13,2003-12-26,central_south,2003-10-16,2003-10-29,4.76345252,44.76916214,7.63213598,18.62176403,17.85959077,11.84908581,72
2003-11-28,2003-12-13,2003-12-26,east_north,2003-10-16,2003-10-29,-3.86814292,42.73210948,-0.86731505,54.64510771,7.95516257,57.21703388,45
2003-11-28,2003-12-13,2003-12-26,east_south,2003-10-16,2003-10-29,7.63959928,63.84157097,7.12015414,36.82104601,17.46807056,44.67835653,23
2003-11-28,2003-12-13,2003-12-26,west_north,2003-10-16,2003-10-29,-4.09895053,24.18577764,-0.88706900,35.10600610,11.36364819,13.55088064,95
2003-11-28,2003-12-13,2003-12-26,west_south,2003-10-16,2003-10-29,4.17294368,12.58524433,6.47920381,12.39644124,18.50577650,0.09751620,31
2003-12-12,2003-12-27,2004-01-09,central_north,2003-10-30,2003-11-12,-6.03147321,27.74604675,-4.75736400,16.27552796,2.20179353,24.20120823,110
2003-12-12,2003-12-27,2004-01-09,central_south,2003-10-30,2003-11-12,6.72377373,42.57636973,8.71240194,24.43037234,17.01646889,11.16167550,72
2003-12-12,2003-12-27,2004-01-09,east_north,2003-10-30,2003-11-12,-4.28088205,49.16223290,-0.36067663,35.57562310,8.90154893,38.18293073,45
2003-12-12,2003-12-27,2004-01-09,east_south,2003-10-30,2003-11-12,8.92351785,41.95684407,10.39772451,10.16401380,19.06244418,23.08445115,23
2003-12-12,2003-12-27,2004-01-09,west_north,2003-10-30,2003-11-12,-2.10339496,40.68376577,-6.53477637,42.97681385,-0.46706954,21.45384221,95
2003-12-12,2003-12-27,2004-01-09,west_south,2003-10-30,2003-11-12,5.79231597,31.29053022,4.34152277,9.98997644,11.66497874,9.16135441,31
2003-12-26,2004-01-10,2004-01-23,central_north,2003-11-13,2003-11-26,-6.95503493,17.40461373,-4.01898156,9.25413975,2.38030423,26.83076021,110
2003-12-26,2004-01-10,2004-01-23,central_south,2003-11-13,2003-11-26,5.27327993,32.97000970,7.76171214,30.47303027,12.86600609,46.93729835,72
2003-12-26,2004-01-10,2004-01-23,east_north,2003-11-13,2003-11-26,-8.49077683,42.65235363,-8.52412544,14.99793769,5.86122488,54.43056246,45
2003-12-26,2004-01-10,2004-01-23,east_south,2003-11-13,2003-11-26,5.84061523,57.44069357,6.60044862,14.94155683,14.44955025,33.46856066,23
2003-12-26,2004-01-10,2004-01-23,west_north,2003-11-13,2003-11-26,-2.50309391,27.26949767,-2.92869000,7.67439077,-0.06497693,26.74277235,95
2003-12-26,2004-01-10,2004-01-23,west_south,2003-11-13,2003-11-26,6.27422229,19.11668984,7.28280976,6.37820878,8.51814647,15.83605746,31
2004-01-09,2004-01-24,2004-02-06,central_north,2003-11-27,2003-12-10,-8.58483759,22.18314526,-10.88551095,19.40331129,-0.46446338,16.63201881,110
2004-01-09,2004-01-24,2004-02-06,central_south,2003-11-27,2003-12-10,4.76347473,49.93102695,6.41486601,57.81667147,8.79632145,26.56313428,72
2004-01-09,2004-01-24,2004-02-06,east_north,2003-11-27,2003-12-10,-10.65243018,30.15525806,-7.28000471,37.90605088,-0.20177222,41.60860987,45
2004-01-09,2004-01-24,2004-02-06,east_south,2003-11-27,2003-12-10,5.00389287,49.76831070,7.49802937,50.59751843,9.07489385,23.87951433,23
2004-01-09,2004-01-24,2004-02-06,west_north,2003-11-27,2003-12-10,-2.47696601,27.76535866,-3.69792823,33.79845530,0.69435076,31.93493981,95
2004-01-09,2004-01-24,2004-02-06,west_south,2003-11-27,2003-12-10,6.27286110,20.74730288,4.78201056,10.54932177,8.06224469,3.58686151,31
2004-01-23,2004-02-07,2004-02-20,central_north,2003-12-11,2003-12-24,-6.20102048,28.97689758,-4.93262580,4.09147791,-2.68550006,11.57485258,110
2004-01-23,2004-02-07,2004-02-20,central_south,2003-12-11,2003-12-24,6.22908019,60.48343850,6.49319285,35.11685052,7.11610587,19.36809661,72
2004-01-23,2004-02-07,2004-02-20,east_north,2003-12-11,2003-12-24,-6.10656938,55.18963830,-3.46871400,15.92482222,-0.73652437,66.98592131,45
2004-01-23,2004-02-07,2004-02-20,east_south,2003-12-11,2003-12-24,8.33581705,77.63769422,8.35358837,58.15892477,7.33508811,51.03235689,23
2004-01-23,2004-02-07,2004-02-20,west_north,2003-12-11,2003-12-24,-3.14861210,26.86160934,-2.52746680,27.71997341,-1.05763367,29.54916912,95
2004-01-23,2004-02-07,2004-02-20,west_south,2003-12-11,2003-12-24,6.14121999,22.36182885,6.07234078,4.34635294,6.13925566,6.46965680,31
2004-02-06,2004-02-21,2004-03-05,central_north,2003-12-25,2004-01-07,-5.42138088,34.31974721,2.02143194,31.10830840,-3.96987312,15.89487156,110
2004-02-06,2004-02-21,2004-03-05,central_south,2003-12-25,2004-01-07,8.13478510,58.26868481,11.50400322,59.15384749,9.03568809,19.51207580,72
2004-02-06,2004-02-21,2004-03-05,east_north,2003-12-25,2004-01-07,-5.47733188,54.04806476,2.66954390,14.26718601,1.20272123,43.07951612,45
2004-02-06,2004-02-21,2004-03-05,east_south,2003-12-25,2004-01-07,9.67206280,62.69610907,12.78816125,37.41734684,10.52187787,8.73685091,23
2004-02-06,2004-02-21,2004-03-05,west_north,2003-12-25,2004-01-07,-0.10150464,29.89051633,0.35505122,32.35751416,-6.42403971,46.83249460,95
2004-02-06,2004-02-21,2004-03-05,west_south,2003-12-25,2004-01-07,9.06870626,12.67266968,7.22274597,40.28592589,4.24385207,18.41398144,31
2004-02-20,2004-03-06,2004-03-19,central_north,2004-01-08,2004-01-21,-2.24571856,30.14096604,2.81683169,11.19793445,-3.89096353,9.01804797,110
2004-02-20,2004-03-06,2004-03-19,central_south,2004-01-08,2004-01-21,9.25722162,52.23244471,14.11396111,27.23634382,7.68454355,34.95536628,72
2004-02-20,2004-03-06,2004-03-19,east_north,2004-01-08,2004-01-21,-2.67556213,50.46299068,1.04275245,32.23811643,-8.82447102,15.47051306,45
2004-02-20,2004-03-06,2004-03-19,east_south,2004-01-08,2004-01-21,10.08965335,63.75144550,13.47975849,20.88695727,6.40568377,16.70237938,23
2004-02-20,2004-03-06,2004-03-19,west_north,2004-01-08,2004-01-21,2.16053409,26.43878757,6.08448522,7.01359575,-2.69245186,12.66319374,95
2004-02-20,2004-03-06,2004-03-19,west_south,2004-01-08,2004-01-21,10.18726645,24.90309129,14.60017539,4.30518602,7.48983474,4.20868963,31
2004-03-05,2004-03-20,2004-04-02,central_north,2004-01-22,2004-02-04,3.73083151,50.86285270,7.32693483,25.73903492,-10.77189542,14.90406022,110
2004-03-05,2004-03-20,2004-04-02,central_south,2004-01-22,2004-02-04,14.14514426,61.09507554,16.58058644,13.54830447,6.53336419,30.51644518,72
2004-03-05,2004-03-20,2004-04-02,east_north,2004-01-22,2004-02-04,3.31632655,62.49573696,5.58991381,42.10075357,-8.19552286,28.58985847,45
2004-03-05,2004-03-20,2004-04-02,east_south,2004-01-22,2004-02-04,14.37554355,58.76052786,13.99653354,12.29916607,6.61270915,46.67444118,23
2004-03-05,2004-03-20,2004-04-02,west_north,2004-01-22,2004-02-04,2.19290454,36.90157263,8.01433116,12.70173391,-3.58531617,32.81189567,95
2004-03-05,2004-03-20,2004-04-02,west_south,2004-01-22,2004-02-04,11.12868210,13.13406261,15.89357312,4.15499425,5.19095777,11.77034478,31
2004-03-19,2004-04-03,2004-04-16,central_north,2004-02-05,2004-02-18,5.35107306,57.59421561,7.73800975,9.52044532,-6.39292583,7.68419427,110
2004-03-19,2004-04-03,2004-04-16,central_south,2004-02-05,2004-02-18,15.81367144,57.73639882,14.79011235,52.39674160,5.50417655,62.91939325,72
2004-03-19,2004-04-03,2004-04-16,east_north,2004-02-05,2004-02-18,4.10165903,61.99994996,5.89049913,51.96475699,-4.08683592,25.78977943,45
2004-03-19,2004-04-03,2004-04-16,east_south,2004-02-05,2004-02-18,15.58267516,50.66205193,15.35216348,37.20085261,8.66755409,61.99119898,23
2004-03-19,2004-04-03,2004-04-16,west_north,2004-02-05,2004-02-18,5.29502370,34.48797242,8.50973943,14.76297753,-3.24757981,25.79783621,95
2004-03-19,2004-04-03,2004-04-16,west_south,2004-02-05,2004-02-18,12.48284178,20.43165843,13.55426416,23.95606659,5.30466842,2.50493569,31
2004-04-02,2004-04-17,2004-04-30,central_north,2004-02-19,2004-03-03,8.94101900,56.01434475,11.12511744,39.64978063,2.12656989,14.34989569,110
2004-04-02,2004-04-17,2004-04-30,central_south,2004-02-19,2004-03-03,17.32524973,61.38099236,19.62527437,49.42983054,11.14527403,43.10735072,72
2004-04-02,2004-04-17,2004-04-30,east_north,2004-02-19,2004-03-03,8.75434633,61.99275215,12.87364889,33.65503393,1.66024224,8.70333732,45
2004-04-02,2004-04-17,2004-04-30,east_south,2004-02-19,2004-03-03,17.39553673,56.05677234,19.88568576,17.03590803,11.33155048,37.49963284,23
2004-04-02,2004-04-17,2004-04-30,west_north,2004-02-19,2004-03-03,7.02621803,31.80612569,8.11777894,21.10647761,0.41887978,32.42494738,95
2004-04-02,2004-04-17,2004-04-30,west_south,2004-02-19,2004-03-03,15.05288769,8.84089367,15.65949433,2.48107749,7.33583760,37.51155790,31
2004-04-16,2004-05-01,2004-05-14,central_north,2004-03-04,2004-03-17,12.97229517,39.69604448,13.55323766,37.39038651,2.17572166,28.49258497,110
2004-04-16,2004-05-01,2004-05-14,central_south,2004-03-04,2004-03-17,19.47438038,41.74781879,20.43211900,62.25995166,13.59538805,41.85072422,72
2004-04-16,2004-05-01,2004-05-14,east_north,2004-03-04,2004-03-17,11.19317790,47.24957805,15.14997467,41.85562661,2.29041283,34.11208316,45
2004-04-16,2004-05-01,2004-05-14,east_south,2004-03-04,2004-03-17,18.56097797,43.36899246,21.29641373,47.47726679,14.26503681,19.47878387,23
2004-04-16,2004-05-01,2004-05-14,west_north,2004-03-04,2004-03-17,11.26007460,22.06117195,11.64752285,11.68150147,4.83869198,9.71835996,95
2004-04-16,2004-05-01,2004-05-14,west_south,2004-03-04,2004-03-17,19.04872268,3.63555343,19.57757792,0.57689314,13.39354207,9.92762795,31
2004-04-30,2004-05-15,2004-05-28,central_north,2004-03-18,2004-03-31,15.99164485,58.57066388,15.73416549,58.78692619,7.20511749,26.72851266,110
2004-04-30,2004-05-15,2004-05-28,central_south,2004-03-18,2004-03-31,23.02596711,33.32160272,24.49917377,21.45274218,17.18227718,14.50936654,72
2004-04-30,2004-05-15,2004-05-28,east_north,2004-03-18,2004-03-31,15.05354655,50.93629140,17.61309730,84.53193034,4.87361362,28.30240331,45
2004-04-30,2004-05-15,2004-05-28,east_south,2004-03-18,2004-03-31,21.56787259,61.58988090,24.83793115,18.71194803,14.48880036,10.55209277,23
2004-04-30,2004-05-15,2004-05-28,west_north,2004-03-18,2004-03-31,13.24520879,24.12202177,11.61609077,29.76029317,8.30858499,11.94671748,95
2004-04-30,2004-05-15,2004-05-28,west_south,2004-03-18,2004-03-31,20.10206020,2.84378459,19.51941258,0.52781209,16.39677999,0.97560528,31
2004-05-14,2004-05-29,2004-06-11,central_north,2004-04-01,2004-04-14,18.47748580,58.57472218,18.60031582,55.64156974,6.80203207,9.34561583,110
2004-05-14,2004-05-29,2004-06-11,central_south,2004-04-01,2004-04-14,24.90485833,33.22041445,25.34816419,62.78487475,14.37006681,52.89425333,72
2004-05-14,2004-05-29,2004-06-11,east_north,2004-04-01,2004-04-14,17.96879783,56.10197288,16.83073436,45.64996533,5.38217313,66.63962577,45
2004-05-14,2004-05-29,2004-06-11,east_south,2004-04-01,2004-04-14,24.02132826,56.84132352,24.95286967,59.41004315,14.93975978,39.45038559,23
2004-05-14,2004-05-29,2004-06-11,west_north,2004-04-01,2004-04-14,15.45105482,17.60887960,14.40830001,21.65050448,8.45632413,13.44699046,95
2004-05-14,2004-05-29,2004-06-11,west_south,2004-04-01,2004-04-14,23.57023689,1.20916889,22.57793840,0.48674222,13.17313959,27.12243667,31
2004-05-28,2004-06-12,2004-06-25,central_north,2004-04-15,2004-04-28,20.92136226,54.01281663,17.53125275,46.96842515,11.72533200,37.41264010,110
2004-05-28,2004-06-12,2004-06-25,central_south,2004-04-15,2004-04-28,26.42710627,40.50899934,25.75234522,75.90535593,19.37929374,42.27324469,72
2004-05-28,2004-06-12,2004-06-25,east_north,2004-04-15,2004-04-28,19.74069999,59.43651425,19.36941980,47.14158132,11.82015311,36.21289338,45
2004-05-28,2004-06-12,2004-06-25,east_south,2004-04-15,2004-04-28,24.77413190,68.27771498,26.30011543,80.13442520,19.12634584,15.07386500,23
2004-05-28,2004-06-12,2004-06-25,west_north,2004-04-15,2004-04-28,16.46217733,15.24777596,16.27896566,10.31037938,8.06410514,21.31792418,95
2004-05-28,2004-06-12,2004-06-25,west_south,2004-04-15,2004-04-28,24.22350046,1.93722202,23.70148370,1.00473787,15.71225223,2.34485269,31
2004-06-11,2004-06-26,2004-07-09,central_north,2004-04-29,2004-05-12,22.90079522,47.14461660,19.55028705,50.05507984,13.66259600,27.26198498,110
2004-06-11,2004-06-26,2004-07-09,central_south,2004-04-29,2004-05-12,26.28599108,35.62842414,25.96799999,73.86816044,20.38123453,45.46930159,72
2004-06-11,2004-06-26,2004-07-09,east_north,2004-04-29,2004-05-12,20.37364111,54.17165602,19.87355384,39.95420761,14.59731487,38.87250018,45
2004-06-11,2004-06-26,2004-07-09,east_south,2004-04-29,2004-05-12,25.40404674,59.13140133,26.16516675,70.29161825,20.74549002,45.82555612,23
2004-06-11,2004-06-26,2004-07-09,west_north,2004-04-29,2004-05-12,19.13448677,12.38582026,18.28965638,13.96337529,11.53116792,12.18559448,95
2004-06-11,2004-06-26,2004-07-09,west_south,2004-04-29,2004-05-12,25.12400789,5.55081686,24.00977194,3.94628639,19.23927028,0.67611407,31
2004-06-25,2004-07-10,2004-07-23,central_north,2004-05-13,2004-05-26,22.75405673,51.14050007,22.97192802,36.10217198,14.61243456,64.53139080,110
2004-06-25,2004-07-10,2004-07-23,central_south,2004-05-13,2004-05-26,27.06312554,42.82499850,27.26545092,20.58524048,23.82044398,41.37345089,72
2004-06-25,2004-07-10,2004-07-23,east_north,2004-05-13,2004-05-26,21.23054766,59.22178450,21.39689691,57.26377832,18.10549249,70.91409024,45
2004-06-25,2004-07-10,2004-07-23,east_south,2004-05-13,2004-05-26,25.82775630,72.33406738,26.54769886,54.45051953,24.48564028,19.68126195,23
2004-06-25,2004-07-10,2004-07-23,west_north,2004-05-13,2004-05-26,20.25498098,15.67766887,21.32270819,11.42512052,10.91432170,25.37472447,95
2004-06-25,2004-07-10,2004-07-23,west_south,2004-05-13,2004-05-26,26.05241077,3.26277014,26.88701646,12.67193661,19.20369499,0.29391686,31
2004-07-09,2004-07-24,2004-08-06,central_north,2004-05-27,2004-06-09,22.05285864,45.47142307,20.32581602,37.42407131,18.23448617,45.88732844,110
2004-07-09,2004-07-24,2004-08-06,central_south,2004-05-27,2004-06-09,26.78627437,43.35184823,26.11295890,48.99088263,25.04547782,59.07048967,72
2004-07-09,2004-07-24,2004-08-06,east_north,2004-05-27,2004-06-09,20.61931345,43.32838768,20.46630297,74.33718391,16.69778135,53.25890591,45
2004-07-09,2004-07-24,2004-08-06,east_south,2004-05-27,2004-06-09,25.72854812,71.30998542,26.68480247,74.96413969,24.88887037,51.76851188,23
2004-07-09,2004-07-24,2004-08-06,west_north,2004-05-27,2004-06-09,20.75452279,11.89561530,20.54883385,8.71076406,14.57979292,21.60937636,95
2004-07-09,2004-07-24,2004-08-06,west_south,2004-05-27,2004-06-09,26.73976962,7.99698405,25.32016506,17.21041393,22.61123322,0.73389930,31
2004-07-23,2004-08-07,2004-08-20,central_north,2004-06-10,2004-06-23,21.38379820,39.72862485,17.46694236,25.01742333,18.14428262,60.25482451,110
2004-07-23,2004-08-07,2004-08-20,central_south,2004-06-10,2004-06-23,26.13674337,37.40894962,24.09379247,40.88895517,26.14846399,67.02135801,72
2004-07-23,2004-08-07,2004-08-20,east_north,2004-06-10,2004-06-23,19.62143225,49.76855823,19.21443124,47.97224287,19.23268817,53.06472356,45
2004-07-23,2004-08-07,2004-08-20,east_south,2004-06-10,2004-06-23,25.11191623,63.23100999,24.37854301,87.99069260,26.33150840,79.40923353,23
2004-07-23,2004-08-07,2004-08-20,west_north,2004-06-10,2004-06-23,20.12618324,11.58082519,20.04001551,9.81658012,15.34860681,16.24026098,95
2004-07-23,2004-08-07,2004-08-20,west_south,2004-06-10,2004-06-23,26.11283630,7.85908151,24.96837534,19.58502941,22.98759531,0.75482309,31
2004-08-06,2004-08-21,2004-09-03,central_north,2004-06-24,2004-07-07,19.90593038,48.26476783,19.99868018,36.06934454,18.79182766,48.59999578,110
2004-08-06,2004-08-21,2004-09-03,central_south,2004-06-24,2004-07-07,25.84330499,23.34988511,25.53414306,43.40131759,25.52488380,85.74980806,72
2004-08-06,2004-08-21,2004-09-03,east_north,2004-06-24,2004-07-07,18.87820184,46.73821062,20.08445873,50.59313950,19.58884169,34.24716676,45
2004-08-06,2004-08-21,2004-09-03,east_south,2004-06-24,2004-07-07,24.49233287,57.78494916,25.73127697,71.96165595,26.05366933,74.44129321,23
2004-08-06,2004-08-21,2004-09-03,west_north,2004-06-24,2004-07-07,16.79216130,20.47923428,16.63725045,22.72425940,18.38391754,14.04550370,95
2004-08-06,2004-08-21,2004-09-03,west_south,2004-06-24,2004-07-07,23.80071088,6.46663934,23.71090970,3.42010378,23.91928107,3.86156226,31
2004-08-20,2004-09-04,2004-09-17,central_north,2004-07-08,2004-07-21,15.69268099,43.98773016,18.97552993,34.27890036,23.12603315,31.82298810,110
2004-08-20,2004-09-04,2004-09-17,central_south,2004-07-08,2004-07-21,22.89479964,30.27007905,24.81164962,33.98729629,27.26042056,22.92883600,72
2004-08-20,2004-09-04,2004-09-17,east_north,2004-07-08,2004-07-21,16.52999882,40.23653455,19.12457000,65.69744050,21.11966650,58.55640148,45
2004-08-20,2004-09-04,2004-09-17,east_south,2004-07-08,2004-07-21,22.78700629,42.23465207,24.58934147,151.30644999,26.52523711,59.52927534,23
2004-08-20,2004-09-04,2004-09-17,west_north,2004-07-08,2004-07-21,14.80946278,16.77550542,15.09366280,15.70477340,20.92541299,10.84425271,95
2004-08-20,2004-09-04,2004-09-17,west_south,2004-07-08,2004-07-21,22.65453475,11.19379934,23.33360306,5.59227329,26.66548047,11.73717549,31
2004-09-03,2004-09-18,2004-10-01,central_north,2004-07-22,2004-08-04,13.45032114,29.57110332,16.06536410,25.05316642,20.35451172,42.33629367,110
2004-09-03,2004-09-18,2004-10-01,central_south,2004-07-22,2004-08-04,20.71268262,28.68417704,22.45574515,30.37711833,26.24275261,47.45616201,72
2004-09-03,2004-09-18,2004-10-01,east_north,2004-07-22,2004-08-04,12.63988010,33.43060149,15.83562895,66.35815117,21.24591952,73.32398555,45
2004-09-03,2004-09-18,2004-10-01,east_south,2004-07-22,2004-08-04,19.71377125,33.90162624,22.42544399,84.79643122,26.94135657,68.67868161,23
2004-09-03,2004-09-18,2004-10-01,west_north,2004-07-22,2004-08-04,13.07914509,16.30380562,12.06908222,17.55367190,20.70868793,8.34771858,95
2004-09-03,2004-09-18,2004-10-01,west_south,2004-07-22,2004-08-04,20.59032533,9.82264592,18.63479478,19.83363601,25.60112964,15.50721189,31
2004-09-17,2004-10-02,2004-10-15,central_north,2004-08-05,2004-08-18,13.40086329,25.38219891,11.35980521,23.50959224,17.97172602,23.01046317,110
2004-09-17,2004-10-02,2004-10-15,central_south,2004-08-05,2004-08-18,18.54639971,26.72779499,19.04113534,75.35906707,24.27230055,32.24871263,72
2004-09-17,2004-10-02,2004-10-15,east_north,2004-08-05,2004-08-18,10.64586201,17.36558303,11.80456730,15.34566524,18.55858063,50.58344860,45
2004-09-17,2004-10-02,2004-10-15,east_south,2004-08-05,2004-08-18,17.75151995,31.20854769,20.35136069,24.47027572,24.17628838,93.68671854,23
2004-09-17,2004-10-02,2004-10-15,west_north,2004-08-05,2004-08-18,10.19934520,21.57949965,11.76739366,7.79992689,20.09610240,8.43814029,95
2004-09-17,2004-10-02,2004-10-15,west_south,2004-08-05,2004-08-18,17.33884084,13.93045046,18.15403450,5.07486691,25.17770374,20.14784469,31
2004-10-01,2004-10-16,2004-10-29,central_north,2004-08-19,2004-09-01,6.70175816,25.64066223,10.43002098,31.61229454,19.08042077,41.75996800,110
2004-10-01,2004-10-16,2004-10-29,central_south,2004-08-19,2004-09-01,14.68666953,24.75430953,21.36555976,32.61562327,25.69258227,51.87017508,72
2004-10-01,2004-10-16,2004-10-29,east_north,2004-08-19,2004-09-01,6.53583781,44.45178912,9.42252541,40.27940437,20.41629920,56.44615696,45
2004-10-01,2004-10-16,2004-10-29,east_south,2004-08-19,2004-09-01,14.80483801,38.04082956,18.68466760,21.33136458,25.97918917,65.21985667,23
2004-10-01,2004-10-16,2004-10-29,west_north,2004-08-19,2004-09-01,6.95232303,23.37026287,5.76894553,53.79395056,17.29714766,24.02577503,95
2004-10-01,2004-10-16,2004-10-29,west_south,2004-08-19,2004-09-01,14.87474774,7.94349194,13.41943563,50.84713651,23.56544290,5.75930863,31
2004-10-15,2004-10-30,2004-11-12,central_north,2004-09-02,2004-09-15,4.48921212,33.16295167,6.31229555,31.04768283,19.67437562,28.17245750,110
2004-10-15,2004-10-30,2004-11-12,central_south,2004-09-02,2004-09-15,12.71796588,32.87245058,14.74579313,57.80584139,24.50008445,21.48107986,72
2004-10-15,2004-10-30,2004-11-12,east_north,2004-09-02,2004-09-15,5.38825232,48.56393141,7.42964787,36.96567248,19.14030716,58.29739404,45
2004-10-15,2004-10-30,2004-11-12,east_south,2004-09-02,2004-09-15,14.26111738,40.17303432,17.41361942,21.87313518,24.55885786,135.21435911,23
2004-10-15,2004-10-30,2004-11-12,west_north,2004-09-02,2004-09-15,2.23733925,45.84385445,4.09559565,19.93385347,15.09822869,15.25251341,95
2004-10-15,2004-10-30,2004-11-12,west_south,2004-09-02,2004-09-15,10.36086655,17.60229114,10.37079110,11.33884441,23.50858397,5.69594714,31
2004-10-29,2004-11-13,2004-11-26,central_north,2004-09-16,2004-09-29,0.51216907,32.03966137,4.19367229,18.30347926,16.80095812,28.10810069,110
2004-10-29,2004-11-13,2004-11-26,central_south,2004-09-16,2004-09-29,10.25150437,45.12266157,12.95532028,95.74102784,23.18408993,43.17154942,72
2004-10-29,2004-11-13,2004-11-26,east_north,2004-09-16,2004-09-29,1.66934254,55.43146560,5.88377503,38.16014650,16.50317976,72.98716761,45
2004-10-29,2004-11-13,2004-11-26,east_south,2004-09-16,2004-09-29,11.64279629,41.64074378,14.46799816,51.40433799,22.70318141,109.21001472,23
2004-10-29,2004-11-13,2004-11-26,west_north,2004-09-16,2004-09-29,0.05802916,36.21956718,1.87307984,15.39676124,12.56499401,17.12107137,95
2004-10-29,2004-11-13,2004-11-26,west_south,2004-09-16,2004-09-29,8.02050478,22.38135399,8.67120535,18.39537140,19.54353196,17.54571936,31
2004-11-12,2004-11-27,2004-12-10,central_north,2004-09-30,2004-10-13,-2.24734674,33.01397689,0.12975414,24.53708710,12.09059160,23.68615179,110
2004-11-12,2004-11-27,2004-12-10,central_south,2004-09-30,2004-10-13,8.09555985,54.80596787,10.17209403,55.56525879,19.95914233,73.22270677,72
2004-11-12,2004-11-27,2004-12-10,east_north,2004-09-30,2004-10-13,0.84078646,55.99298949,3.32984070,65.95750643,12.21141258,9.63239529,45
2004-11-12,2004-11-27,2004-12-10,east_south,2004-09-30,2004-10-13,11.25302579,53.09278990,13.00304243,41.45262131,21.30347739,17.84766920,23
2004-11-12,2004-11-27,2004-12-10,west_north,2004-09-30,2004-10-13,-2.82386604,39.70686718,-2.32661996,37.99144160,11.75612354,9.56287495,95
2004-11-12,2004-11-27,2004-12-10,west_south,2004-09-30,2004-10-13,5.41282238,29.02730034,4.85135048,14.01675168,18.14304845,6.77655291,31
2004-11-26,2004-12-11,2004-12-24,central_north,2004-10-14,2004-10-27,-6.06615708,31.36543895,-4.96028696,7.60049016,9.36122585,29.94909081,110
2004-11-26,2004-12-11,2004-12-24,central_south,2004-10-14,2004-10-27,6.57702953,50.80446972,5.26916518,16.86880031,20.24134450,34.39784954,72
2004-11-26,2004-12-11,2004-12-24,east_north,2004-10-14,2004-10-27,-2.90077989,63.50960929,-2.89831801,38.98192433,9.57009650,44.83100279,45
2004-11-26,2004-12-11,2004-12-24,east_south,2004-10-14,2004-10-27,10.26043357,68.06925322,6.87895406,17.50490058,18.25213594,27.10663725,23
2004-11-26,2004-12-11,2004-12-24,west_north,2004-10-14,2004-10-27,-5.13878560,35.50009393,-0.35993704,8.79065590,6.77616893,47.88689230,95
2004-11-26,2004-12-11,2004-12-24,west_south,2004-10-14,2004-10-27,4.21155853,35.44834086,6.73230305,0.63946941,14.38273763,39.18514586,31
2004-12-10,2004-12-25,2005-01-07,central_north,2004-10-28,2004-11-10,-3.90966729,21.88397064,-4.55328093,29.13332788,8.19024595,29.04737550,110
2004-12-10,2004-12-25,2005-01-07,central_south,2004-10-28,2004-11-10,5.60642222,51.60861621,10.58898064,26.05570266,16.37036660,53.49632155,72
2004-12-10,2004-12-25,2005-01-07,east_north,2004-10-28,2004-11-10,-4.35969877,45.15908306,-0.00256923,40.28572975,8.26130944,34.06987115,45
2004-12-10,2004-12-25,2005-01-07,east_south,2004-10-28,2004-11-10,8.87991980,53.53913858,11.59434581,20.88251092,18.00381111,19.41424797,23
2004-12-10,2004-12-25,2005-01-07,west_north,2004-10-28,2004-11-10,-2.93060595,28.36892602,-3.26887944,36.21561275,4.13787884,23.29720956,95
2004-12-10,2004-12-25,2005-01-07,west_south,2004-10-28,2004-11-10,4.85116897,20.42043515,6.05191393,66.46555809,10.32338314,23.08245669,31
2004-12-24,2005-01-08,2005-01-21,central_north,2004-11-11,2004-11-24,-7.48928986,24.12405124,-7.39985500,16.07818042,4.12717361,22.25402276,110
2004-12-24,2005-01-08,2005-01-21,central_south,2004-11-11,2004-11-24,4.81776431,46.45080152,8.89031800,24.87765987,13.11105701,101.36905023,72
2004-12-24,2005-01-08,2005-01-21,east_north,2004-11-11,2004-11-24,-2.80349878,51.85495672,-3.39280159,49.50658495,6.13733093,26.63319727,45
2004-12-24,2005-01-08,2005-01-21,east_south,2004-11-11,2004-11-24,9.96814726,48.25432831,10.04088270,36.18214872,15.26969876,40.12375626,23
2004-12-24,2005-01-08,2005-01-21,west_north,2004-11-11,2004-11-24,-4.62870416,28.82550929,-2.57818718,37.02303483,2.12919774,11.96970891,95
2004-12-24,2005-01-08,2005-01-21,west_south,2004-11-11,2004-11-24,5.10927715,10.91191444,8.43573867,35.57789281,9.04535430,18.38853802,31
2005-01-07,2005-01-22,2005-02-04,central_north,2004-11-25,2004-12-08,-1.53266427,16.23720514,-1.06770656,6.67068964,0.02004253,26.36514694,110
2005-01-07,2005-01-22,2005-02-04,central_south,2004-11-25,2004-12-08,7.98203660,44.76700758,6.77544158,36.99460355,9.77353361,49.26176276,72
2005-01-07,2005-01-22,2005-02-04,east_north,2004-11-25,2004-12-08,-3.13270948,34.02458693,-7.22019941,15.63701160,3.13091371,72.18952347,45
2005-01-07,2005-01-22,2005-02-04,east_south,2004-11-25,2004-12-08,8.94002702,45.01553890,6.38468970,26.98391543,12.01248415,41.49568892,23
2005-01-07,2005-01-22,2005-02-04,west_north,2004-11-25,2004-12-08,-0.86663985,33.36449430,0.98805064,10.52780114,-2.61143092,30.35960072,95
2005-01-07,2005-01-22,2005-02-04,west_south,2004-11-25,2004-12-08,7.08018636,28.47598093,7.87596609,16.31358744,4.66751246,13.50143287,31
2005-01-21,2005-02-05,2005-02-18,central_north,2004-12-09,2004-12-22,-5.96636211,24.23531081,-1.18830912,20.24862444,-2.44167156,6.35765419,110
2005-01-21,2005-02-05,2005-02-18,central_south,2004-12-09,2004-12-22,6.70324027,52.96539061,10.74671295,28.04793971,7.62596740,13.98228755,72
2005-01-21,2005-02-05,2005-02-18,east_north,2004-12-09,2004-12-22,-6.03625969,51.26326017,0.79381331,33.13859276,-1.96923203,28.76972968,45
2005-01-21,2005-02-05,2005-02-18,east_south,2004-12-09,2004-12-22,7.85872915,53.70713172,10.93391976,12.75098731,7.99468956,22.05982557,23
2005-01-21,2005-02-05,2005-02-18,west_north,2004-12-09,2004-12-22,-0.36720553,27.83766977,-1.22703235,15.90349868,1.04397913,22.53433542,95
2005-01-21,2005-02-05,2005-02-18,west_south,2004-12-09,2004-12-22,8.31052536,28.67975731,8.73793826,39.73129948,7.89463124,1.57298280,31
2005-02-04,2005-02-19,2005-03-04,central_north,2004-12-23,2005-01-05,-0.22558204,25.16899204,-1.19915892,8.01650179,-5.20041024,25.64392791,110
2005-02-04,2005-02-19,2005-03-04,central_south,2004-12-23,2005-01-05,9.40738362,45.72922094,10.99108233,38.64471258,9.20509364,31.98834548,72
2005-02-04,2005-02-19,2005-03-04,east_north,2004-12-23,2005-01-05,-2.48933271,34.46608856,-3.97536110,27.28675630,-0.32382587,44.82018446,45
2005-02-04,2005-02-19,2005-03-04,east_south,2004-12-23,2005-01-05,10.17444563,66.51700773,10.20172305,56.54351977,10.49211090,31.47231729,23
2005-02-04,2005-02-19,2005-03-04,west_north,2004-12-23,2005-01-05,1.62398532,28.55470480,2.03206932,16.50451725,-3.20308997,34.66420354,95
2005-02-04,2005-02-19,2005-03-04,west_south,2004-12-23,2005-01-05,8.25953251,27.09420449,8.81920109,43.88356947,5.78505399,65.30129505,31
2005-02-18,2005-03-05,2005-03-18,central_north,2005-01-06,2005-01-19,0.10791362,24.49784516,0.38021195,5.41865896,-8.66801342,21.46684567,110
2005-02-18,2005-03-05,2005-03-18,central_south,2005-01-06,2005-01-19,10.46690666,42.68452793,11.32545748,24.01633143,8.02191481,30.99702512,72
2005-02-18,2005-03-05,2005-03-18,east_north,2005-01-06,2005-01-19,-2.98347639,48.09233379,-1.48064098,23.66727485,-1.93120132,62.75175732,45
2005-02-18,2005-03-05,2005-03-18,east_south,2005-01-06,2005-01-19,9.93812973,54.01628938,10.80997990,51.65265050,11.34281263,36.82351171,23
2005-02-18,2005-03-05,2005-03-18,west_north,2005-01-06,2005-01-19,3.24213964,30.20469084,4.55165024,5.95627018,-3.75929342,38.91785609,95
2005-02-18,2005-03-05,2005-03-18,west_south,2005-01-06,2005-01-19,10.23198341,22.86801226,10.98708004,10.18882651,7.34925866,36.73479302,31
2005-03-04,2005-03-19,2005-04-01,central_north,2005-01-20,2005-02-02,2.09974129,32.21125759,4.40318855,22.87266970,-1.81315250,6.90003039,110
2005-03-04,2005-03-19,2005-04-01,central_south,2005-01-20,2005-02-02,11.10676828,53.16166069,14.37777380,45.78766851,7.62855929,34.03248741,72
2005-03-04,2005-03-19,2005-04-01,east_north,2005-01-20,2005-02-02,0.79301000,46.06825177,4.65214092,46.94992988,-8.52856719,16.83636279,45
2005-03-04,2005-03-19,2005-04-01,east_south,2005-01-20,2005-02-02,11.23635336,61.37101896,16.14233857,77.70611243,6.41428229,14.90524186,23
2005-03-04,2005-03-19,2005-04-01,west_north,2005-01-20,2005-02-02,3.63236118,38.84365100,3.13089447,50.91581405,1.12575620,10.83528332,95
2005-03-04,2005-03-19,2005-04-01,west_south,2005-01-20,2005-02-02,10.66915685,26.66078840,9.97455131,17.72819128,8.36040255,16.41161212,31
2005-03-18,2005-04-02,2005-04-15,central_north,2005-02-03,2005-02-16,7.13534573,44.50680642,11.15091893,25.27758358,-0.00712214,20.38508159,110
2005-03-18,2005-04-02,2005-04-15,central_south,2005-02-03,2005-02-16,14.97697151,43.19284374,16.76787280,36.54730861,10.42177051,30.73978566,72
2005-03-18,2005-04-02,2005-04-15,east_north,2005-02-03,2005-02-16,5.02169367,62.40418388,9.01889652,45.34310823,1.33487560,31.23141474,45
2005-03-18,2005-04-02,2005-04-15,east_south,2005-02-03,2005-02-16,14.16596247,48.72915674,16.48649038,61.11037152,10.72362418,24.86290019,23
2005-03-18,2005-04-02,2005-04-15,west_north,2005-02-03,2005-02-16,5.97809722,32.71444329,6.13841356,21.50324517,-0.86492617,14.65870485,95
2005-03-18,2005-04-02,2005-04-15,west_south,2005-02-03,2005-02-16,13.21982465,9.98136710,13.22527889,3.09261201,8.27776823,35.08967418,31
2005-04-01,2005-04-16,2005-04-29,central_north,2005-02-17,2005-03-02,10.79426173,62.82663034,9.61691310,26.15153563,-2.10785058,8.13449455,110
2005-04-01,2005-04-16,2005-04-29,central_south,2005-02-17,2005-03-02,18.56230252,69.61000365,17.80193797,15.54084754,10.64133697,35.47240959,72
2005-04-01,2005-04-16,2005-04-29,east_north,2005-02-17,2005-03-02,9.73724296,38.39318883,10.14028432,52.15120484,-3.87325248,30.54263595,45
2005-04-01,2005-04-16,2005-04-29,east_south,2005-02-17,2005-03-02,17.46061519,35.84436882,16.25953818,22.25919323,10.48137553,54.41165646,23
2005-04-01,2005-04-16,2005-04-29,west_north,2005-02-17,2005-03-02,6.93052502,35.88466363,7.70720597,28.98218910,1.36107784,16.89220324,95
2005-04-01,2005-04-16,2005-04-29,west_south,2005-02-17,2005-03-02,14.60314011,7.76774557,14.25751239,13.93135052,8.94980924,47.48866344,31
2005-04-15,2005-04-30,2005-05-13,central_north,2005-03-03,2005-03-16,12.87018614,62.76103253,11.15357292,35.21101411,0.50013932,4.78845756,110
2005-04-15,2005-04-30,2005-05-13,central_south,2005-03-03,2005-03-16,20.57860671,43.28829964,18.68100794,24.02762729,11.51184139,26.04069085,72
2005-04-15,2005-04-30,2005-05-13,east_north,2005-03-03,2005-03-16,11.97815365,55.31783995,10.92850948,21.97930191,-2.40176189,23.32415568,45
2005-04-15,2005-04-30,2005-05-13,east_south,2005-03-03,2005-03-16,19.30143158,38.48346598,18.75725539,44.78876018,10.66850118,31.26965079,23
2005-04-15,2005-04-30,2005-05-13,west_north,2005-03-03,2005-03-16,9.20678050,36.09317310,9.15761424,43.93017569,4.69708175,4.48669819,95
2005-04-15,2005-04-30,2005-05-13,west_south,2005-03-03,2005-03-16,16.43970836,8.12128804,15.71371160,7.04460752,10.92664746,11.22822886,31
2005-04-29,2005-05-14,2005-05-27,central_north,2005-03-17,2005-03-30,16.02716248,58.16773734,15.52179219,28.17160183,3.62115915,19.30336179,110
2005-04-29,2005-05-14,2005-05-27,central_south,2005-03-17,2005-03-30,22.99000822,30.76211080,23.21244006,21.51679462,13.66725152,35.21462350,72
2005-04-29,2005-05-14,2005-05-27,east_north,2005-03-17,2005-03-30,14.56742158,46.38747064,12.80908046,47.05645043,3.50706729,46.69404493,45
2005-04-29,2005-05-14,2005-05-27,east_south,2005-03-17,2005-03-30,21.26741004,40.54524241,21.22842380,33.95555171,14.68484060,91.60326101,23
2005-04-29,2005-05-14,2005-05-27,west_north,2005-03-17,2005-03-30,12.37693666,35.78028722,13.25025435,27.78162445,2.86936122,51.23479529,95
2005-04-29,2005-05-14,2005-05-27,west_south,2005-03-17,2005-03-30,20.04125345,2.15249569,22.16619626,1.34670295,9.98078616,17.65569576,31
2005-05-13,2005-05-28,2005-06-10,central_north,2005-03-31,2005-04-13,17.05169854,64.71289649,17.94413070,54.54258483,10.51249175,29.49473069,110
2005-05-13,2005-05-28,2005-06-10,central_south,2005-03-31,2005-04-13,24.80467879,25.84256250,24.38926871,60.66051319,16.46039854,48.27222689,72
2005-05-13,2005-05-28,2005-06-10,east_north,2005-03-31,2005-04-13,16.74158933,62.80209469,19.14924343,26.06946812,9.15476289,45.66918820,45
2005-05-13,2005-05-28,2005-06-10,east_south,2005-03-31,2005-04-13,23.10373175,51.46770389,23.38284458,101.72352847,17.12677634,64.45048814,23
2005-05-13,2005-05-28,2005-06-10,west_north,2005-03-31,2005-04-13,13.46226405,29.47302936,12.00383906,29.38273171,6.00133869,21.30700764,95
2005-05-13,2005-05-28,2005-06-10,west_south,2005-03-31,2005-04-13,20.84970345,1.04244220,20.18266814,4.06170289,12.40640644,3.15732749,31
2005-05-27,2005-06-11,2005-06-24,central_north,2005-04-14,2005-04-27,20.46896390,57.10188183,21.30120382,42.03459627,10.52848150,23.68854454,110
2005-05-27,2005-06-11,2005-06-24,central_south,2005-04-14,2005-04-27,26.68412846,17.54445181,26.21260896,27.34698703,17.50450254,14.21810597,72
2005-05-27,2005-06-11,2005-06-24,east_north,2005-04-14,2005-04-27,19.58439807,50.06862751,19.93868716,34.13427323,10.06580901,42.80897049,45
2005-05-27,2005-06-11,2005-06-24,east_south,2005-04-14,2005-04-27,24.60364789,58.53366890,25.08649764,56.74381347,15.79862046,25.85236966,23
2005-05-27,2005-06-11,2005-06-24,west_north,2005-04-14,2005-04-27,15.33971640,21.71017254,16.10683245,17.60226906,7.66266118,25.11464123,95
2005-05-27,2005-06-11,2005-06-24,west_south,2005-04-14,2005-04-27,23.04114738,1.45680605,23.66676728,2.71353067,14.59481381,9.84816253,31
2005-06-10,2005-06-25,2005-07-08,central_north,2005-04-28,2005-05-11,21.44794620,48.04064401,22.27241176,37.90185079,10.25349669,20.36229553,110
2005-06-10,2005-06-25,2005-07-08,central_south,2005-04-28,2005-05-11,27.04068016,33.97268221,27.64109143,37.25436493,18.04070528,24.01078722,72
2005-06-10,2005-06-25,2005-07-08,east_north,2005-04-28,2005-05-11,20.34338948,53.79361918,22.51627779,47.40142023,10.49871776,30.19795277,45
2005-06-10,2005-06-25,2005-07-08,east_south,2005-04-28,2005-05-11,25.18133553,58.28546883,26.48407027,92.86388502,17.99837852,44.35032523,23
2005-06-10,2005-06-25,2005-07-08,west_north,2005-04-28,2005-05-11,18.41600839,19.14567701,18.35662310,10.88575416,8.54313085,44.65912718,95
2005-06-10,2005-06-25,2005-07-08,west_south,2005-04-28,2005-05-11,25.73670889,1.55982778,25.36847300,1.68787333,15.21865408,11.03738950,31
2005-06-24,2005-07-09,2005-07-22,central_north,2005-05-12,2005-05-25,22.02238127,39.52875994,24.86585343,25.45925453,15.04475369,41.96099362,110
2005-06-24,2005-07-09,2005-07-22,central_south,2005-05-12,2005-05-25,26.42093690,52.24748917,27.70465032,55.73181002,23.47574410,17.66990357,72
2005-06-24,2005-07-09,2005-07-22,east_north,2005-05-12,2005-05-25,21.66105803,46.78048617,23.94771534,50.92668249,12.31477317,42.56377149,45
2005-06-24,2005-07-09,2005-07-22,east_south,2005-05-12,2005-05-25,25.30897360,79.00430243,27.44406173,87.53784651,21.39423290,34.65856303,23
2005-06-24,2005-07-09,2005-07-22,west_north,2005-05-12,2005-05-25,20.62458072,13.79417488,21.95148830,5.70513566,12.47879172,33.05833816,95
2005-06-24,2005-07-09,2005-07-22,west_south,2005-05-12,2005-05-25,26.07059846,9.61796048,28.39251035,4.20651094,21.25796364,1.12032124,31
2005-07-08,2005-07-23,2005-08-05,central_north,2005-05-26,2005-06-08,23.13256912,42.42975536,23.27808288,30.13752643,17.13385699,49.09166320,110
2005-07-08,2005-07-23,2005-08-05,central_south,2005-05-26,2005-06-08,27.02443546,38.70268772,27.25727341,28.84875316,23.70465867,60.55192631,72
2005-07-08,2005-07-23,2005-08-05,east_north,2005-05-26,2005-06-08,22.04939100,52.16123973,22.94388272,31.03826161,17.85957769,27.57033228,45
2005-07-08,2005-07-23,2005-08-05,east_south,2005-05-26,2005-06-08,25.74179778,67.14143847,27.37930401,62.76964368,22.73219442,90.92934391,23
2005-07-08,2005-07-23,2005-08-05,west_north,2005-05-26,2005-06-08,20.48811360,9.92479951,21.04580015,10.89903913,12.41734777,26.16328821,95
2005-07-08,2005-07-23,2005-08-05,west_south,2005-05-26,2005-06-08,26.80994043,5.10899609,26.08165396,26.98411308,20.56440966,4.14232895,31
2005-07-22,2005-08-06,2005-08-19,central_north,2005-06-09,2005-06-22,21.85324059,49.92862140,22.08861185,45.55769607,20.58608636,49.70124047,110
2005-07-22,2005-08-06,2005-08-19,central_south,2005-06-09,2005-06-22,26.99297705,30.01846153,27.32148395,53.62217559,26.11329771,32.76685741,72
2005-07-22,2005-08-06,2005-08-19,east_north,2005-06-09,2005-06-22,20.68115660,39.82738548,22.90004085,32.06297624,20.47946369,38.02622903,45
2005-07-22,2005-08-06,2005-08-19,east_south,2005-06-09,2005-06-22,25.91880150,39.63117037,27.25841550,69.24572518,25.14576016,62.85933013,23
2005-07-22,2005-08-06,2005-08-19,west_north,2005-06-09,2005-06-22,19.90281650,13.45923127,19.41629269,12.89560923,15.28377758,19.31118134,95
2005-07-22,2005-08-06,2005-08-19,west_south,2005-06-09,2005-06-22,25.82379503,8.64330049,24.28942012,31.00320182,23.01059284,1.58656120,31
2005-08-05,2005-08-20,2005-09-02,central_north,2005-06-23,2005-07-06,20.22493413,51.15249445,20.55488627,31.74577705,22.45209640,38.17848326,110
2005-08-05,2005-08-20,2005-09-02,central_south,2005-06-23,2005-07-06,26.28150014,22.15303616,27.48183228,46.84883562,27.62814643,28.74397671,72
2005-08-05,2005-08-20,2005-09-02,east_north,2005-06-23,2005-07-06,20.64611583,37.28777939,21.09417555,59.81317121,22.54543419,34.24057550,45
2005-08-05,2005-08-20,2005-09-02,east_south,2005-06-23,2005-07-06,25.18125644,49.29418860,27.08674405,52.91915809,26.31754814,83.52648007,23
2005-08-05,2005-08-20,2005-09-02,west_north,2005-06-23,2005-07-06,17.05190307,15.96967211,18.26649338,3.93692424,17.95020797,12.39904117,95
2005-08-05,2005-08-20,2005-09-02,west_south,2005-06-23,2005-07-06,24.22846870,8.11521463,25.29748682,7.26149197,25.18522667,3.03043513,31
2005-08-19,2005-09-03,2005-09-16,central_north,2005-07-07,2005-07-20,17.97315082,35.60897141,20.91690979,27.13678209,24.56785681,21.04262190,110
2005-08-19,2005-09-03,2005-09-16,central_south,2005-07-07,2005-07-20,25.32542815,10.73237352,25.54306370,20.33512714,27.49317062,58.07061015,72
2005-08-19,2005-09-03,2005-09-16,east_north,2005-07-07,2005-07-20,17.77253387,33.97403931,19.61044479,11.18197096,23.35181300,60.73485702,45
2005-08-19,2005-09-03,2005-09-16,east_south,2005-07-07,2005-07-20,23.70293436,37.42214911,24.96024387,19.69839397,27.13875811,97.26867581,23
2005-08-19,2005-09-03,2005-09-16,west_north,2005-07-07,2005-07-20,15.76034304,9.61895281,14.83082996,8.89393418,21.54928098,5.56324836,95
2005-08-19,2005-09-03,2005-09-16,west_south,2005-07-07,2005-07-20,23.79013296,2.65567745,21.87612824,7.97160042,27.98895051,3.18760668,31
2005-09-02,2005-09-17,2005-09-30,central_north,2005-07-21,2005-08-03,14.53727720,38.50020242,17.14033646,33.13464002,23.85316588,30.46330625,110
2005-09-02,2005-09-17,2005-09-30,central_south,2005-07-21,2005-08-03,22.05460482,20.07761960,26.03697739,42.78180412,27.50913498,28.57797127,72
2005-09-02,2005-09-17,2005-09-30,east_north,2005-07-21,2005-08-03,13.84395084,35.99705935,17.62835017,45.45914355,22.90531712,33.74435233,45
2005-09-02,2005-09-17,2005-09-30,east_south,2005-07-21,2005-08-03,21.10677219,22.34184341,25.45419629,29.08013588,27.57713398,62.16834960,23
2005-09-02,2005-09-17,2005-09-30,west_north,2005-07-21,2005-08-03,12.47316522,21.13443940,12.67968156,14.40725360,21.35013645,9.80345783,95
2005-09-02,2005-09-17,2005-09-30,west_south,2005-07-21,2005-08-03,20.07766408,5.45285460,21.84690347,6.07333833,26.56795945,23.86011564,31
2005-09-16,2005-10-01,2005-10-14,central_north,2005-08-04,2005-08-17,12.45313719,39.53922924,13.09629137,29.23855876,21.92041848,39.70420391,110
2005-09-16,2005-10-01,2005-10-14,central_south,2005-08-04,2005-08-17,20.13106943,23.77124903,20.76940220,30.54001655,27.03507070,56.76296086,72
2005-09-16,2005-10-01,2005-10-14,east_north,2005-08-04,2005-08-17,12.80769974,23.27638603,15.66172139,82.13300157,23.38089728,29.47084227,45
2005-09-16,2005-10-01,2005-10-14,east_south,2005-08-04,2005-08-17,19.86570728,38.40930738,23.05844901,87.44743467,27.17786997,64.90770516,23
2005-09-16,2005-10-01,2005-10-14,west_north,2005-08-04,2005-08-17,8.39627778,33.09598281,9.13446723,23.15381722,19.98916633,12.00844724,95
2005-09-16,2005-10-01,2005-10-14,west_south,2005-08-04,2005-08-17,17.18274720,7.06606504,18.15956747,5.40762657,24.55384312,33.97449106,31
2005-09-30,2005-10-15,2005-10-28,central_north,2005-08-18,2005-08-31,7.61215762,24.15458624,9.17896410,11.87935458,21.00182855,42.20231541,110
2005-09-30,2005-10-15,2005-10-28,central_south,2005-08-18,2005-08-31,15.61816083,21.52485597,16.49414428,3.58395405,27.84904969,47.63234858,72
2005-09-30,2005-10-15,2005-10-28,east_north,2005-08-18,2005-08-31,7.72329401,39.56465452,8.53755257,75.72567568,21.08924164,55.19341937,45
2005-09-30,2005-10-15,2005-10-28,east_south,2005-08-18,2005-08-31,15.74776352,17.63213052,16.80970814,30.06301411,27.30895077,59.02366990,23
2005-09-30,2005-10-15,2005-10-28,west_north,2005-08-18,2005-08-31,6.65289419,27.66685840,9.79988226,12.00200007,18.23472041,6.03996260,95
2005-09-30,2005-10-15,2005-10-28,west_south,2005-08-18,2005-08-31,14.78048908,10.93125474,15.50127784,17.24168149,25.19238828,7.10475594,31
2005-10-14,2005-10-29,2005-11-11,central_north,2005-09-01,2005-09-14,5.12468675,36.57242626,8.96548319,13.77450934,21.25814495,21.60883039,110
2005-10-14,2005-10-29,2005-11-11,central_south,2005-09-01,2005-09-14,14.12967412,28.08672478,17.10513437,11.04996135,25.66780046,13.64830819,72
2005-10-14,2005-10-29,2005-11-11,east_north,2005-09-01,2005-09-14,5.77355105,60.81749109,9.29688303,24.75774036,19.55849151,11.56512817,45
2005-10-14,2005-10-29,2005-11-11,east_south,2005-09-01,2005-09-14,14.29455157,34.91048489,16.03971041,6.06702466,24.86426816,18.70160697,23
2005-10-14,2005-10-29,2005-11-11,west_north,2005-09-01,2005-09-14,3.16054265,43.82899690,5.58614689,38.89075618,15.45626643,8.72954638,95
2005-10-14,2005-10-29,2005-11-11,west_south,2005-09-01,2005-09-14,12.08244418,8.11365358,14.31512829,2.27869275,22.55078370,9.32485693,31
2005-10-28,2005-11-12,2005-11-25,central_north,2005-09-15,2005-09-28,3.59493749,22.73939763,2.05993152,21.10375044,17.59962645,33.98151493,110
2005-10-28,2005-11-12,2005-11-25,central_south,2005-09-15,2005-09-28,13.04161466,15.21571542,11.65623060,17.65523553,26.67519033,49.04511142,72
2005-10-28,2005-11-12,2005-11-25,east_north,2005-09-15,2005-09-28,4.00678591,43.91055221,3.47241302,49.46787070,18.88295408,45.48608282,45
2005-10-28,2005-11-12,2005-11-25,east_south,2005-09-15,2005-09-28,12.84453282,18.83804944,13.09690516,43.14873765,25.93820806,28.64275461,23
2005-10-28,2005-11-12,2005-11-25,west_north,2005-09-15,2005-09-28,2.60401424,39.68060179,1.96995815,12.69083206,12.55571849,11.34383136,95
2005-10-28,2005-11-12,2005-11-25,west_south,2005-09-15,2005-09-28,11.00857028,8.38407059,10.82126945,0.70083333,21.70902651,3.46565838,31
2005-11-11,2005-11-26,2005-12-09,central_north,2005-09-29,2005-10-12,-2.59614851,23.49264736,-7.09601348,22.41298972,13.09620090,33.59591013,110
2005-11-11,2005-11-26,2005-12-09,central_south,2005-09-29,2005-10-12,7.42192830,23.97672513,7.13041300,28.04647771,20.89301113,29.04441862,72
2005-11-11,2005-11-26,2005-12-09,east_north,2005-09-29,2005-10-12,-0.95568363,50.63711942,-0.19171501,48.88936322,15.46229936,79.03830959,45
2005-11-11,2005-11-26,2005-12-09,east_south,2005-09-29,2005-10-12,8.98901450,41.33087580,10.83663371,66.09019246,23.37812644,91.71465191,23
2005-11-11,2005-11-26,2005-12-09,west_north,2005-09-29,2005-10-12,0.30874254,27.52746036,-5.20809156,38.37546837,9.55245981,25.94964254,95
2005-11-11,2005-11-26,2005-12-09,west_south,2005-09-29,2005-10-12,8.33416130,10.54448093,5.81650236,4.22053368,18.61894795,7.95133737,31
2005-11-25,2005-12-10,2005-12-23,central_north,2005-10-13,2005-10-26,-1.56754116,28.57946523,-3.99391559,7.43093215,9.96721839,12.83869066,110
2005-11-25,2005-12-10,2005-12-23,central_south,2005-10-13,2005-10-26,8.59574994,53.57107756,6.17699221,18.48292097,17.45210944,6.57617204,72
2005-11-25,2005-12-10,2005-12-23,east_north,2005-10-13,2005-10-26,-0.59505423,41.86321362,-4.26291777,24.04034878,9.91989667,85.92193825,45
2005-11-25,2005-12-10,2005-12-23,east_south,2005-10-13,2005-10-26,10.34911644,37.08395023,6.73834032,33.89964598,18.15007114,31.68566737,23
2005-11-25,2005-12-10,2005-12-23,west_north,2005-10-13,2005-10-26,-1.57171892,41.02476865,-3.53945310,29.58333703,10.32077366,8.47023690,95
2005-11-25,2005-12-10,2005-12-23,west_south,2005-10-13,2005-10-26,6.22244383,16.35936120,6.69806965,3.48929077,15.94297276,17.16986258,31
2005-12-09,2005-12-24,2006-01-06,central_north,2005-10-27,2005-11-09,-3.13774639,23.73105018,1.90183126,12.13182761,8.97264786,13.68528462,110
2005-12-09,2005-12-24,2006-01-06,central_south,2005-10-27,2005-11-09,7.69761820,28.97161347,11.75775628,7.96741304,16.81509778,12.22489280,72
2005-12-09,2005-12-24,2006-01-06,east_north,2005-10-27,2005-11-09,-4.36906201,43.50774833,1.21987609,46.87060309,9.22189770,16.81223223,45
2005-12-09,2005-12-24,2006-01-06,east_south,2005-10-27,2005-11-09,8.55618111,44.62048350,10.67818554,45.25168173,15.77840515,5.54710626,23
2005-12-09,2005-12-24,2006-01-06,west_north,2005-10-27,2005-11-09,-0.99046845,47.94489877,2.14443924,74.22322862,5.76018678,42.00195847,95
2005-12-09,2005-12-24,2006-01-06,west_south,2005-10-27,2005-11-09,6.92505402,26.36732816,9.16712804,19.34539093,14.33516581,0.60421741,31
2005-12-23,2006-01-07,2006-01-20,central_north,2005-11-10,2005-11-23,-4.75177115,23.56922030,0.81913814,10.28124837,3.60275056,20.53224264,110
2005-12-23,2006-01-07,2006-01-20,central_south,2005-11-10,2005-11-23,7.64057654,48.36809665,10.54934048,25.32532697,12.11131604,18.06991633,72
2005-12-23,2006-01-07,2006-01-20,east_north,2005-11-10,2005-11-23,-4.67160260,45.06254441,1.99780790,50.99779337,4.70551466,54.71901266,45
2005-12-23,2006-01-07,2006-01-20,east_south,2005-11-10,2005-11-23,9.21374620,52.67897279,11.10634568,26.52020463,13.32120540,44.12605892,23
2005-12-23,2006-01-07,2006-01-20,west_north,2005-11-10,2005-11-23,-3.81774270,31.07270382,-0.13834995,46.52787991,2.61420858,12.47220986,95
2005-12-23,2006-01-07,2006-01-20,west_south,2005-11-10,2005-11-23,5.11836448,13.60884534,6.33842840,2.80254033,11.26164278,2.51701250,31
2006-01-06,2006-01-21,2006-02-03,central_north,2005-11-24,2005-12-07,-2.98561813,25.00996460,0.82321550,15.72373752,-5.89997886,20.56502020,110
2006-01-06,2006-01-21,2006-02-03,central_south,2005-11-24,2005-12-07,8.13934344,46.94682499,10.46600386,47.47599652,8.91447324,23.97379796,72
2006-01-06,2006-01-21,2006-02-03,east_north,2005-11-24,2005-12-07,-1.95492650,56.58749082,1.73107996,33.47761089,-0.00727615,46.15615683,45
2006-01-06,2006-01-21,2006-02-03,east_south,2005-11-24,2005-12-07,10.74603443,52.56979685,11.75011327,35.31635526,11.27876465,49.97354518,23
2006-01-06,2006-01-21,2006-02-03,west_north,2005-11-24,2005-12-07,-3.53391614,30.16766700,-0.17562254,33.90566742,-3.87549659,38.44483963,95
2006-01-06,2006-01-21,2006-02-03,west_south,2005-11-24,2005-12-07,5.40044987,7.10895593,6.87956517,2.57351056,6.77637510,4.01167876,31
2006-01-20,2006-02-04,2006-02-17,central_north,2005-12-08,2005-12-21,-3.17409814,28.17802587,-4.55831887,8.65083578,-5.93686437,9.73734243,110
2006-01-20,2006-02-04,2006-02-17,central_south,2005-12-08,2005-12-21,8.25337720,55.50506843,7.89730990,19.12312587,4.92503474,22.55992727,72
2006-01-20,2006-02-04,2006-02-17,east_north,2005-12-08,2005-12-21,-3.21547658,31.48385309,-1.14453192,33.03785090,-4.87371321,30.48689379,45
2006-01-20,2006-02-04,2006-02-17,east_south,2005-12-08,2005-12-21,9.39062035,37.80205547,7.73992985,32.65245962,7.28332633,50.08823441,23
2006-01-20,2006-02-04,2006-02-17,west_north,2005-12-08,2005-12-21,-2.28257645,34.20716074,-2.16346300,8.89916456,-5.25695542,18.34141083,95
2006-01-20,2006-02-04,2006-02-17,west_south,2005-12-08,2005-12-21,6.49593500,34.57122615,8.64420211,0.16945948,5.72612868,3.46426915,31
2006-02-03,2006-02-18,2006-03-03,central_north,2005-12-22,2006-01-04,-4.54283241,27.14219344,-2.81799697,2.87627836,2.31949442,11.83207094,110
2006-02-03,2006-02-18,2006-03-03,central_south,2005-12-22,2006-01-04,9.14399019,56.59661246,10.20703728,25.55106907,11.84219521,7.96438144,72
2006-02-03,2006-02-18,2006-03-03,east_north,2005-12-22,2006-01-04,-6.57449380,41.57202409,-3.75684178,9.77866345,1.17359154,44.28166824,45
2006-02-03,2006-02-18,2006-03-03,east_south,2005-12-22,2006-01-04,8.55593385,64.53139905,11.78991792,31.78473449,10.07646274,44.71835520,23
2006-02-03,2006-02-18,2006-03-03,west_north,2005-12-22,2006-01-04,-0.08686063,29.93613927,-0.68328424,25.20665916,2.57418740,84.60278478,95
2006-02-03,2006-02-18,2006-03-03,west_south,2005-12-22,2006-01-04,9.45006540,25.43890983,8.66173295,12.87087581,9.41788685,19.58014930,31
2006-02-17,2006-03-04,2006-03-17,central_north,2006-01-05,2006-01-18,0.79625549,37.25750227,2.66594810,30.14751258,0.83961529,9.99831899,110
2006-02-17,2006-03-04,2006-03-17,central_south,2006-01-05,2006-01-18,12.48999687,43.03776915,16.08507089,16.11599627,9.84130330,25.30482451,72
2006-02-17,2006-03-04,2006-03-17,east_north,2006-01-05,2006-01-18,0.04335528,49.26276568,3.87043120,29.95968735,1.24429894,45.05896886,45
2006-02-17,2006-03-04,2006-03-17,east_south,2006-01-05,2006-01-18,12.13363946,43.09185957,14.85073757,7.98058844,10.93415446,26.58333328,23
2006-02-17,2006-03-04,2006-03-17,west_north,2006-01-05,2006-01-18,0.72085761,35.84025035,-0.31152605,30.85676468,0.43600881,43.27133902,95
2006-02-17,2006-03-04,2006-03-17,west_south,2006-01-05,2006-01-18,9.93160309,17.39411190,7.70394793,17.11911272,7.02921528,2.16410487,31
2006-03-03,2006-03-18,2006-03-31,central_north,2006-01-19,2006-02-01,3.51518816,45.22847435,2.44748279,22.29326652,0.70946864,14.64831041,110
2006-03-03,2006-03-18,2006-03-31,central_south,2006-01-19,2006-02-01,14.66132112,56.58735591,12.30846134,47.08205751,10.52518232,36.08484754,72
2006-03-03,2006-03-18,2006-03-31,east_north,2006-01-19,2006-02-01,4.20675059,53.33440598,3.04732469,4.96502512,1.75742390,35.94529614,45
2006-03-03,2006-03-18,2006-03-31,east_south,2006-01-19,2006-02-01,15.23068952,70.12711593,11.91154368,20.88477278,11.31566073,22.12821712,23
2006-03-03,2006-03-18,2006-03-31,west_north,2006-01-19,2006-02-01,1.05201723,43.27718046,3.29628461,29.24680183,-0.83295509,32.64984827,95
2006-03-03,2006-03-18,2006-03-31,west_south,2006-01-19,2006-02-01,9.90538277,17.92830573,9.97980060,17.24931020,6.09750556,3.16591577,31
2006-03-17,2006-04-01,2006-04-14,central_north,2006-02-02,2006-02-15,3.85961246,43.33086008,11.03794526,24.79518681,-2.81084208,5.78105303,110
2006-03-17,2006-04-01,2006-04-14,central_south,2006-02-02,2006-02-15,14.15271765,66.68699832,19.69637485,11.38570177,8.10782946,29.06253166,72
2006-03-17,2006-04-01,2006-04-14,east_north,2006-02-02,2006-02-15,3.35077381,58.35610702,8.99041824,38.04891577,-1.24412896,33.93192454,45
2006-03-17,2006-04-01,2006-04-14,east_south,2006-02-02,2006-02-15,14.10019792,78.57654931,17.98168304,23.37866052,7.58959454,46.05956244,23
2006-03-17,2006-04-01,2006-04-14,west_north,2006-02-02,2006-02-15,4.78818826,29.69803208,7.16284333,40.83817985,-0.44604704,14.32547054,95
2006-03-17,2006-04-01,2006-04-14,west_south,2006-02-02,2006-02-15,13.24943708,7.55525698,13.96878702,17.32590114,9.20038006,0.18363175,31
2006-03-31,2006-04-15,2006-04-28,central_north,2006-02-16,2006-03-01,10.32844585,50.37304616,11.89455694,22.51707226,-4.46566773,6.92416149,110
2006-03-31,2006-04-15,2006-04-28,central_south,2006-02-16,2006-03-01,18.14268740,60.05838163,21.37917084,30.07777409,9.56828789,26.91009876,72
2006-03-31,2006-04-15,2006-04-28,east_north,2006-02-16,2006-03-01,9.23969639,42.85159516,11.32252293,43.93610664,-2.64375959,12.05109865,45
2006-03-31,2006-04-15,2006-04-28,east_south,2006-02-16,2006-03-01,17.39681384,40.54964696,21.11265893,44.39140421,11.65882862,32.01718561,23
2006-03-31,2006-04-15,2006-04-28,west_north,2006-02-16,2006-03-01,6.44027686,30.33128922,7.76673663,20.08776859,-2.32133878,23.88278109,95
2006-03-31,2006-04-15,2006-04-28,west_south,2006-02-16,2006-03-01,14.20588183,5.09664256,14.62361827,3.99815352,8.13108828,11.68806475,31
2006-04-14,2006-04-29,2006-05-12,central_north,2006-03-02,2006-03-15,12.80537257,45.07911602,11.87256593,48.15217717,2.62958690,30.00137434,110
2006-04-14,2006-04-29,2006-05-12,central_south,2006-03-02,2006-03-15,20.01688222,38.79549083,20.72684541,72.07897423,16.13813600,15.97978721,72
2006-04-14,2006-04-29,2006-05-12,east_north,2006-03-02,2006-03-15,10.98797867,41.30456592,12.99061725,32.36557155,3.37107217,32.73060961,45
2006-04-14,2006-04-29,2006-05-12,east_south,2006-03-02,2006-03-15,18.77149795,38.33387470,19.15238313,34.75314382,15.00866702,7.94436431,23
2006-04-14,2006-04-29,2006-05-12,west_north,2006-03-02,2006-03-15,10.12942303,32.61513338,10.18728061,7.88267527,-0.39680340,29.68082606,95
2006-04-14,2006-04-29,2006-05-12,west_south,2006-03-02,2006-03-15,16.82827046,4.52053555,18.90264080,1.03567963,7.70717998,18.24833366,31
2006-04-28,2006-05-13,2006-05-26,central_north,2006-03-16,2006-03-29,16.26847154,53.03300005,16.16289975,21.80093441,1.04588353,14.80017735,110
2006-04-28,2006-05-13,2006-05-26,central_south,2006-03-16,2006-03-29,23.19260172,27.62995576,23.46083651,7.50321001,11.60169015,45.39396995,72
2006-04-28,2006-05-13,2006-05-26,east_north,2006-03-16,2006-03-29,14.63607588,38.29917471,12.90206515,57.30361661,1.59169801,5.38867081,45
2006-04-28,2006-05-13,2006-05-26,east_south,2006-03-16,2006-03-29,21.26175059,43.17242226,21.02197711,27.44394656,11.47016795,20.92713973,23
2006-04-28,2006-05-13,2006-05-26,west_north,2006-03-16,2006-03-29,12.13464476,25.75684644,15.91594732,16.52875566,2.94419778,27.26746030,95
2006-04-28,2006-05-13,2006-05-26,west_south,2006-03-16,2006-03-29,19.23805328,3.37265254,22.23783594,5.36065019,9.80563900,14.71325390,31
2006-05-12,2006-05-27,2006-06-09,central_north,2006-03-30,2006-04-12,18.98288349,60.02776623,21.15358816,26.21847021,9.94852054,31.76235752,110
2006-05-12,2006-05-27,2006-06-09,central_south,2006-03-30,2006-04-12,25.35931901,23.81819655,25.77519594,27.73436213,19.31640576,13.20999219,72
2006-05-12,2006-05-27,2006-06-09,east_north,2006-03-30,2006-04-12,18.18084351,47.95363692,19.07586427,54.21765748,8.49457328,34.38747799,45
2006-05-12,2006-05-27,2006-06-09,east_south,2006-03-30,2006-04-12,23.90715133,47.37009328,24.36153483,32.67685044,17.54645247,23.31094013,23
2006-05-12,2006-05-27,2006-06-09,west_north,2006-03-30,2006-04-12,14.24720526,20.26774577,15.05810723,22.05670673,6.37892464,43.99268937,95
2006-05-12,2006-05-27,2006-06-09,west_south,2006-03-30,2006-04-12,21.87942221,1.92356808,23.03578872,3.14935259,13.03827618,19.73100272,31
2006-05-26,2006-06-10,2006-06-23,central_north,2006-04-13,2006-04-26,21.65757399,46.50595367,20.74686976,34.67838517,12.73603441,22.94035271,110
2006-05-26,2006-06-10,2006-06-23,central_south,2006-04-13,2006-04-26,26.51449465,23.30588406,27.28357560,32.27758983,22.01717259,28.22853067,72
2006-05-26,2006-06-10,2006-06-23,east_north,2006-04-13,2006-04-26,19.21615498,38.17628465,19.38496685,41.64754733,12.15356956,47.27819871,45
2006-05-26,2006-06-10,2006-06-23,east_south,2006-04-13,2006-04-26,25.15124639,39.66397939,25.38432340,61.83178888,21.55120895,29.16484483,23
2006-05-26,2006-06-10,2006-06-23,west_north,2006-04-13,2006-04-26,16.28868212,24.86275393,16.52408822,16.25180506,7.56227731,22.33846119,95
2006-05-26,2006-06-10,2006-06-23,west_south,2006-04-13,2006-04-26,23.41256908,3.36846351,24.95150930,0.75065944,15.01977445,3.58341268,31
2006-06-09,2006-06-24,2006-07-07,central_north,2006-04-27,2006-05-10,23.20895808,36.62302611,21.59848107,21.58741288,12.19226947,38.50218996,110
2006-06-09,2006-06-24,2006-07-07,central_south,2006-04-27,2006-05-10,27.05717508,36.98118482,26.00076331,38.80491668,20.68771121,66.34226910,72
2006-06-09,2006-06-24,2006-07-07,east_north,2006-04-27,2006-05-10,21.11532477,49.61315855,21.05110016,95.94405776,12.40597726,13.77681961,45
2006-06-09,2006-06-24,2006-07-07,east_south,2006-04-27,2006-05-10,26.10406829,51.58942637,25.99730179,80.08034628,18.98087697,42.58790083,23
2006-06-09,2006-06-24,2006-07-07,west_north,2006-04-27,2006-05-10,19.22380106,15.96462178,20.78485492,9.76267812,10.05415509,7.64471689,95
2006-06-09,2006-06-24,2006-07-07,west_south,2006-04-27,2006-05-10,25.14510014,9.38407670,26.31570805,14.37785456,18.03352009,1.66372943,31
2006-06-23,2006-07-08,2006-07-21,central_north,2006-05-11,2006-05-24,23.61502958,43.09542404,24.59927437,33.17278936,14.54861013,25.68642398,110
2006-06-23,2006-07-08,2006-07-21,central_south,2006-05-11,2006-05-24,27.65246749,32.22645747,28.98442767,19.03292868,22.20819710,13.85208542,72
2006-06-23,2006-07-08,2006-07-21,east_north,2006-05-11,2006-05-24,21.69205801,60.88992876,23.45391254,43.09380088,12.19120679,71.22955933,45
2006-06-23,2006-07-08,2006-07-21,east_south,2006-05-11,2006-05-24,26.39961963,65.73386582,26.99286849,38.33879055,20.09048266,31.15333724,23
2006-06-23,2006-07-08,2006-07-21,west_north,2006-05-11,2006-05-24,20.61551525,13.54294741,21.95509196,7.42055739,15.68111081,14.96201780,95
2006-06-23,2006-07-08,2006-07-21,west_south,2006-05-11,2006-05-24,26.61575123,5.93801645,27.94194909,12.50201458,22.03844682,5.36043677,31
2006-07-07,2006-07-22,2006-08-04,central_north,2006-05-25,2006-06-07,24.27418197,40.26192631,25.15292770,33.57008246,21.15968690,30.92524272,110
2006-07-07,2006-07-22,2006-08-04,central_south,2006-05-25,2006-06-07,27.63185328,34.19748335,28.22427012,38.21066631,25.87141783,28.74611581,72
2006-07-07,2006-07-22,2006-08-04,east_north,2006-05-25,2006-06-07,22.18679022,44.25189513,24.03748379,58.17551784,19.16531340,48.22595963,45
2006-07-07,2006-07-22,2006-08-04,east_south,2006-05-25,2006-06-07,26.29319381,77.38828852,27.90192967,55.07134740,24.43570199,34.07831199,23
2006-07-07,2006-07-22,2006-08-04,west_north,2006-05-25,2006-06-07,20.82104664,17.77005054,22.04292113,8.72062026,14.76302832,19.62606039,95
2006-07-07,2006-07-22,2006-08-04,west_south,2006-05-25,2006-06-07,26.00349875,19.79618284,26.54751927,33.16376454,22.79890146,0.70933539,31
2006-07-21,2006-08-05,2006-08-18,central_north,2006-06-08,2006-06-21,22.38006722,39.79718015,23.12613272,39.18540082,20.79905940,29.48292445,110
2006-07-21,2006-08-05,2006-08-18,central_south,2006-06-08,2006-06-21,26.86804204,35.21799723,28.79395263,34.59011400,27.20703811,27.21955039,72
2006-07-21,2006-08-05,2006-08-18,east_north,2006-06-08,2006-06-21,20.62733725,38.52152094,20.81351183,16.61439688,18.69837600,41.69450310,45
2006-07-21,2006-08-05,2006-08-18,east_south,2006-06-08,2006-06-21,25.35656073,53.26572330,26.98374414,56.60592662,25.02611636,60.83219182,23
2006-07-21,2006-08-05,2006-08-18,west_north,2006-06-08,2006-06-21,20.10698784,14.25797583,19.43642721,9.17378219,16.21038401,20.61172878,95
2006-07-21,2006-08-05,2006-08-18,west_south,2006-06-08,2006-06-21,25.99993702,11.87077723,24.78285954,29.56390369,24.58063138,2.97616659,31
2006-08-04,2006-08-19,2006-09-01,central_north,2006-06-22,2006-07-05,20.72095979,46.29616752,20.52781041,41.82644251,21.33552763,27.66334238,110
2006-08-04,2006-08-19,2006-09-01,central_south,2006-06-22,2006-07-05,26.09292569,40.76166008,27.26512752,43.23000700,26.22142730,32.09891132,72
2006-08-04,2006-08-19,2006-09-01,east_north,2006-06-22,2006-07-05,19.53136384,31.09052884,20.03828962,62.35796736,21.55958108,97.14808193,45
2006-08-04,2006-08-19,2006-09-01,east_south,2006-06-22,2006-07-05,24.82246700,51.14729579,26.68713139,99.22750528,26.39929154,68.58680995,23
2006-08-04,2006-08-19,2006-09-01,west_north,2006-06-22,2006-07-05,17.95403170,16.26887371,18.34528895,5.58593133,20.58796797,6.78859201,95
2006-08-04,2006-08-19,2006-09-01,west_south,2006-06-22,2006-07-05,23.89265207,13.49370177,24.64075094,16.05324817,26.59867132,10.39939037,31
2006-08-18,2006-09-02,2006-09-15,central_north,2006-07-06,2006-07-19,18.31867532,37.31768727,17.44042538,29.30950314,24.45649206,27.71101843,110
2006-08-18,2006-09-02,2006-09-15,central_south,2006-07-06,2006-07-19,24.46103089,28.00549632,23.52257365,38.19984997,28.41952387,28.29828076,72
2006-08-18,2006-09-02,2006-09-15,east_north,2006-07-06,2006-07-19,17.62339754,40.98086862,16.96870273,64.03141324,22.69046500,49.28583681,45
2006-08-18,2006-09-02,2006-09-15,east_south,2006-07-06,2006-07-19,23.36369424,70.64534743,23.97985003,73.67648356,26.53632137,44.55280047,23
2006-08-18,2006-09-02,2006-09-15,west_north,2006-07-06,2006-07-19,15.64990363,14.81775109,16.87423448,7.76226495,21.35161537,9.34642942,95
2006-08-18,2006-09-02,2006-09-15,west_south,2006-07-06,2006-07-19,23.36219218,5.35330383,22.15773748,25.08002719,27.30041109,14.82790589,31
2006-09-01,2006-09-16,2006-09-29,central_north,2006-07-20,2006-08-02,13.92755361,41.77099298,12.84834032,41.74865065,25.11852724,35.07111487,110
2006-09-01,2006-09-16,2006-09-29,central_south,2006-07-20,2006-08-02,21.89104561,27.36710344,21.57390646,46.60100126,28.37762824,36.86811614,72
2006-09-01,2006-09-16,2006-09-29,east_north,2006-07-20,2006-08-02,14.16152348,42.97824205,15.11145789,40.86258724,23.92463572,53.05790277,45
2006-09-01,2006-09-16,2006-09-29,east_south,2006-07-20,2006-08-02,21.34221969,38.67873017,22.22671977,32.54742238,27.62010930,61.32100944,23
2006-09-01,2006-09-16,2006-09-29,west_north,2006-07-20,2006-08-02,13.54718935,9.06335998,10.95969388,21.62009221,22.66149211,9.29690454,95
2006-09-01,2006-09-16,2006-09-29,west_south,2006-07-20,2006-08-02,21.22145475,4.31486587,18.79967077,1.84097241,27.27306189,32.05557706,31
2006-09-15,2006-09-30,2006-10-13,central_north,2006-08-03,2006-08-16,10.69958621,36.37301417,12.28256165,17.40285345,23.23180127,37.43984697,110
2006-09-15,2006-09-30,2006-10-13,central_south,2006-08-03,2006-08-16,18.47228466,32.40144104,20.81806235,16.88702552,28.71857181,35.66214986,72
2006-09-15,2006-09-30,2006-10-13,east_north,2006-08-03,2006-08-16,12.32233546,60.89802854,12.37683581,52.22309118,21.24663042,25.28465016,45
2006-09-15,2006-09-30,2006-10-13,east_south,2006-08-03,2006-08-16,19.98758848,54.25052117,20.04109666,16.26050894,27.41283339,53.73602720,23
2006-09-15,2006-09-30,2006-10-13,west_north,2006-08-03,2006-08-16,8.92251941,15.11295188,10.50514748,20.08659943,19.68234256,7.90117860,95
2006-09-15,2006-09-30,2006-10-13,west_south,2006-08-03,2006-08-16,17.25533591,8.31889137,18.13233391,16.52579036,24.78512472,29.85119673,31
2006-09-29,2006-10-14,2006-10-27,central_north,2006-08-17,2006-08-30,8.18566957,38.10032162,5.69905648,30.51677951,21.11087391,46.52828271,110
2006-09-29,2006-10-14,2006-10-27,central_south,2006-08-17,2006-08-30,16.51080854,27.39181591,15.99272116,92.41037547,27.74279434,44.39895388,72
2006-09-29,2006-10-14,2006-10-27,east_north,2006-08-17,2006-08-30,8.97654423,47.92898890,7.61140038,56.12673090,20.71819168,53.66827274,45
2006-09-29,2006-10-14,2006-10-27,east_south,2006-08-17,2006-08-30,16.48925095,27.45842004,16.00019147,30.26942329,26.91326456,60.21768847,23
2006-09-29,2006-10-14,2006-10-27,west_north,2006-08-17,2006-08-30,8.17676318,32.55577323,6.25668244,20.14330822,18.70629859,6.96340762,95
2006-09-29,2006-10-14,2006-10-27,west_south,2006-08-17,2006-08-30,16.31978309,15.12917927,13.74001883,12.78751305,24.50494685,17.30166026,31
2006-10-13,2006-10-28,2006-11-10,central_north,2006-08-31,2006-09-13,3.83624596,41.87881923,5.62447452,9.33370110,17.29620772,31.06922274,110
2006-10-13,2006-10-28,2006-11-10,central_south,2006-08-31,2006-09-13,13.21393790,41.82920896,14.83532864,26.00303752,23.79010988,38.50142883,72
2006-10-13,2006-10-28,2006-11-10,east_north,2006-08-31,2006-09-13,5.90493332,52.25200843,7.22733551,62.40366088,16.91167643,59.63512739,45
2006-10-13,2006-10-28,2006-11-10,east_south,2006-08-31,2006-09-13,14.27184718,46.54284829,14.79865267,54.99104321,24.22647752,94.58148967,23
2006-10-13,2006-10-28,2006-11-10,west_north,2006-08-31,2006-09-13,2.16621858,35.13797709,4.90932644,34.33015465,17.34084798,5.17581623,95
2006-10-13,2006-10-28,2006-11-10,west_south,2006-08-31,2006-09-13,11.10747889,12.83893306,13.67502365,0.52676068,22.76655440,22.53913539,31
2006-10-27,2006-11-11,2006-11-24,central_north,2006-09-14,2006-09-27,1.86385571,34.51140102,3.25391274,13.04786015,14.06317217,39.80278278,110
2006-10-27,2006-11-11,2006-11-24,central_south,2006-09-14,2006-09-27,11.19250478,49.69572396,11.03524661,21.25076784,22.24796835,46.91598056,72
2006-10-27,2006-11-11,2006-11-24,east_north,2006-09-14,2006-09-27,3.44426454,58.30550472,5.89020754,60.90555674,15.88399272,40.02649908,45
2006-10-27,2006-11-11,2006-11-24,east_south,2006-09-14,2006-09-27,12.63874048,37.86186339,11.85233764,66.20774668,22.76570332,51.10484851,23
2006-10-27,2006-11-11,2006-11-24,west_north,2006-09-14,2006-09-27,1.30183002,45.87885482,3.24422384,35.61175564,10.62678233,24.49090321,95
2006-10-27,2006-11-11,2006-11-24,west_south,2006-09-14,2006-09-27,9.11318760,25.42544064,11.66866339,0.91612814,18.81135413,5.82190268,31
2006-11-10,2006-11-25,2006-12-08,central_north,2006-09-28,2006-10-11,-0.69165057,24.53862337,-3.07165080,25.31861552,13.36439507,17.46875707,110
2006-11-10,2006-11-25,2006-12-08,central_south,2006-09-28,2006-10-11,9.28339812,45.04998720,8.31999568,16.26535273,21.37128585,16.09151059,72
2006-11-10,2006-11-25,2006-12-08,east_north,2006-09-28,2006-10-11,-0.35381581,37.09466869,3.63181394,27.48095132,13.05172355,51.07508334,45
2006-11-10,2006-11-25,2006-12-08,east_south,2006-09-28,2006-10-11,10.14191820,39.61432929,12.44605396,10.14452141,20.35197505,18.53086499,23
2006-11-10,2006-11-25,2006-12-08,west_north,2006-09-28,2006-10-11,-0.26083844,42.33193243,-4.31465021,14.91851326,11.27970316,20.04364208,95
2006-11-10,2006-11-25,2006-12-08,west_south,2006-09-28,2006-10-11,8.04681442,10.61386842,5.75116326,1.83925095,18.74425555,16.49818167,31
2006-11-24,2006-12-09,2006-12-22,central_north,2006-10-12,2006-10-25,-4.32573044,23.09444924,1.80887007,20.99919773,5.27731411,24.28684360,110
2006-11-24,2006-12-09,2006-12-22,central_south,2006-10-12,2006-10-25,5.66241641,48.51886951,11.46635132,32.72399081,15.80478204,73.37905209,72
2006-11-24,2006-12-09,2006-12-22,east_north,2006-10-12,2006-10-25,-1.49310308,53.32583127,4.38165946,10.87429962,7.91238779,68.76170246,45
2006-11-24,2006-12-09,2006-12-22,east_south,2006-10-12,2006-10-25,9.00423987,67.33966887,13.23821997,11.62328843,16.29371534,31.40473323,23
2006-11-24,2006-12-09,2006-12-22,west_north,2006-10-12,2006-10-25,-3.91083180,25.58278661,-1.42970493,37.85866947,6.85125491,18.12570467,95
2006-11-24,2006-12-09,2006-12-22,west_south,2006-10-12,2006-10-25,4.38142025,16.55476671,5.68497419,8.23850682,14.40350000,11.80364914,31
2006-12-08,2006-12-23,2007-01-05,central_north,2006-10-26,2006-11-08,-3.27430738,24.86207067,0.14360522,30.39132246,5.80651272,16.99217674,110
2006-12-08,2006-12-23,2007-01-05,central_south,2006-10-26,2006-11-08,6.43107627,51.84856971,8.12799674,72.46356488,14.54330892,47.14565218,72
2006-12-08,2006-12-23,2007-01-05,east_north,2006-10-26,2006-11-08,-0.39273306,46.29305392,3.59407996,51.52808681,6.32463427,54.45216670,45
2006-12-08,2006-12-23,2007-01-05,east_south,2006-10-26,2006-11-08,10.08695078,61.35252981,13.32789703,83.66116713,14.52286309,55.67320297,23
2006-12-08,2006-12-23,2007-01-05,west_north,2006-10-26,2006-11-08,-4.76027533,34.93576426,-2.30119770,35.52479043,5.25572773,33.41687298,95
2006-12-08,2006-12-23,2007-01-05,west_south,2006-10-26,2006-11-08,3.62194265,16.10211550,5.20583040,8.46618541,13.43019749,1.53485202,31
2006-12-22,2007-01-06,2007-01-19,central_north,2006-11-09,2006-11-22,-2.19480303,19.38688657,-5.97271749,17.70149413,3.17171105,13.85582461,110
2006-12-22,2007-01-06,2007-01-19,central_south,2006-11-09,2006-11-22,6.15869270,45.58514039,6.45683170,47.21692857,11.75221342,21.26274233,72
2006-12-22,2007-01-06,2007-01-19,east_north,2006-11-09,2006-11-22,-2.06218700,43.33899514,0.96359475,55.30222896,6.83287933,63.00041769,45
2006-12-22,2007-01-06,2007-01-19,east_south,2006-11-09,2006-11-22,8.67944685,50.01140445,12.12491285,37.33997694,12.65534685,60.49793279,23
2006-12-22,2007-01-06,2007-01-19,west_north,2006-11-09,2006-11-22,-2.93144257,19.97306991,-6.90707433,13.33053501,3.39055586,33.50385159,95
2006-12-22,2007-01-06,2007-01-19,west_south,2006-11-09,2006-11-22,5.39482505,10.54029835,2.97425846,3.30923280,11.97547379,0.91056778,31
2007-01-05,2007-01-20,2007-02-02,central_north,2006-11-23,2006-12-06,-5.60977155,12.60202106,-7.46245521,8.58331995,-1.31814969,24.95216534,110
2007-01-05,2007-01-20,2007-02-02,central_south,2006-11-23,2006-12-06,3.97122022,43.76978468,4.04988267,39.51481858,9.92802345,15.73656272,72
2007-01-05,2007-01-20,2007-02-02,east_north,2006-11-23,2006-12-06,-6.05504489,36.63420637,-6.16638176,8.86655638,4.85246476,34.26473735,45
2007-01-05,2007-01-20,2007-02-02,east_south,2006-11-23,2006-12-06,7.78699096,59.28817267,7.16587425,53.86347145,13.29188565,16.50890658,23
2007-01-05,2007-01-20,2007-02-02,west_north,2006-11-23,2006-12-06,-2.95597162,23.84861433,-4.49096959,5.21982628,-4.05855881,19.95857356,95
2007-01-05,2007-01-20,2007-02-02,west_south,2006-11-23,2006-12-06,5.71168925,26.45265576,4.31194668,13.00523818,6.21246338,1.82748614,31
2007-01-19,2007-02-03,2007-02-16,central_north,2006-12-07,2006-12-20,-4.64592433,22.16575021,-11.59262269,11.14235773,0.81988492,8.78727525,110
2007-01-19,2007-02-03,2007-02-16,central_south,2006-12-07,2006-12-20,7.22155912,54.29243631,5.46959364,13.40425035,10.42637712,18.29314935,72
2007-01-19,2007-02-03,2007-02-16,east_north,2006-12-07,2006-12-20,-6.25339972,39.12991484,-9.49377329,32.64331110,3.16000470,9.02571091,45
2007-01-19,2007-02-03,2007-02-16,east_south,2006-12-07,2006-12-20,8.30305892,48.86619570,6.92227041,18.88846462,11.78528557,5.40851119,23
2007-01-19,2007-02-03,2007-02-16,west_north,2006-12-07,2006-12-20,-1.06640051,22.57057517,0.77778809,28.53321927,-0.91814637,33.20620050,95
2007-01-19,2007-02-03,2007-02-16,west_south,2006-12-07,2006-12-20,7.74268844,26.48544517,8.91448833,9.07332371,6.50577108,7.41781155,31
2007-02-02,2007-02-17,2007-03-02,central_north,2006-12-21,2007-01-03,-1.76042527,23.08391248,-0.74871748,27.64345722,-0.22106703,38.83643601,110
2007-02-02,2007-02-17,2007-03-02,central_south,2006-12-21,2007-01-03,8.58789950,49.80648995,12.14187082,17.21697825,7.78980297,67.88558427,72
2007-02-02,2007-02-17,2007-03-02,east_north,2006-12-21,2007-01-03,-3.45188348,45.80919527,-2.05928368,30.63639819,3.03647535,50.10516145,45
2007-02-02,2007-02-17,2007-03-02,east_south,2006-12-21,2007-01-03,9.47576116,54.83799066,11.73099711,39.87767269,13.08585851,86.01048023,23
2007-02-02,2007-02-17,2007-03-02,west_north,2006-12-21,2007-01-03,0.67662088,26.89082162,-0.51170582,34.20267637,-2.55424529,30.78003616,95
2007-02-02,2007-02-17,2007-03-02,west_south,2006-12-21,2007-01-03,8.37257818,16.74947565,7.46626432,10.10591874,4.67833808,8.16315999,31
2007-02-16,2007-03-03,2007-03-16,central_north,2007-01-04,2007-01-17,2.50353866,46.89782335,2.48478946,7.58697975,-4.68553086,21.52791158,110
2007-02-16,2007-03-03,2007-03-16,central_south,2007-01-04,2007-01-17,13.19648779,43.22193072,13.56800266,25.93343863,7.65358773,63.76885202,72
2007-02-16,2007-03-03,2007-03-16,east_north,2007-01-04,2007-01-17,2.29370331,55.11115035,0.47185189,30.15786125,2.58221967,58.74780725,45
2007-02-16,2007-03-03,2007-03-16,east_south,2007-01-04,2007-01-17,13.21129360,33.87653530,14.12822333,11.79295062,13.49387572,35.80827568,23
2007-02-16,2007-03-03,2007-03-16,west_north,2007-01-04,2007-01-17,0.71417384,34.94638519,5.45731988,10.92175621,-6.28561409,22.27022415,95
2007-02-16,2007-03-03,2007-03-16,west_south,2007-01-04,2007-01-17,9.94659553,8.40479895,13.07010703,0.19058268,3.39272591,3.41739013,31
2007-03-02,2007-03-17,2007-03-30,central_north,2007-01-18,2007-01-31,2.47300319,44.18081482,9.72807851,36.44395782,-6.50339807,8.02393399,110
2007-03-02,2007-03-17,2007-03-30,central_south,2007-01-18,2007-01-31,13.43570929,48.89781769,18.63800826,30.90215100,4.20043941,33.61544716,72
2007-03-02,2007-03-17,2007-03-30,east_north,2007-01-18,2007-01-31,1.06756646,65.14607764,6.36470928,42.85097571,-5.89824594,9.50793996,45
2007-03-02,2007-03-17,2007-03-30,east_south,2007-01-18,2007-01-31,13.27034192,53.19433678,16.72705288,14.01520100,7.12974192,33.55054148,23
2007-03-02,2007-03-17,2007-03-30,west_north,2007-01-18,2007-01-31,2.99680104,30.19181521,6.60291263,22.37242259,-4.28325188,5.12687417,95
2007-03-02,2007-03-17,2007-03-30,west_south,2007-01-18,2007-01-31,12.11552907,10.48238384,12.93107808,14.43195038,4.29650572,11.86050617,31
2007-03-16,2007-03-31,2007-04-13,central_north,2007-02-01,2007-02-14,4.80280203,44.32671556,2.13401349,37.81869508,-11.73020782,11.56226540,110
2007-03-16,2007-03-31,2007-04-13,central_south,2007-02-01,2007-02-14,15.02233975,53.15955749,13.70333354,38.96748493,5.78563094,21.85337300,72
2007-03-16,2007-03-31,2007-04-13,east_north,2007-02-01,2007-02-14,3.54838709,53.22681980,3.98872651,42.07185695,-8.66983537,21.92035327,45
2007-03-16,2007-03-31,2007-04-13,east_south,2007-02-01,2007-02-14,14.94301582,53.74997256,15.02606453,24.03709011,7.67422499,44.20056860,23
2007-03-16,2007-03-31,2007-04-13,west_north,2007-02-01,2007-02-14,4.67763133,29.33864358,5.88280310,15.78364803,-0.78141904,23.01385790,95
2007-03-16,2007-03-31,2007-04-13,west_south,2007-02-01,2007-02-14,13.58018425,6.62239839,15.07693244,3.10103989,8.28606679,10.24802780,31
2007-03-30,2007-04-14,2007-04-27,central_north,2007-02-15,2007-02-28,8.51076926,46.24989256,11.26512666,44.94057387,-2.20670821,18.47345638,110
2007-03-30,2007-04-14,2007-04-27,central_south,2007-02-15,2007-02-28,16.16721273,45.41424570,17.04696344,36.80169614,10.61687448,10.85064147,72
2007-03-30,2007-04-14,2007-04-27,east_north,2007-02-15,2007-02-28,7.00125263,68.45822290,9.83880455,67.70975842,-3.81588992,23.01481523,45
2007-03-30,2007-04-14,2007-04-27,east_south,2007-02-15,2007-02-28,15.68181377,43.30831081,17.87092121,40.17557346,9.86077313,8.67968580,23
2007-03-30,2007-04-14,2007-04-27,west_north,2007-02-15,2007-02-28,8.53347741,18.75716425,7.34714558,24.53578287,0.54507556,37.16702990,95
2007-03-30,2007-04-14,2007-04-27,west_south,2007-02-15,2007-02-28,17.21406804,3.17057117,13.27413154,7.05351039,8.01870336,10.67136751,31
2007-04-13,2007-04-28,2007-05-11,central_north,2007-03-01,2007-03-14,11.62430211,52.41871799,16.20984091,42.81078468,2.13019904,13.96802660,110
2007-04-13,2007-04-28,2007-05-11,central_south,2007-03-01,2007-03-14,19.56354312,42.69458310,21.54164501,61.01425118,12.99737819,26.57138430,72
2007-04-13,2007-04-28,2007-05-11,east_north,2007-03-01,2007-03-14,10.34581476,57.53553065,14.09575916,22.65786005,0.51273482,31.56543547,45
2007-04-13,2007-04-28,2007-05-11,east_south,2007-03-01,2007-03-14,19.06478552,38.33455042,20.77514708,17.77123048,13.97191609,32.27889573,23
2007-04-13,2007-04-28,2007-05-11,west_north,2007-03-01,2007-03-14,9.41918081,28.55354179,11.55097933,17.27664645,3.85435827,13.97519797,95
2007-04-13,2007-04-28,2007-05-11,west_south,2007-03-01,2007-03-14,17.35232585,3.58927990,18.05811634,5.81510075,11.19974412,0.67572662,31
2007-04-27,2007-05-12,2007-05-25,central_north,2007-03-15,2007-03-28,15.10436453,60.38387750,16.15043938,31.97702133,8.60369755,26.90897521,110
2007-04-27,2007-05-12,2007-05-25,central_south,2007-03-15,2007-03-28,22.30969496,40.53174444,21.06408608,29.53972505,18.12768033,29.39063467,72
2007-04-27,2007-05-12,2007-05-25,east_north,2007-03-15,2007-03-28,14.97732487,48.59502568,14.53845694,31.61677537,5.57863039,57.65174825,45
2007-04-27,2007-05-12,2007-05-25,east_south,2007-03-15,2007-03-28,21.91891730,42.62434944,21.03417181,18.07437817,16.75156810,20.66165034,23
2007-04-27,2007-05-12,2007-05-25,west_north,2007-03-15,2007-03-28,11.97462292,26.85488954,13.00508148,14.75657580,7.15213160,18.46577505,95
2007-04-27,2007-05-12,2007-05-25,west_south,2007-03-15,2007-03-28,19.08036954,4.92300881,20.12379554,7.14195547,14.02055008,14.21733993,31
2007-05-11,2007-05-26,2007-06-08,central_north,2007-03-29,2007-04-11,17.33499229,61.95357018,17.81059548,54.88356377,2.98025265,44.83158678,110
2007-05-11,2007-05-26,2007-06-08,central_south,2007-03-29,2007-04-11,23.86420155,29.83048050,23.98913738,42.69958203,14.24752199,43.93885013,72
2007-05-11,2007-05-26,2007-06-08,east_north,2007-03-29,2007-04-11,17.57883561,49.36125994,19.45948393,40.51536537,4.33425580,25.89770785,45
2007-05-11,2007-05-26,2007-06-08,east_south,2007-03-29,2007-04-11,22.92054712,54.12580730,24.12159452,56.22701679,14.96153833,15.43734576,23
2007-05-11,2007-05-26,2007-06-08,west_north,2007-03-29,2007-04-11,14.59343612,22.68489443,14.47752360,21.84013315,5.69741316,17.18868146,95
2007-05-11,2007-05-26,2007-06-08,west_south,2007-03-29,2007-04-11,21.13855655,5.34715531,21.42546289,1.25042454,14.74579741,1.78109797,31
2007-05-25,2007-06-09,2007-06-22,central_north,2007-04-12,2007-04-25,19.26238728,44.21481811,21.41908410,38.97349492,10.00729404,42.16439490,110
2007-05-25,2007-06-09,2007-06-22,central_south,2007-04-12,2007-04-25,25.12268097,26.68331787,25.76899732,60.48015637,16.63419721,31.18391756,72
2007-05-25,2007-06-09,2007-06-22,east_north,2007-04-12,2007-04-25,18.37746061,48.38373072,19.78289110,26.76994339,8.88333092,72.68063388,45
2007-05-25,2007-06-09,2007-06-22,east_south,2007-04-12,2007-04-25,24.31374772,69.40324723,24.81565954,47.12856583,17.14659586,48.80009398,23
2007-05-25,2007-06-09,2007-06-22,west_north,2007-04-12,2007-04-25,16.17666635,18.30031165,17.20264116,8.72130274,6.39861181,26.61453454,95
2007-05-25,2007-06-09,2007-06-22,west_south,2007-04-12,2007-04-25,23.46222149,1.00410991,24.37721328,3.89383787,12.34544050,8.54991054,31
2007-06-08,2007-06-23,2007-07-06,central_north,2007-04-26,2007-05-09,22.33080285,59.76822740,22.04965917,37.66924037,15.32058601,48.56838493,110
2007-06-08,2007-06-23,2007-07-06,central_south,2007-04-26,2007-05-09,26.64942741,37.61280113,25.83751285,86.97602189,20.92474802,58.87236335,72
2007-06-08,2007-06-23,2007-07-06,east_north,2007-04-26,2007-05-09,21.54226123,55.87267348,20.18357745,36.09762047,12.97678654,31.50437100,45
2007-06-08,2007-06-23,2007-07-06,east_south,2007-04-26,2007-05-09,25.75114010,63.79983512,26.20749029,51.56717686,20.68528806,17.91006987,23
2007-06-08,2007-06-23,2007-07-06,west_north,2007-04-26,2007-05-09,17.99611645,12.80981210,20.26810123,3.39649863,11.02084220,17.51080434,95
2007-06-08,2007-06-23,2007-07-06,west_south,2007-04-26,2007-05-09,24.59631982,2.52783691,26.75330230,2.52119815,17.64429356,5.74414268,31
2007-06-22,2007-07-07,2007-07-20,central_north,2007-05-10,2007-05-23,23.01307546,56.31208355,22.59275008,31.40940569,16.59599114,23.31128195,110
2007-06-22,2007-07-07,2007-07-20,central_south,2007-05-10,2007-05-23,26.46454560,50.23178163,26.37680666,59.71125912,21.06016356,28.97167749,72
2007-06-22,2007-07-07,2007-07-20,east_north,2007-05-10,2007-05-23,21.88381793,54.58267087,21.47217445,48.02996893,14.33362743,35.75727505,45
2007-06-22,2007-07-07,2007-07-20,east_south,2007-05-10,2007-05-23,25.88612957,78.17932255,27.06375520,53.85857017,21.20157499,19.48603350,23
2007-06-22,2007-07-07,2007-07-20,west_north,2007-05-10,2007-05-23,20.36200083,13.12632746,22.41580009,8.37033994,13.38957577,12.80968465,95
2007-06-22,2007-07-07,2007-07-20,west_south,2007-05-10,2007-05-23,26.14285829,7.75723424,27.03425976,11.18781659,20.32716826,6.66486284,31
2007-07-06,2007-07-21,2007-08-03,central_north,2007-05-24,2007-06-06,22.40964170,44.29296483,24.22351544,26.13114506,17.42674183,57.58576979,110
2007-07-06,2007-07-21,2007-08-03,central_south,2007-05-24,2007-06-06,26.31476984,45.26352645,26.30289327,52.19313984,23.40889530,52.35047295,72
2007-07-06,2007-07-21,2007-08-03,east_north,2007-05-24,2007-06-06,22.29402153,52.65866333,22.15359058,29.77550520,19.53778140,40.69409134,45
2007-07-06,2007-07-21,2007-08-03,east_south,2007-05-24,2007-06-06,26.27174298,63.82552456,25.82954147,68.92231783,23.44581810,53.24480439,23
2007-07-06,2007-07-21,2007-08-03,west_north,2007-05-24,2007-06-06,20.94629691,11.76118816,22.44188903,15.37442936,14.63082987,15.90579167,95
2007-07-06,2007-07-21,2007-08-03,west_south,2007-05-24,2007-06-06,26.19588084,13.67297651,25.41642509,43.41164595,21.58896398,1.80877574,31
2007-07-20,2007-08-04,2007-08-17,central_north,2007-06-07,2007-06-20,21.75833938,43.44576863,24.29564900,35.52816014,20.76116431,42.40321033,110
2007-07-20,2007-08-04,2007-08-17,central_south,2007-06-07,2007-06-20,26.13619194,39.88565535,29.02001552,12.85896928,25.82332416,54.96073390,72
2007-07-20,2007-08-04,2007-08-17,east_north,2007-06-07,2007-06-20,20.87769342,27.50199390,22.44884409,46.98099440,20.06181093,24.12191021,45
2007-07-20,2007-08-04,2007-08-17,east_south,2007-06-07,2007-06-20,25.85082510,51.72044029,29.18326631,28.34765447,25.03336161,44.41111052,23
2007-07-20,2007-08-04,2007-08-17,west_north,2007-06-07,2007-06-20,20.16845663,14.23523650,20.14225685,6.92898560,15.90348835,17.02584355,95
2007-07-20,2007-08-04,2007-08-17,west_south,2007-06-07,2007-06-20,25.51782149,10.68117418,25.84501677,18.01865546,23.25940837,3.80854308,31
2007-08-03,2007-08-18,2007-08-31,central_north,2007-06-21,2007-07-04,21.47248743,36.67541770,21.56679107,61.53540676,21.86011730,38.76839582,110
2007-08-03,2007-08-18,2007-08-31,central_south,2007-06-21,2007-07-04,26.30933411,20.09846316,27.88194705,42.70060254,25.87632891,77.55843791,72
2007-08-03,2007-08-18,2007-08-31,east_north,2007-06-21,2007-07-04,20.81079737,41.80089027,20.76701478,51.20851120,19.69970007,24.88966404,45
2007-08-03,2007-08-18,2007-08-31,east_south,2007-06-21,2007-07-04,25.84345377,43.84213799,27.95995145,50.06412436,26.03088692,52.64744600,23
2007-08-03,2007-08-18,2007-08-31,west_north,2007-06-21,2007-07-04,18.46613255,12.16963321,19.19417618,10.76752335,19.61133664,3.32462851,95
2007-08-03,2007-08-18,2007-08-31,west_south,2007-06-21,2007-07-04,25.17491502,3.04058113,26.72274823,13.02682363,26.44436676,1.22775184,31
2007-08-17,2007-09-01,2007-09-14,central_north,2007-07-05,2007-07-18,17.24424867,42.97219195,18.46396701,28.66305715,22.78889646,27.28029846,110
2007-08-17,2007-09-01,2007-09-14,central_south,2007-07-05,2007-07-18,23.93496890,38.21263895,25.26756712,62.68346825,26.22906749,71.05312460,72
2007-08-17,2007-09-01,2007-09-14,east_north,2007-07-05,2007-07-18,17.90897549,51.55977523,19.56392623,30.86352306,21.64452124,44.37096177,45
2007-08-17,2007-09-01,2007-09-14,east_south,2007-07-05,2007-07-18,24.13956031,58.78763438,25.95137651,43.15146622,26.85952163,55.12205194,23
2007-08-17,2007-09-01,2007-09-14,west_north,2007-07-05,2007-07-18,16.26848273,12.90503416,17.35347904,8.94383432,22.81106758,6.35856942,95
2007-08-17,2007-09-01,2007-09-14,west_south,2007-07-05,2007-07-18,23.84286232,5.87647309,25.00074264,12.68129904,27.31371087,10.59547453,31
2007-08-31,2007-09-15,2007-09-28,central_north,2007-07-19,2007-08-01,16.66778006,37.19831380,17.56451570,27.52069225,24.00115834,30.31849891,110
2007-08-31,2007-09-15,2007-09-28,central_south,2007-07-19,2007-08-01,22.65320027,31.98162821,24.38859247,21.18425276,26.20159133,46.15357957,72
2007-08-31,2007-09-15,2007-09-28,east_north,2007-07-19,2007-08-01,16.66914028,35.20515846,17.47473188,24.33949476,21.45923590,46.71861085,45
2007-08-31,2007-09-15,2007-09-28,east_south,2007-07-19,2007-08-01,22.79053843,45.71017251,23.96689821,51.07732447,26.00755723,61.67484385,23
2007-08-31,2007-09-15,2007-09-28,west_north,2007-07-19,2007-08-01,13.51793312,20.84590218,12.21296018,17.85883200,22.40576219,14.63636463,95
2007-08-31,2007-09-15,2007-09-28,west_south,2007-07-19,2007-08-01,20.80833123,5.47703814,19.84410168,13.53819692,25.49577329,38.23237628,31
2007-09-14,2007-09-29,2007-10-12,central_north,2007-08-02,2007-08-15,12.77353234,37.80937679,15.62431594,36.20590157,24.54773269,35.71200236,110
2007-09-14,2007-09-29,2007-10-12,central_south,2007-08-02,2007-08-15,19.91661923,31.59013860,23.39689621,18.42898961,28.81770515,15.97040637,72
2007-09-14,2007-09-29,2007-10-12,east_north,2007-08-02,2007-08-15,12.85210693,45.20246612,16.86095423,22.75030264,22.90294423,41.09978172,45
2007-09-14,2007-09-29,2007-10-12,east_south,2007-08-02,2007-08-15,20.30963221,45.21601803,23.04952415,33.09945933,28.81095310,36.91737880,23
2007-09-14,2007-09-29,2007-10-12,west_north,2007-08-02,2007-08-15,9.52579563,31.06742056,8.97617259,26.35363520,20.28557892,8.86960636,95
2007-09-14,2007-09-29,2007-10-12,west_south,2007-08-02,2007-08-15,17.75876251,10.10968195,17.90304856,4.95257732,25.68459917,23.60724005,31
2007-09-28,2007-10-13,2007-10-26,central_north,2007-08-16,2007-08-29,7.95769596,43.53355349,10.85898993,51.53367661,21.73769817,63.50284378,110
2007-09-28,2007-10-13,2007-10-26,central_south,2007-08-16,2007-08-29,17.01020238,29.24711604,17.96298237,52.66505649,28.17279782,40.10441454,72
2007-09-28,2007-10-13,2007-10-26,east_north,2007-08-16,2007-08-29,10.48961245,43.17651217,13.71937567,59.98457670,21.02212758,54.43577321,45
2007-09-28,2007-10-13,2007-10-26,east_south,2007-08-16,2007-08-29,17.72027499,29.50695314,20.79807968,50.27035850,28.29452027,41.19960286,23
2007-09-28,2007-10-13,2007-10-26,west_north,2007-08-16,2007-08-29,5.78905654,34.09912769,7.71161288,26.20491635,19.12199601,11.09553162,95
2007-09-28,2007-10-13,2007-10-26,west_south,2007-08-16,2007-08-29,14.63880564,16.52873365,15.30783381,1.98057760,26.64265459,11.63413057,31
2007-10-12,2007-10-27,2007-11-09,central_north,2007-08-30,2007-09-12,5.13627234,31.29789897,6.30289173,3.05606672,19.57493820,29.39872461,110
2007-10-12,2007-10-27,2007-11-09,central_south,2007-08-30,2007-09-12,14.25704351,30.66957384,14.65441956,0.78615856,25.58541798,61.82605423,72
2007-10-12,2007-10-27,2007-11-09,east_north,2007-08-30,2007-09-12,4.95765535,44.91918363,6.25779006,39.27691910,20.10550573,33.96060285,45
2007-10-12,2007-10-27,2007-11-09,east_south,2007-08-30,2007-09-12,13.83737614,24.71253787,14.40498428,18.03695146,26.15156556,40.44861105,23
2007-10-12,2007-10-27,2007-11-09,west_north,2007-08-30,2007-09-12,3.20144758,30.42473872,6.40255684,3.51784799,18.20409171,9.71334097,95
2007-10-12,2007-10-27,2007-11-09,west_south,2007-08-30,2007-09-12,12.19391950,10.01090347,15.48015065,0.48935760,25.45172678,15.38754792,31
2007-10-26,2007-11-10,2007-11-23,central_north,2007-09-13,2007-09-26,3.82401449,29.56300071,4.42206934,10.20253872,17.15414889,25.77099631,110
2007-10-26,2007-11-10,2007-11-23,central_south,2007-09-13,2007-09-26,13.21930373,27.68140355,14.30790883,17.12385092,24.37065258,27.31826521,72
2007-10-26,2007-11-10,2007-11-23,east_north,2007-09-13,2007-09-26,4.03576212,54.60399613,4.78053464,47.00019664,17.24434801,11.27552973,45
2007-10-26,2007-11-10,2007-11-23,east_south,2007-09-13,2007-09-26,12.95861665,22.38179666,13.51285792,12.95312601,24.06949337,62.23758751,23
2007-10-26,2007-11-10,2007-11-23,west_north,2007-09-13,2007-09-26,2.63743030,42.08960672,3.06728579,25.24498074,12.66201916,17.16686958,95
2007-10-26,2007-11-10,2007-11-23,west_south,2007-09-13,2007-09-26,10.91642067,10.66785288,12.47300562,1.65233932,20.47981063,13.81206192,31
2007-11-09,2007-11-24,2007-12-07,central_north,2007-09-27,2007-10-10,-4.65686061,25.44970799,-3.34391723,19.48103954,16.46278541,37.63020833,110
2007-11-09,2007-11-24,2007-12-07,central_south,2007-09-27,2007-10-10,5.65925211,36.98619675,9.83221344,28.33486137,24.02674691,22.47216896,72
2007-11-09,2007-11-24,2007-12-07,east_north,2007-09-27,2007-10-10,-0.86356957,55.65061211,-0.63075640,43.73433553,17.98542192,26.95954829,45
2007-11-09,2007-11-24,2007-12-07,east_south,2007-09-27,2007-10-10,10.81491611,45.69901600,11.73318332,12.37919478,24.05180736,35.14986312,23
2007-11-09,2007-11-24,2007-12-07,west_north,2007-09-27,2007-10-10,-2.24388068,31.56424382,-0.99766170,37.50517907,9.45794350,25.73570978,95
2007-11-09,2007-11-24,2007-12-07,west_south,2007-09-27,2007-10-10,6.49704029,11.20310960,8.24996977,35.15948825,18.25833069,4.65578403,31
2007-11-23,2007-12-08,2007-12-21,central_north,2007-10-11,2007-10-24,-3.77488085,26.68164299,-5.32491433,26.54850001,10.98322548,51.97110417,110
2007-11-23,2007-12-08,2007-12-21,central_south,2007-10-11,2007-10-24,7.82660156,43.33811865,9.83458612,42.72976637,18.94753581,50.85533166,72
2007-11-23,2007-12-08,2007-12-21,east_north,2007-10-11,2007-10-24,-1.89016238,64.32197597,-0.92630113,54.38004456,13.63056189,55.80688454,45
2007-11-23,2007-12-08,2007-12-21,east_south,2007-10-11,2007-10-24,10.50240595,68.12963994,13.40117400,46.30510161,20.67146659,29.30793493,23
2007-11-23,2007-12-08,2007-12-21,west_north,2007-10-11,2007-10-24,-2.71220695,57.92651684,-3.78918522,29.35362896,7.92285233,27.21163224,95
2007-11-23,2007-12-08,2007-12-21,west_south,2007-10-11,2007-10-24,5.94543656,18.38705523,4.46272290,25.06177900,15.41243874,2.27998689,31
2007-12-07,2007-12-22,2008-01-04,central_north,2007-10-25,2007-11-07,-5.59209982,29.25001704,-5.77903766,13.20166025,6.80124867,3.40146952,110
2007-12-07,2007-12-22,2008-01-04,central_south,2007-10-25,2007-11-07,7.26356872,41.62627443,4.84612728,19.19480082,14.37378854,3.32337884,72
2007-12-07,2007-12-22,2008-01-04,east_north,2007-10-25,2007-11-07,-2.27477612,58.53139729,-0.74236627,39.72404272,7.43026129,52.59014511,45
2007-12-07,2007-12-22,2008-01-04,east_south,2007-10-25,2007-11-07,10.72448421,61.75558751,9.67835663,50.62629699,15.65385827,40.01277097,23
2007-12-07,2007-12-22,2008-01-04,west_north,2007-10-25,2007-11-07,-4.18319847,49.32649110,-4.93549949,25.54276430,6.41095129,3.47563275,95
2007-12-07,2007-12-22,2008-01-04,west_south,2007-10-25,2007-11-07,4.10863026,12.95207070,3.20189692,0.81163068,15.70697001,0.48629480,31
2007-12-21,2008-01-05,2008-01-18,central_north,2007-11-08,2007-11-21,-4.44163926,24.31172350,-2.86646085,18.07441705,5.84534613,6.85168609,110
2007-12-21,2008-01-05,2008-01-18,central_south,2007-11-08,2007-11-21,6.73731736,41.86097723,8.92909000,21.44344809,15.75378064,10.60245492,72
2007-12-21,2008-01-05,2008-01-18,east_north,2007-11-08,2007-11-21,-4.36404558,45.09861873,2.49974233,38.24119399,4.88938203,36.90472481,45
2007-12-21,2008-01-05,2008-01-18,east_south,2007-11-08,2007-11-21,8.61089939,43.57559444,11.41811955,35.24244683,13.01572843,6.92671559,23
2007-12-21,2008-01-05,2008-01-18,west_north,2007-11-08,2007-11-21,-3.50311432,35.39817346,-3.83981623,42.13040878,4.73189515,25.31848119,95
2007-12-21,2008-01-05,2008-01-18,west_south,2007-11-08,2007-11-21,5.19844615,9.25371659,4.75816830,29.13271085,13.60930908,1.20035460,31
2008-01-04,2008-01-19,2008-02-01,central_north,2007-11-22,2007-12-05,-8.22634700,28.98284403,-9.22785473,8.27331611,-3.09017130,20.87422507,110
2008-01-04,2008-01-19,2008-02-01,central_south,2007-11-22,2007-12-05,6.36609434,57.98150940,4.92804441,35.44929148,8.86419323,34.78986978,72
2008-01-04,2008-01-19,2008-02-01,east_north,2007-11-22,2007-12-05,-4.87135521,48.58491702,-4.71895016,20.30387612,0.41804668,51.84800896,45
2008-01-04,2008-01-19,2008-02-01,east_south,2007-11-22,2007-12-05,10.31392487,50.86140076,7.28215154,41.64775132,12.34265466,18.29113449,23
2008-01-04,2008-01-19,2008-02-01,west_north,2007-11-22,2007-12-05,-7.33350775,27.51240257,-6.55653915,36.84838662,-1.60953215,31.81399221,95
2008-01-04,2008-01-19,2008-02-01,west_south,2007-11-22,2007-12-05,3.37500528,31.35750307,4.27764826,37.77703935,7.74814020,33.83591365,31
2008-01-18,2008-02-02,2008-02-15,central_north,2007-12-06,2007-12-19,-7.39017580,29.26354727,-6.23052077,23.49210455,-6.21910054,27.77828403,110
2008-01-18,2008-02-02,2008-02-15,central_south,2007-12-06,2007-12-19,6.45512213,53.17830275,10.45078334,22.01335469,9.76156818,32.64427108,72
2008-01-18,2008-02-02,2008-02-15,east_north,2007-12-06,2007-12-19,-3.95126120,53.66314518,-0.88271153,79.37911158,-1.59393774,54.08319251,45
2008-01-18,2008-02-02,2008-02-15,east_south,2007-12-06,2007-12-19,10.53778639,58.72873486,12.25383711,31.36250992,13.10077687,34.81597917,23
2008-01-18,2008-02-02,2008-02-15,west_north,2007-12-06,2007-12-19,-5.07080689,27.52014849,-2.57727508,28.22851811,-3.41197832,25.25080068,95
2008-01-18,2008-02-02,2008-02-15,west_south,2007-12-06,2007-12-19,4.12915092,14.84434464,6.38432971,10.89650333,5.21279186,25.95595990,31
2008-02-01,2008-02-16,2008-02-29,central_north,2007-12-20,2008-01-02,0.90625233,30.82776941,-4.57291293,17.40386100,-5.24003679,13.98783803,110
2008-02-01,2008-02-16,2008-02-29,central_south,2007-12-20,2008-01-02,11.64053324,41.70325226,10.06394211,40.57923835,6.04542420,29.33968375,72
2008-02-01,2008-02-16,2008-02-29,east_north,2007-12-20,2008-01-02,-1.01429441,55.75782465,-3.54578719,31.07752166,0.43821991,41.88281473,45
2008-02-01,2008-02-16,2008-02-29,east_south,2007-12-20,2008-01-02,11.83532175,40.65002778,11.00587567,65.19203087,11.09399568,62.28310183,23
2008-02-01,2008-02-16,2008-02-29,west_north,2007-12-20,2008-01-02,-1.44043949,39.74656955,0.28416384,17.39248560,-5.26682815,31.51665392,95
2008-02-01,2008-02-16,2008-02-29,west_south,2007-12-20,2008-01-02,7.85502678,15.67935271,8.83151258,17.46635199,2.95232289,1.42309853,31
2008-02-15,2008-03-01,2008-03-14,central_north,2008-01-03,2008-01-16,-1.49374675,44.53150596,-0.88309116,13.74860512,-1.89235752,16.06751949,110
2008-02-15,2008-03-01,2008-03-14,central_south,2008-01-03,2008-01-16,12.11058257,54.36792298,11.13045829,45.12386692,9.13472272,16.61550656,72
2008-02-15,2008-03-01,2008-03-14,east_north,2008-01-03,2008-01-16,-1.95454429,80.89093519,1.13500020,64.79445574,1.42429229,31.96825314,45
2008-02-15,2008-03-01,2008-03-14,east_south,2008-01-03,2008-01-16,12.22616342,61.99051511,13.18218550,54.47395590,10.34206513,15.90943491,23
2008-02-15,2008-03-01,2008-03-14,west_north,2008-01-03,2008-01-16,-0.79899445,41.26673422,1.42852191,12.93435339,-2.81991326,45.66951850,95
2008-02-15,2008-03-01,2008-03-14,west_south,2008-01-03,2008-01-16,9.62205507,8.10340908,9.69900813,0.41698884,5.71375113,29.40519150,31
2008-02-29,2008-03-15,2008-03-28,central_north,2008-01-17,2008-01-30,1.00560408,46.26169038,2.23075911,30.53666562,-9.70878443,8.10197575,110
2008-02-29,2008-03-15,2008-03-28,central_south,2008-01-17,2008-01-30,12.42843345,59.24115424,14.65717728,36.80611233,4.55592949,28.91367321,72
2008-02-29,2008-03-15,2008-03-28,east_north,2008-01-17,2008-01-30,-0.30740438,76.53873258,2.29389292,42.87688208,-4.56600353,19.89383741,45
2008-02-29,2008-03-15,2008-03-28,east_south,2008-01-17,2008-01-30,13.36384951,72.76558949,14.53004267,29.65276782,7.13542297,49.89846687,23
2008-02-29,2008-03-15,2008-03-28,west_north,2008-01-17,2008-01-30,0.44884633,39.24528539,2.16359260,18.62822014,-6.95903457,28.03637461,95
2008-02-29,2008-03-15,2008-03-28,west_south,2008-01-17,2008-01-30,9.31897285,15.57635997,11.33350105,1.28102613,4.01084786,37.43772863,31
2008-03-14,2008-03-29,2008-04-11,central_north,2008-01-31,2008-02-13,5.55932673,46.75559676,5.05350233,52.84105547,-6.13510124,24.30271332,110
2008-03-14,2008-03-29,2008-04-11,central_south,2008-01-31,2008-02-13,15.14289292,36.54293503,17.48084762,63.84523972,9.80138031,33.37104839,72
2008-03-14,2008-03-29,2008-04-11,east_north,2008-01-31,2008-02-13,3.24888495,50.90866276,7.15828455,37.51944898,-0.90503622,72.80985161,45
2008-03-14,2008-03-29,2008-04-11,east_south,2008-01-31,2008-02-13,14.08570917,45.25864689,17.43229091,65.23496625,12.47167470,38.73510189,23
2008-03-14,2008-03-29,2008-04-11,west_north,2008-01-31,2008-02-13,4.29917901,32.99690111,2.24301147,16.39298259,-2.81709335,34.90846470,95
2008-03-14,2008-03-29,2008-04-11,west_south,2008-01-31,2008-02-13,12.86443519,9.13814207,12.38509165,1.43831841,5.69901609,10.37197589,31
2008-03-28,2008-04-12,2008-04-25,central_north,2008-02-14,2008-02-27,8.11269648,44.06161936,9.70608560,28.94767134,-5.67601573,17.84310670,110
2008-03-28,2008-04-12,2008-04-25,central_south,2008-02-14,2008-02-27,17.05611716,48.42391144,17.24348264,20.60995109,9.69741703,40.55769854,72
2008-03-28,2008-04-12,2008-04-25,east_north,2008-02-14,2008-02-27,6.18746975,55.86309082,11.76833798,24.53876802,-2.79680785,43.78746093,45
2008-03-28,2008-04-12,2008-04-25,east_south,2008-02-14,2008-02-27,15.88419076,53.41189178,16.54265002,15.70180135,11.35736090,68.80355453,23
2008-03-28,2008-04-12,2008-04-25,west_north,2008-02-14,2008-02-27,7.15176245,28.63992905,5.34078421,11.77367061,-0.65469401,19.62427493,95
2008-03-28,2008-04-12,2008-04-25,west_south,2008-02-14,2008-02-27,15.34669888,7.81803905,14.42326827,0.24262631,8.13763625,18.33051593,31
2008-04-11,2008-04-26,2008-05-09,central_north,2008-02-28,2008-03-12,11.40825462,49.78284138,9.90895486,42.85570701,-1.50001405,13.38362669,110
2008-04-11,2008-04-26,2008-05-09,central_south,2008-02-28,2008-03-12,18.72964472,36.75679347,19.03122830,45.81024467,10.40487321,43.21800750,72
2008-04-11,2008-04-26,2008-05-09,east_north,2008-02-28,2008-03-12,10.98323760,52.86803549,11.76099766,55.82384893,-0.49661916,65.03224092,45
2008-04-11,2008-04-26,2008-05-09,east_south,2008-02-28,2008-03-12,18.08667122,49.90500141,20.05811032,28.88809536,11.88687357,54.59511442,23
2008-04-11,2008-04-26,2008-05-09,west_north,2008-02-28,2008-03-12,8.90990987,25.95850197,8.54290185,10.75301309,1.58782078,9.12815608,95
2008-04-11,2008-04-26,2008-05-09,west_south,2008-02-28,2008-03-12,16.87175226,3.13884540,16.29484359,0.26442088,9.52635560,0.33806731,31
2008-04-25,2008-05-10,2008-05-23,central_north,2008-03-13,2008-03-26,13.70558957,56.80593776,12.90895067,30.68301692,2.54644004,26.79548087,110
2008-04-25,2008-05-10,2008-05-23,central_south,2008-03-13,2008-03-26,21.56367267,43.07460678,21.57962670,42.92424140,14.58776143,38.45404164,72
2008-04-25,2008-05-10,2008-05-23,east_north,2008-03-13,2008-03-26,13.21362271,58.86669975,11.75205411,48.10909204,2.21451785,35.00994420,45
2008-04-25,2008-05-10,2008-05-23,east_south,2008-03-13,2008-03-26,20.45986179,56.35360533,20.96940854,38.35690479,14.13316982,29.66925705,23
2008-04-25,2008-05-10,2008-05-23,west_north,2008-03-13,2008-03-26,11.85301432,30.43261025,12.53114458,21.76160347,2.42924964,19.71657961,95
2008-04-25,2008-05-10,2008-05-23,west_south,2008-03-13,2008-03-26,18.43219080,4.77996545,18.75135643,7.00797554,11.26343761,1.35669558,31
2008-05-09,2008-05-24,2008-06-06,central_north,2008-03-27,2008-04-09,15.94266048,62.08991858,17.20961544,80.22774293,4.54904281,36.55260745,110
2008-05-09,2008-05-24,2008-06-06,central_south,2008-03-27,2008-04-09,24.60634613,33.56427253,26.55968504,25.37108719,17.38346331,48.10535919,72
2008-05-09,2008-05-24,2008-06-06,east_north,2008-03-27,2008-04-09,15.87826744,65.86490549,17.08580674,44.31299090,6.14501300,42.55610757,45
2008-05-09,2008-05-24,2008-06-06,east_south,2008-03-27,2008-04-09,22.67985926,60.71755888,24.43197473,24.52119096,17.03127402,65.19344339,23
2008-05-09,2008-05-24,2008-06-06,west_north,2008-03-27,2008-04-09,13.67635852,19.64119451,11.75206924,38.19129282,1.78481152,16.81160378,95
2008-05-09,2008-05-24,2008-06-06,west_south,2008-03-27,2008-04-09,21.81728778,1.23439607,18.49716394,6.74806154,12.75767822,0.82258405,31
2008-05-23,2008-06-07,2008-06-20,central_north,2008-04-10,2008-04-23,19.77747907,57.16786632,18.83884054,59.72705760,8.93549241,38.11060148,110
2008-05-23,2008-06-07,2008-06-20,central_south,2008-04-10,2008-04-23,26.16086444,33.32699248,27.03050398,38.82503634,16.77058724,31.29138794,72
2008-05-23,2008-06-07,2008-06-20,east_north,2008-04-10,2008-04-23,19.30645102,46.60428897,20.75105952,43.29683735,11.27633479,26.96356188,45
2008-05-23,2008-06-07,2008-06-20,east_south,2008-04-10,2008-04-23,24.86578573,49.02873639,26.34689943,39.79665623,16.52205415,15.26122139,23
2008-05-23,2008-06-07,2008-06-20,west_north,2008-04-10,2008-04-23,14.42920590,19.58098435,14.21042133,13.89922191,5.27848445,11.46445679,95
2008-05-23,2008-06-07,2008-06-20,west_south,2008-04-10,2008-04-23,23.70092084,0.56446389,24.47964945,0.09851978,13.81389257,0.81173145,31
2008-06-06,2008-06-21,2008-07-04,central_north,2008-04-24,2008-05-07,21.26340227,45.32139002,20.74298763,37.55724668,9.88334781,44.20355605,110
2008-06-06,2008-06-21,2008-07-04,central_south,2008-04-24,2008-05-07,26.32445861,37.51478993,26.19571085,36.69907759,18.95950511,41.80698503,72
2008-06-06,2008-06-21,2008-07-04,east_north,2008-04-24,2008-05-07,20.20730613,49.03402610,20.49349970,56.19704006,11.95186547,43.98366585,45
2008-06-06,2008-06-21,2008-07-04,east_south,2008-04-24,2008-05-07,25.19551205,61.25052442,25.76554941,56.41698907,19.57973602,24.35226200,23
2008-06-06,2008-06-21,2008-07-04,west_north,2008-04-24,2008-05-07,17.39295229,14.40521115,19.84017819,4.69243544,7.97368999,10.66033451,95
2008-06-06,2008-06-21,2008-07-04,west_south,2008-04-24,2008-05-07,24.73340456,4.00944299,26.18710479,5.73516744,15.96630381,0.25619902,31
2008-06-20,2008-07-05,2008-07-18,central_north,2008-05-08,2008-05-21,21.86791517,43.87164371,22.53232880,44.72253456,12.46628085,31.98564894,110
2008-06-20,2008-07-05,2008-07-18,central_south,2008-05-08,2008-05-21,26.72159453,42.70654177,26.94074744,41.07518048,21.12528093,48.52930025,72
2008-06-20,2008-07-05,2008-07-18,east_north,2008-05-08,2008-05-21,20.90960409,47.42783778,22.12328946,39.94351929,12.00367813,58.58001696,45
2008-06-20,2008-07-05,2008-07-18,east_south,2008-05-08,2008-05-21,25.63876432,65.37125719,26.11962376,84.87769160,21.26282994,41.57213321,23
2008-06-20,2008-07-05,2008-07-18,west_north,2008-05-08,2008-05-21,19.68889647,15.03476902,20.20429409,3.42083245,12.57452473,13.56436344,95
2008-06-20,2008-07-05,2008-07-18,west_south,2008-05-08,2008-05-21,25.71844079,9.85373068,25.85965025,31.73438242,19.47694256,3.24569287,31
2008-07-04,2008-07-19,2008-08-01,central_north,2008-05-22,2008-06-04,21.92367906,41.07702047,23.52260190,44.84981748,16.46789932,66.17316524,110
2008-07-04,2008-07-19,2008-08-01,central_south,2008-05-22,2008-06-04,26.81134471,29.48125001,28.40592426,32.34981769,26.22852682,27.15354571,72
2008-07-04,2008-07-19,2008-08-01,east_north,2008-05-22,2008-06-04,21.03561740,49.29139041,22.52250913,67.86313125,15.68239590,34.51439254,45
2008-07-04,2008-07-19,2008-08-01,east_south,2008-05-22,2008-06-04,25.30482899,70.78037834,27.23279219,61.53126895,23.49399999,25.66729805,23
2008-07-04,2008-07-19,2008-08-01,west_north,2008-05-22,2008-06-04,20.23068223,12.97273203,20.52714666,7.75742227,11.33218234,43.36015525,95
2008-07-04,2008-07-19,2008-08-01,west_south,2008-05-22,2008-06-04,26.26656318,6.78589341,25.98491734,22.80666170,17.54730658,9.83809341,31
2008-07-18,2008-08-02,2008-08-15,central_north,2008-06-05,2008-06-18,21.96295470,40.30903609,21.71207893,37.12823516,18.78041701,78.83474445,110
2008-07-18,2008-08-02,2008-08-15,central_south,2008-06-05,2008-06-18,26.68028628,33.93952761,27.33761045,54.48669073,27.29249486,35.58739757,72
2008-07-18,2008-08-02,2008-08-15,east_north,2008-06-05,2008-06-18,21.38375490,52.91792505,20.03256609,50.82563130,21.42319166,52.14973773,45
2008-07-18,2008-08-02,2008-08-15,east_south,2008-06-05,2008-06-18,25.84882570,58.36232567,26.25649741,57.30934788,26.97151355,34.13380520,23
2008-07-18,2008-08-02,2008-08-15,west_north,2008-06-05,2008-06-18,19.69767367,13.02624613,20.46630969,9.17095361,13.29433500,19.85051840,95
2008-07-18,2008-08-02,2008-08-15,west_south,2008-06-05,2008-06-18,25.13164955,10.95471471,26.12725607,20.77521988,23.37268487,0.76350088,31
2008-08-01,2008-08-16,2008-08-29,central_north,2008-06-19,2008-07-02,20.61429685,41.98984817,20.71972556,21.83473533,20.78099732,34.52935043,110
2008-08-01,2008-08-16,2008-08-29,central_south,2008-06-19,2008-07-02,26.26861935,19.98762526,25.48719519,84.35381313,26.16898359,37.39115086,72
2008-08-01,2008-08-16,2008-08-29,east_north,2008-06-19,2008-07-02,19.74097613,49.35799022,19.90937896,25.22361477,20.08126286,50.89880935,45
2008-08-01,2008-08-16,2008-08-29,east_south,2008-06-19,2008-07-02,25.41587990,40.20267136,25.61044057,147.04848034,25.48272021,58.74819083,23
2008-08-01,2008-08-16,2008-08-29,west_north,2008-06-19,2008-07-02,19.03974543,13.53655594,19.19571067,9.36171307,19.23183935,4.08322339,95
2008-08-01,2008-08-16,2008-08-29,west_south,2008-06-19,2008-07-02,24.67531877,7.03190013,25.12422253,16.48884916,26.21787600,4.30082014,31
2008-08-15,2008-08-30,2008-09-12,central_north,2008-07-03,2008-07-16,18.41106030,40.29892399,17.18097050,48.42107667,22.01377707,42.09762459,110
2008-08-15,2008-08-30,2008-09-12,central_south,2008-07-03,2008-07-16,24.20910252,18.91002372,24.76663464,73.22569194,26.72189170,44.04500548,72
2008-08-15,2008-08-30,2008-09-12,east_north,2008-07-03,2008-07-16,18.26598094,39.18277801,19.65598970,50.74377606,21.55967869,45.94417031,45
2008-08-15,2008-08-30,2008-09-12,east_south,2008-07-03,2008-07-16,23.29674936,46.38054990,25.94152580,57.21417276,26.12256297,82.75141237,23
2008-08-15,2008-08-30,2008-09-12,west_north,2008-07-03,2008-07-16,14.75491463,14.21453565,14.58962702,14.55672554,20.44430187,3.44832005,95
2008-08-15,2008-08-30,2008-09-12,west_south,2008-07-03,2008-07-16,22.61329764,4.28698832,23.16100513,18.98947449,25.82458362,31.74460064,31
2008-08-29,2008-09-13,2008-09-26,central_north,2008-07-17,2008-07-30,13.74578405,44.54343761,17.72726743,40.40042837,23.40486209,49.20072718,110
2008-08-29,2008-09-13,2008-09-26,central_south,2008-07-17,2008-07-30,21.29535846,22.82397087,21.86486860,30.13100164,28.21633448,28.66008354,72
2008-08-29,2008-09-13,2008-09-26,east_north,2008-07-17,2008-07-30,15.06667836,44.97596807,16.55577879,29.76247175,22.60114279,62.76730252,45
2008-08-29,2008-09-13,2008-09-26,east_south,2008-07-17,2008-07-30,21.44756157,43.53725980,22.79143408,31.88996850,26.99052580,54.34874971,23
2008-08-29,2008-09-13,2008-09-26,west_north,2008-07-17,2008-07-30,12.12538039,21.29778568,14.59847246,7.50799760,20.44601017,8.40030796,95
2008-08-29,2008-09-13,2008-09-26,west_south,2008-07-17,2008-07-30,20.12112402,10.71735325,21.78671662,2.03195631,25.92598588,24.13839748,31
2008-09-12,2008-09-27,2008-10-10,central_north,2008-07-31,2008-08-13,12.05930201,35.00102019,13.48101823,27.18520918,22.36497333,37.42519012,110
2008-09-12,2008-09-27,2008-10-10,central_south,2008-07-31,2008-08-13,18.96292912,22.48151981,20.54310006,26.08401015,27.76591471,53.85370368,72
2008-09-12,2008-09-27,2008-10-10,east_north,2008-07-31,2008-08-13,12.24313819,36.36328657,13.35015498,43.63093834,20.55500948,54.06906019,45
2008-09-12,2008-09-27,2008-10-10,east_south,2008-07-31,2008-08-13,19.67644039,48.86054866,21.03064870,50.33629156,26.64661281,52.82914058,23
2008-09-12,2008-09-27,2008-10-10,west_north,2008-07-31,2008-08-13,9.78718496,19.43869713,12.10772274,16.81787601,20.42504568,8.74077052,95
2008-09-12,2008-09-27,2008-10-10,west_south,2008-07-31,2008-08-13,17.85377359,7.48902211,19.87694371,7.08659270,26.28762589,17.84622980,31
2008-09-26,2008-10-11,2008-10-24,central_north,2008-08-14,2008-08-27,5.40166763,35.84425319,9.47926292,45.96495251,20.58029930,20.79461930,110
2008-09-26,2008-10-11,2008-10-24,central_south,2008-08-14,2008-08-27,14.71807084,35.45269284,17.67691261,34.20761188,25.35617310,87.89987568,72
2008-09-26,2008-10-11,2008-10-24,east_north,2008-08-14,2008-08-27,7.84422202,54.61369612,10.20908065,11.87797884,19.89211337,18.77859817,45
2008-09-26,2008-10-11,2008-10-24,east_south,2008-08-14,2008-08-27,16.25443054,28.86248810,18.30992369,24.79062541,25.39472739,152.79189249,23
2008-09-26,2008-10-11,2008-10-24,west_north,2008-08-14,2008-08-27,5.53434795,15.93869409,6.59647459,10.17413601,19.48247178,9.40338538,95
2008-09-26,2008-10-11,2008-10-24,west_south,2008-08-14,2008-08-27,14.55586044,6.60564532,14.88199755,3.63884061,25.20417137,17.06383959,31
2008-10-10,2008-10-25,2008-11-07,central_north,2008-08-28,2008-09-10,4.81421363,30.74345740,8.86439114,18.35294880,17.54434984,42.97846660,110
2008-10-10,2008-10-25,2008-11-07,central_south,2008-08-28,2008-09-10,13.72615591,26.14592396,14.92702356,5.89452315,24.86508401,63.74088709,72
2008-10-10,2008-10-25,2008-11-07,east_north,2008-08-28,2008-09-10,6.08030284,39.72008469,8.67734936,45.85282891,19.95827098,59.13140722,45
2008-10-10,2008-10-25,2008-11-07,east_south,2008-08-28,2008-09-10,14.84864844,22.20590956,14.06508910,34.79290555,26.00355733,57.35563784,23
2008-10-10,2008-10-25,2008-11-07,west_north,2008-08-28,2008-09-10,3.81376681,30.55498991,7.09883432,28.76170571,15.29866173,12.12952480,95
2008-10-10,2008-10-25,2008-11-07,west_south,2008-08-28,2008-09-10,12.20406323,9.90434433,14.85776399,3.99906649,23.83042351,18.15676028,31
2008-10-24,2008-11-08,2008-11-21,central_north,2008-09-11,2008-09-24,3.44883743,41.28852617,0.97935184,16.98759824,17.51459517,51.18926442,110
2008-10-24,2008-11-08,2008-11-21,central_south,2008-09-11,2008-09-24,14.06415741,37.76612128,10.73191699,24.35915904,22.51591482,41.38157041,72
2008-10-24,2008-11-08,2008-11-21,east_north,2008-09-11,2008-09-24,4.92704904,60.00448919,3.38531056,42.72784594,16.80537485,25.81799324,45
2008-10-24,2008-11-08,2008-11-21,east_south,2008-09-11,2008-09-24,14.57340604,27.68068829,11.19599886,34.38144725,23.63870249,32.43620617,23
2008-10-24,2008-11-08,2008-11-21,west_north,2008-09-11,2008-09-24,1.23604848,42.68278089,4.97441661,24.11940769,14.46369537,9.89785846,95
2008-10-24,2008-11-08,2008-11-21,west_south,2008-09-11,2008-09-24,9.83174443,23.43112066,11.77888849,2.05451077,21.49277882,5.20601970,31
2008-11-07,2008-11-22,2008-12-05,central_north,2008-09-25,2008-10-08,0.19961828,32.92784134,-1.43401322,8.17450186,14.57029115,26.87367453,110
2008-11-07,2008-11-22,2008-12-05,central_south,2008-09-25,2008-10-08,10.65645981,32.85065179,9.01184256,24.31629088,20.72330108,23.56166286,72
2008-11-07,2008-11-22,2008-12-05,east_north,2008-09-25,2008-10-08,1.51933773,53.98805170,0.05868892,38.67359085,13.48577511,46.04958500,45
2008-11-07,2008-11-22,2008-12-05,east_south,2008-09-25,2008-10-08,11.16132519,46.85748655,8.52041551,43.28627124,20.71977564,35.24667940,23
2008-11-07,2008-11-22,2008-12-05,west_north,2008-09-25,2008-10-08,-0.25419934,55.61039257,1.74396796,9.76191130,13.46014781,16.27445223,95
2008-11-07,2008-11-22,2008-12-05,west_south,2008-09-25,2008-10-08,7.89011413,27.79929286,9.90286660,20.24432304,20.53574961,7.25490433,31
2008-11-21,2008-12-06,2008-12-19,central_north,2008-10-09,2008-10-22,-5.26892361,24.90168973,-6.88920237,24.88700666,10.23198539,37.28574994,110
2008-11-21,2008-12-06,2008-12-19,central_south,2008-10-09,2008-10-22,6.27882483,31.60846206,8.50758092,43.61940002,18.71670363,28.56835086,72
2008-11-21,2008-12-06,2008-12-19,east_north,2008-10-09,2008-10-22,-3.38247668,48.69335888,-0.87590692,69.10347695,11.41293728,15.75369336,45
2008-11-21,2008-12-06,2008-12-19,east_south,2008-10-09,2008-10-22,8.82921856,64.45238159,12.28559980,56.65570489,19.26332933,44.05479050,23
2008-11-21,2008-12-06,2008-12-19,west_north,2008-10-09,2008-10-22,-1.91571865,39.62201329,-4.54756115,23.70248024,6.45855133,11.07080024,95
2008-11-21,2008-12-06,2008-12-19,west_south,2008-10-09,2008-10-22,5.82911419,27.64407342,6.02788932,29.38319250,15.51505648,3.59347708,31
2008-12-05,2008-12-20,2009-01-02,central_north,2008-10-23,2008-11-05,-7.50987720,33.03108712,-6.65626700,23.76458158,9.00371156,17.13781905,110
2008-12-05,2008-12-20,2009-01-02,central_south,2008-10-23,2008-11-05,8.41326151,37.63869390,9.04414014,20.94837617,14.85810387,11.23428753,72
2008-12-05,2008-12-20,2009-01-02,east_north,2008-10-23,2008-11-05,-2.17221744,55.81097095,-1.96532905,47.33895210,7.73600416,41.56293676,45
2008-12-05,2008-12-20,2009-01-02,east_south,2008-10-23,2008-11-05,10.69844928,42.18885492,11.54848487,16.71657030,13.91464308,41.69575453,23
2008-12-05,2008-12-20,2009-01-02,west_north,2008-10-23,2008-11-05,-4.14057384,55.67597942,-5.22405897,51.67143938,7.56961402,23.64177359,95
2008-12-05,2008-12-20,2009-01-02,west_south,2008-10-23,2008-11-05,5.94245341,26.38371480,4.37191331,14.15516977,15.57855591,3.96375539,31
2008-12-19,2009-01-03,2009-01-16,central_north,2008-11-06,2008-11-19,-8.83622691,24.74148240,-8.39583552,10.47418810,2.41152912,27.89759144,110
2008-12-19,2009-01-03,2009-01-16,central_south,2008-11-06,2008-11-19,7.63095867,40.94728654,7.33501376,26.46423141,11.68971253,27.53801035,72
2008-12-19,2009-01-03,2009-01-16,east_north,2008-11-06,2008-11-19,-4.95731772,46.23768106,-5.73287330,36.18577043,5.63050159,46.38814249,45
2008-12-19,2009-01-03,2009-01-16,east_south,2008-11-06,2008-11-19,9.52600273,51.38840984,9.63485865,37.83286914,12.60011505,34.53674774,23
2008-12-19,2009-01-03,2009-01-16,west_north,2008-11-06,2008-11-19,-5.18140931,51.09640714,-1.92760424,29.96743604,5.04500130,27.88312407,95
2008-12-19,2009-01-03,2009-01-16,west_south,2008-11-06,2008-11-19,5.98606528,31.78888176,6.19887472,3.09018304,11.50508061,2.13583573,31
2009-01-02,2009-01-17,2009-01-30,central_north,2008-11-20,2008-12-03,-2.32897975,17.97780730,-7.32653133,8.74851351,-0.98550443,7.31752541,110
2009-01-02,2009-01-17,2009-01-30,central_south,2008-11-20,2008-12-03,8.49880937,27.37911580,7.06916814,12.80081218,9.42507349,18.08421000,72
2009-01-02,2009-01-17,2009-01-30,east_north,2008-11-20,2008-12-03,-4.70967303,48.35381284,-7.19909797,29.44507333,-0.16100654,37.89101111,45
2009-01-02,2009-01-17,2009-01-30,east_south,2008-11-20,2008-12-03,7.61477335,33.50794011,7.04235162,20.68499712,8.19619676,42.41849553,23
2009-01-02,2009-01-17,2009-01-30,west_north,2008-11-20,2008-12-03,-1.72491565,28.50746837,-2.85986247,16.74359320,2.41902876,10.86205441,95
2009-01-02,2009-01-17,2009-01-30,west_south,2008-11-20,2008-12-03,7.09006162,4.79036061,8.47627285,8.34924985,10.39613920,20.24273970,31
2009-01-16,2009-01-31,2009-02-13,central_north,2008-12-04,2008-12-17,-5.16054712,31.59968242,-0.76189220,16.70235191,-6.83407041,20.07504754,110
2009-01-16,2009-01-31,2009-02-13,central_south,2008-12-04,2008-12-17,7.50747909,43.85710569,11.07127621,17.45757439,7.05385614,47.93599725,72
2009-01-16,2009-01-31,2009-02-13,east_north,2008-12-04,2008-12-17,-5.53567131,52.83348845,-1.52146252,18.13127425,-0.90759897,66.72832965,45
2009-01-16,2009-01-31,2009-02-13,east_south,2008-12-04,2008-12-17,7.65150846,39.48676652,9.28311913,8.96694552,11.13396657,56.61648027,23
2009-01-16,2009-01-31,2009-02-13,west_north,2008-12-04,2008-12-17,-3.45958466,42.98928744,-1.04375366,12.67856730,-3.69745728,18.17807047,95
2009-01-16,2009-01-31,2009-02-13,west_south,2008-12-04,2008-12-17,5.08893020,25.22171909,7.01479865,21.77240225,6.55894854,17.24786665,31
2009-01-30,2009-02-14,2009-02-27,central_north,2008-12-18,2008-12-31,-3.07952990,31.45725996,-3.90356099,14.13609478,-7.21797237,29.60323117,110
2009-01-30,2009-02-14,2009-02-27,central_south,2008-12-18,2008-12-31,8.95705159,51.99644085,11.06556135,14.68413005,9.54374975,22.83918505,72
2009-01-30,2009-02-14,2009-02-27,east_north,2008-12-18,2008-12-31,-3.16518213,37.72317307,-1.86320925,20.65028069,-1.24879258,50.44686164,45
2009-01-30,2009-02-14,2009-02-27,east_south,2008-12-18,2008-12-31,9.81775248,41.02511051,9.19007254,23.18041375,12.98675198,17.64685301,23
2009-01-30,2009-02-14,2009-02-27,west_north,2008-12-18,2008-12-31,-2.32379377,41.82183607,0.09271585,29.65299298,-6.26655839,49.23939248,95
2009-01-30,2009-02-14,2009-02-27,west_south,2008-12-18,2008-12-31,6.43362988,23.17961633,8.70569821,12.39217928,3.94859591,26.25022935,31
2009-02-13,2009-02-28,2009-03-13,central_north,2009-01-01,2009-01-14,0.12633043,41.94464314,-2.09619474,20.65118606,-6.86843895,10.15899370,110
2009-02-13,2009-02-28,2009-03-13,central_south,2009-01-01,2009-01-14,13.70203025,49.53458586,12.83022453,27.17798314,8.67230426,26.68071714,72
2009-02-13,2009-02-28,2009-03-13,east_north,2009-01-01,2009-01-14,-1.78201960,59.99371418,0.79907946,38.23190224,-4.35759945,36.18472642,45
2009-02-13,2009-02-28,2009-03-13,east_south,2009-01-01,2009-01-14,12.54437613,52.17333565,12.36339463,46.06221520,10.41205486,37.92860600,23
2009-02-13,2009-02-28,2009-03-13,west_north,2009-01-01,2009-01-14,-0.75520688,50.83697002,-0.38781316,23.21912322,-1.90798269,38.09843798,95
2009-02-13,2009-02-28,2009-03-13,west_south,2009-01-01,2009-01-14,8.68793054,26.99906821,10.40883446,6.09505406,5.94309840,3.13365419,31
2009-02-27,2009-03-14,2009-03-27,central_north,2009-01-15,2009-01-28,3.01495606,47.89990663,5.51283748,23.94286538,-8.59672813,8.75302668,110
2009-02-27,2009-03-14,2009-03-27,central_south,2009-01-15,2009-01-28,14.21685219,63.27895904,15.35957537,61.58746242,6.53269580,11.85093580,72
2009-02-27,2009-03-14,2009-03-27,east_north,2009-01-15,2009-01-28,2.84737591,56.85504112,4.12766561,19.41704385,-8.63370714,18.56182145,45
2009-02-27,2009-03-14,2009-03-27,east_south,2009-01-15,2009-01-28,13.86373966,50.69845142,14.36305937,41.55751195,6.10755655,10.42946624,23
2009-02-27,2009-03-14,2009-03-27,west_north,2009-01-15,2009-01-28,1.76802208,31.54543340,4.05252055,27.15979069,-2.78523732,16.02880147,95
2009-02-27,2009-03-14,2009-03-27,west_south,2009-01-15,2009-01-28,10.38673280,10.99999914,11.76817713,3.21740977,8.68947859,8.34924985,31
2009-03-13,2009-03-28,2009-04-10,central_north,2009-01-29,2009-02-11,7.21183038,41.22288720,2.81993942,30.59891708,-1.35244054,13.06417997,110
2009-03-13,2009-03-28,2009-04-10,central_south,2009-01-29,2009-02-11,15.33045562,47.62682685,13.80115520,33.59285915,10.00558460,16.94678898,72
2009-03-13,2009-03-28,2009-04-10,east_north,2009-01-29,2009-02-11,5.17675046,40.99386488,6.80056735,51.62508259,-2.69897732,18.40781082,45
2009-03-13,2009-03-28,2009-04-10,east_south,2009-01-29,2009-02-11,14.32714623,42.90939626,15.65077940,93.74759648,8.43570950,16.88837179,23
2009-03-13,2009-03-28,2009-04-10,west_north,2009-01-29,2009-02-11,6.23498772,28.68550799,3.53498227,26.60877914,-0.71392195,11.13370407,95
2009-03-13,2009-03-28,2009-04-10,west_south,2009-01-29,2009-02-11,13.83725083,17.34486166,11.37036383,2.05553880,7.34176668,21.09346732,31
2009-03-27,2009-04-11,2009-04-24,central_north,2009-02-12,2009-02-25,10.26394829,52.34060925,9.92105297,31.20168672,-3.43424338,10.38795435,110
2009-03-27,2009-04-11,2009-04-24,central_south,2009-02-12,2009-02-25,18.09622673,43.73334680,17.44616778,53.50357983,10.34437031,14.26247739,72
2009-03-27,2009-04-11,2009-04-24,east_north,2009-02-12,2009-02-25,8.64573795,50.93495301,8.35882534,45.88916078,-2.14267291,28.06104870,45
2009-03-27,2009-04-11,2009-04-24,east_south,2009-02-12,2009-02-25,16.78601806,35.80547520,17.12748992,43.78229068,9.15744242,25.32236303,23
2009-03-27,2009-04-11,2009-04-24,west_north,2009-02-12,2009-02-25,7.04394499,30.25998718,7.91158992,17.85810225,-0.29732072,27.29400746,95
2009-03-27,2009-04-11,2009-04-24,west_south,2009-02-12,2009-02-25,14.66664698,7.96955222,14.44649492,5.64987383,7.76775432,13.03679475,31
2009-04-10,2009-04-25,2009-05-08,central_north,2009-02-26,2009-03-11,11.58328526,48.81220066,11.99209646,51.92920180,-2.10586930,28.51143093,110
2009-04-10,2009-04-25,2009-05-08,central_south,2009-02-26,2009-03-11,19.78597278,56.93137433,22.03656554,73.63392997,14.42559571,14.73062098,72
2009-04-10,2009-04-25,2009-05-08,east_north,2009-02-26,2009-03-11,9.90990894,56.40182527,15.03392150,54.27826846,1.75714513,40.25509866,45
2009-04-10,2009-04-25,2009-05-08,east_south,2009-02-26,2009-03-11,18.28045162,43.32526998,22.21730374,35.87269520,12.46418588,45.89395995,23
2009-04-10,2009-04-25,2009-05-08,west_north,2009-02-26,2009-03-11,10.82880983,24.18261588,7.92845406,39.06477817,-0.45833602,27.93414909,95
2009-04-10,2009-04-25,2009-05-08,west_south,2009-02-26,2009-03-11,17.92514098,6.22440566,18.11437058,1.57251730,10.65183410,5.50917605,31
2009-04-24,2009-05-09,2009-05-22,central_north,2009-03-12,2009-03-25,14.82363050,55.87975576,13.87811181,31.91841856,4.85391526,21.71963488,110
2009-04-24,2009-05-09,2009-05-22,central_south,2009-03-12,2009-03-25,22.57581317,30.17836853,21.45059027,41.76625773,14.19753502,49.92391362,72
2009-04-24,2009-05-09,2009-05-22,east_north,2009-03-12,2009-03-25,13.78740731,54.03787870,13.92964821,35.33853007,2.89503673,12.61889446,45
2009-04-24,2009-05-09,2009-05-22,east_south,2009-03-12,2009-03-25,21.24405344,39.46938581,20.86527043,80.18542393,13.89140060,32.83329986,23
2009-04-24,2009-05-09,2009-05-22,west_north,2009-03-12,2009-03-25,12.07079528,24.90789435,12.54363798,8.62103691,3.93825795,22.56927846,95
2009-04-24,2009-05-09,2009-05-22,west_south,2009-03-12,2009-03-25,19.34548869,4.92841186,21.82746980,4.31527935,11.75315817,3.37394042,31
2009-05-08,2009-05-23,2009-06-05,central_north,2009-03-26,2009-04-08,17.56332911,57.97101769,16.16783039,38.95149165,2.04692502,28.50620144,110
2009-05-08,2009-05-23,2009-06-05,central_south,2009-03-26,2009-04-08,23.87595508,41.64899509,23.17794052,50.46115734,13.37424863,57.29875602,72
2009-05-08,2009-05-23,2009-06-05,east_north,2009-03-26,2009-04-08,16.42859023,45.25533793,16.03100618,53.61323142,6.70735438,60.02830786,45
2009-05-08,2009-05-23,2009-06-05,east_south,2009-03-26,2009-04-08,22.21189164,64.76717571,24.06728483,87.59439535,15.62583604,102.58081723,23
2009-05-08,2009-05-23,2009-06-05,west_north,2009-03-26,2009-04-08,12.91751256,30.92246868,15.47756001,20.32142906,2.69578415,26.69647778,95
2009-05-08,2009-05-23,2009-06-05,west_south,2009-03-26,2009-04-08,20.29652301,2.98914147,20.68593014,9.52476551,11.01462056,2.21729177,31
2009-05-22,2009-06-06,2009-06-19,central_north,2009-04-09,2009-04-22,18.80585073,60.97460829,17.86854212,65.42681838,8.53365047,34.89592291,110
2009-05-22,2009-06-06,2009-06-19,central_south,2009-04-09,2009-04-22,24.65654710,34.39863295,26.77697462,23.42527707,16.67752218,55.53593429,72
2009-05-22,2009-06-06,2009-06-19,east_north,2009-04-09,2009-04-22,18.65351907,57.71198838,18.26444963,67.69479877,7.76701356,42.62699595,45
2009-05-22,2009-06-06,2009-06-19,east_south,2009-04-09,2009-04-22,23.74724098,74.19232865,25.72152119,66.65354822,16.66832612,43.33233083,23
2009-05-22,2009-06-06,2009-06-19,west_north,2009-04-09,2009-04-22,16.21032040,26.71866736,13.90399601,31.96544525,7.65549922,21.70227773,95
2009-05-22,2009-06-06,2009-06-19,west_south,2009-04-09,2009-04-22,23.22288820,4.29258989,20.43254407,4.52912957,13.60701602,5.95111993,31
2009-06-05,2009-06-20,2009-07-03,central_north,2009-04-23,2009-05-06,20.62519211,51.12005894,22.18549092,32.17560974,12.00209812,46.16044191,110
2009-06-05,2009-06-20,2009-07-03,central_south,2009-04-23,2009-05-06,26.91172817,32.71919590,28.58896352,18.84678043,21.64150166,67.81621156,72
2009-06-05,2009-06-20,2009-07-03,east_north,2009-04-23,2009-05-06,19.88572702,56.22685349,20.59323771,54.94317338,14.41250352,42.07067488,45
2009-06-05,2009-06-20,2009-07-03,east_south,2009-04-23,2009-05-06,25.32788065,62.46964665,27.17955818,37.92801141,21.78321099,26.98964814,23
2009-06-05,2009-06-20,2009-07-03,west_north,2009-04-23,2009-05-06,17.15408033,15.45737919,17.74106527,15.95855178,7.70221450,35.83447258,95
2009-06-05,2009-06-20,2009-07-03,west_south,2009-04-23,2009-05-06,25.32314597,1.26621589,24.93829522,13.02830619,17.47117174,1.56966209,31
2009-06-19,2009-07-04,2009-07-17,central_north,2009-05-07,2009-05-20,21.50413222,62.22833578,20.67180059,48.50501589,13.59103538,37.08681103,110
2009-06-19,2009-07-04,2009-07-17,central_south,2009-05-07,2009-05-20,27.25390218,29.18850789,28.46777036,43.88239682,21.94554605,47.20404455,72
2009-06-19,2009-07-04,2009-07-17,east_north,2009-05-07,2009-05-20,19.87220260,57.34858442,19.19975428,29.13100184,13.51655984,51.26115392,45
2009-06-19,2009-07-04,2009-07-17,east_south,2009-05-07,2009-05-20,25.51838422,52.95883106,25.90445266,62.44220829,21.08553769,77.08831811,23
2009-06-19,2009-07-04,2009-07-17,west_north,2009-05-07,2009-05-20,19.49789830,14.91820943,19.12245239,10.47804074,11.98749340,12.12840477,95
2009-06-19,2009-07-04,2009-07-17,west_south,2009-05-07,2009-05-20,26.00396095,6.60827402,27.20641008,10.28998798,22.27048225,0.52053290,31
2009-07-03,2009-07-18,2009-07-31,central_north,2009-05-21,2009-06-03,21.73214932,41.61624725,19.97153004,35.94855829,16.31260583,38.47178110,110
2009-07-03,2009-07-18,2009-07-31,central_south,2009-05-21,2009-06-03,26.77851148,32.71675430,26.47468238,70.69787100,23.10163410,42.25019028,72
2009-07-03,2009-07-18,2009-07-31,east_north,2009-05-21,2009-06-03,20.73779406,45.26120422,20.76805965,76.87620907,16.61095475,42.13139342,45
2009-07-03,2009-07-18,2009-07-31,east_south,2009-05-21,2009-06-03,25.45643396,77.09107471,26.07114992,55.24824929,23.79112488,73.80659765,23
2009-07-03,2009-07-18,2009-07-31,west_north,2009-05-21,2009-06-03,20.85258194,11.41958838,21.57223442,8.90696453,15.20668513,17.33475839,95
2009-07-03,2009-07-18,2009-07-31,west_south,2009-05-21,2009-06-03,26.49634951,11.35039853,27.52949866,14.98551679,20.41968783,13.05255310,31
2009-07-17,2009-08-01,2009-08-14,central_north,2009-06-04,2009-06-17,21.72077824,41.20500148,21.75073227,36.39577448,16.87800775,58.67154111,110
2009-07-17,2009-08-01,2009-08-14,central_south,2009-06-04,2009-06-17,26.94172799,35.03506129,27.88839836,33.20991209,25.98818733,29.71933629,72
2009-07-17,2009-08-01,2009-08-14,east_north,2009-06-04,2009-06-17,20.01359118,45.66870888,21.37719214,54.12106331,17.58105114,59.33787794,45
2009-07-17,2009-08-01,2009-08-14,east_south,2009-06-04,2009-06-17,25.43138844,61.63019283,26.98201767,63.94250235,25.24529233,81.36824242,23
2009-07-17,2009-08-01,2009-08-14,west_north,2009-06-04,2009-06-17,20.37440725,14.38334234,19.12263023,13.90754743,13.82373987,32.11484692,95
2009-07-17,2009-08-01,2009-08-14,west_south,2009-06-04,2009-06-17,26.40707776,9.86527997,25.69354927,8.45196828,20.23146717,4.55819803,31
2009-07-31,2009-08-15,2009-08-28,central_north,2009-06-18,2009-07-01,21.94445246,44.56311501,19.79085722,55.79054057,22.48280058,38.03486137,110
2009-07-31,2009-08-15,2009-08-28,central_south,2009-06-18,2009-07-01,26.44069610,29.23639739,26.83869938,34.53982324,28.56572691,20.06892695,72
2009-07-31,2009-08-15,2009-08-28,east_north,2009-06-18,2009-07-01,20.58207958,38.36630418,22.09650757,39.45824942,20.68251766,63.20109898,45
2009-07-31,2009-08-15,2009-08-28,east_south,2009-06-18,2009-07-01,25.21937436,46.34070539,26.30991301,58.37489857,27.34148847,43.76899855,23
2009-07-31,2009-08-15,2009-08-28,west_north,2009-06-18,2009-07-01,18.54843434,16.72374264,18.46141524,8.27206555,17.16741318,16.85182598,95
2009-07-31,2009-08-15,2009-08-28,west_south,2009-06-18,2009-07-01,24.82390768,8.39229101,24.96884211,11.52965569,24.47797650,9.70494096,31
2009-08-14,2009-08-29,2009-09-11,central_north,2009-07-02,2009-07-15,18.53501042,37.62113888,18.37201668,20.55272230,20.95642801,46.27455876,110
2009-08-14,2009-08-29,2009-09-11,central_south,2009-07-02,2009-07-15,24.20339439,29.26483470,24.60412958,40.85693081,28.52839654,34.41041571,72
2009-08-14,2009-08-29,2009-09-11,east_north,2009-07-02,2009-07-15,17.65934578,29.00386808,17.43010529,33.14612695,18.82133610,38.15122129,45
2009-08-14,2009-08-29,2009-09-11,east_south,2009-07-02,2009-07-15,23.10911978,49.67692890,24.11576914,50.14631180,25.69044823,60.09125902,23
2009-08-14,2009-08-29,2009-09-11,west_north,2009-07-02,2009-07-15,16.91754421,14.47707162,18.23175996,6.26316054,18.85748831,12.94194576,95
2009-08-14,2009-08-29,2009-09-11,west_south,2009-07-02,2009-07-15,23.90333713,10.19142444,24.79369586,14.11683613,26.77204267,12.76953153,31
2009-08-28,2009-09-12,2009-09-25,central_north,2009-07-16,2009-07-29,16.20442528,46.98222859,17.62026826,27.23225671,19.96742219,34.87231634,110
2009-08-28,2009-09-12,2009-09-25,central_south,2009-07-16,2009-07-29,23.17335650,26.45399687,22.55180456,97.99314125,26.73274912,60.71265325,72
2009-08-28,2009-09-12,2009-09-25,east_north,2009-07-16,2009-07-29,16.30757723,35.55461233,17.11610512,20.77207866,20.73335329,57.72976848,45
2009-08-28,2009-09-12,2009-09-25,east_south,2009-07-16,2009-07-29,22.51468065,47.25026157,24.82059571,71.79258201,26.11562142,49.38096474,23
2009-08-28,2009-09-12,2009-09-25,west_north,2009-07-16,2009-07-29,13.15360903,19.70446980,16.35070759,7.07088709,21.79265770,7.39115541,95
2009-08-28,2009-09-12,2009-09-25,west_south,2009-07-16,2009-07-29,21.38394299,5.17246065,21.84974529,9.77012448,27.91660923,14.82983780,31
2009-09-11,2009-09-26,2009-10-09,central_north,2009-07-30,2009-08-12,13.18149391,32.45511656,10.17805963,54.45246715,21.01016366,40.86521924,110
2009-09-11,2009-09-26,2009-10-09,central_south,2009-07-30,2009-08-12,19.41885236,26.47456774,20.61390172,61.73001189,27.74818830,50.61721071,72
2009-09-11,2009-09-26,2009-10-09,east_north,2009-07-30,2009-08-12,12.98524252,38.79429872,12.42413720,65.06921184,21.31649469,71.38340138,45
2009-09-11,2009-09-26,2009-10-09,east_south,2009-07-30,2009-08-12,20.33885299,59.58865012,21.06987007,47.05395333,27.15124692,61.47790882,23
2009-09-11,2009-09-26,2009-10-09,west_north,2009-07-30,2009-08-12,11.37799599,18.74639874,8.48609955,14.06778321,19.40403290,13.30724367,95
2009-09-11,2009-09-26,2009-10-09,west_south,2009-07-30,2009-08-12,19.76966064,4.58887106,17.88848985,1.95585457,25.90871796,4.62279175,31
2009-09-25,2009-10-10,2009-10-23,central_north,2009-08-13,2009-08-26,8.80788015,17.38870455,5.80867980,42.02654840,20.44980852,49.82000867,110
2009-09-25,2009-10-10,2009-10-23,central_south,2009-08-13,2009-08-26,15.46231096,23.37897160,16.30844387,77.31591541,27.00372399,31.88620573,72
2009-09-25,2009-10-10,2009-10-23,east_north,2009-08-13,2009-08-26,7.95045563,29.82029819,7.49659117,30.70415903,22.56690770,41.06485269,45
2009-09-25,2009-10-10,2009-10-23,east_south,2009-08-13,2009-08-26,15.96832329,38.08778654,17.36362005,42.52909858,26.33783189,63.85023620,23
2009-09-25,2009-10-10,2009-10-23,west_north,2009-08-13,2009-08-26,9.43463708,19.34619409,7.77872589,27.21282450,18.20932965,10.47584112,95
2009-09-25,2009-10-10,2009-10-23,west_south,2009-08-13,2009-08-26,17.00083160,19.32818827,17.05845929,13.18850991,24.73927092,16.30978158,31
2009-10-09,2009-10-24,2009-11-06,central_north,2009-08-27,2009-09-09,6.49209307,30.22221649,7.02947821,38.63555360,18.25370160,25.69848042,110
2009-10-09,2009-10-24,2009-11-06,central_south,2009-08-27,2009-09-09,13.95095063,26.35018878,14.35947354,51.91543032,24.83381767,32.17749550,72
2009-10-09,2009-10-24,2009-11-06,east_north,2009-08-27,2009-09-09,6.35175607,46.49703930,8.31675950,62.76296260,17.78727422,31.20399552,45
2009-10-09,2009-10-24,2009-11-06,east_south,2009-08-27,2009-09-09,15.09205079,26.65314025,17.09028417,35.01370067,24.47576067,54.16008947,23
2009-10-09,2009-10-24,2009-11-06,west_north,2009-08-27,2009-09-09,5.06510354,29.50154504,5.26305074,18.65009575,18.49479654,6.12026148,95
2009-10-09,2009-10-24,2009-11-06,west_south,2009-08-27,2009-09-09,13.37399111,12.57243683,12.77227156,1.73582408,25.06476165,11.90969140,31
2009-10-23,2009-11-07,2009-11-20,central_north,2009-09-10,2009-09-23,0.78463906,31.74850404,6.58084496,14.81550852,18.20580095,24.31469959,110
2009-10-23,2009-11-07,2009-11-20,central_south,2009-09-10,2009-09-23,10.67248997,44.38570715,14.04233981,20.53383674,23.09161429,106.45205045,72
2009-10-23,2009-11-07,2009-11-20,east_north,2009-09-10,2009-09-23,2.54588326,64.00133065,8.59587682,38.06906572,17.04990517,20.00901879,45
2009-10-23,2009-11-07,2009-11-20,east_south,2009-09-10,2009-09-23,12.72347541,45.45792573,15.67126389,75.58761051,24.42105691,73.52149220,23
2009-10-23,2009-11-07,2009-11-20,west_north,2009-09-10,2009-09-23,1.28875466,38.67484015,2.21089407,21.07437338,16.60215787,7.14846854,95
2009-10-23,2009-11-07,2009-11-20,west_south,2009-09-10,2009-09-23,10.03615499,6.98407538,10.95356101,1.80215086,22.36553360,12.14584334,31
2009-11-06,2009-11-21,2009-12-04,central_north,2009-09-24,2009-10-07,0.85733796,26.11914890,1.90704736,10.31793955,11.66905406,44.74673313,110
2009-11-06,2009-11-21,2009-12-04,central_south,2009-09-24,2009-10-07,8.73634369,40.54277649,8.72668887,41.67466356,20.57687682,51.10472849,72
2009-11-06,2009-11-21,2009-12-04,east_north,2009-09-24,2009-10-07,2.52645207,62.11225863,5.49904183,44.98178429,13.03757643,63.51545469,45
2009-11-06,2009-11-21,2009-12-04,east_south,2009-09-24,2009-10-07,11.45623763,63.08640757,12.14743359,64.34326051,21.51601354,51.65174271,23
2009-11-06,2009-11-21,2009-12-04,west_north,2009-09-24,2009-10-07,-0.32325426,35.73538466,-0.87201231,13.45697864,10.10496529,13.38233246,95
2009-11-06,2009-11-21,2009-12-04,west_south,2009-09-24,2009-10-07,7.44704745,10.41906490,7.40564865,4.59487061,18.73835731,1.48160848,31
2009-11-20,2009-12-05,2009-12-18,central_north,2009-10-08,2009-10-21,-2.09234668,17.19537764,-8.28571339,15.60788203,5.68877604,35.14770707,110
2009-11-20,2009-12-05,2009-12-18,central_south,2009-10-08,2009-10-21,6.01157857,33.41363782,6.17582424,51.49004327,17.18471239,68.47031563,72
2009-11-20,2009-12-05,2009-12-18,east_north,2009-10-08,2009-10-21,-1.50586175,50.22989615,-1.79665107,48.21630284,7.62654052,34.57277736,45
2009-11-20,2009-12-05,2009-12-18,east_south,2009-10-08,2009-10-21,8.50339569,59.50036788,10.15831034,71.68082168,17.75591072,42.81187197,23
2009-11-20,2009-12-05,2009-12-18,west_north,2009-10-08,2009-10-21,-1.68382262,26.60409777,-7.08966768,30.34993228,7.40776731,26.68057388,95
2009-11-20,2009-12-05,2009-12-18,west_south,2009-10-08,2009-10-21,6.21715682,7.09459203,4.88488820,28.67437669,17.10280201,13.14307717,31
2009-12-04,2009-12-19,2010-01-01,central_north,2009-10-22,2009-11-04,-7.36072779,19.65467176,-6.07312648,27.16514782,6.58980434,60.54626223,110
2009-12-04,2009-12-19,2010-01-01,central_south,2009-10-22,2009-11-04,3.15967909,27.92617398,5.43803864,42.40355785,14.23406015,77.64279340,72
2009-12-04,2009-12-19,2010-01-01,east_north,2009-10-22,2009-11-04,-5.06462037,36.40834258,-2.94178100,42.06459684,9.40848947,64.67083700,45
2009-12-04,2009-12-19,2010-01-01,east_south,2009-10-22,2009-11-04,5.32568205,52.13289125,7.35370461,65.06463163,18.07376447,35.07950506,23
2009-12-04,2009-12-19,2010-01-01,west_north,2009-10-22,2009-11-04,-2.87785616,45.99729447,-5.09624513,20.46521393,5.14896802,17.70821225,95
2009-12-04,2009-12-19,2010-01-01,west_south,2009-10-22,2009-11-04,5.35358083,27.66276000,4.02106146,7.16961827,12.62066326,2.37035612,31
2009-12-18,2010-01-02,2010-01-15,central_north,2009-11-05,2009-11-18,-6.25639211,17.94734206,-9.39028380,5.52755019,7.23220335,13.50365573,110
2009-12-18,2010-01-02,2010-01-15,central_south,2009-11-05,2009-11-18,4.21249761,46.90025063,1.51723226,6.83416432,14.56001164,17.53408841,72
2009-12-18,2010-01-02,2010-01-15,east_north,2009-11-05,2009-11-18,-6.54233581,38.49838387,-5.95487589,9.81985482,7.98171707,28.08588974,45
2009-12-18,2010-01-02,2010-01-15,east_south,2009-11-05,2009-11-18,5.14446909,46.88603989,1.52990014,5.01634310,15.38379645,72.76755275,23
2009-12-18,2010-01-02,2010-01-15,west_north,2009-11-05,2009-11-18,-2.49564834,38.78827033,-2.70607821,24.45379611,3.11083638,21.00193683,95
2009-12-18,2010-01-02,2010-01-15,west_south,2009-11-05,2009-11-18,5.47008732,16.19261299,6.24220068,2.30519157,11.90065688,1.80769444,31
2010-01-01,2010-01-16,2010-01-29,central_north,2009-11-19,2009-12-02,-4.89761967,26.15335668,-3.38008707,17.44527847,3.54983196,9.62090385,110
2010-01-01,2010-01-16,2010-01-29,central_south,2009-11-19,2009-12-02,5.91003150,45.16529398,9.55184064,59.34919941,10.18913973,40.39758996,72
2010-01-01,2010-01-16,2010-01-29,east_north,2009-11-19,2009-12-02,-5.37889138,47.26388413,-0.40787244,51.16640698,5.96032042,35.13364919,45
2010-01-01,2010-01-16,2010-01-29,east_south,2009-11-19,2009-12-02,6.49234829,74.70341307,10.90677618,98.01275613,12.79278875,37.41985093,23
2010-01-01,2010-01-16,2010-01-29,west_north,2009-11-19,2009-12-02,-1.51365377,45.83524290,-1.26768148,39.43486958,0.38362281,15.68694338,95
2010-01-01,2010-01-16,2010-01-29,west_south,2009-11-19,2009-12-02,6.60107070,46.30159472,5.59858940,84.17227210,8.24478837,4.46341332,31
2010-01-15,2010-01-30,2010-02-12,central_north,2009-12-03,2009-12-16,-3.75148463,35.01797307,-6.95422071,13.83586529,-8.81540531,17.65786853,110
2010-01-15,2010-01-30,2010-02-12,central_south,2009-12-03,2009-12-16,8.36994652,53.48633951,3.89024494,66.97391793,5.36566156,47.44053727,72
2010-01-15,2010-01-30,2010-02-12,east_north,2009-12-03,2009-12-16,-2.86232760,51.62619798,-5.74248322,32.71281319,-0.22294892,69.23103213,45
2010-01-15,2010-01-30,2010-02-12,east_south,2009-12-03,2009-12-16,9.65627600,66.91140263,6.07284189,75.10951557,10.50802115,97.00122019,23
2010-01-15,2010-01-30,2010-02-12,west_north,2009-12-03,2009-12-16,-2.07589643,43.82927438,-1.49803125,18.99583484,-7.96167035,27.05017986,95
2010-01-15,2010-01-30,2010-02-12,west_south,2009-12-03,2009-12-16,6.40823328,56.05822799,6.34175978,23.78277923,4.32027524,28.80667854,31
2010-01-29,2010-02-13,2010-02-26,central_north,2009-12-17,2009-12-30,-3.01839945,21.53402235,-5.83319025,9.56213171,-4.84637189,26.15538258,110
2010-01-29,2010-02-13,2010-02-26,central_south,2009-12-17,2009-12-30,5.74261768,53.00466929,5.64457903,15.96409235,5.75136671,44.69418926,72
2010-01-29,2010-02-13,2010-02-26,east_north,2009-12-17,2009-12-30,-3.68360645,29.89106180,-1.42628647,33.23397429,-3.49181638,37.79883682,45
2010-01-29,2010-02-13,2010-02-26,east_south,2009-12-17,2009-12-30,6.02731663,54.55187724,6.42502574,30.76683397,7.32841684,62.84127380,23
2010-01-29,2010-02-13,2010-02-26,west_north,2009-12-17,2009-12-30,-0.49436441,34.31939093,-0.83412436,19.39212661,-4.61565567,16.82902563,95
2010-01-29,2010-02-13,2010-02-26,west_south,2009-12-17,2009-12-30,6.47306545,39.66145797,7.75044741,12.17260677,4.44960247,5.59328988,31
2010-02-12,2010-02-27,2010-03-12,central_north,2009-12-31,2010-01-13,-1.44746694,25.28035759,1.25696213,21.44858619,-10.93164827,6.56778678,110
2010-02-12,2010-02-27,2010-03-12,central_south,2009-12-31,2010-01-13,7.59767358,50.07223258,10.35718862,35.08940284,1.10586906,8.39160825,72
2010-02-12,2010-02-27,2010-03-12,east_north,2009-12-31,2010-01-13,-2.87296111,33.75928919,2.80318523,13.51351829,-6.26487793,14.20338924,45
2010-02-12,2010-02-27,2010-03-12,east_south,2009-12-31,2010-01-13,7.13294195,54.89013417,9.35490816,42.71008243,1.68419290,12.07657527,23
2010-02-12,2010-02-27,2010-03-12,west_north,2009-12-31,2010-01-13,1.06181713,38.71915847,1.83237692,19.96335299,-3.26841909,28.67077191,95
2010-02-12,2010-02-27,2010-03-12,west_south,2009-12-31,2010-01-13,7.47153932,43.30548419,7.76419792,28.27123307,5.77936110,2.94188775,31
2010-02-26,2010-03-13,2010-03-26,central_north,2010-01-14,2010-01-27,0.59927027,30.24204625,4.41312656,15.74049390,-1.87815446,16.28988935,110
2010-02-26,2010-03-13,2010-03-26,central_south,2010-01-14,2010-01-27,10.13112411,46.76857596,11.27465983,30.04505191,9.90199292,47.07051785,72
2010-02-26,2010-03-13,2010-03-26,east_north,2010-01-14,2010-01-27,-0.84703145,58.18695645,6.79652459,62.88603069,0.59642147,49.83805470,45
2010-02-26,2010-03-13,2010-03-26,east_south,2010-01-14,2010-01-27,9.55229346,58.80127862,13.09360426,37.00239214,10.72601714,98.03296532,23
2010-02-26,2010-03-13,2010-03-26,west_north,2010-01-14,2010-01-27,3.78692384,28.17969390,3.76163915,15.22145354,-0.94869552,40.92623387,95
2010-02-26,2010-03-13,2010-03-26,west_south,2010-01-14,2010-01-27,10.44561815,21.80422777,10.60560493,3.71794304,5.79055816,79.79932018,31
2010-03-12,2010-03-27,2010-04-09,central_north,2010-01-28,2010-02-10,5.80409681,46.33398805,9.67812104,24.39697608,-7.63152466,14.87017726,110
2010-03-12,2010-03-27,2010-04-09,central_south,2010-01-28,2010-02-10,14.12539715,50.58938160,16.83199392,14.52260369,4.33486677,75.17620157,72
2010-03-12,2010-03-27,2010-04-09,east_north,2010-01-28,2010-02-10,4.73360076,72.10399573,11.39793541,50.85613275,-6.15164827,30.04192393,45
2010-03-12,2010-03-27,2010-04-09,east_south,2010-01-28,2010-02-10,13.78640040,88.15210388,17.93330838,40.51386925,6.80968952,74.18612386,23
2010-03-12,2010-03-27,2010-04-09,west_north,2010-01-28,2010-02-10,4.67033918,39.05085754,3.32867818,37.20922078,-1.89557878,17.30431148,95
2010-03-12,2010-03-27,2010-04-09,west_south,2010-01-28,2010-02-10,12.48567289,13.72396115,11.37777898,4.60158777,6.32358375,27.35073104,31
2010-03-26,2010-04-10,2010-04-23,central_north,2010-02-11,2010-02-24,9.50488525,53.31350048,11.96703695,17.64749232,-6.02842278,9.32208745,110
2010-03-26,2010-04-10,2010-04-23,central_south,2010-02-11,2010-02-24,16.62162204,55.43118592,17.95143336,33.17355456,5.14706263,24.07960158,72
2010-03-26,2010-04-10,2010-04-23,east_north,2010-02-11,2010-02-24,8.71614348,47.14473292,9.80602234,14.38555363,-1.81847895,19.21880306,45
2010-03-26,2010-04-10,2010-04-23,east_south,2010-02-11,2010-02-24,15.90113097,30.43626460,17.59460072,13.20763515,6.35054519,28.24540646,23
2010-03-26,2010-04-10,2010-04-23,west_north,2010-02-11,2010-02-24,6.74504790,26.88324916,8.07121692,23.69131730,-0.92666877,18.25672107,95
2010-03-26,2010-04-10,2010-04-23,west_south,2010-02-11,2010-02-24,13.82098503,8.35367805,13.59879316,15.82826025,7.47133525,11.99885734,31
2010-04-09,2010-04-24,2010-05-07,central_north,2010-02-25,2010-03-10,11.99734587,37.70378074,11.33006353,45.52894226,-0.10446246,12.88048610,110
2010-04-09,2010-04-24,2010-05-07,central_south,2010-02-25,2010-03-10,18.07848974,61.05537908,19.61423123,45.84287123,9.45105195,25.76495612,72
2010-04-09,2010-04-24,2010-05-07,east_north,2010-02-25,2010-03-10,10.47796962,59.89990653,13.98085214,50.68236276,1.39531890,27.49979078,45
2010-04-09,2010-04-24,2010-05-07,east_south,2010-02-25,2010-03-10,18.12272584,50.97231369,21.46453389,61.47563977,7.67418494,17.84116515,23
2010-04-09,2010-04-24,2010-05-07,west_north,2010-02-25,2010-03-10,10.09788518,35.44646797,6.15650221,29.73938888,1.83469205,21.63746960,95
2010-04-09,2010-04-24,2010-05-07,west_south,2010-02-25,2010-03-10,15.52660639,16.48185505,14.89430338,2.68322476,7.96709647,29.20262471,31
2010-04-23,2010-05-08,2010-05-21,central_north,2010-03-11,2010-03-24,13.67736213,56.13198223,12.23300302,56.26227349,4.62711877,19.99509597,110
2010-04-23,2010-05-08,2010-05-21,central_south,2010-03-11,2010-03-24,21.50254788,34.74191106,21.78803680,53.01846883,11.23067879,30.87355283,72
2010-04-23,2010-05-08,2010-05-21,east_north,2010-03-11,2010-03-24,13.45005733,69.58992604,12.80460910,51.85790992,7.42920247,59.89211047,45
2010-04-23,2010-05-08,2010-05-21,east_south,2010-03-11,2010-03-24,20.45637914,48.92911512,22.16971058,36.13327841,13.19245536,59.79447279,23
2010-04-23,2010-05-08,2010-05-21,west_north,2010-03-11,2010-03-24,11.05125665,26.41584446,9.80541402,24.00143567,3.36007762,14.63215536,95
2010-04-23,2010-05-08,2010-05-21,west_south,2010-03-11,2010-03-24,18.88625693,2.21979052,17.07950966,1.02688374,10.03472717,4.60440800,31
2010-05-07,2010-05-22,2010-06-04,central_north,2010-03-25,2010-04-07,17.31750129,51.38400826,20.01138906,39.55048674,9.09802910,24.99280849,110
2010-05-07,2010-05-22,2010-06-04,central_south,2010-03-25,2010-04-07,24.31793667,20.70521160,25.54861906,32.56939696,16.69096077,17.30925264,72
2010-05-07,2010-05-22,2010-06-04,east_north,2010-03-25,2010-04-07,16.25174359,46.35115748,20.53599151,36.46389073,10.52957099,48.02296574,45
2010-05-07,2010-05-22,2010-06-04,east_south,2010-03-25,2010-04-07,22.85246415,30.46360197,24.68337681,63.34525680,17.52633382,32.47095932,23
2010-05-07,2010-05-22,2010-06-04,west_north,2010-03-25,2010-04-07,12.98898631,26.87693535,10.94583500,39.69950731,3.31726767,38.00408146,95
2010-05-07,2010-05-22,2010-06-04,west_south,2010-03-25,2010-04-07,20.72266758,0.54819316,19.21143621,1.00163113,11.05594063,4.70226090,31
2010-05-21,2010-06-05,2010-06-18,central_north,2010-04-08,2010-04-21,19.42823733,44.02705879,19.72612031,82.61271521,11.20630765,13.68777054,110
2010-05-21,2010-06-05,2010-06-18,central_south,2010-04-08,2010-04-21,25.58043502,36.61855150,27.91771433,34.25005228,17.09720256,36.42500559,72
2010-05-21,2010-06-05,2010-06-18,east_north,2010-04-08,2010-04-21,18.32454093,52.01463517,19.21152872,58.13673069,9.72660712,22.79693114,45
2010-05-21,2010-06-05,2010-06-18,east_south,2010-04-08,2010-04-21,24.30300024,62.27097939,27.20691109,41.97555324,17.46881479,25.44125391,23
2010-05-21,2010-06-05,2010-06-18,west_north,2010-04-08,2010-04-21,16.09056230,25.98703127,14.14910285,30.28099948,7.64504247,18.57113873,95
2010-05-21,2010-06-05,2010-06-18,west_south,2010-04-08,2010-04-21,23.80829901,2.18653095,23.44284563,1.22671416,14.21358338,11.11466855,31
2010-06-04,2010-06-19,2010-07-02,central_north,2010-04-22,2010-05-05,21.62342654,45.25808832,22.25661060,48.94731174,11.73878349,48.70378893,110
2010-06-04,2010-06-19,2010-07-02,central_south,2010-04-22,2010-05-05,27.10083309,37.74878432,27.82252163,51.16469682,19.14575211,48.73957054,72
2010-06-04,2010-06-19,2010-07-02,east_north,2010-04-22,2010-05-05,20.82553607,50.31658391,21.41180983,35.27399351,13.39517793,47.96873597,45
2010-06-04,2010-06-19,2010-07-02,east_south,2010-04-22,2010-05-05,25.60074005,77.02238567,27.69229719,64.46655884,20.66246171,60.72088373,23
2010-06-04,2010-06-19,2010-07-02,west_north,2010-04-22,2010-05-05,17.84196711,11.39938716,17.79695578,9.57301545,6.52028717,34.34889216,95
2010-06-04,2010-06-19,2010-07-02,west_south,2010-04-22,2010-05-05,25.31186970,1.27537677,24.80194024,4.12098990,13.56529684,7.39060405,31
2010-06-18,2010-07-03,2010-07-16,central_north,2010-05-06,2010-05-19,22.37950670,57.23640077,22.92607128,57.58635974,11.28376904,52.06027868,110
2010-06-18,2010-07-03,2010-07-16,central_south,2010-05-06,2010-05-19,27.57817147,51.45244761,27.50454355,67.66914397,21.67974975,41.98695988,72
2010-06-18,2010-07-03,2010-07-16,east_north,2010-05-06,2010-05-19,22.29669648,60.99012297,24.32164156,44.13821638,12.39983834,53.42965407,45
2010-06-18,2010-07-03,2010-07-16,east_south,2010-05-06,2010-05-19,26.65914710,62.76091984,27.18490323,61.90559450,22.45395638,36.56060851,23
2010-06-18,2010-07-03,2010-07-16,west_north,2010-05-06,2010-05-19,20.03442505,8.87944119,18.83037223,5.99843679,9.09461873,21.97828842,95
2010-06-18,2010-07-03,2010-07-16,west_south,2010-05-06,2010-05-19,26.57607839,1.22912530,26.46784499,8.80542566,16.81505006,1.01779428,31
2010-07-02,2010-07-17,2010-07-30,central_north,2010-05-20,2010-06-02,23.49583578,46.77367053,23.82147639,57.28013472,19.43108446,42.82004937,110
2010-07-02,2010-07-17,2010-07-30,central_south,2010-05-20,2010-06-02,27.22984217,41.36859020,28.16431465,38.64139378,25.24426587,33.37843613,72
2010-07-02,2010-07-17,2010-07-30,east_north,2010-05-20,2010-06-02,22.79413529,44.50586651,23.51346128,51.61492989,20.02283200,30.20554026,45
2010-07-02,2010-07-17,2010-07-30,east_south,2010-05-20,2010-06-02,26.33561616,71.75188517,28.93937041,45.06457904,24.18560923,53.72623601,23
2010-07-02,2010-07-17,2010-07-30,west_north,2010-05-20,2010-06-02,20.12941025,6.12418849,21.06858725,10.14275556,10.13455676,36.07618587,95
2010-07-02,2010-07-17,2010-07-30,west_south,2010-05-20,2010-06-02,26.48799083,4.25193214,26.63013812,31.18206809,18.68921490,0.99024776,31
2010-07-16,2010-07-31,2010-08-13,central_north,2010-06-03,2010-06-16,22.40921280,42.98715807,24.76932886,44.72517485,19.44315150,80.53311350,110
2010-07-16,2010-07-31,2010-08-13,central_south,2010-06-03,2010-06-16,27.26964002,35.16652185,29.71491349,20.55520499,27.50390702,41.82940448,72
2010-07-16,2010-07-31,2010-08-13,east_north,2010-06-03,2010-06-16,21.96643727,45.88321395,22.84730668,33.83813448,19.34965039,62.87382431,45
2010-07-16,2010-07-31,2010-08-13,east_south,2010-06-03,2010-06-16,26.39180811,62.24078164,28.15713563,62.24253233,27.00411441,44.41930866,23
2010-07-16,2010-07-31,2010-08-13,west_north,2010-06-03,2010-06-16,20.69360766,10.78306868,19.58423067,14.05121299,14.54715684,32.37272032,95
2010-07-16,2010-07-31,2010-08-13,west_south,2010-06-03,2010-06-16,26.61167949,5.36862735,24.72729490,22.32369066,23.54759643,1.25287705,31
2010-07-30,2010-08-14,2010-08-27,central_north,2010-06-17,2010-06-30,21.17045113,34.56283735,21.82646321,31.58056597,22.11839056,55.80149245,110
2010-07-30,2010-08-14,2010-08-27,central_south,2010-06-17,2010-06-30,26.88000830,28.72304173,28.39817559,38.08829458,28.25118492,33.83424479,72
2010-07-30,2010-08-14,2010-08-27,east_north,2010-06-17,2010-06-30,20.77419624,51.66765637,20.99816037,49.03996153,21.84435459,39.03530814,45
2010-07-30,2010-08-14,2010-08-27,east_south,2010-06-17,2010-06-30,26.11646745,44.65833971,27.48150687,94.84160719,28.05842928,56.67350589,23
2010-07-30,2010-08-14,2010-08-27,west_north,2010-06-17,2010-06-30,19.68676411,10.61677487,19.23701387,6.95354132,16.98068698,14.57872916,95
2010-07-30,2010-08-14,2010-08-27,west_south,2010-06-17,2010-06-30,25.74317826,4.74670276,26.11583352,17.32024613,24.31355129,2.49486146,31
2010-08-13,2010-08-28,2010-09-10,central_north,2010-07-01,2010-07-14,19.91169875,45.57640676,19.30286983,44.21549680,22.74321657,49.53261257,110
2010-08-13,2010-08-28,2010-09-10,central_south,2010-07-01,2010-07-14,26.40758563,17.45234435,26.11521531,55.37339098,27.03761500,84.69027272,72
2010-08-13,2010-08-28,2010-09-10,east_north,2010-07-01,2010-07-14,19.68355864,31.15695545,20.57355890,15.55148159,23.22307820,40.57511653,45
2010-08-13,2010-08-28,2010-09-10,east_south,2010-07-01,2010-07-14,24.85418426,35.34378456,25.70017429,21.45868505,26.72775981,69.98372757,23
2010-08-13,2010-08-28,2010-09-10,west_north,2010-07-01,2010-07-14,15.49574255,11.25760935,14.44624575,19.34670135,18.36116822,7.32028687,95
2010-08-13,2010-08-28,2010-09-10,west_south,2010-07-01,2010-07-14,23.60028594,3.42941997,22.95465931,7.95351205,26.02320260,8.59622982,31
2010-08-27,2010-09-11,2010-09-24,central_north,2010-07-15,2010-07-28,16.56996498,42.26941164,17.00219027,59.31999941,23.91019988,60.89305607,110
2010-08-27,2010-09-11,2010-09-24,central_south,2010-07-15,2010-07-28,24.36691875,16.19601917,26.08667105,25.74830291,28.23528967,36.96825428,72
2010-08-27,2010-09-11,2010-09-24,east_north,2010-07-15,2010-07-28,16.40159230,37.95336418,17.34162815,28.66220391,24.05207302,49.69008706,45
2010-08-27,2010-09-11,2010-09-24,east_south,2010-07-15,2010-07-28,23.25251907,22.99923638,25.57503555,18.21348596,28.78468461,45.71223496,23
2010-08-27,2010-09-11,2010-09-24,west_north,2010-07-15,2010-07-28,14.27841654,9.71611316,14.26005526,13.38134800,21.03855475,7.77958535,95
2010-08-27,2010-09-11,2010-09-24,west_south,2010-07-15,2010-07-28,22.13568289,3.93805991,22.27645649,10.66912484,27.17339487,26.81116492,31
2010-09-10,2010-09-25,2010-10-08,central_north,2010-07-29,2010-08-11,13.20747223,28.76079620,14.19029163,5.11439784,24.47371960,43.55999830,110
2010-09-10,2010-09-25,2010-10-08,central_south,2010-07-29,2010-08-11,20.51905166,12.04913101,19.39070020,15.23343743,29.44011448,22.93025785,72
2010-09-10,2010-09-25,2010-10-08,east_north,2010-07-29,2010-08-11,13.42608986,40.46660247,13.78841504,102.34701005,22.57658008,29.77119274,45
2010-09-10,2010-09-25,2010-10-08,east_south,2010-07-29,2010-08-11,19.82090964,28.19682150,20.06633047,115.55180336,28.15777344,63.92369995,23
2010-09-10,2010-09-25,2010-10-08,west_north,2010-07-29,2010-08-11,11.72989177,19.03130432,15.09557279,14.49455184,20.09391209,14.67358082,95
2010-09-10,2010-09-25,2010-10-08,west_south,2010-07-29,2010-08-11,19.60468313,4.98724056,21.25686924,15.10976621,24.71133442,27.88371032,31
2010-09-24,2010-10-09,2010-10-22,central_north,2010-08-12,2010-08-25,10.12676173,35.40716614,12.24296678,5.69145872,22.47670993,38.18966128,110
2010-09-24,2010-10-09,2010-10-22,central_south,2010-08-12,2010-08-25,18.83752468,21.58908560,19.28781898,13.60273975,29.10542579,39.68370474,72
2010-09-24,2010-10-09,2010-10-22,east_north,2010-08-12,2010-08-25,11.04995585,28.54866285,10.67630784,28.22613472,21.60345104,54.54454038,45
2010-09-24,2010-10-09,2010-10-22,east_south,2010-08-12,2010-08-25,18.76672428,24.83648993,18.83416056,6.19283874,27.86624767,92.75921287,23
2010-09-24,2010-10-09,2010-10-22,west_north,2010-08-12,2010-08-25,7.54877625,19.68206412,10.15140156,9.30747406,18.97775653,8.50407305,95
2010-09-24,2010-10-09,2010-10-22,west_south,2010-08-12,2010-08-25,15.80331672,5.66532791,17.42677514,12.18799055,26.21110647,16.56587916,31
2010-10-08,2010-10-23,2010-11-05,central_north,2010-08-26,2010-09-08,4.71321595,35.15979725,7.97545568,25.77851520,19.79749041,36.75592100,110
2010-10-08,2010-10-23,2010-11-05,central_south,2010-08-26,2010-09-08,14.31304188,37.37055003,16.42930383,35.81123082,25.82050664,43.55091008,72
2010-10-08,2010-10-23,2010-11-05,east_north,2010-08-26,2010-09-08,6.71452397,70.12728069,8.84851940,43.64785950,20.99423589,17.97306352,45
2010-10-08,2010-10-23,2010-11-05,east_south,2010-08-26,2010-09-08,15.06972305,31.78505090,17.70461126,46.10387430,25.76291404,26.65132464,23
2010-10-08,2010-10-23,2010-11-05,west_north,2010-08-26,2010-09-08,4.82834714,33.02280003,6.80292314,40.17786342,15.53173340,13.41538715,95
2010-10-08,2010-10-23,2010-11-05,west_south,2010-08-26,2010-09-08,13.15321785,12.78045545,14.25274773,4.10218029,23.63743613,8.71049076,31
2010-10-22,2010-11-06,2010-11-19,central_north,2010-09-09,2010-09-22,1.48342983,22.93456507,5.16706263,16.41391221,17.12461577,41.53487045,110
2010-10-22,2010-11-06,2010-11-19,central_south,2010-09-09,2010-09-22,10.72573783,29.96961642,12.27240872,22.25867438,26.29064155,32.78752049,72
2010-10-22,2010-11-06,2010-11-19,east_north,2010-09-09,2010-09-22,2.24253108,42.81946677,6.24769768,31.70688704,16.52965523,26.20060829,45
2010-10-22,2010-11-06,2010-11-19,east_south,2010-09-09,2010-09-22,10.47411105,21.49157846,12.61159022,12.22756900,25.53049289,19.40860311,23
2010-10-22,2010-11-06,2010-11-19,west_north,2010-09-09,2010-09-22,2.76531536,26.57803518,3.08210187,28.48726312,14.16538898,17.30672011,95
2010-10-22,2010-11-06,2010-11-19,west_south,2010-09-09,2010-09-22,11.20781340,5.71301829,10.18889580,2.07946637,22.22994477,3.71905947,31
2010-11-05,2010-11-20,2010-12-03,central_north,2010-09-23,2010-10-06,-1.13474278,30.74128332,-2.10368927,25.02326905,14.14659586,30.31761211,110
2010-11-05,2010-11-20,2010-12-03,central_south,2010-09-23,2010-10-06,10.83842793,31.83640179,11.62315071,29.74117751,20.30013824,20.65861519,72
2010-11-05,2010-11-20,2010-12-03,east_north,2010-09-23,2010-10-06,2.71101601,46.86266443,3.50932717,62.31110564,14.85546312,100.00214727,45
2010-11-05,2010-11-20,2010-12-03,east_south,2010-09-23,2010-10-06,12.69974893,31.68488966,13.01999673,31.58185490,21.14646354,117.46990361,23
2010-11-05,2010-11-20,2010-12-03,west_north,2010-09-23,2010-10-06,-1.71264956,43.39750708,-4.96347091,36.49333253,15.28512827,11.97144737,95
2010-11-05,2010-11-20,2010-12-03,west_south,2010-09-23,2010-10-06,7.50805332,11.51811251,5.44763467,9.79852380,21.77006955,20.85609684,31
2010-11-19,2010-12-04,2010-12-17,central_north,2010-10-07,2010-10-20,-4.75754442,33.50035841,-6.32637488,13.22510838,13.22598735,5.09744919,110
2010-11-19,2010-12-04,2010-12-17,central_south,2010-10-07,2010-10-20,8.31582737,39.54658487,6.61468756,7.09164195,19.29224719,8.64230887,72
2010-11-19,2010-12-04,2010-12-17,east_north,2010-10-07,2010-10-20,-0.79953423,57.54170091,-4.42606953,37.03053339,11.57581499,31.66265268,45
2010-11-19,2010-12-04,2010-12-17,east_south,2010-10-07,2010-10-20,9.93688176,46.76273048,3.88624464,16.85735828,19.01301369,5.34365559,23
2010-11-19,2010-12-04,2010-12-17,west_north,2010-10-07,2010-10-20,-2.66848612,66.26451662,0.05563549,36.47234920,10.46689063,12.97368815,95
2010-11-19,2010-12-04,2010-12-17,west_south,2010-10-07,2010-10-20,6.42899733,30.07526245,9.49257889,7.74973493,17.91960240,8.04389722,31
2010-12-03,2010-12-18,2010-12-31,central_north,2010-10-21,2010-11-03,-4.69074716,24.54327741,-4.55559626,12.88674918,8.85935930,25.86417990,110
2010-12-03,2010-12-18,2010-12-31,central_south,2010-10-21,2010-11-03,5.56218731,32.06474200,7.87859160,19.03936790,17.71143893,37.62305931,72
2010-12-03,2010-12-18,2010-12-31,east_north,2010-10-21,2010-11-03,-2.29669418,46.40547252,-3.17951723,9.07882309,9.18000448,29.64237067,45
2010-12-03,2010-12-18,2010-12-31,east_south,2010-10-21,2010-11-03,7.72996985,48.13781445,5.46186449,19.88435550,18.48164967,32.06470097,23
2010-12-03,2010-12-18,2010-12-31,west_north,2010-10-21,2010-11-03,-1.39966149,41.16138626,-3.03074581,61.56042741,6.88463423,41.27174624,95
2010-12-03,2010-12-18,2010-12-31,west_south,2010-10-21,2010-11-03,6.06459065,9.13800583,6.82328699,76.56700582,13.84648510,10.09370509,31
2010-12-17,2011-01-01,2011-01-14,central_north,2010-11-04,2010-11-17,-7.89951322,21.00057273,-8.54074142,12.43126047,5.56070736,15.83560420,110
2010-12-17,2011-01-01,2011-01-14,central_south,2010-11-04,2010-11-17,4.40251440,39.02534123,3.90831250,25.81502942,12.32859072,24.63409004,72
2010-12-17,2011-01-01,2011-01-14,east_north,2010-11-04,2010-11-17,-5.72253700,46.31018684,-4.22646484,18.08420633,6.49278575,45.29728939,45
2010-12-17,2011-01-01,2011-01-14,east_south,2010-11-04,2010-11-17,7.17450725,70.39095279,5.49349412,29.92118638,12.67290145,26.84051965,23
2010-12-17,2011-01-01,2011-01-14,west_north,2010-11-04,2010-11-17,-2.72426721,39.97772188,-6.47224534,17.83849102,4.05618390,23.95691312,95
2010-12-17,2011-01-01,2011-01-14,west_south,2010-11-04,2010-11-17,5.70731496,16.02539059,2.96597951,5.57037440,11.03989953,2.07169902,31
2010-12-31,2011-01-15,2011-01-28,central_north,2010-11-18,2010-12-01,-6.22645611,20.18517206,-7.14893208,10.02338922,-1.55140639,25.78096286,110
2010-12-31,2011-01-15,2011-01-28,central_south,2010-11-18,2010-12-01,4.78146364,35.37060370,6.15563982,22.71765040,11.62127463,30.52172982,72
2010-12-31,2011-01-15,2011-01-28,east_north,2010-11-18,2010-12-01,-5.85981028,35.49670230,-6.29375434,25.98003368,4.06726864,53.23509620,45
2010-12-31,2011-01-15,2011-01-28,east_south,2010-11-18,2010-12-01,5.77104221,43.62929831,6.66835961,40.05411879,13.80410612,31.34771619,23
2010-12-31,2011-01-15,2011-01-28,west_north,2010-11-18,2010-12-01,-0.81420361,41.65012963,0.14896918,22.85144683,-4.64684108,35.52882884,95
2010-12-31,2011-01-15,2011-01-28,west_south,2010-11-18,2010-12-01,6.57659826,9.09861652,7.98798697,0.01774226,5.68881895,9.79320107,31
2011-01-14,2011-01-29,2011-02-11,central_north,2010-12-02,2010-12-15,-2.02831528,25.57949049,-9.57803455,15.14036065,-5.72058406,11.57285035,110
2011-01-14,2011-01-29,2011-02-11,central_south,2010-12-02,2010-12-15,9.48448332,42.13415577,2.29012286,32.52449420,6.95680239,5.84466350,72
2011-01-14,2011-01-29,2011-02-11,east_north,2010-12-02,2010-12-15,-3.20156756,51.01664398,-5.27624500,32.06351180,-3.56222156,46.39245990,45
2011-01-14,2011-01-29,2011-02-11,east_south,2010-12-02,2010-12-15,9.31798072,57.84023977,8.74631958,59.08908056,3.57868176,12.91991272,23
2011-01-14,2011-01-29,2011-02-11,west_north,2010-12-02,2010-12-15,0.22601226,60.43280871,-4.12317318,11.74839502,0.73027815,40.46894440,95
2011-01-14,2011-01-29,2011-02-11,west_south,2010-12-02,2010-12-15,7.76198690,23.34872048,3.97174747,2.69105910,9.65781841,3.18575740,31
2011-01-28,2011-02-12,2011-02-25,central_north,2010-12-16,2010-12-29,-4.30469141,37.62758945,-0.76598924,17.73358342,-5.02163249,9.42798644,110
2011-01-28,2011-02-12,2011-02-25,central_south,2010-12-16,2010-12-29,10.99300621,39.67172243,13.89123558,12.89282433,7.17721136,12.74915401,72
2011-01-28,2011-02-12,2011-02-25,east_north,2010-12-16,2010-12-29,-4.01910693,54.09997168,-0.10416879,24.64390958,-4.38752329,11.75998435,45
2011-01-28,2011-02-12,2011-02-25,east_south,2010-12-16,2010-12-29,10.74613432,40.44815247,13.17517342,6.36779738,5.29215830,24.08583221,23
2011-01-28,2011-02-12,2011-02-25,west_north,2010-12-16,2010-12-29,-1.09577008,56.67249526,-1.68177577,32.67894906,-2.17872710,55.69435750,95
2011-01-28,2011-02-12,2011-02-25,west_south,2010-12-16,2010-12-29,8.82069728,16.36583731,7.84792152,21.16994275,7.97912776,69.26819401,31
2011-02-11,2011-02-26,2011-03-11,central_north,2010-12-30,2011-01-12,-2.35706451,39.55678002,-2.66416147,23.24691592,-8.02106773,17.18445933,110
2011-02-11,2011-02-26,2011-03-11,central_south,2010-12-30,2011-01-12,10.78115914,44.51077670,12.85997113,40.03821648,5.52313172,33.22153012,72
2011-02-11,2011-02-26,2011-03-11,east_north,2010-12-30,2011-01-12,-1.67855261,74.68229509,0.91649651,102.17904289,-2.93273113,15.79002978,45
2011-02-11,2011-02-26,2011-03-11,east_south,2010-12-30,2011-01-12,10.69399863,60.02135072,13.37969738,63.07283070,6.71992327,29.71182981,23
2011-02-11,2011-02-26,2011-03-11,west_north,2010-12-30,2011-01-12,-0.73605276,54.64056953,-0.18956152,33.65918810,-8.03682947,17.46770649,95
2011-02-11,2011-02-26,2011-03-11,west_south,2010-12-30,2011-01-12,8.91175948,24.11829713,9.40127456,10.67784588,1.92536994,17.41502503,31
2011-02-25,2011-03-12,2011-03-25,central_north,2011-01-13,2011-01-26,-0.40384749,43.54247435,4.14446761,19.97234657,-8.07276269,10.29112110,110
2011-02-25,2011-03-12,2011-03-25,central_south,2011-01-13,2011-01-26,13.01275213,52.96075604,17.37315433,6.81752848,5.14647814,22.76983017,72
2011-02-25,2011-03-12,2011-03-25,east_north,2011-01-13,2011-01-26,0.52376794,54.52935436,4.43725955,30.93207474,-6.76414219,21.32236188,45
2011-02-25,2011-03-12,2011-03-25,east_south,2011-01-13,2011-01-26,13.55527815,69.83794120,16.45129818,9.96840604,5.84719821,38.46315895,23
2011-02-25,2011-03-12,2011-03-25,west_north,2011-01-13,2011-01-26,0.15400253,45.19491756,3.03921011,44.49601988,0.03633541,30.39397269,95
2011-02-25,2011-03-12,2011-03-25,west_south,2011-01-13,2011-01-26,10.19119236,12.87560847,11.81469606,24.06108141,7.88602036,0.04880067,31
2011-03-11,2011-03-26,2011-04-08,central_north,2011-01-27,2011-02-09,4.78631308,46.11872076,4.80113259,16.07308223,-8.30849377,15.36096880,110
2011-03-11,2011-03-26,2011-04-08,central_south,2011-01-27,2011-02-09,15.86783712,39.60086065,16.41152829,25.88011674,3.68894503,29.40260000,72
2011-03-11,2011-03-26,2011-04-08,east_north,2011-01-27,2011-02-09,2.75913753,63.96519560,3.49996368,32.98617641,-4.48529987,39.49920971,45
2011-03-11,2011-03-26,2011-04-08,east_south,2011-01-27,2011-02-09,14.10674923,41.17222421,14.61103297,80.82184360,8.91785179,55.93082470,23
2011-03-11,2011-03-26,2011-04-08,west_north,2011-01-27,2011-02-09,2.42695541,46.98256695,4.62188079,36.26537693,-3.59152186,11.54199454,95
2011-03-11,2011-03-26,2011-04-08,west_south,2011-01-27,2011-02-09,11.02890676,10.86058698,14.22684793,3.75360855,4.44127777,2.67614322,31
2011-03-25,2011-04-09,2011-04-22,central_north,2011-02-10,2011-02-23,5.20591003,56.04267099,8.02132008,45.59074886,-0.94988926,10.63873803,110
2011-03-25,2011-04-09,2011-04-22,central_south,2011-02-10,2011-02-23,17.04732450,45.84578301,20.27239530,31.45703748,11.82913600,4.36158434,72
2011-03-25,2011-04-09,2011-04-22,east_north,2011-02-10,2011-02-23,4.87646009,83.01775663,9.31505186,73.76424310,-1.36489764,13.39416213,45
2011-03-25,2011-04-09,2011-04-22,east_south,2011-02-10,2011-02-23,16.74848477,55.53751260,19.72938582,25.92602398,11.77146407,6.33350344,23
2011-03-25,2011-04-09,2011-04-22,west_north,2011-02-10,2011-02-23,4.78543856,30.23890390,5.16757190,30.00274488,-1.15373464,29.21882010,95
2011-03-25,2011-04-09,2011-04-22,west_south,2011-02-10,2011-02-23,14.17823436,6.23997727,14.18809909,4.60852760,7.43903539,20.90790147,31
2011-04-08,2011-04-23,2011-05-06,central_north,2011-02-24,2011-03-09,10.14071110,57.78248823,9.35354203,52.24094521,-4.14125077,29.06178288,110
2011-04-08,2011-04-23,2011-05-06,central_south,2011-02-24,2011-03-09,19.31567963,43.11699124,18.77796041,63.26632709,13.10157776,46.97913987,72
2011-04-08,2011-04-23,2011-05-06,east_north,2011-02-24,2011-03-09,8.55817385,67.64555523,12.77851326,79.37938219,0.31279339,85.48324316,45
2011-04-08,2011-04-23,2011-05-06,east_south,2011-02-24,2011-03-09,17.73749768,43.73516381,20.86114097,32.85285890,14.07209998,42.67199992,23
2011-04-08,2011-04-23,2011-05-06,west_north,2011-02-24,2011-03-09,8.93952928,27.18218451,6.27508814,20.33010678,-1.74600191,31.22385151,95
2011-04-08,2011-04-23,2011-05-06,west_south,2011-02-24,2011-03-09,17.26863353,4.41521672,15.54290381,1.58257949,8.55974439,10.95448415,31
2011-04-22,2011-05-07,2011-05-20,central_north,2011-03-10,2011-03-23,12.73612111,60.60103780,14.00408477,40.21068375,4.65174473,19.95515624,110
2011-04-22,2011-05-07,2011-05-20,central_south,2011-03-10,2011-03-23,20.79915448,50.96177466,21.47792979,18.27246856,16.71745476,11.22211115,72
2011-04-22,2011-05-07,2011-05-20,east_north,2011-03-10,2011-03-23,12.61647833,65.49215652,14.35148326,62.05069629,5.11607870,52.02105189,45
2011-04-22,2011-05-07,2011-05-20,east_south,2011-03-10,2011-03-23,19.77864369,40.60950952,20.97041044,26.82546309,15.74924287,31.77888484,23
2011-04-22,2011-05-07,2011-05-20,west_north,2011-03-10,2011-03-23,9.78514357,33.02767241,9.29220069,40.61933210,3.36293523,43.30634584,95
2011-04-22,2011-05-07,2011-05-20,west_south,2011-03-10,2011-03-23,17.62873109,3.17208737,15.84630691,7.29352482,12.28507181,18.46410614,31
2011-05-06,2011-05-21,2011-06-03,central_north,2011-03-24,2011-04-06,16.21065051,64.11801970,16.99140472,64.84138059,3.13437251,14.55675760,110
2011-05-06,2011-05-21,2011-06-03,central_south,2011-03-24,2011-04-06,24.12117785,32.26589189,26.27038309,24.00847162,15.54326569,26.23762854,72
2011-05-06,2011-05-21,2011-06-03,east_north,2011-03-24,2011-04-06,15.67840515,61.24521962,19.51656080,42.40138465,2.36084792,37.60405269,45
2011-05-06,2011-05-21,2011-06-03,east_south,2011-03-24,2011-04-06,23.12489650,35.90375356,25.97993424,21.28924616,14.06653084,84.55884716,23
2011-05-06,2011-05-21,2011-06-03,west_north,2011-03-24,2011-04-06,12.32228421,33.52278402,9.89869668,44.39267677,4.54563574,37.95613305,95
2011-05-06,2011-05-21,2011-06-03,west_south,2011-03-24,2011-04-06,19.85270517,3.67258073,18.85893019,1.06758272,13.94748822,7.14693638,31
2011-05-20,2011-06-04,2011-06-17,central_north,2011-04-07,2011-04-20,18.36224263,51.11731801,19.81518098,35.79783785,8.30761152,44.45107505,110
2011-05-20,2011-06-04,2011-06-17,central_south,2011-04-07,2011-04-20,25.01440405,36.00343748,28.44027492,12.14867353,20.23689465,21.69541883,72
2011-05-20,2011-06-04,2011-06-17,east_north,2011-04-07,2011-04-20,17.67659993,57.70541326,19.67465813,38.39983602,9.39711712,73.98257426,45
2011-05-20,2011-06-04,2011-06-17,east_south,2011-04-07,2011-04-20,23.99942375,56.16599599,26.54661041,28.71569920,19.58580990,22.82673765,23
2011-05-20,2011-06-04,2011-06-17,west_north,2011-04-07,2011-04-20,16.31492625,24.68691095,13.72441160,21.06440419,4.84309985,30.01137947,95
2011-05-20,2011-06-04,2011-06-17,west_south,2011-04-07,2011-04-20,22.81324311,6.50386675,21.94733751,2.60199388,13.41709962,6.65336388,31
2011-06-03,2011-06-18,2011-07-01,central_north,2011-04-21,2011-05-04,21.14824910,57.15094371,20.82523768,63.76548196,8.79973826,54.37708732,110
2011-06-03,2011-06-18,2011-07-01,central_south,2011-04-21,2011-05-04,27.80307676,35.61494240,28.78957510,33.80714715,19.36307034,72.86068543,72
2011-06-03,2011-06-18,2011-07-01,east_north,2011-04-21,2011-05-04,20.32722511,62.12308419,20.36849446,50.65918001,12.25342523,75.58466078,45
2011-06-03,2011-06-18,2011-07-01,east_south,2011-04-21,2011-05-04,25.74039762,68.59355027,27.15097148,63.29699984,21.37402207,35.11391847,23
2011-06-03,2011-06-18,2011-07-01,west_north,2011-04-21,2011-05-04,16.34488608,24.54424541,16.80819917,13.84142818,5.42720605,25.75898039,95
2011-06-03,2011-06-18,2011-07-01,west_south,2011-04-21,2011-05-04,23.82246013,1.77579391,25.41470135,0.86548063,15.15608663,1.74230313,31
2011-06-17,2011-07-02,2011-07-15,central_north,2011-05-05,2011-05-18,22.77387208,35.83632258,23.61124575,41.29197092,13.47509832,31.30858813,110
2011-06-17,2011-07-02,2011-07-15,central_south,2011-05-05,2011-05-18,27.48466964,35.10506939,29.59519450,23.05281929,20.76803838,15.64171734,72
2011-06-17,2011-07-02,2011-07-15,east_north,2011-05-05,2011-05-18,21.42088518,43.85920987,22.72604832,35.86325601,13.52445847,55.94308997,45
2011-06-17,2011-07-02,2011-07-15,east_south,2011-05-05,2011-05-18,25.99649087,73.19869526,27.57438980,62.91486489,20.32608226,27.53413760,23
2011-06-17,2011-07-02,2011-07-15,west_north,2011-05-05,2011-05-18,20.15284936,11.41235616,19.40722025,12.10800241,9.46554797,32.84691434,95
2011-06-17,2011-07-02,2011-07-15,west_south,2011-05-05,2011-05-18,26.43625688,7.98033583,25.91933454,15.81564205,16.63279914,3.64235373,31
2011-07-01,2011-07-16,2011-07-29,central_north,2011-05-19,2011-06-01,23.39674972,37.75261736,26.02391473,37.05036889,16.18414992,72.62184840,110
2011-07-01,2011-07-16,2011-07-29,central_south,2011-05-19,2011-06-01,28.07537284,26.15263763,29.76785722,29.70241055,25.56432230,26.34782353,72
2011-07-01,2011-07-16,2011-07-29,east_north,2011-05-19,2011-06-01,22.22289297,43.32753998,24.75824145,38.42118458,19.41952037,53.22496197,45
2011-07-01,2011-07-16,2011-07-29,east_south,2011-05-19,2011-06-01,26.23042982,60.81725340,28.09338944,51.72725282,25.15217905,19.74929411,23
2011-07-01,2011-07-16,2011-07-29,west_north,2011-05-19,2011-06-01,19.64259597,8.68771701,19.69958130,8.82636241,9.87170166,47.69599278,95
2011-07-01,2011-07-16,2011-07-29,west_south,2011-05-19,2011-06-01,26.05864564,7.00754775,26.27093279,13.58044465,18.13524619,4.68575093,31
2011-07-15,2011-07-30,2011-08-12,central_north,2011-06-02,2011-06-15,22.50050627,35.57259704,23.68157318,38.16504392,19.97130969,31.65071324,110
2011-07-15,2011-07-30,2011-08-12,central_south,2011-06-02,2011-06-15,27.43688167,29.27833560,30.56048394,22.79677653,28.23551050,9.02731501,72
2011-07-15,2011-07-30,2011-08-12,east_north,2011-06-02,2011-06-15,21.47515938,48.78718523,22.81889611,48.96158329,19.19291417,33.56135816,45
2011-07-15,2011-07-30,2011-08-12,east_south,2011-06-02,2011-06-15,26.16971126,60.95285240,28.75754695,55.56947891,26.66929336,17.81379525,23
2011-07-15,2011-07-30,2011-08-12,west_north,2011-06-02,2011-06-15,20.76313773,11.86203111,19.96010913,8.56910775,13.22759360,24.20759534,95
2011-07-15,2011-07-30,2011-08-12,west_south,2011-06-02,2011-06-15,26.40030762,9.01781408,26.17160106,15.48796079,21.21400335,2.62321900,31
2011-07-29,2011-08-13,2011-08-26,central_north,2011-06-16,2011-06-29,21.65348373,45.13245233,22.42483489,25.56242356,20.14080005,69.82357679,110
2011-07-29,2011-08-13,2011-08-26,central_south,2011-06-16,2011-06-29,27.51086068,19.24975162,29.33374421,19.99118799,28.91672416,36.03360475,72
2011-07-29,2011-08-13,2011-08-26,east_north,2011-06-16,2011-06-29,20.33323742,38.57878751,20.90717306,65.16351500,20.37256632,55.92786570,45
2011-07-29,2011-08-13,2011-08-26,east_south,2011-06-16,2011-06-29,25.48904069,45.24271165,26.93670696,50.34163279,27.09033023,66.20670537,23
2011-07-29,2011-08-13,2011-08-26,west_north,2011-06-16,2011-06-29,18.43171046,14.45527306,20.39034689,3.66984309,16.26458484,13.03347124,95
2011-07-29,2011-08-13,2011-08-26,west_south,2011-06-16,2011-06-29,24.57628123,8.36913388,26.57274812,15.24624984,25.25757582,0.41620082,31
2011-08-12,2011-08-27,2011-09-09,central_north,2011-06-30,2011-07-13,18.55493635,33.73380382,19.97292786,18.08012787,23.74478868,37.60583708,110
2011-08-12,2011-08-27,2011-09-09,central_south,2011-06-30,2011-07-13,25.73829917,26.71675929,26.13139405,41.44326572,29.44228242,16.60052310,72
2011-08-12,2011-08-27,2011-09-09,east_north,2011-06-30,2011-07-13,18.48494953,37.85751501,19.80018204,132.65604245,22.64058438,34.87784197,45
2011-08-12,2011-08-27,2011-09-09,east_south,2011-06-30,2011-07-13,24.09418485,66.69070589,25.31752834,74.88356808,27.60300941,61.92761975,23
2011-08-12,2011-08-27,2011-09-09,west_north,2011-06-30,2011-07-13,17.40283590,10.09096500,18.53451247,6.19055429,19.29304057,11.94293587,95
2011-08-12,2011-08-27,2011-09-09,west_south,2011-06-30,2011-07-13,24.45021415,6.43165998,26.01699468,10.55067613,26.21247928,15.88906401,31
2011-08-26,2011-09-10,2011-09-23,central_north,2011-07-14,2011-07-27,15.93522705,35.19479809,14.78702091,24.61418231,25.89414706,33.46755902,110
2011-08-26,2011-09-10,2011-09-23,central_south,2011-07-14,2011-07-27,23.54766854,27.92033562,23.42500244,32.00252304,29.78310867,33.42973327,72
2011-08-26,2011-09-10,2011-09-23,east_north,2011-07-14,2011-07-27,15.83329492,39.34414899,16.44672210,30.68031518,24.22899174,34.13862639,45
2011-08-26,2011-09-10,2011-09-23,east_south,2011-07-14,2011-07-27,22.53393181,47.41887914,23.41973918,43.77255666,27.70393385,57.36575154,23
2011-08-26,2011-09-10,2011-09-23,west_north,2011-07-14,2011-07-27,14.78546734,12.66731061,15.69758390,9.95013306,19.34340122,10.94582870,95
2011-08-26,2011-09-10,2011-09-23,west_south,2011-07-14,2011-07-27,21.64182070,7.11621638,21.58387633,19.48948915,25.77056467,12.41011052,31
2011-09-09,2011-09-24,2011-10-07,central_north,2011-07-28,2011-08-10,12.91883693,29.96885895,15.93038075,17.18910369,24.20934205,43.00814438,110
2011-09-09,2011-09-24,2011-10-07,central_south,2011-07-28,2011-08-10,20.30279053,29.24286982,21.77593250,8.79943366,30.64732697,20.99577427,72
2011-09-09,2011-09-24,2011-10-07,east_north,2011-07-28,2011-08-10,12.96600356,38.90977304,14.51803652,65.50490499,23.45335194,53.44788646,45
2011-09-09,2011-09-24,2011-10-07,east_south,2011-07-28,2011-08-10,20.18468361,42.13220475,20.89451158,36.47303498,28.89618328,56.73628349,23
2011-09-09,2011-09-24,2011-10-07,west_north,2011-07-28,2011-08-10,12.03554795,17.11352011,13.98523920,25.83804522,20.12944235,8.73073534,95
2011-09-09,2011-09-24,2011-10-07,west_south,2011-07-28,2011-08-10,19.50164456,8.10900833,19.87109502,17.18400913,26.35197601,15.36787809,31
2011-09-23,2011-10-08,2011-10-21,central_north,2011-08-11,2011-08-24,10.08032444,30.35897239,11.14304249,29.87233711,22.25443331,28.78633979,110
2011-09-23,2011-10-08,2011-10-21,central_south,2011-08-11,2011-08-24,18.64392486,16.92343994,18.51305179,32.60553611,29.30226112,22.47588237,72
2011-09-23,2011-10-08,2011-10-21,east_north,2011-08-11,2011-08-24,9.03865292,34.19334115,13.67632766,60.71457386,20.66372912,55.83334169,45
2011-09-23,2011-10-08,2011-10-21,east_south,2011-08-11,2011-08-24,17.56426878,24.79346559,18.96491770,76.32133521,26.95690059,51.29455637,23
2011-09-23,2011-10-08,2011-10-21,west_north,2011-08-11,2011-08-24,8.53983732,29.11558232,9.60594548,17.55573260,19.91852973,3.54461128,95
2011-09-23,2011-10-08,2011-10-21,west_south,2011-08-11,2011-08-24,16.98872764,4.96983620,17.56269250,1.08998748,26.21681815,14.76383996,31
2011-10-07,2011-10-22,2011-11-04,central_north,2011-08-25,2011-09-07,5.81311060,33.52659135,7.19950031,15.71337494,20.57761866,17.68712843,110
2011-10-07,2011-10-22,2011-11-04,central_south,2011-08-25,2011-09-07,14.33757840,38.95539663,14.66749109,16.89784407,27.21980138,44.52945310,72
2011-10-07,2011-10-22,2011-11-04,east_north,2011-08-25,2011-09-07,6.99917028,57.88947824,6.93555335,30.84731509,20.12587234,119.46855318,45
2011-10-07,2011-10-22,2011-11-04,east_south,2011-08-25,2011-09-07,15.40128487,39.73880018,14.50820588,30.22609318,26.08375151,74.57977572,23
2011-10-07,2011-10-22,2011-11-04,west_north,2011-08-25,2011-09-07,4.71281821,27.61834447,5.09010055,11.24985475,19.04800171,6.27741198,95
2011-10-07,2011-10-22,2011-11-04,west_south,2011-08-25,2011-09-07,12.60986648,5.07949967,14.31269393,3.45234179,26.57072412,11.32357305,31
2011-10-21,2011-11-05,2011-11-18,central_north,2011-09-08,2011-09-21,4.02651286,27.60223886,4.52831052,23.28826333,15.58694042,23.49930038,110
2011-10-21,2011-11-05,2011-11-18,central_south,2011-09-08,2011-09-21,12.95976599,33.90528799,14.13583973,30.74719478,23.44249750,26.62020246,72
2011-10-21,2011-11-05,2011-11-18,east_north,2011-09-08,2011-09-21,3.82339720,49.07367941,7.77487505,31.55693265,16.57309800,47.55799782,45
2011-10-21,2011-11-05,2011-11-18,east_south,2011-09-08,2011-09-21,12.65824096,26.30651335,14.50620723,21.87444561,23.11307491,24.11295610,23
2011-10-21,2011-11-05,2011-11-18,west_north,2011-09-08,2011-09-21,1.42185336,28.16858206,0.83580481,19.34096783,15.92865428,10.23650524,95
2011-10-21,2011-11-05,2011-11-18,west_south,2011-09-08,2011-09-21,9.98077011,11.71616658,8.75889426,16.21705360,21.76670245,20.81471639,31
2011-11-04,2011-11-19,2011-12-02,central_north,2011-09-22,2011-10-05,-0.71568422,32.88399429,1.73027342,21.49422545,15.07212932,16.93656189,110
2011-11-04,2011-11-19,2011-12-02,central_south,2011-09-22,2011-10-05,11.38180046,31.52395090,11.41530436,43.89413167,21.57722599,13.81209221,72
2011-11-04,2011-11-19,2011-12-02,east_north,2011-09-22,2011-10-05,1.93610172,59.30563869,6.28530410,59.88264570,15.34883590,72.86415084,45
2011-11-04,2011-11-19,2011-12-02,east_south,2011-09-22,2011-10-05,12.76824184,34.11183886,14.06568322,38.61303275,21.56409301,58.83087497,23
2011-11-04,2011-11-19,2011-12-02,west_north,2011-09-22,2011-10-05,-2.88098390,45.76119012,0.78415360,24.31784114,15.48164006,11.41458494,95
2011-11-04,2011-11-19,2011-12-02,west_south,2011-09-22,2011-10-05,6.33411908,29.83314930,9.01255875,9.57499805,21.32884631,9.61232283,31
2011-11-18,2011-12-03,2011-12-16,central_north,2011-10-06,2011-10-19,-1.37893099,12.97140883,-2.80487550,25.77256899,12.77371357,27.83417141,110
2011-11-18,2011-12-03,2011-12-16,central_south,2011-10-06,2011-10-19,7.47085424,36.38860070,7.46714554,47.36592736,19.74887212,33.16289542,72
2011-11-18,2011-12-03,2011-12-16,east_north,2011-10-06,2011-10-19,-0.68146601,48.17976390,3.07013626,45.48965331,14.09092340,38.38733711,45
2011-11-18,2011-12-03,2011-12-16,east_south,2011-10-06,2011-10-19,9.35298955,39.51165851,12.59681463,22.50925423,20.05197206,73.16939577,23
2011-11-18,2011-12-03,2011-12-16,west_north,2011-10-06,2011-10-19,-1.27073701,25.31827682,-4.13595246,4.59966376,9.14763985,31.96447084,95
2011-11-18,2011-12-03,2011-12-16,west_south,2011-10-06,2011-10-19,6.24594490,7.78749646,3.37597201,19.92985433,16.88945998,8.72373747,31
2011-12-02,2011-12-17,2011-12-30,central_north,2011-10-20,2011-11-02,-3.36066754,29.13751420,-0.19305694,13.50206724,7.58898200,12.23712881,110
2011-12-02,2011-12-17,2011-12-30,central_south,2011-10-20,2011-11-02,9.12392889,40.21879382,7.60723282,47.71610158,15.27245704,13.63623290,72
2011-12-02,2011-12-17,2011-12-30,east_north,2011-10-20,2011-11-02,1.03728081,52.56547183,0.75257984,40.05229833,7.30370442,50.85992628,45
2011-12-02,2011-12-17,2011-12-30,east_south,2011-10-20,2011-11-02,12.33481006,43.84965826,11.78859854,34.19282214,14.27213622,23.58460157,23
2011-12-02,2011-12-17,2011-12-30,west_north,2011-10-20,2011-11-02,-5.30125601,39.88888956,-1.49096777,17.79766279,6.19536573,9.81084532,95
2011-12-02,2011-12-17,2011-12-30,west_south,2011-10-20,2011-11-02,4.28242299,20.83784408,4.80400899,5.88402198,15.28878563,3.00564628,31
2011-12-16,2011-12-31,2012-01-13,central_north,2011-11-03,2011-11-16,-3.23631133,17.63882010,-0.62201179,7.36700076,5.05864658,30.55177824,110
2011-12-16,2011-12-31,2012-01-13,central_south,2011-11-03,2011-11-16,7.80267279,28.83464098,8.45647704,24.64641656,14.26485462,31.81036514,72
2011-12-16,2011-12-31,2012-01-13,east_north,2011-11-03,2011-11-16,-3.44430238,46.10460262,0.06592020,25.95549331,8.45815344,22.99018793,45
2011-12-16,2011-12-31,2012-01-13,east_south,2011-11-03,2011-11-16,9.02690265,41.64985907,9.98362693,17.18589392,14.89670880,17.57754474,23
2011-12-16,2011-12-31,2012-01-13,west_north,2011-11-03,2011-11-16,-2.21369676,44.24842000,-0.83301576,9.70694874,0.93102314,15.66601997,95
2011-12-16,2011-12-31,2012-01-13,west_south,2011-11-03,2011-11-16,6.05327737,14.22490000,7.35968401,0.29390601,8.81760874,16.58485892,31
2011-12-30,2012-01-14,2012-01-27,central_north,2011-11-17,2011-11-30,-5.95985602,23.85126624,-4.22201597,14.90004773,2.18051316,21.25259435,110
2011-12-30,2012-01-14,2012-01-27,central_south,2011-11-17,2011-11-30,7.08058060,44.67485012,10.85637467,45.24128609,11.52180123,46.01148416,72
2011-12-30,2012-01-14,2012-01-27,east_north,2011-11-17,2011-11-30,-4.28848915,41.16704856,-2.02445884,41.33400205,6.36943699,69.86461893,45
2011-12-30,2012-01-14,2012-01-27,east_south,2011-11-17,2011-11-30,9.46061888,57.69039789,11.03679995,36.26296470,14.37681860,53.28948138,23
2011-12-30,2012-01-14,2012-01-27,west_north,2011-11-17,2011-11-30,-3.71677353,35.92221892,-1.63538632,60.45146787,1.22539968,28.44491218,95
2011-12-30,2012-01-14,2012-01-27,west_south,2011-11-17,2011-11-30,4.68188925,19.30647978,7.16615447,13.19794312,9.47689852,7.78109469,31
2012-01-13,2012-01-28,2012-02-10,central_north,2011-12-01,2011-12-14,-2.56992659,24.09057917,-0.99141027,11.99278554,-2.87870343,19.89198919,110
2012-01-13,2012-01-28,2012-02-10,central_south,2011-12-01,2011-12-14,8.87437764,39.26903626,9.75114767,30.62617752,7.17090537,37.83564490,72
2012-01-13,2012-01-28,2012-02-10,east_north,2011-12-01,2011-12-14,-0.32922832,60.39514552,0.64536243,13.98758264,2.44313303,38.87200295,45
2012-01-13,2012-01-28,2012-02-10,east_south,2011-12-01,2011-12-14,11.28197721,49.87279493,11.82701286,12.32223750,11.68354211,22.10914716,23
2012-01-13,2012-01-28,2012-02-10,west_north,2011-12-01,2011-12-14,-3.18785501,30.64112036,-0.37861405,9.47798074,-4.01103499,4.77472295,95
2012-01-13,2012-01-28,2012-02-10,west_south,2011-12-01,2011-12-14,6.16005561,10.37029936,7.86215585,0.97054269,3.76128969,21.07655294,31
2012-01-27,2012-02-11,2012-02-24,central_north,2011-12-15,2011-12-28,-2.30306246,39.57020334,-1.34023041,11.02905761,-0.81626636,18.53215292,110
2012-01-27,2012-02-11,2012-02-24,central_south,2011-12-15,2011-12-28,11.63508434,55.55964104,9.53166331,43.41327545,7.60512069,57.47672448,72
2012-01-27,2012-02-11,2012-02-24,east_north,2011-12-15,2011-12-28,-1.48350454,61.55988170,0.58897486,18.86869012,1.68219852,47.01932547,45
2012-01-27,2012-02-11,2012-02-24,east_south,2011-12-15,2011-12-28,12.77668761,57.40415675,11.50584682,35.15441640,12.66811592,34.58222546,23
2012-01-27,2012-02-11,2012-02-24,west_north,2011-12-15,2011-12-28,-2.65556757,29.47529190,0.10880358,25.46990465,-2.46250391,7.96261468,95
2012-01-27,2012-02-11,2012-02-24,west_south,2011-12-15,2011-12-28,6.62357918,19.60528304,7.75563712,7.77523745,4.23107646,6.60153888,31
2012-02-10,2012-02-25,2012-03-09,central_north,2011-12-29,2012-01-11,0.70839234,39.58052003,1.03338536,21.05497233,0.82678962,6.19201364,110
2012-02-10,2012-02-25,2012-03-09,central_south,2011-12-29,2012-01-11,13.37626331,47.61940282,13.53949321,31.00018245,9.50556540,23.77467647,72
2012-02-10,2012-02-25,2012-03-09,east_north,2011-12-29,2012-01-11,0.66869027,57.45711050,2.28545140,48.64685879,0.01263803,8.11077715,45
2012-02-10,2012-02-25,2012-03-09,east_south,2011-12-29,2012-01-11,13.02120505,44.50335420,14.19900447,59.48761111,10.01009523,7.04228959,23
2012-02-10,2012-02-25,2012-03-09,west_north,2011-12-29,2012-01-11,-0.97299316,39.64963470,0.16389929,20.99949549,0.38511047,20.34483833,95
2012-02-10,2012-02-25,2012-03-09,west_south,2011-12-29,2012-01-11,8.57909557,12.32048980,8.44580439,3.15362118,7.81487612,0.30275850,31
2012-02-24,2012-03-10,2012-03-23,central_north,2012-01-12,2012-01-25,4.56358052,46.82783739,13.09146197,23.73473044,-5.34553552,14.30733410,110
2012-02-24,2012-03-10,2012-03-23,central_south,2012-01-12,2012-01-25,14.88363210,50.93484086,17.66387583,70.11622352,9.80052755,28.64828977,72
2012-02-24,2012-03-10,2012-03-23,east_north,2012-01-12,2012-01-25,2.98448804,54.96273785,12.60101496,17.51916241,-2.51693011,46.07534372,45
2012-02-24,2012-03-10,2012-03-23,east_south,2012-01-12,2012-01-25,14.43130406,33.12133173,19.44967303,19.13503190,10.19086855,39.42242220,23
2012-02-24,2012-03-10,2012-03-23,west_north,2012-01-12,2012-01-25,1.35658185,32.43372669,4.90526283,45.24741456,-2.24118630,55.84579952,95
2012-02-24,2012-03-10,2012-03-23,west_south,2012-01-12,2012-01-25,10.49197718,17.10224841,10.42024847,16.22367771,6.56471005,13.16003774,31
2012-03-09,2012-03-24,2012-04-06,central_north,2012-01-26,2012-02-08,9.47438193,37.16615372,11.73490754,16.70956260,-0.14212675,15.05652972,110
2012-03-09,2012-03-24,2012-04-06,central_south,2012-01-26,2012-02-08,17.02324095,42.10826780,20.05905824,26.07240631,10.28910487,46.16224889,72
2012-03-09,2012-03-24,2012-04-06,east_north,2012-01-26,2012-02-08,6.43671622,38.17791176,7.55470698,22.44851319,1.30142461,26.63964152,45
2012-03-09,2012-03-24,2012-04-06,east_south,2012-01-26,2012-02-08,16.38830565,40.30320304,19.58668679,41.84336708,12.67922014,18.90714605,23
2012-03-09,2012-03-24,2012-04-06,west_north,2012-01-26,2012-02-08,5.34594481,32.97704585,6.22915791,31.33879923,-0.54898634,12.60740311,95
2012-03-09,2012-03-24,2012-04-06,west_south,2012-01-26,2012-02-08,12.47047379,13.97704969,13.26181760,6.28783764,7.73552410,0.89471565,31
2012-03-23,2012-04-07,2012-04-20,central_north,2012-02-09,2012-02-22,8.98065208,47.75871175,9.16896047,39.82800947,-2.08834445,8.31371072,110
2012-03-23,2012-04-07,2012-04-20,central_south,2012-02-09,2012-02-22,16.83973520,54.40991737,18.81387539,25.57179020,8.48913440,44.80152591,72
2012-03-23,2012-04-07,2012-04-20,east_north,2012-02-09,2012-02-22,7.00043841,39.53601971,10.46299613,9.60787989,-0.26189094,13.03441091,45
2012-03-23,2012-04-07,2012-04-20,east_south,2012-02-09,2012-02-22,16.15887129,45.19622938,17.80094236,14.70219145,10.09922891,31.31524564,23
2012-03-23,2012-04-07,2012-04-20,west_north,2012-02-09,2012-02-22,6.92855277,33.66890460,7.45564748,24.20400930,0.18062589,22.21060168,95
2012-03-23,2012-04-07,2012-04-20,west_south,2012-02-09,2012-02-22,13.96483885,14.89340953,14.23902848,12.60516429,7.68094830,7.88037176,31
2012-04-06,2012-04-21,2012-05-04,central_north,2012-02-23,2012-03-07,10.82752012,66.30847332,13.47583722,35.91399116,0.69773193,19.56033029,110
2012-04-06,2012-04-21,2012-05-04,central_south,2012-02-23,2012-03-07,19.27231000,58.56705570,22.13828645,14.65454636,13.92045577,12.08671683,72
2012-04-06,2012-04-21,2012-05-04,east_north,2012-02-23,2012-03-07,10.39441976,62.94927934,10.64172957,69.70626185,2.06862399,47.23956885,45
2012-04-06,2012-04-21,2012-05-04,east_south,2012-02-23,2012-03-07,18.67968599,40.21003562,20.32885020,32.62661413,14.52829237,59.16875097,23
2012-04-06,2012-04-21,2012-05-04,west_north,2012-02-23,2012-03-07,7.46385693,33.03100029,11.31521856,24.16645904,-0.17591370,25.61303666,95
2012-04-06,2012-04-21,2012-05-04,west_south,2012-02-23,2012-03-07,15.33554728,3.63491208,18.80848139,3.21898462,8.85295480,2.94528554,31
2012-04-20,2012-05-05,2012-05-18,central_north,2012-03-08,2012-03-21,13.78060663,47.98513815,15.59791713,19.47122119,11.52698492,21.26591522,110
2012-04-20,2012-05-05,2012-05-18,central_south,2012-03-08,2012-03-21,21.25957128,44.32982791,21.43886460,49.65302170,16.97009021,72.86842475,72
2012-04-20,2012-05-05,2012-05-18,east_north,2012-03-08,2012-03-21,13.15530691,48.55407662,14.72489457,52.36796625,11.09229409,25.01589919,45
2012-04-20,2012-05-05,2012-05-18,east_south,2012-03-08,2012-03-21,20.26034623,35.41872277,21.90071458,68.12035678,18.72169832,21.23456985,23
2012-04-20,2012-05-05,2012-05-18,west_north,2012-03-08,2012-03-21,12.09192570,26.05303860,12.19278510,5.09534877,4.38347185,41.47924499,95
2012-04-20,2012-05-05,2012-05-18,west_south,2012-03-08,2012-03-21,18.55897374,6.78902713,19.76175065,2.26543924,9.62419006,16.43778825,31
2012-05-04,2012-05-19,2012-06-01,central_north,2012-03-22,2012-04-04,16.72665054,59.84209101,17.14182320,39.99078601,12.19759183,20.92125224,110
2012-05-04,2012-05-19,2012-06-01,central_south,2012-03-22,2012-04-04,23.75741152,41.09314940,25.25836632,14.39763178,19.74760300,39.30924312,72
2012-05-04,2012-05-19,2012-06-01,east_north,2012-03-22,2012-04-04,16.56333641,49.61096029,19.64854216,32.70929819,9.13044512,21.98503978,45
2012-05-04,2012-05-19,2012-06-01,east_south,2012-03-22,2012-04-04,22.41391778,52.45845893,24.14540410,56.81794518,20.19076258,34.54521203,23
2012-05-04,2012-05-19,2012-06-01,west_north,2012-03-22,2012-04-04,13.98290382,28.74734882,12.47588615,22.36132095,6.75880856,33.32446016,95
2012-05-04,2012-05-19,2012-06-01,west_south,2012-03-22,2012-04-04,20.64820920,4.27238318,21.05093925,0.15490869,13.30685570,6.21500331,31
2012-05-18,2012-06-02,2012-06-15,central_north,2012-04-05,2012-04-18,20.35575868,34.31019742,20.31364721,22.71548339,9.18310505,36.23764146,110
2012-05-18,2012-06-02,2012-06-15,central_south,2012-04-05,2012-04-18,25.32004092,27.28905397,25.88189765,46.01698772,18.77905311,27.42490883,72
2012-05-18,2012-06-02,2012-06-15,east_north,2012-04-05,2012-04-18,18.39845385,45.63920872,17.63678285,49.01022737,9.42304927,8.71930997,45
2012-05-18,2012-06-02,2012-06-15,east_south,2012-04-05,2012-04-18,23.59271033,64.39792863,23.48883549,75.20123405,17.55401843,16.50361997,23
2012-05-18,2012-06-02,2012-06-15,west_north,2012-04-05,2012-04-18,15.37443790,19.59371387,14.73020509,19.46527930,6.39935532,21.76314238,95
2012-05-18,2012-06-02,2012-06-15,west_south,2012-04-05,2012-04-18,22.52435753,2.51571595,23.19786616,0.29004832,13.39660505,12.64772437,31
2012-06-01,2012-06-16,2012-06-29,central_north,2012-04-19,2012-05-02,22.83182869,52.16928916,23.45872014,30.74204918,12.19103854,35.37857148,110
2012-06-01,2012-06-16,2012-06-29,central_south,2012-04-19,2012-05-02,26.95752398,34.91527104,28.09758939,11.07796955,21.18468069,12.38992543,72
2012-06-01,2012-06-16,2012-06-29,east_north,2012-04-19,2012-05-02,21.57696835,53.30557442,21.76020418,28.49101630,9.97406648,63.02868552,45
2012-06-01,2012-06-16,2012-06-29,east_south,2012-04-19,2012-05-02,25.16851711,71.93956846,25.16479270,66.59027837,19.59615788,39.99299532,23
2012-06-01,2012-06-16,2012-06-29,west_north,2012-04-19,2012-05-02,17.50800445,15.85753086,17.95620271,9.21658620,11.35041101,24.83940926,95
2012-06-01,2012-06-16,2012-06-29,west_south,2012-04-19,2012-05-02,24.91406778,3.19787815,25.87569468,1.80488405,18.88436886,3.22869375,31
2012-06-15,2012-06-30,2012-07-13,central_north,2012-05-03,2012-05-16,23.33027022,47.80393208,25.53571206,21.42428319,15.37978935,26.17913707,110
2012-06-15,2012-06-30,2012-07-13,central_south,2012-05-03,2012-05-16,26.82327522,40.99882931,28.02216840,55.62365119,21.70233325,53.26271221,72
2012-06-15,2012-06-30,2012-07-13,east_north,2012-05-03,2012-05-16,21.97002921,54.87111431,23.99199320,23.86613756,15.28237318,59.60394238,45
2012-06-15,2012-06-30,2012-07-13,east_south,2012-05-03,2012-05-16,25.57239895,67.07219389,28.02073070,60.99030095,22.26064498,55.76552376,23
2012-06-15,2012-06-30,2012-07-13,west_north,2012-05-03,2012-05-16,19.77360860,11.59076955,21.16738805,7.28034602,11.76532894,8.16736734,95
2012-06-15,2012-06-30,2012-07-13,west_south,2012-05-03,2012-05-16,25.93246947,6.67620268,26.10423845,15.05969527,19.26020240,2.28298867,31
2012-06-29,2012-07-14,2012-07-27,central_north,2012-05-17,2012-05-30,23.52763783,45.91000667,26.16903329,26.80306687,18.07592013,33.19424190,110
2012-06-29,2012-07-14,2012-07-27,central_south,2012-05-17,2012-05-30,27.67401864,30.94554742,28.67579197,35.09753366,25.26045415,8.00000610,72
2012-06-29,2012-07-14,2012-07-27,east_north,2012-05-17,2012-05-30,22.26784695,52.22865141,23.66199645,58.72381190,19.28495170,30.42500836,45
2012-06-29,2012-07-14,2012-07-27,east_south,2012-05-17,2012-05-30,26.20038692,63.23125112,27.78043483,55.47506173,23.76563673,57.91516517,23
2012-06-29,2012-07-14,2012-07-27,west_north,2012-05-17,2012-05-30,20.31857665,17.97085990,20.85117869,14.71213608,11.94116977,22.31871167,95
2012-06-29,2012-07-14,2012-07-27,west_south,2012-05-17,2012-05-30,26.20713414,12.54105493,25.49951561,21.45873958,20.67400524,0.15705956,31
2012-07-13,2012-07-28,2012-08-10,central_north,2012-05-31,2012-06-13,22.71304023,43.44948491,23.74904123,26.81205113,19.15335847,22.75666203,110
2012-07-13,2012-07-28,2012-08-10,central_south,2012-05-31,2012-06-13,26.93459359,37.38920732,29.62840823,25.27393610,25.39740193,47.92021130,72
2012-07-13,2012-07-28,2012-08-10,east_north,2012-05-31,2012-06-13,21.61594928,48.16329066,23.06492169,46.57210953,17.32897047,51.72160093,45
2012-07-13,2012-07-28,2012-08-10,east_south,2012-05-31,2012-06-13,25.98639061,66.46425371,26.95909958,77.79690353,23.55905145,79.80774824,23
2012-07-13,2012-07-28,2012-08-10,west_north,2012-05-31,2012-06-13,21.27610629,14.85539057,21.49801084,4.88695218,14.76075285,19.70097009,95
2012-07-13,2012-07-28,2012-08-10,west_south,2012-05-31,2012-06-13,26.42338168,16.24785998,26.59080463,15.84890279,23.29151773,0.28841619,31
2012-07-27,2012-08-11,2012-08-24,central_north,2012-06-14,2012-06-27,21.68441389,39.98660250,20.11183265,17.18069592,22.84337055,37.36045663,110
2012-07-27,2012-08-11,2012-08-24,central_south,2012-06-14,2012-06-27,26.71298686,40.14725960,26.60440344,39.41145486,27.67054519,15.80839133,72
2012-07-27,2012-08-11,2012-08-24,east_north,2012-06-14,2012-06-27,20.85930612,51.09145064,20.35814344,40.18832116,20.90605346,27.94891737,45
2012-07-27,2012-08-11,2012-08-24,east_south,2012-06-14,2012-06-27,25.67677502,58.39144003,25.40023820,77.82132233,24.69580459,73.46354831,23
2012-07-27,2012-08-11,2012-08-24,west_north,2012-06-14,2012-06-27,19.95839264,13.65598358,20.61009094,6.86918081,17.55806246,9.48716642,95
2012-07-27,2012-08-11,2012-08-24,west_south,2012-06-14,2012-06-27,25.55426576,8.64946021,26.35118346,25.79824679,25.40248823,1.17671850,31
2012-08-10,2012-08-25,2012-09-07,central_north,2012-06-28,2012-07-11,19.64813172,34.99682254,22.56119601,32.42889255,25.65081566,20.39926676,110
2012-08-10,2012-08-25,2012-09-07,central_south,2012-06-28,2012-07-11,25.53097051,23.49435174,27.91582669,49.97946214,28.48052972,39.54705885,72
2012-08-10,2012-08-25,2012-09-07,east_north,2012-06-28,2012-07-11,19.39482244,31.86798233,21.90222537,50.94686732,24.20339484,24.18615210,45
2012-08-10,2012-08-25,2012-09-07,east_south,2012-06-28,2012-07-11,24.28735074,32.83682369,26.26519986,70.01663861,28.21781107,41.30338468,23
2012-08-10,2012-08-25,2012-09-07,west_north,2012-06-28,2012-07-11,17.08184723,8.90510741,18.14774409,4.84610489,20.69246422,6.93399602,95
2012-08-10,2012-08-25,2012-09-07,west_south,2012-06-28,2012-07-11,24.09701574,10.65261487,25.36729960,9.12138464,26.28301536,13.17203642,31
2012-08-24,2012-09-08,2012-09-21,central_north,2012-07-12,2012-07-25,16.90360677,32.15378756,15.99820911,19.28755674,26.37256836,21.48704250,110
2012-08-24,2012-09-08,2012-09-21,central_south,2012-07-12,2012-07-25,23.71670342,19.30006835,22.26711347,43.85837608,28.36951415,45.99005164,72
2012-08-24,2012-09-08,2012-09-21,east_north,2012-07-12,2012-07-25,16.79143190,39.07860612,16.05440560,50.48625296,23.54122766,46.13056704,45
2012-08-24,2012-09-08,2012-09-21,east_south,2012-07-12,2012-07-25,22.82098690,48.83129293,23.02523689,56.76178969,27.32758310,73.08390457,23
2012-08-24,2012-09-08,2012-09-21,west_north,2012-07-12,2012-07-25,15.07119812,10.94665065,16.02699937,3.29771497,21.07933743,15.01904928,95
2012-08-24,2012-09-08,2012-09-21,west_south,2012-07-12,2012-07-25,22.15459558,4.60035227,22.38146834,13.33273360,25.48181987,23.02123080,31
2012-09-07,2012-09-22,2012-10-05,central_north,2012-07-26,2012-08-08,13.60396698,31.54857497,13.05511289,15.81254836,24.15233952,28.15648937,110
2012-09-07,2012-09-22,2012-10-05,central_south,2012-07-26,2012-08-08,20.48701541,22.44018192,21.81462248,54.96523372,29.69382569,23.20289041,72
2012-09-07,2012-09-22,2012-10-05,east_north,2012-07-26,2012-08-08,13.52401160,34.67626374,14.52104433,44.07678339,23.30384676,47.74090683,45
2012-09-07,2012-09-22,2012-10-05,east_south,2012-07-26,2012-08-08,20.19507783,54.07159827,22.33839965,45.84995402,27.36100915,66.74867528,23
2012-09-07,2012-09-22,2012-10-05,west_north,2012-07-26,2012-08-08,12.15702595,16.84766389,13.69799848,4.61502671,21.29951684,4.76363988,95
2012-09-07,2012-09-22,2012-10-05,west_south,2012-07-26,2012-08-08,19.28279497,14.52339081,21.92488461,1.25529256,26.20538843,15.52703347,31
2012-09-21,2012-10-06,2012-10-19,central_north,2012-08-09,2012-08-22,10.32127837,36.62615308,8.89626086,34.63696554,19.69181668,19.87515610,110
2012-09-21,2012-10-06,2012-10-19,central_south,2012-08-09,2012-08-22,18.60781001,41.54854667,17.97934732,22.32895421,26.89830946,45.06556772,72
2012-09-21,2012-10-06,2012-10-19,east_north,2012-08-09,2012-08-22,11.87366189,56.27464604,9.82128219,32.92573964,20.48146216,52.03855144,45
2012-09-21,2012-10-06,2012-10-19,east_south,2012-08-09,2012-08-22,18.92088235,46.08050630,18.65095359,24.76107964,25.64618495,81.69723582,23
2012-09-21,2012-10-06,2012-10-19,west_north,2012-08-09,2012-08-22,8.17661931,25.28448025,9.66781108,17.29409734,21.20275011,5.84199131,95
2012-09-21,2012-10-06,2012-10-19,west_south,2012-08-09,2012-08-22,16.75269707,5.22122071,17.64043893,5.24136531,27.10141896,16.78488119,31
2012-10-05,2012-10-20,2012-11-02,central_north,2012-08-23,2012-09-05,6.75034486,28.27457405,7.61100368,17.38499054,23.26441617,31.62470136,110
2012-10-05,2012-10-20,2012-11-02,central_south,2012-08-23,2012-09-05,14.56360396,22.24637629,16.55879357,3.89084166,27.59388859,48.31568234,72
2012-10-05,2012-10-20,2012-11-02,east_north,2012-08-23,2012-09-05,7.26744253,52.40909144,10.35305903,72.64062734,21.79937707,45.76444372,45
2012-10-05,2012-10-20,2012-11-02,east_south,2012-08-23,2012-09-05,15.15496322,34.68249386,15.98862415,12.72194304,25.99074082,70.74536646,23
2012-10-05,2012-10-20,2012-11-02,west_north,2012-08-23,2012-09-05,5.82106943,22.37365471,6.25191534,31.34381262,18.31269459,5.76904540,95
2012-10-05,2012-10-20,2012-11-02,west_south,2012-08-23,2012-09-05,14.66256204,10.05791597,14.88648665,0.72507922,25.13895523,17.32747466,31
2012-10-19,2012-11-03,2012-11-16,central_north,2012-09-06,2012-09-19,3.89462953,28.64946888,3.91041368,16.49468053,16.62823632,21.05843545,110
2012-10-19,2012-11-03,2012-11-16,central_south,2012-09-06,2012-09-19,13.03224801,46.51955794,13.26245574,15.99569718,23.09889682,47.02218928,72
2012-10-19,2012-11-03,2012-11-16,east_north,2012-09-06,2012-09-19,3.46513187,44.78996150,4.21858994,16.16031610,17.11101752,55.67419650,45
2012-10-19,2012-11-03,2012-11-16,east_south,2012-09-06,2012-09-19,13.40451726,33.22847562,12.64291194,15.69790291,23.63910814,61.67379854,23
2012-10-19,2012-11-03,2012-11-16,west_north,2012-09-06,2012-09-19,2.95007604,30.15202357,3.25990783,15.63941652,16.23840693,3.86951119,95
2012-10-19,2012-11-03,2012-11-16,west_south,2012-09-06,2012-09-19,11.21427866,9.00692636,11.39764481,4.70792960,22.66852440,15.42053182,31
2012-11-02,2012-11-17,2012-11-30,central_north,2012-09-20,2012-10-03,0.89789383,18.42370274,2.73176088,3.35101809,14.07198943,13.80294620,110
2012-11-02,2012-11-17,2012-11-30,central_south,2012-09-20,2012-10-03,9.93250716,26.25371132,11.96817191,6.35605395,22.15150244,54.94691840,72
2012-11-02,2012-11-17,2012-11-30,east_north,2012-09-20,2012-10-03,0.99940254,33.56172280,2.63829195,4.50396473,14.20940014,41.42333284,45
2012-11-02,2012-11-17,2012-11-30,east_south,2012-09-20,2012-10-03,10.16704405,19.42240951,11.04249810,7.12707477,22.24257948,42.62502533,23
2012-11-02,2012-11-17,2012-11-30,west_north,2012-09-20,2012-10-03,0.86151726,34.00357406,3.44982450,40.46080019,14.78671589,3.75153840,95
2012-11-02,2012-11-17,2012-11-30,west_south,2012-09-20,2012-10-03,8.98778725,16.10025869,11.42995224,5.30553305,22.23929389,1.25529256,31
2012-11-16,2012-12-01,2012-12-14,central_north,2012-10-04,2012-10-17,1.25722101,24.64489556,1.18206840,10.84995621,8.75504091,28.44317456,110
2012-11-16,2012-12-01,2012-12-14,central_south,2012-10-04,2012-10-17,9.73266064,37.51086243,12.33153863,19.93288794,18.50895886,17.05332366,72
2012-11-16,2012-12-01,2012-12-14,east_north,2012-10-04,2012-10-17,1.58503324,43.16726313,4.28568454,37.31608514,10.45619440,29.02198168,45
2012-11-16,2012-12-01,2012-12-14,east_south,2012-10-04,2012-10-17,10.31720556,27.78965238,14.52094583,23.80373017,19.20075609,28.44355618,23
2012-11-16,2012-12-01,2012-12-14,west_north,2012-10-04,2012-10-17,0.72733012,36.57870722,1.35071332,48.73256488,9.56029895,17.52075682,95
2012-11-16,2012-12-01,2012-12-14,west_south,2012-10-04,2012-10-17,7.37517260,20.84162726,9.01887678,15.71862136,18.02814469,5.24024638,31
2012-11-30,2012-12-15,2012-12-28,central_north,2012-10-18,2012-10-31,-3.38840215,24.00640297,-4.95452915,19.24899758,7.99547329,27.05260793,110
2012-11-30,2012-12-15,2012-12-28,central_south,2012-10-18,2012-10-31,7.32277944,45.86796039,8.46764808,39.41274660,16.40901853,9.27291524,72
2012-11-30,2012-12-15,2012-12-28,east_north,2012-10-18,2012-10-31,-2.91890562,49.25725113,0.82396380,66.95448637,11.29041947,76.59776759,45
2012-11-30,2012-12-15,2012-12-28,east_south,2012-10-18,2012-10-31,9.04909009,42.58665453,10.61040163,63.30651067,16.85926197,16.11253305,23
2012-11-30,2012-12-15,2012-12-28,west_north,2012-10-18,2012-10-31,-2.23560120,35.28675598,-4.27679616,46.69717434,6.44727332,28.24643575,95
2012-11-30,2012-12-15,2012-12-28,west_south,2012-10-18,2012-10-31,5.55274337,21.72160296,4.11653892,20.61464783,15.38632921,0.70069341,31
2012-12-14,2012-12-29,2013-01-11,central_north,2012-11-01,2012-11-14,-8.02611637,20.84275211,-4.24956311,10.21142975,4.29958374,16.67956449,110
2012-12-14,2012-12-29,2013-01-11,central_south,2012-11-01,2012-11-14,5.42341217,41.53943200,6.07266718,66.24796763,14.36460955,16.00888566,72
2012-12-14,2012-12-29,2013-01-11,east_north,2012-11-01,2012-11-14,-5.48139642,42.17330511,-2.10957887,12.39639243,4.74300060,19.69810088,45
2012-12-14,2012-12-29,2013-01-11,east_south,2012-11-01,2012-11-14,7.49580936,57.42209483,10.60443006,25.83728712,12.99941478,8.55842140,23
2012-12-14,2012-12-29,2013-01-11,west_north,2012-11-01,2012-11-14,-6.47593281,34.87615432,-6.90991453,13.57873430,3.96066597,18.65075003,95
2012-12-14,2012-12-29,2013-01-11,west_south,2012-11-01,2012-11-14,3.56868554,16.99360169,2.79430308,5.04953147,11.93433748,4.63860963,31
2012-12-28,2013-01-12,2013-01-25,central_north,2012-11-15,2012-11-28,-7.23144693,27.47342775,-6.69552607,11.27886580,2.80937176,3.33735441,110
2012-12-28,2013-01-12,2013-01-25,central_south,2012-11-15,2012-11-28,6.61083375,44.90022928,7.49092411,31.95544951,11.58093184,6.37765411,72
2012-12-28,2013-01-12,2013-01-25,east_north,2012-11-15,2012-11-28,-5.96154186,56.95167631,-2.73780593,31.85538531,2.87117487,4.28681806,45
2012-12-28,2013-01-12,2013-01-25,east_south,2012-11-15,2012-11-28,8.63262247,64.97870703,11.54316482,41.43054511,11.00170852,14.00412253,23
2012-12-28,2013-01-12,2013-01-25,west_north,2012-11-15,2012-11-28,-3.04635834,29.37762560,-7.00714544,7.39803274,3.12185433,31.77506505,95
2012-12-28,2013-01-12,2013-01-25,west_south,2012-11-15,2012-11-28,5.34143312,7.28157722,4.22378320,3.07187366,11.29102940,3.21165078,31
2013-01-11,2013-01-26,2013-02-08,central_north,2012-11-29,2012-12-12,-7.56269310,15.90772613,-3.30123673,25.32578646,1.50665113,10.73964369,110
2013-01-11,2013-01-26,2013-02-08,central_south,2012-11-29,2012-12-12,4.47356189,29.34078028,11.48533466,26.75642215,12.80790426,19.78689749,72
2013-01-11,2013-01-26,2013-02-08,east_north,2012-11-29,2012-12-12,-7.65018511,24.69596103,-2.93186387,43.34546546,4.21645938,37.46754639,45
2013-01-11,2013-01-26,2013-02-08,east_south,2012-11-29,2012-12-12,4.49938481,39.01325758,10.44884092,44.66036884,14.69014581,15.22927285,23
2013-01-11,2013-01-26,2013-02-08,west_north,2012-11-29,2012-12-12,-1.42017912,27.82348918,-0.58937594,22.09786140,2.20915918,55.56225755,95
2013-01-11,2013-01-26,2013-02-08,west_south,2012-11-29,2012-12-12,7.56283419,24.37384696,7.80292823,20.14567312,9.77616826,8.87964680,31
2013-01-25,2013-02-09,2013-02-22,central_north,2012-12-13,2012-12-26,-5.69211002,21.86542473,-3.73440883,20.21274107,-3.77209565,18.12994735,110
2013-01-25,2013-02-09,2013-02-22,central_south,2012-12-13,2012-12-26,7.43077609,47.04233678,8.76538195,51.16241137,9.36100855,37.80419124,72
2013-01-25,2013-02-09,2013-02-22,east_north,2012-12-13,2012-12-26,-4.64062472,36.85898853,-1.96216747,24.17647220,1.35634755,47.60650675,45
2013-01-25,2013-02-09,2013-02-22,east_south,2012-12-13,2012-12-26,9.16781571,54.53646059,9.81692644,48.72445164,11.04412743,61.62426505,23
2013-01-25,2013-02-09,2013-02-22,west_north,2012-12-13,2012-12-26,-1.40066583,28.24670468,-1.68677022,9.98404087,-3.48873845,45.22665847,95
2013-01-25,2013-02-09,2013-02-22,west_south,2012-12-13,2012-12-26,7.43789282,23.76097699,5.29789318,7.94056332,4.73715933,28.44647937,31
2013-02-08,2013-02-23,2013-03-08,central_north,2012-12-27,2013-01-09,-2.35494757,35.02755203,-2.46198760,14.06637312,-5.71884988,5.04380344,110
2013-02-08,2013-02-23,2013-03-08,central_south,2012-12-27,2013-01-09,10.53066079,42.26388767,8.87742565,25.46072551,4.58884056,42.23792856,72
2013-02-08,2013-02-23,2013-03-08,east_north,2012-12-27,2013-01-09,-2.10722513,49.76152352,0.21283301,36.72876652,-2.91636369,29.40038704,45
2013-02-08,2013-02-23,2013-03-08,east_south,2012-12-27,2013-01-09,10.98624895,51.82541757,9.20150878,70.90063223,9.10684694,35.14456854,23
2013-02-08,2013-02-23,2013-03-08,west_north,2012-12-27,2013-01-09,-3.02975393,40.57875715,0.37717637,20.35264127,-7.06905830,12.29912489,95
2013-02-08,2013-02-23,2013-03-08,west_south,2012-12-27,2013-01-09,7.02323787,18.17632645,8.39824414,3.38822740,2.63578903,5.61044481,31
2013-02-22,2013-03-09,2013-03-22,central_north,2013-01-10,2013-01-23,1.02219030,40.02701082,-1.01806883,25.96560763,-5.39536030,16.89608761,110
2013-02-22,2013-03-09,2013-03-22,central_south,2013-01-10,2013-01-23,11.98428149,47.91625185,13.28905516,25.17041903,7.75323550,57.68512743,72
2013-02-22,2013-03-09,2013-03-22,east_north,2013-01-10,2013-01-23,-0.37677117,56.97258116,1.20549225,37.29696027,-0.73377012,33.84361995,45
2013-02-22,2013-03-09,2013-03-22,east_south,2013-01-10,2013-01-23,12.05631247,63.80837388,12.30659343,27.58942458,13.06236526,42.76573849,23
2013-02-22,2013-03-09,2013-03-22,west_north,2013-01-10,2013-01-23,0.83338198,31.26218487,3.94323577,18.47986250,-7.89921879,8.90742056,95
2013-02-22,2013-03-09,2013-03-22,west_south,2013-01-10,2013-01-23,9.39081990,13.68104071,13.12112046,8.02831130,3.17891520,0.99514271,31
2013-03-08,2013-03-23,2013-04-05,central_north,2013-01-24,2013-02-06,2.71803722,41.53453646,1.81365187,10.05144427,-4.11253429,22.12477655,110
2013-03-08,2013-03-23,2013-04-05,central_south,2013-01-24,2013-02-06,13.78006167,49.53097796,12.13760987,41.02706081,11.45207995,19.25906720,72
2013-03-08,2013-03-23,2013-04-05,east_north,2013-01-24,2013-02-06,2.48738253,46.18729736,2.87384081,17.52558576,-4.02727899,40.64986838,45
2013-03-08,2013-03-23,2013-04-05,east_south,2013-01-24,2013-02-06,13.06996997,55.31189429,11.99614714,63.28473928,9.62806313,22.26739658,23
2013-03-08,2013-03-23,2013-04-05,west_north,2013-01-24,2013-02-06,3.31200889,33.19634963,5.94937641,10.85355182,-0.30711972,24.40662444,95
2013-03-08,2013-03-23,2013-04-05,west_south,2013-01-24,2013-02-06,11.06356722,17.04421190,13.84980973,0.88665396,8.25286927,22.52764854,31
2013-03-22,2013-04-06,2013-04-19,central_north,2013-02-07,2013-02-20,6.41333988,41.77857176,4.56553388,70.53011365,-2.98350564,16.96625965,110
2013-03-22,2013-04-06,2013-04-19,central_south,2013-02-07,2013-02-20,15.18009203,63.43917287,17.60154416,43.67735057,9.29271352,46.37505897,72
2013-03-22,2013-04-06,2013-04-19,east_north,2013-02-07,2013-02-20,4.82680719,55.66447792,10.63298154,45.35364330,-1.99214619,25.89324421,45
2013-03-22,2013-04-06,2013-04-19,east_south,2013-02-07,2013-02-20,14.53318591,55.45320686,19.73098372,31.60496309,9.99536821,66.24551995,23
2013-03-22,2013-04-06,2013-04-19,west_north,2013-02-07,2013-02-20,5.69591458,30.48501640,3.96632956,26.61721861,-1.52160837,9.46177021,95
2013-03-22,2013-04-06,2013-04-19,west_south,2013-02-07,2013-02-20,12.19514774,13.86568189,13.61940965,3.48138179,5.86691126,4.98473656,31
2013-04-05,2013-04-20,2013-05-03,central_north,2013-02-21,2013-03-06,9.93022366,57.77302083,8.12770327,31.18947650,-3.39096559,21.24544700,110
2013-04-05,2013-04-20,2013-05-03,central_south,2013-02-21,2013-03-06,18.65682316,58.16228382,16.69505479,34.95931974,8.29533975,37.78027204,72
2013-04-05,2013-04-20,2013-05-03,east_north,2013-02-21,2013-03-06,10.46026733,61.10571179,10.58052150,26.68007530,-0.38505003,33.71087804,45
2013-04-05,2013-04-20,2013-05-03,east_south,2013-02-21,2013-03-06,18.31559482,31.65035972,17.52118750,69.31049335,9.55821151,75.42684720,23
2013-04-05,2013-04-20,2013-05-03,west_north,2013-02-21,2013-03-06,7.58239075,22.43614570,8.16912333,9.86874731,-0.19933492,18.44163379,95
2013-04-05,2013-04-20,2013-05-03,west_south,2013-02-21,2013-03-06,15.30556989,8.42380618,17.52492247,0.06732706,7.57886846,4.11635881,31
2013-04-19,2013-05-04,2013-05-17,central_north,2013-03-07,2013-03-20,12.69616803,52.89740505,13.94311648,24.58664110,-0.50917989,25.19062142,110
2013-04-19,2013-05-04,2013-05-17,central_south,2013-03-07,2013-03-20,20.79872280,47.51156799,19.24228193,41.65306057,13.30096982,23.04760388,72
2013-04-19,2013-05-04,2013-05-17,east_north,2013-03-07,2013-03-20,11.70640546,46.63168533,13.77006577,39.01002594,1.71641879,41.19548744,45
2013-04-19,2013-05-04,2013-05-17,east_south,2013-03-07,2013-03-20,19.59961880,38.45522396,19.17882396,40.52198894,12.37708128,27.16154433,23
2013-04-19,2013-05-04,2013-05-17,west_north,2013-03-07,2013-03-20,11.48611910,26.54294796,13.78225520,9.81719723,4.10509738,15.57752960,95
2013-04-19,2013-05-04,2013-05-17,west_south,2013-03-07,2013-03-20,19.22986249,3.77449587,18.88134326,3.14175529,12.40210891,10.57594462,31
2013-05-03,2013-05-18,2013-05-31,central_north,2013-03-21,2013-04-03,16.35700492,62.67664136,16.84806771,83.35471766,0.47094287,10.68742925,110
2013-05-03,2013-05-18,2013-05-31,central_south,2013-03-21,2013-04-03,23.54422294,24.70068977,24.77868178,39.45834140,12.18320652,35.96337416,72
2013-05-03,2013-05-18,2013-05-31,east_north,2013-03-21,2013-04-03,15.59909457,50.39677369,16.91858925,55.45034349,1.89642237,15.15544355,45
2013-05-03,2013-05-18,2013-05-31,east_south,2013-03-21,2013-04-03,21.45094613,42.63714927,22.77550567,45.57521329,11.37361120,44.61080892,23
2013-05-03,2013-05-18,2013-05-31,west_north,2013-03-21,2013-04-03,12.68853578,22.08212647,11.58743178,33.22303465,4.69328820,14.27712994,95
2013-05-03,2013-05-18,2013-05-31,west_south,2013-03-21,2013-04-03,20.81205516,1.30437721,20.46988509,0.24162602,13.57731255,0.77793914,31
2013-05-17,2013-06-01,2013-06-14,central_north,2013-04-04,2013-04-17,20.69566752,52.38959157,17.64294105,38.72188236,5.04408610,46.30327408,110
2013-05-17,2013-06-01,2013-06-14,central_south,2013-04-04,2013-04-17,26.52337510,27.10158021,25.58285766,47.67003738,17.43472801,35.83566318,72
2013-05-17,2013-06-01,2013-06-14,east_north,2013-04-04,2013-04-17,19.30664235,43.89895323,18.14168408,94.16806784,9.25393872,42.49629963,45
2013-05-17,2013-06-01,2013-06-14,east_south,2013-04-04,2013-04-17,24.06446929,68.28776012,25.24263697,118.36677529,18.43841092,48.22509965,23
2013-05-17,2013-06-01,2013-06-14,west_north,2013-04-04,2013-04-17,15.01358452,19.21968658,16.73500884,10.52841788,4.75037199,28.66182767,95
2013-05-17,2013-06-01,2013-06-14,west_south,2013-04-04,2013-04-17,22.82805486,0.54911733,25.16001604,0.34569231,14.47141996,3.49230858,31
2013-05-31,2013-06-15,2013-06-28,central_north,2013-04-18,2013-05-01,21.51422230,55.09077178,22.35774916,55.09289366,7.64361478,46.57166266,110
2013-05-31,2013-06-15,2013-06-28,central_south,2013-04-18,2013-05-01,26.34281791,39.84442497,27.82744589,28.32485707,16.71271650,41.43266405,72
2013-05-31,2013-06-15,2013-06-28,east_north,2013-04-18,2013-05-01,19.30059946,48.62278849,20.81894565,47.45394690,10.46000034,32.47723911,45
2013-05-31,2013-06-15,2013-06-28,east_south,2013-04-18,2013-05-01,24.39759881,74.57495785,25.66877455,62.50575290,17.93960829,60.27744227,23
2013-05-31,2013-06-15,2013-06-28,west_north,2013-04-18,2013-05-01,17.90241296,14.31208390,17.00218698,16.85908485,7.46354693,10.70644643,95
2013-05-31,2013-06-15,2013-06-28,west_south,2013-04-18,2013-05-01,25.15681803,4.30966378,24.96777265,0.90520009,16.66695231,0.17185664,31
2013-06-14,2013-06-29,2013-07-12,central_north,2013-05-02,2013-05-15,23.26351746,45.38762126,22.51222384,25.66166193,12.19629886,30.45423671,110
2013-06-14,2013-06-29,2013-07-12,central_south,2013-05-02,2013-05-15,27.00359868,43.67592738,26.72352306,39.95041936,17.65356287,43.03291763,72
2013-06-14,2013-06-29,2013-07-12,east_north,2013-05-02,2013-05-15,21.70120165,56.55104297,22.79436891,77.08084045,13.52359919,36.39869690,45
2013-06-14,2013-06-29,2013-07-12,east_south,2013-05-02,2013-05-15,25.35086033,96.85557513,25.89861731,147.79278661,18.50539426,52.32458148,23
2013-06-14,2013-06-29,2013-07-12,west_north,2013-05-02,2013-05-15,20.21930374,10.68919181,22.25377350,8.39582677,13.17915421,8.22467553,95
2013-06-14,2013-06-29,2013-07-12,west_south,2013-05-02,2013-05-15,26.51391949,6.74052180,27.94872049,15.61644056,18.24629992,3.10488732,31
2013-06-28,2013-07-13,2013-07-26,central_north,2013-05-16,2013-05-29,22.51992203,41.31338983,22.92673862,34.20863315,16.75587477,64.85807568,110
2013-06-28,2013-07-13,2013-07-26,central_south,2013-05-16,2013-05-29,26.64899700,46.64020483,26.62734728,63.11486582,24.40303620,39.25762393,72
2013-06-28,2013-07-13,2013-07-26,east_north,2013-05-16,2013-05-29,21.33258369,46.51999046,23.30055988,44.36008254,15.96952113,54.59677166,45
2013-06-28,2013-07-13,2013-07-26,east_south,2013-05-16,2013-05-29,24.91732355,93.09411552,26.39606655,83.54996167,22.52395545,41.69149093,23
2013-06-28,2013-07-13,2013-07-26,west_north,2013-05-16,2013-05-29,21.82791547,14.31562431,21.81433118,6.89695388,11.79636249,27.38136759,95
2013-06-28,2013-07-13,2013-07-26,west_south,2013-05-16,2013-05-29,27.15843775,11.74006642,25.91666948,28.23520900,20.19434733,0.27187720,31
2013-07-12,2013-07-27,2013-08-09,central_north,2013-05-30,2013-06-12,22.70269853,50.18914507,19.78002873,50.71982936,17.38570156,56.19742966,110
2013-07-12,2013-07-27,2013-08-09,central_south,2013-05-30,2013-06-12,27.16939469,30.79814277,28.19785200,34.95608601,25.50850658,52.45729258,72
2013-07-12,2013-07-27,2013-08-09,east_north,2013-05-30,2013-06-12,20.94411645,53.03218795,19.99050469,47.30885881,18.89439172,78.47569507,45
2013-07-12,2013-07-27,2013-08-09,east_south,2013-05-30,2013-06-12,25.59712719,67.13679742,26.32781783,58.01322722,25.04208729,116.41764482,23
2013-07-12,2013-07-27,2013-08-09,west_north,2013-05-30,2013-06-12,20.98227161,14.00864262,19.69185837,11.67820190,16.22394119,15.92022968,95
2013-07-12,2013-07-27,2013-08-09,west_south,2013-05-30,2013-06-12,26.11122967,16.21321453,25.10949704,17.13493938,24.76700567,0.26395495,31
2013-07-26,2013-08-10,2013-08-23,central_north,2013-06-13,2013-06-26,21.16956135,36.64856013,20.99009124,21.49654801,21.89999029,53.38746433,110
2013-07-26,2013-08-10,2013-08-23,central_south,2013-06-13,2013-06-26,26.40456015,35.15527359,26.45336822,39.56621307,27.47221129,29.63613654,72
2013-07-26,2013-08-10,2013-08-23,east_north,2013-06-13,2013-06-26,20.25811219,41.47439096,19.67113860,36.68490562,20.31132342,45.41027378,45
2013-07-26,2013-08-10,2013-08-23,east_south,2013-06-13,2013-06-26,25.03423934,63.35959291,25.66793731,102.44255834,25.54515906,56.78012286,23
2013-07-26,2013-08-10,2013-08-23,west_north,2013-06-13,2013-06-26,20.42830226,17.36917972,20.66261795,6.66461616,16.01987492,18.59874761,95
2013-07-26,2013-08-10,2013-08-23,west_south,2013-06-13,2013-06-26,25.11903682,15.18398107,25.90302031,13.18297148,24.49637463,0.99372527,31
2013-08-09,2013-08-24,2013-09-06,central_north,2013-06-27,2013-07-10,17.92565143,37.39516912,23.82817808,16.43019785,22.50625249,29.30249045,110
2013-08-09,2013-08-24,2013-09-06,central_south,2013-06-27,2013-07-10,24.23876000,41.99036400,27.41606612,15.70227726,26.90836776,33.56705649,72
2013-08-09,2013-08-24,2013-09-06,east_north,2013-06-27,2013-07-10,17.32326022,35.32532156,20.63432096,39.78631462,22.87931213,83.57626876,45
2013-08-09,2013-08-24,2013-09-06,east_south,2013-06-27,2013-07-10,23.56355454,58.47612171,25.71176795,36.65940380,26.09730184,140.72480600,23
2013-08-09,2013-08-24,2013-09-06,west_north,2013-06-27,2013-07-10,17.75565014,20.86168862,20.14326901,19.05411820,22.47970658,8.57332629,95
2013-08-09,2013-08-24,2013-09-06,west_south,2013-06-27,2013-07-10,23.25113904,16.53192303,25.20198054,26.63122974,28.41734529,11.89730214,31
2013-08-23,2013-09-07,2013-09-20,central_north,2013-07-11,2013-07-24,16.98610350,26.93426629,19.38989432,41.07021784,23.53737177,29.88635940,110
2013-08-23,2013-09-07,2013-09-20,central_south,2013-07-11,2013-07-24,22.03064131,28.15263176,25.78448271,36.84628433,26.89214651,64.43271277,72
2013-08-23,2013-09-07,2013-09-20,east_north,2013-07-11,2013-07-24,15.23234960,31.89232335,17.15547235,28.07397159,23.65042364,56.33234762,45
2013-08-23,2013-09-07,2013-09-20,east_south,2013-07-11,2013-07-24,21.58725950,44.10964375,24.34408643,19.31353223,26.37493401,92.60816863,23
2013-08-23,2013-09-07,2013-09-20,west_north,2013-07-11,2013-07-24,17.58782658,11.45882743,16.89989328,26.52736962,21.53923578,6.51999834,95
2013-08-23,2013-09-07,2013-09-20,west_south,2013-07-11,2013-07-24,22.79031689,17.41986729,22.79097603,35.55599682,25.76320940,27.83822890,31
2013-09-06,2013-09-21,2013-10-04,central_north,2013-07-25,2013-08-07,14.23221640,26.09150106,16.16926365,27.32565283,19.77889609,49.78159753,110
2013-09-06,2013-09-21,2013-10-04,central_south,2013-07-25,2013-08-07,21.22856070,18.29520075,23.03755673,55.71317739,27.96375467,31.36210957,72
2013-09-06,2013-09-21,2013-10-04,east_north,2013-07-25,2013-08-07,14.71675410,43.27082921,15.38364439,24.44195350,19.40170991,35.82058149,45
2013-09-06,2013-09-21,2013-10-04,east_south,2013-07-25,2013-08-07,21.09562186,47.90002215,21.69689567,42.21898032,26.10096078,60.24963197,23
2013-09-06,2013-09-21,2013-10-04,west_north,2013-07-25,2013-08-07,12.74598928,17.44161118,10.03522014,41.72568975,20.10801529,11.67100639,95
2013-09-06,2013-09-21,2013-10-04,west_south,2013-07-25,2013-08-07,19.97238863,6.95199350,18.37683395,2.98751850,25.47572019,20.42546849,31
2013-09-20,2013-10-05,2013-10-18,central_north,2013-08-08,2013-08-21,12.06141043,27.35097520,10.84076054,48.39291928,20.52432744,24.49625024,110
2013-09-20,2013-10-05,2013-10-18,central_south,2013-08-08,2013-08-21,18.03441115,28.55410686,18.84079165,40.37037647,26.54533228,47.15590170,72
2013-09-20,2013-10-05,2013-10-18,east_north,2013-08-08,2013-08-21,11.05315249,41.18925092,14.12442084,52.54466839,19.86680113,44.32198812,45
2013-09-20,2013-10-05,2013-10-18,east_south,2013-08-08,2013-08-21,17.98107581,37.43424856,20.95151679,25.76135307,25.81087760,96.79410535,23
2013-09-20,2013-10-05,2013-10-18,west_north,2013-08-08,2013-08-21,10.65760607,16.96965251,6.88410326,12.07876449,20.55254349,5.96998801,95
2013-09-20,2013-10-05,2013-10-18,west_south,2013-08-08,2013-08-21,17.86241858,8.27035519,14.50358763,4.24501617,25.67612002,11.95425893,31
2013-10-04,2013-10-19,2013-11-01,central_north,2013-08-22,2013-09-04,7.98311841,30.24250244,5.88222523,26.76034219,23.76590376,20.33936146,110
2013-10-04,2013-10-19,2013-11-01,central_south,2013-08-22,2013-09-04,16.42233623,23.34823433,15.88969396,33.74372172,27.49814306,16.84978994,72
2013-10-04,2013-10-19,2013-11-01,east_north,2013-08-22,2013-09-04,7.80653905,43.46065503,7.75878697,26.90967362,21.42677656,45.79775608,45
2013-10-04,2013-10-19,2013-11-01,east_south,2013-08-22,2013-09-04,16.84885894,37.85388769,16.67976935,7.28177145,25.79634564,47.44661009,23
2013-10-04,2013-10-19,2013-11-01,west_north,2013-08-22,2013-09-04,5.34441454,18.91057268,6.53573501,8.24789781,20.14834842,16.06483147,95
2013-10-04,2013-10-19,2013-11-01,west_south,2013-08-22,2013-09-04,13.81635539,7.85009973,13.82676588,3.14137280,25.11342876,27.98062726,31
2013-10-18,2013-11-02,2013-11-15,central_north,2013-09-05,2013-09-18,3.45561199,28.04828544,3.75034089,15.97529932,20.21477760,31.33142799,110
2013-10-18,2013-11-02,2013-11-15,central_south,2013-09-05,2013-09-18,11.73949323,36.21538528,12.02613570,13.25652408,26.18247840,25.74528988,72
2013-10-18,2013-11-02,2013-11-15,east_north,2013-09-05,2013-09-18,3.82866207,51.13277948,4.66474447,16.70465764,16.79592806,26.83655702,45
2013-10-18,2013-11-02,2013-11-15,east_south,2013-09-05,2013-09-18,12.89062879,25.73596252,13.36445819,17.73193685,24.72774385,19.46675490,23
2013-10-18,2013-11-02,2013-11-15,west_north,2013-09-05,2013-09-18,2.80256554,28.54981920,3.87684092,14.39409520,17.92634549,29.39365778,95
2013-10-18,2013-11-02,2013-11-15,west_south,2013-09-05,2013-09-18,10.73285805,12.43292593,12.35199880,1.67238775,23.35333090,35.43560775,31
2013-11-01,2013-11-16,2013-11-29,central_north,2013-09-19,2013-10-02,0.62788992,37.37446480,-0.92927136,16.03363926,16.51468936,27.08570793,110
2013-11-01,2013-11-16,2013-11-29,central_south,2013-09-19,2013-10-02,10.42863140,45.05711800,9.15112840,44.28472199,22.91667730,66.95279200,72
2013-11-01,2013-11-16,2013-11-29,east_north,2013-09-19,2013-10-02,3.08640140,53.42379940,1.62439396,53.11814436,15.34992390,24.17516898,45
2013-11-01,2013-11-16,2013-11-29,east_south,2013-09-19,2013-10-02,12.55024491,33.94252958,12.43345787,56.77899876,21.63615768,43.62869608,23
2013-11-01,2013-11-16,2013-11-29,west_north,2013-09-19,2013-10-02,-0.70667605,31.36813867,0.30019275,21.12002531,11.06723302,38.43776024,95
2013-11-01,2013-11-16,2013-11-29,west_south,2013-09-19,2013-10-02,7.97976938,17.74814631,8.80850267,29.27089377,19.10488931,3.80715303,31
2013-11-15,2013-11-30,2013-12-13,central_north,2013-10-03,2013-10-16,-5.51035645,27.50003767,-7.53842556,12.19264875,12.10874661,56.92426836,110
2013-11-15,2013-11-30,2013-12-13,central_south,2013-10-03,2013-10-16,6.70063353,51.28591399,6.60200771,23.96829588,20.25451900,38.34995469,72
2013-11-15,2013-11-30,2013-12-13,east_north,2013-10-03,2013-10-16,-1.85250449,51.80641985,-0.68855026,32.47963483,14.95701620,46.68021686,45
2013-11-15,2013-11-30,2013-12-13,east_south,2013-10-03,2013-10-16,9.95185953,69.15252687,12.58938086,31.56776375,21.32524409,25.22396257,23
2013-11-15,2013-11-30,2013-12-13,west_north,2013-10-03,2013-10-16,-3.37069748,42.71270435,-7.91379808,19.59139853,6.88220400,16.42585457,95
2013-11-15,2013-11-30,2013-12-13,west_south,2013-10-03,2013-10-16,5.65778787,14.15540815,4.42768685,4.89980230,15.04862938,4.22866185,31
2013-11-29,2013-12-14,2013-12-27,central_north,2013-10-17,2013-10-30,-3.60532419,21.35719777,-5.70656395,19.94514393,5.65804039,13.89646163,110
2013-11-29,2013-12-14,2013-12-27,central_south,2013-10-17,2013-10-30,7.93402423,39.71126861,7.59080743,42.95980996,15.65152185,14.60657014,72
2013-11-29,2013-12-14,2013-12-27,east_north,2013-10-17,2013-10-30,-1.55066246,41.94903062,-1.56771988,49.60526898,7.64326886,18.98030322,45
2013-11-29,2013-12-14,2013-12-27,east_south,2013-10-17,2013-10-30,11.27066087,51.83109930,11.28727784,55.48177847,16.71506279,7.16326529,23
2013-11-29,2013-12-14,2013-12-27,west_north,2013-10-17,2013-10-30,-2.40308019,32.56768687,-2.65946700,11.73694393,6.63905710,7.27040634,95
2013-11-29,2013-12-14,2013-12-27,west_south,2013-10-17,2013-10-30,6.04853875,12.18668372,6.87627689,4.04026493,14.16658426,2.88055370,31
2013-12-13,2013-12-28,2014-01-10,central_north,2013-10-31,2013-11-13,-7.90510391,21.74444308,-10.17765417,8.48158849,4.07617367,30.76507047,110
2013-12-13,2013-12-28,2014-01-10,central_south,2013-10-31,2013-11-13,6.44544144,38.59956718,4.17950374,16.67093606,12.90467498,35.32227589,72
2013-12-13,2013-12-28,2014-01-10,east_north,2013-10-31,2013-11-13,-4.40880895,37.11718886,-6.11796414,38.66723199,5.91801955,32.53468780,45
2013-12-13,2013-12-28,2014-01-10,east_south,2013-10-31,2013-11-13,8.72938070,43.31265515,7.21682657,51.14422904,14.84897665,19.05602491,23
2013-12-13,2013-12-28,2014-01-10,west_north,2013-10-31,2013-11-13,-4.52027574,36.44827167,-2.52691363,11.90515882,4.13806169,15.80372486,95
2013-12-13,2013-12-28,2014-01-10,west_south,2013-10-31,2013-11-13,5.09561036,19.18014515,6.29680753,0.08023416,12.06936816,1.90793804,31
2013-12-27,2014-01-11,2014-01-24,central_north,2013-11-14,2013-11-27,-3.77590715,17.52187419,-4.49407513,10.10733827,0.29115925,15.84157201,110
2013-12-27,2014-01-11,2014-01-24,central_south,2013-11-14,2013-11-27,6.75496889,32.97669855,6.57025706,15.99621463,9.91968873,44.41945274,72
2013-12-27,2014-01-11,2014-01-24,east_north,2013-11-14,2013-11-27,-5.77700544,45.65636925,-3.61452133,33.52004468,2.86704751,45.02876790,45
2013-12-27,2014-01-11,2014-01-24,east_south,2013-11-14,2013-11-27,7.93858275,49.97629705,6.96901129,41.67732036,13.07034196,54.58893503,23
2013-12-27,2014-01-11,2014-01-24,west_north,2013-11-14,2013-11-27,-0.55803072,26.44898930,-0.11072531,11.63761518,0.69297198,21.42346862,95
2013-12-27,2014-01-11,2014-01-24,west_south,2013-11-14,2013-11-27,6.63317176,14.97478509,8.28371072,0.03668376,9.47283180,29.28699578,31
2014-01-10,2014-01-25,2014-02-07,central_north,2013-11-28,2013-12-11,-4.29311089,26.66431364,-11.26274494,12.93638656,-6.87268928,12.17266990,110
2014-01-10,2014-01-25,2014-02-07,central_south,2013-11-28,2013-12-11,8.33163953,49.30829784,3.62761795,25.62062523,6.68425902,23.42540395,72
2014-01-10,2014-01-25,2014-02-07,east_north,2013-11-28,2013-12-11,-4.16710817,51.78842387,-6.33476323,33.46953600,-0.25146318,40.08791556,45
2014-01-10,2014-01-25,2014-02-07,east_south,2013-11-28,2013-12-11,9.42426675,53.99294070,7.85899176,33.73451001,12.40136055,33.58454720,23
2014-01-10,2014-01-25,2014-02-07,west_north,2013-11-28,2013-12-11,-2.30750262,30.81608151,-4.84997411,21.48567425,-7.02458229,18.65232522,95
2014-01-10,2014-01-25,2014-02-07,west_south,2013-11-28,2013-12-11,6.84414196,18.97007401,7.27174716,5.30138798,4.85904213,4.17977318,31
2014-01-24,2014-02-08,2014-02-21,central_north,2013-12-12,2013-12-25,-10.01098623,27.36655210,-5.53782151,16.24114746,-6.60159923,19.57159890,110
2014-01-24,2014-02-08,2014-02-21,central_south,2013-12-12,2013-12-25,5.48576620,52.46065721,9.43281437,22.42074822,7.42530377,42.47699954,72
2014-01-24,2014-02-08,2014-02-21,east_north,2013-12-12,2013-12-25,-7.38271572,62.56058614,-4.92986459,39.50535737,-2.23177112,48.54001729,45
2014-01-24,2014-02-08,2014-02-21,east_south,2013-12-12,2013-12-25,8.64167798,77.99401991,10.05784308,44.84221068,11.06766727,54.53992875,23
2014-01-24,2014-02-08,2014-02-21,west_north,2013-12-12,2013-12-25,-4.18312615,44.80818084,1.67718095,57.35994765,-3.16023492,12.50599820,95
2014-01-24,2014-02-08,2014-02-21,west_south,2013-12-12,2013-12-25,6.71861763,23.19981908,11.68097307,1.36170530,6.65266706,4.79431608,31
2014-02-07,2014-02-22,2014-03-07,central_north,2013-12-26,2014-01-08,-2.54698106,37.90995338,-8.68590976,7.40307382,-9.83074229,8.87776300,110
2014-02-07,2014-02-22,2014-03-07,central_south,2013-12-26,2014-01-08,9.94267800,65.34279914,8.27694183,23.54166432,3.70065970,13.97136918,72
2014-02-07,2014-02-22,2014-03-07,east_north,2013-12-26,2014-01-08,-2.23498686,58.65221776,-5.61253535,13.58338013,-5.96365047,38.94380835,45
2014-02-07,2014-02-22,2014-03-07,east_south,2013-12-26,2014-01-08,11.51469021,61.80142475,10.10814704,48.85794287,6.94106852,46.83909653,23
2014-02-07,2014-02-22,2014-03-07,west_north,2013-12-26,2014-01-08,-0.97015725,36.99450728,1.41746264,45.65372741,-2.91017696,7.09452282,95
2014-02-07,2014-02-22,2014-03-07,west_south,2013-12-26,2014-01-08,8.27774852,17.44582290,11.61134331,31.08523292,6.31802467,0.05415961,31
2014-02-21,2014-03-08,2014-03-21,central_north,2014-01-09,2014-01-22,0.20365865,32.60614936,2.55919662,9.50260690,-3.61004359,9.89581751,110
2014-02-21,2014-03-08,2014-03-21,central_south,2014-01-09,2014-01-22,12.27254871,48.94605773,12.33962595,24.57842542,8.01368845,19.01060148,72
2014-02-21,2014-03-08,2014-03-21,east_north,2014-01-09,2014-01-22,-1.51813843,55.15665013,0.71192822,26.89049385,-2.16596986,34.52820544,45
2014-02-21,2014-03-08,2014-03-21,east_south,2014-01-09,2014-01-22,12.52038795,53.17010512,12.83958936,48.82974880,8.46977636,47.06398666,23
2014-02-21,2014-03-08,2014-03-21,west_north,2014-01-09,2014-01-22,3.26901379,33.38428227,4.14021223,23.39095252,0.15586928,16.48394589,95
2014-02-21,2014-03-08,2014-03-21,west_south,2014-01-09,2014-01-22,11.11558600,25.11917350,11.96452364,0.74824362,8.22366899,0.06218691,31
2014-03-07,2014-03-22,2014-04-04,central_north,2014-01-23,2014-02-05,2.65036101,41.37258477,1.19869044,27.56672586,-10.32311626,13.32322855,110
2014-03-07,2014-03-22,2014-04-04,central_south,2014-01-23,2014-02-05,13.66849829,63.02539930,15.05705855,30.93066114,3.81771225,25.98688241,72
2014-03-07,2014-03-22,2014-04-04,east_north,2014-01-23,2014-02-05,0.76267259,45.19275071,2.63108894,44.45280351,-7.03325688,28.37454079,45
2014-03-07,2014-03-22,2014-04-04,east_south,2014-01-23,2014-02-05,13.23919890,86.54427494,14.77339358,32.73479277,6.83690214,29.70775137,23
2014-03-07,2014-03-22,2014-04-04,west_north,2014-01-23,2014-02-05,3.83882222,44.23121515,3.59046187,31.62524159,-3.76788633,18.43591900,95
2014-03-07,2014-03-22,2014-04-04,west_south,2014-01-23,2014-02-05,12.26967745,22.07457993,12.12784149,5.69769256,7.47173298,2.93722356,31
2014-03-21,2014-04-05,2014-04-18,central_north,2014-02-06,2014-02-19,6.78186317,47.20301115,7.08156059,22.52392055,-7.84791998,8.69442202,110
2014-03-21,2014-04-05,2014-04-18,central_south,2014-02-06,2014-02-19,16.17797729,41.29036329,15.24194496,48.13479928,7.28587739,14.44346995,72
2014-03-21,2014-04-05,2014-04-18,east_north,2014-02-06,2014-02-19,5.03531312,54.93609415,8.30153562,47.11121985,-6.74792599,34.16593364,45
2014-03-21,2014-04-05,2014-04-18,east_south,2014-02-06,2014-02-19,15.19103351,41.60448630,16.74722618,62.77762109,8.66608552,43.86677113,23
2014-03-21,2014-04-05,2014-04-18,west_north,2014-02-06,2014-02-19,6.12471037,35.82393506,8.06458363,10.40169196,0.36785521,57.17733503,95
2014-03-21,2014-04-05,2014-04-18,west_south,2014-02-06,2014-02-19,13.13959828,13.64407558,15.71473847,0.39642930,11.12572344,3.72568883,31
2014-04-04,2014-04-19,2014-05-02,central_north,2014-02-20,2014-03-05,11.90892752,55.17895266,10.42105297,42.21140578,-8.66736241,14.59051724,110
2014-04-04,2014-04-19,2014-05-02,central_south,2014-02-20,2014-03-05,19.44949190,40.58250439,18.98915751,30.60315999,8.74463879,28.81185286,72
2014-04-04,2014-04-19,2014-05-02,east_north,2014-02-20,2014-03-05,9.92653229,35.01185811,10.15230695,56.60930685,-4.46440250,23.85086416,45
2014-04-04,2014-04-19,2014-05-02,east_south,2014-02-20,2014-03-05,18.39042892,40.85770887,19.21439489,63.16399837,11.45509447,30.30437928,23
2014-04-04,2014-04-19,2014-05-02,west_north,2014-02-20,2014-03-05,9.16418525,32.08873037,8.41056615,25.91999562,0.76393389,38.09784384,95
2014-04-04,2014-04-19,2014-05-02,west_south,2014-02-20,2014-03-05,16.87210779,7.72830540,15.88752501,6.11316377,11.11162142,30.93178614,31
2014-04-18,2014-05-03,2014-05-16,central_north,2014-03-06,2014-03-19,12.86604665,55.84666072,12.04891666,42.17449127,1.93259400,9.22285536,110
2014-04-18,2014-05-03,2014-05-16,central_south,2014-03-06,2014-03-19,21.17576857,39.44155275,21.00951737,48.69214909,11.60203126,27.64122238,72
2014-04-18,2014-05-03,2014-05-16,east_north,2014-03-06,2014-03-19,12.14100499,46.81521042,15.05229682,48.10999705,-0.37296807,20.11924441,45
2014-04-18,2014-05-03,2014-05-16,east_south,2014-03-06,2014-03-19,19.39300078,39.81246842,22.52331618,57.58897996,11.88123562,72.21327643,23
2014-04-18,2014-05-03,2014-05-16,west_north,2014-03-06,2014-03-19,10.26099603,27.50160542,9.94818762,23.25093893,4.44042957,33.32239341,95
2014-04-18,2014-05-03,2014-05-16,west_south,2014-03-06,2014-03-19,18.58047309,5.14641689,17.36880864,0.93703673,12.05317001,0.90239559,31
2014-05-02,2014-05-17,2014-05-30,central_north,2014-03-20,2014-04-02,15.72572610,46.95569873,18.23932446,23.60130910,1.28571184,13.47811583,110
2014-05-02,2014-05-17,2014-05-30,central_south,2014-03-20,2014-04-02,22.88260892,22.83767634,23.26957226,51.15055157,14.66218630,25.21058556,72
2014-05-02,2014-05-17,2014-05-30,east_north,2014-03-20,2014-04-02,14.38761506,47.72482547,15.75416144,39.86839455,2.07815147,43.27334283,45
2014-05-02,2014-05-17,2014-05-30,east_south,2014-03-20,2014-04-02,21.42313428,41.37190137,22.66285699,21.00881358,13.87009814,32.28472165,23
2014-05-02,2014-05-17,2014-05-30,west_north,2014-03-20,2014-04-02,14.37786326,23.08309253,14.38827316,11.96917059,3.45191871,30.81293640,95
2014-05-02,2014-05-17,2014-05-30,west_south,2014-03-20,2014-04-02,20.88480397,1.88046970,20.88172198,2.70086498,12.56340509,5.04681469,31
2014-05-16,2014-05-31,2014-06-13,central_north,2014-04-03,2014-04-16,19.49725008,63.53537795,18.37976847,71.55506160,6.53551161,35.09850631,110
2014-05-16,2014-05-31,2014-06-13,central_south,2014-04-03,2014-04-16,25.83894891,32.23831249,25.54615705,63.30870770,15.56383128,52.09831855,72
2014-05-16,2014-05-31,2014-06-13,east_north,2014-04-03,2014-04-16,18.96150177,60.93724725,18.81751078,46.97157416,8.44350570,55.37897766,45
2014-05-16,2014-05-31,2014-06-13,east_south,2014-04-03,2014-04-16,24.01407549,72.85200857,24.78940261,52.80822843,17.66241126,61.03006201,23
2014-05-16,2014-05-31,2014-06-13,west_north,2014-04-03,2014-04-16,15.67851463,24.95463693,16.12391158,5.73728407,7.24907876,8.90290980,95
2014-05-16,2014-05-31,2014-06-13,west_south,2014-04-03,2014-04-16,22.34774153,3.39350244,24.41203749,0.21123546,14.65146528,1.02262703,31
2014-05-30,2014-06-14,2014-06-27,central_north,2014-04-17,2014-04-30,20.84408236,54.50121024,21.04134015,63.35108012,10.15061199,42.78322863,110
2014-05-30,2014-06-14,2014-06-27,central_south,2014-04-17,2014-04-30,26.48232820,36.41877811,26.60389980,40.58417212,19.03211333,31.22462108,72
2014-05-30,2014-06-14,2014-06-27,east_north,2014-04-17,2014-04-30,19.21742575,52.19220375,20.51729411,53.32980990,9.38316987,36.26862018,45
2014-05-30,2014-06-14,2014-06-27,east_south,2014-04-17,2014-04-30,24.88019917,63.56436594,26.60132905,44.74474307,18.52188562,54.00057471,23
2014-05-30,2014-06-14,2014-06-27,west_north,2014-04-17,2014-04-30,17.42102581,17.23085883,15.64419394,19.89262822,8.00347054,29.25100366,95
2014-05-30,2014-06-14,2014-06-27,west_south,2014-04-17,2014-04-30,24.46137767,1.01079896,24.19888811,0.69109157,15.79582759,6.12942327,31
2014-06-13,2014-06-28,2014-07-11,central_north,2014-05-01,2014-05-14,21.92586581,55.23052770,21.28190646,44.60322148,12.18930981,38.89730176,110
2014-06-13,2014-06-28,2014-07-11,central_south,2014-05-01,2014-05-14,27.16296077,37.95026263,26.88431661,27.63012721,20.70809552,42.50777588,72
2014-06-13,2014-06-28,2014-07-11,east_north,2014-05-01,2014-05-14,21.29908900,53.33756307,21.96158994,44.36041398,14.64660622,46.31766106,45
2014-06-13,2014-06-28,2014-07-11,east_south,2014-05-01,2014-05-14,25.95223194,74.74503621,26.54604215,53.79675845,22.52436774,24.15729394,23
2014-06-13,2014-06-28,2014-07-11,west_north,2014-05-01,2014-05-14,19.28708979,19.70457371,20.84938258,7.98371530,9.61222151,22.82900217,95
2014-06-13,2014-06-28,2014-07-11,west_south,2014-05-01,2014-05-14,25.47090377,8.45793838,26.62441665,16.62075878,16.91102034,0.92034350,31
2014-06-27,2014-07-12,2014-07-25,central_north,2014-05-15,2014-05-28,23.01262356,42.97041187,21.08043592,25.60390029,16.29880973,27.02844878,110
2014-06-27,2014-07-12,2014-07-25,central_south,2014-05-15,2014-05-28,27.16965737,38.46683007,26.21452809,52.30437756,22.20196711,47.05460239,72
2014-06-27,2014-07-12,2014-07-25,east_north,2014-05-15,2014-05-28,21.74595881,48.19044029,20.88232401,42.32546782,15.50838802,58.17790178,45
2014-06-27,2014-07-12,2014-07-25,east_south,2014-05-15,2014-05-28,26.16467841,74.34341466,26.04196569,77.73619455,21.90105244,56.67644974,23
2014-06-27,2014-07-12,2014-07-25,west_north,2014-05-15,2014-05-28,20.77931838,15.00718171,21.69235534,9.59524069,14.40105289,11.31929353,95
2014-06-27,2014-07-12,2014-07-25,west_south,2014-05-15,2014-05-28,25.93973824,18.79150304,26.85690663,12.60737536,20.51521449,2.60054682,31
2014-07-11,2014-07-26,2014-08-08,central_north,2014-05-29,2014-06-11,22.56087748,42.60598035,21.08291955,30.65833123,19.05391234,66.80636396,110
2014-07-11,2014-07-26,2014-08-08,central_south,2014-05-29,2014-06-11,27.35789611,28.18463338,26.69297180,27.21362664,25.47547380,68.74742791,72
2014-07-11,2014-07-26,2014-08-08,east_north,2014-05-29,2014-06-11,21.06647126,50.31436622,19.98109159,45.70182084,18.42212328,34.76567147,45
2014-07-11,2014-07-26,2014-08-08,east_south,2014-05-29,2014-06-11,26.39958185,52.02080525,25.93654659,51.33718068,24.69145973,47.09834137,23
2014-07-11,2014-07-26,2014-08-08,west_north,2014-05-29,2014-06-11,20.63752564,17.06514674,21.02748051,16.58667831,15.87794373,5.70589715,95
2014-07-11,2014-07-26,2014-08-08,west_south,2014-05-29,2014-06-11,26.06530306,17.57635914,25.61899891,30.05296984,24.17286494,0.30965030,31
2014-07-25,2014-08-09,2014-08-22,central_north,2014-06-12,2014-06-25,21.98434431,44.94521574,21.89401378,41.30044261,20.27572673,62.94307532,110
2014-07-25,2014-08-09,2014-08-22,central_south,2014-06-12,2014-06-25,26.92488553,27.29703589,27.52401386,32.33077071,26.40898957,36.39553661,72
2014-07-25,2014-08-09,2014-08-22,east_north,2014-06-12,2014-06-25,20.34958251,30.15177515,19.77250288,61.43989297,20.17120440,56.41369830,45
2014-07-25,2014-08-09,2014-08-22,east_south,2014-06-12,2014-06-25,25.92690896,46.85475679,26.52209353,59.81986485,26.26645241,55.88810724,23
2014-07-25,2014-08-09,2014-08-22,west_north,2014-06-12,2014-06-25,18.16811792,21.98302482,19.71630342,18.98034034,15.53262791,16.71553494,95
2014-07-25,2014-08-09,2014-08-22,west_south,2014-06-12,2014-06-25,24.07451294,20.23111209,24.59020696,25.47829302,24.16999867,0.70756859,31
2014-08-08,2014-08-23,2014-09-05,central_north,2014-06-26,2014-07-09,19.67140504,61.00472464,20.91266471,64.22957642,21.25887661,47.95245142,110
2014-08-08,2014-08-23,2014-09-05,central_south,2014-06-26,2014-07-09,25.97089820,35.79391501,27.78836246,30.96045007,26.79459185,32.36309572,72
2014-08-08,2014-08-23,2014-09-05,east_north,2014-06-26,2014-07-09,19.47290811,42.27566907,21.65167219,27.97257172,22.12500644,53.41637052,45
2014-08-08,2014-08-23,2014-09-05,east_south,2014-06-26,2014-07-09,24.82114226,63.33764817,26.72158892,38.63139231,26.70924713,42.67065199,23
2014-08-08,2014-08-23,2014-09-05,west_north,2014-06-26,2014-07-09,16.28858011,27.00631562,16.70679671,22.85244937,20.15462634,10.71746163,95
2014-08-08,2014-08-23,2014-09-05,west_south,2014-06-26,2014-07-09,23.48066241,15.64585779,24.41512527,9.54708888,26.49452415,13.64164928,31
2014-08-22,2014-09-06,2014-09-19,central_north,2014-07-10,2014-07-23,16.21399878,52.69181190,14.80856093,32.68138686,21.09353880,25.90136054,110
2014-08-22,2014-09-06,2014-09-19,central_south,2014-07-10,2014-07-23,24.25201142,38.96546952,24.13827190,53.10184196,26.14229486,53.17807857,72
2014-08-22,2014-09-06,2014-09-19,east_north,2014-07-10,2014-07-23,16.57650831,37.85501664,15.70654272,28.62288537,21.09814733,37.41033465,45
2014-08-22,2014-09-06,2014-09-19,east_south,2014-07-10,2014-07-23,23.37682145,42.92791734,24.86524026,82.76149895,25.97928648,82.19135609,23
2014-08-22,2014-09-06,2014-09-19,west_north,2014-07-10,2014-07-23,14.75975888,16.71153799,16.10045362,9.40500339,21.97020882,8.87307702,95
2014-08-22,2014-09-06,2014-09-19,west_south,2014-07-10,2014-07-23,21.99885762,17.83628760,23.65066089,26.41786935,26.52351570,15.10456821,31
2014-09-05,2014-09-20,2014-10-03,central_north,2014-07-24,2014-08-06,14.21116054,37.68814410,16.51487744,36.36631744,21.13950541,24.63370886,110
2014-09-05,2014-09-20,2014-10-03,central_south,2014-07-24,2014-08-06,20.88841110,31.67667565,22.76847483,28.78299877,26.52654151,28.44827376,72
2014-09-05,2014-09-20,2014-10-03,east_north,2014-07-24,2014-08-06,14.84420219,36.00868507,16.10119724,15.66420184,19.90681781,52.48283148,45
2014-09-05,2014-09-20,2014-10-03,east_south,2014-07-24,2014-08-06,21.60071208,41.52353352,22.12134666,49.13487722,25.93424107,57.42365304,23
2014-09-05,2014-09-20,2014-10-03,west_north,2014-07-24,2014-08-06,12.81858973,17.97208673,13.97273856,30.09061409,21.02515383,17.18819635,95
2014-09-05,2014-09-20,2014-10-03,west_south,2014-07-24,2014-08-06,20.27423162,10.66930889,20.97466861,16.12509094,26.15002723,30.11929532,31
2014-09-19,2014-10-04,2014-10-17,central_north,2014-08-07,2014-08-20,11.05633274,29.76271111,10.89662697,35.63115002,21.61287405,42.29642169,110
2014-09-19,2014-10-04,2014-10-17,central_south,2014-08-07,2014-08-20,18.23432148,27.72862340,20.17134317,53.59401349,27.43845412,33.62641039,72
2014-09-19,2014-10-04,2014-10-17,east_north,2014-08-07,2014-08-20,11.25143228,39.89342464,12.87809038,66.04686414,19.46151164,52.55705182,45
2014-09-19,2014-10-04,2014-10-17,east_south,2014-08-07,2014-08-20,19.17087048,39.98494350,20.25090500,55.41466035,26.29015615,60.62255910,23
2014-09-19,2014-10-04,2014-10-17,west_north,2014-08-07,2014-08-20,10.25774655,17.70296299,12.22476652,7.86406347,20.12246866,16.44314033,95
2014-09-19,2014-10-04,2014-10-17,west_south,2014-08-07,2014-08-20,18.04662900,9.20762515,18.75368242,8.40542275,24.92744803,23.44791366,31
2014-10-03,2014-10-18,2014-10-31,central_north,2014-08-21,2014-09-03,7.47269291,33.69584927,10.17599589,7.85234523,21.47248937,64.13783591,110
2014-10-03,2014-10-18,2014-10-31,central_south,2014-08-21,2014-09-03,15.57456522,30.86838603,18.21469664,7.83968710,28.09584562,29.56581518,72
2014-10-03,2014-10-18,2014-10-31,east_north,2014-08-21,2014-09-03,7.79230925,50.30652759,9.58339714,29.19806665,21.42581308,37.57032514,45
2014-10-03,2014-10-18,2014-10-31,east_south,2014-08-21,2014-09-03,16.58552670,30.96846256,17.25064939,5.35060321,26.92534146,31.21991032,23
2014-10-03,2014-10-18,2014-10-31,west_north,2014-08-21,2014-09-03,5.83538619,23.18281403,9.58199876,24.30941348,16.95340491,26.31956305,95
2014-10-03,2014-10-18,2014-10-31,west_south,2014-08-21,2014-09-03,14.21757329,14.56183939,17.39907698,2.67295970,24.13979727,9.07013947,31
2014-10-17,2014-11-01,2014-11-14,central_north,2014-09-04,2014-09-17,4.75232146,33.98665788,1.95154839,12.62849238,15.05841924,39.43539135,110
2014-10-17,2014-11-01,2014-11-14,central_south,2014-09-04,2014-09-17,13.87559991,30.00521752,10.57011018,31.02421367,24.51629874,44.02367663,72
2014-10-17,2014-11-01,2014-11-14,east_north,2014-09-04,2014-09-17,5.68981246,49.88271083,5.58073934,22.39594003,17.13964228,29.92661303,45
2014-10-17,2014-11-01,2014-11-14,east_south,2014-09-04,2014-09-17,14.75555439,27.00619509,12.55904944,11.95039796,25.35395406,90.00885619,23
2014-10-17,2014-11-01,2014-11-14,west_north,2014-09-04,2014-09-17,3.39506106,41.34698172,3.12061670,22.88944103,15.66237573,8.94839545,95
2014-10-17,2014-11-01,2014-11-14,west_south,2014-09-04,2014-09-17,11.98741958,11.63338171,13.09522241,7.31348048,23.83020656,21.97221174,31
2014-10-31,2014-11-15,2014-11-28,central_north,2014-09-18,2014-10-01,1.74287178,34.16846718,-3.74876656,16.73820389,17.47981702,21.08023425,110
2014-10-31,2014-11-15,2014-11-28,central_south,2014-09-18,2014-10-01,10.98973887,49.84758348,8.36654440,37.31033837,23.19513493,29.38698271,72
2014-10-31,2014-11-15,2014-11-28,east_north,2014-09-18,2014-10-01,4.29809839,68.92778594,0.42209059,45.44231038,15.66720279,14.01721191,45
2014-10-31,2014-11-15,2014-11-28,east_south,2014-09-18,2014-10-01,14.19163754,49.95058047,9.97151546,89.41538275,22.12503484,51.98166198,23
2014-10-31,2014-11-15,2014-11-28,west_north,2014-09-18,2014-10-01,0.13663661,39.38340539,-0.14329972,31.22352436,15.23111935,30.29009490,95
2014-10-31,2014-11-15,2014-11-28,west_south,2014-09-18,2014-10-01,8.68738969,15.81251053,8.67537226,2.11461140,21.57318948,23.49194184,31
2014-11-14,2014-11-29,2014-12-12,central_north,2014-10-02,2014-10-15,0.28279889,20.28456985,-1.18881381,8.47163332,10.83103259,51.37987109,110
2014-11-14,2014-11-29,2014-12-12,central_south,2014-10-02,2014-10-15,9.08529202,28.12951789,11.48131973,11.60601001,20.47827498,65.26413618,72
2014-11-14,2014-11-29,2014-12-12,east_north,2014-10-02,2014-10-15,1.91221143,44.59944553,1.02101973,48.97666598,13.00649160,48.06449983,45
2014-11-14,2014-11-29,2014-12-12,east_south,2014-10-02,2014-10-15,11.13001605,43.75723166,11.50130073,10.00969479,21.08705532,51.87036866,23
2014-11-14,2014-11-29,2014-12-12,west_north,2014-10-02,2014-10-15,-0.59847933,50.67164685,2.33630660,38.39472989,12.20463021,6.74375507,95
2014-11-14,2014-11-29,2014-12-12,west_south,2014-10-02,2014-10-15,7.48688259,8.81662751,10.82013887,27.64821308,18.88310035,8.41672603,31
2014-11-28,2014-12-13,2014-12-26,central_north,2014-10-16,2014-10-29,-1.16229744,22.35949782,0.09187581,17.96834878,11.26766920,8.08419010,110
2014-11-28,2014-12-13,2014-12-26,central_south,2014-10-16,2014-10-29,7.40058668,39.86595555,9.32941367,34.55014895,18.86054290,6.87187118,72
2014-11-28,2014-12-13,2014-12-26,east_north,2014-10-16,2014-10-29,-0.01247231,48.18750094,2.02718318,30.85768676,10.87783192,47.42427602,45
2014-11-28,2014-12-13,2014-12-26,east_south,2014-10-16,2014-10-29,9.90872521,47.37620807,10.47163280,71.32648987,17.61648654,8.00203760,23
2014-11-28,2014-12-13,2014-12-26,west_north,2014-10-16,2014-10-29,-1.34935809,32.67655985,0.17875557,44.50176950,9.66277050,23.89686981,95
2014-11-28,2014-12-13,2014-12-26,west_south,2014-10-16,2014-10-29,5.98681464,11.18636265,6.54756550,18.56377372,17.56604981,2.62108744,31
2014-12-12,2014-12-27,2015-01-09,central_north,2014-10-30,2014-11-12,-4.39104697,15.66038210,-10.41655361,13.29811835,3.77564553,12.71435843,110
2014-12-12,2014-12-27,2015-01-09,central_south,2014-10-30,2014-11-12,4.65684837,31.87738636,3.32090938,50.33435004,12.49145210,31.23473474,72
2014-12-12,2014-12-27,2015-01-09,east_north,2014-10-30,2014-11-12,-5.15699963,42.49372323,-3.78783488,27.50752062,6.47807266,22.30271501,45
2014-12-12,2014-12-27,2015-01-09,east_south,2014-10-30,2014-11-12,6.71318191,54.00700032,9.92542690,32.04040491,13.34860309,13.65115717,23
2014-12-12,2014-12-27,2015-01-09,west_north,2014-10-30,2014-11-12,-1.75727774,20.18763735,-5.36835149,19.34062984,5.03539537,19.92173546,95
2014-12-12,2014-12-27,2015-01-09,west_south,2014-10-30,2014-11-12,5.35342621,9.84340192,3.70514323,4.74560609,13.77120981,7.18701493,31
2014-12-26,2015-01-10,2015-01-23,central_north,2014-11-13,2014-11-26,-2.11762778,23.90285909,-3.49864244,3.62231844,-4.49268110,16.35888056,110
2014-12-26,2015-01-10,2015-01-23,central_south,2014-11-13,2014-11-26,9.10031933,45.54904532,6.21764145,34.42348246,7.30328815,38.22440095,72
2014-12-26,2015-01-10,2015-01-23,east_north,2014-11-13,2014-11-26,-2.05518765,42.12664783,-4.55701188,20.01820969,0.76643674,34.99530371,45
2014-12-26,2015-01-10,2015-01-23,east_south,2014-11-13,2014-11-26,11.22948533,41.72728188,9.21874964,32.18910742,10.40742148,84.44336908,23
2014-12-26,2015-01-10,2015-01-23,west_north,2014-11-13,2014-11-26,-0.29449246,44.77711612,-0.28453856,16.90913749,-1.59641104,32.76329549,95
2014-12-26,2015-01-10,2015-01-23,west_south,2014-11-13,2014-11-26,7.66944380,24.12929857,7.73572186,10.53272443,8.76922794,2.29395862,31
2015-01-09,2015-01-24,2015-02-06,central_north,2014-11-27,2014-12-10,-5.73562253,31.82077605,-2.98973666,13.89906011,-1.97909554,9.47446788,110
2015-01-09,2015-01-24,2015-02-06,central_south,2014-11-27,2014-12-10,7.52631420,58.95757144,8.15740591,17.18411834,11.17439824,10.91034117,72
2015-01-09,2015-01-24,2015-02-06,east_north,2014-11-27,2014-12-10,-4.59285236,56.07696763,-6.51873698,35.17027136,0.68908442,54.53317595,45
2015-01-09,2015-01-24,2015-02-06,east_south,2014-11-27,2014-12-10,10.45495276,59.24984309,7.30790594,51.60884178,11.45776545,15.19325136,23
2015-01-09,2015-01-24,2015-02-06,west_north,2014-11-27,2014-12-10,-2.40125329,34.84675340,3.09068246,17.78567774,2.37823142,31.52551335,95
2015-01-09,2015-01-24,2015-02-06,west_south,2014-11-27,2014-12-10,6.22613895,22.29926283,10.19456700,20.93876111,10.88854607,22.24364238,31
2015-01-23,2015-02-07,2015-02-20,central_north,2014-12-11,2014-12-24,-2.15072046,20.24165268,-5.48248689,5.12774416,0.41311335,16.54690692,110
2015-01-23,2015-02-07,2015-02-20,central_south,2014-12-11,2014-12-24,8.54070278,40.87601671,8.68313996,11.19651233,9.65182431,34.68096449,72
2015-01-23,2015-02-07,2015-02-20,east_north,2014-12-11,2014-12-24,-4.77899148,40.80719978,-9.54078011,14.35799096,1.34407463,25.97224843,45
2015-01-23,2015-02-07,2015-02-20,east_south,2014-12-11,2014-12-24,8.65295208,46.88451670,5.88036870,25.93585770,10.02394401,53.69817660,23
2015-01-23,2015-02-07,2015-02-20,west_north,2014-12-11,2014-12-24,2.29501213,32.96214202,4.63224943,24.81568834,1.45165332,48.57480190,95
2015-01-23,2015-02-07,2015-02-20,west_south,2014-12-11,2014-12-24,9.75869573,17.83575027,12.14875119,5.07718151,7.46832923,22.92450322,31
2015-02-06,2015-02-21,2015-03-06,central_north,2014-12-25,2015-01-07,-0.42096840,38.74448691,-8.74310559,13.58404878,-8.76927877,13.73300227,110
2015-02-06,2015-02-21,2015-03-06,central_south,2014-12-25,2015-01-07,10.52441476,63.08685810,4.48726513,48.80697608,4.70079836,50.74269780,72
2015-02-06,2015-02-21,2015-03-06,east_north,2014-12-25,2015-01-07,-2.05094444,62.21716158,-7.71384943,40.43525601,-1.60777531,37.77172199,45
2015-02-06,2015-02-21,2015-03-06,east_south,2014-12-25,2015-01-07,10.72841843,58.79885107,9.85366275,61.11152983,11.16941712,49.67207754,23
2015-02-06,2015-02-21,2015-03-06,west_north,2014-12-25,2015-01-07,2.89106291,33.22184872,-0.86344066,14.99606937,-5.57378007,25.97702665,95
2015-02-06,2015-02-21,2015-03-06,west_south,2014-12-25,2015-01-07,10.16169280,30.70389269,8.42748094,26.98695293,3.10009622,5.55982362,31
2015-02-20,2015-03-07,2015-03-20,central_north,2015-01-08,2015-01-21,1.80556972,32.09617562,6.85332838,8.80560216,-4.99904978,4.25445968,110
2015-02-20,2015-03-07,2015-03-20,central_south,2015-01-08,2015-01-21,11.38776601,53.66087382,14.01531830,50.98704668,5.39610127,12.51703802,72
2015-02-20,2015-03-07,2015-03-20,east_north,2015-01-08,2015-01-21,-1.05226483,49.60203053,2.18030630,25.79109628,-5.67524190,20.05444490,45
2015-02-20,2015-03-07,2015-03-20,east_south,2015-01-08,2015-01-21,11.60789131,47.83415589,16.50719958,26.10362254,7.81334890,29.26443541,23
2015-02-20,2015-03-07,2015-03-20,west_north,2015-01-08,2015-01-21,3.23760552,36.03662259,7.58215003,12.91084451,-0.38123406,16.75150500,95
2015-02-20,2015-03-07,2015-03-20,west_south,2015-01-08,2015-01-21,11.44687790,15.78693728,14.02654831,4.55276196,8.28346933,9.82066340,31
2015-03-06,2015-03-21,2015-04-03,central_north,2015-01-22,2015-02-04,3.24058348,35.82809124,5.97019195,19.64933002,-2.51652504,13.63423902,110
2015-03-06,2015-03-21,2015-04-03,central_south,2015-01-22,2015-02-04,12.84557412,64.68860453,17.06657657,28.79611834,8.00053965,37.47005706,72
2015-03-06,2015-03-21,2015-04-03,east_north,2015-01-22,2015-02-04,-0.26234013,47.88617984,2.78502224,24.71031905,-5.59329975,34.25337546,45
2015-03-06,2015-03-21,2015-04-03,east_south,2015-01-22,2015-02-04,12.28578738,69.11583986,15.79960075,27.66230223,8.00501947,43.62430511,23
2015-03-06,2015-03-21,2015-04-03,west_north,2015-01-22,2015-02-04,5.50129614,39.43064276,7.49952711,14.37742765,1.96657586,12.87791320,95
2015-03-06,2015-03-21,2015-04-03,west_south,2015-01-22,2015-02-04,11.89311805,28.10609727,15.79505049,0.52070259,9.13293262,21.87043208,31
2015-03-20,2015-04-04,2015-04-17,central_north,2015-02-05,2015-02-18,8.05883703,57.16280300,10.03010763,27.72664049,-4.90349130,5.48548574,110
2015-03-20,2015-04-04,2015-04-17,central_south,2015-02-05,2015-02-18,16.80302160,86.09772649,18.77492159,63.25053831,8.54316997,13.01175158,72
2015-03-20,2015-04-04,2015-04-17,east_north,2015-02-05,2015-02-18,6.23318331,61.33895877,9.18432098,48.47136922,-8.70832547,14.79712675,45
2015-03-20,2015-04-04,2015-04-17,east_south,2015-02-05,2015-02-18,17.19161143,76.85049136,20.01173241,52.32201266,7.10032676,36.41768579,23
2015-03-20,2015-04-04,2015-04-17,west_north,2015-02-05,2015-02-18,6.64452399,41.36461436,6.04948022,15.60718379,4.97336537,29.62411591,95
2015-03-20,2015-04-04,2015-04-17,west_south,2015-02-05,2015-02-18,12.94249732,27.12905574,13.61340814,2.33254379,12.12128507,5.08687714,31
2015-04-03,2015-04-18,2015-05-01,central_north,2015-02-19,2015-03-04,9.56682913,51.58989670,9.71720035,27.85529774,-9.07777945,12.59815712,110
2015-04-03,2015-04-18,2015-05-01,central_south,2015-02-19,2015-03-04,17.56846541,70.13562806,17.80472696,57.29651484,5.10550659,39.29634942,72
2015-04-03,2015-04-18,2015-05-01,east_north,2015-02-19,2015-03-04,7.81675848,46.25846896,9.18756918,39.06741141,-8.50018131,30.39981302,45
2015-04-03,2015-04-18,2015-05-01,east_south,2015-02-19,2015-03-04,17.19880201,60.54329807,18.74440277,61.04246815,8.04391927,51.36437085,23
2015-04-03,2015-04-18,2015-05-01,west_north,2015-02-19,2015-03-04,7.77909550,39.65529127,9.72055630,14.08662519,-0.53167511,15.20449242,95
2015-04-03,2015-04-18,2015-05-01,west_south,2015-02-19,2015-03-04,14.46864806,15.13399263,15.86278189,8.25437534,8.98934872,26.89357012,31
2015-04-17,2015-05-02,2015-05-15,central_north,2015-03-05,2015-03-18,12.70783753,51.13521184,13.99339120,57.10946870,5.16204032,8.15667820,110
2015-04-17,2015-05-02,2015-05-15,central_south,2015-03-05,2015-03-18,19.85251686,48.80624956,21.38628596,69.73761695,12.16321596,53.27066548,72
2015-04-17,2015-05-02,2015-05-15,east_north,2015-03-05,2015-03-18,11.44594966,61.18998825,16.63431512,16.35236059,0.80656063,34.82019181,45
2015-04-17,2015-05-02,2015-05-15,east_south,2015-03-05,2015-03-18,19.40467822,57.10397741,22.03664469,19.60224864,15.81449574,26.64391318,23
2015-04-17,2015-05-02,2015-05-15,west_north,2015-03-05,2015-03-18,11.09077197,34.54088059,10.46593064,22.39813079,6.79800256,12.31560856,95
2015-04-17,2015-05-02,2015-05-15,west_south,2015-03-05,2015-03-18,18.12510230,5.80673478,15.95447305,11.83046429,13.29078660,0.80434339,31
2015-05-01,2015-05-16,2015-05-29,central_north,2015-03-19,2015-04-01,16.43414221,65.51938033,14.76590568,65.83367694,5.81797383,13.96643416,110
2015-05-01,2015-05-16,2015-05-29,central_south,2015-03-19,2015-04-01,23.08435772,63.37581518,22.08986662,119.28259004,16.36784853,33.82806985,72
2015-05-01,2015-05-16,2015-05-29,east_north,2015-03-19,2015-04-01,15.50995866,52.04395014,17.65477768,29.03068931,1.40285830,20.72473019,45
2015-05-01,2015-05-16,2015-05-29,east_south,2015-03-19,2015-04-01,22.10901171,76.88200858,23.92320729,28.63472517,15.16988074,36.03055568,23
2015-05-01,2015-05-16,2015-05-29,west_north,2015-03-19,2015-04-01,13.73368532,33.31291396,12.13694007,43.04603093,8.14107960,14.25840457,95
2015-05-01,2015-05-16,2015-05-29,west_south,2015-03-19,2015-04-01,20.49062608,6.77324276,17.14476932,11.90802362,15.73486693,4.34893861,31
2015-05-15,2015-05-30,2015-06-12,central_north,2015-04-02,2015-04-15,17.85908874,59.39159957,18.75558664,56.06629674,9.11179503,30.78474537,110
2015-05-15,2015-05-30,2015-06-12,central_south,2015-04-02,2015-04-15,23.95644678,49.77642327,25.03939783,29.49272557,18.92268611,52.86909451,72
2015-05-15,2015-05-30,2015-06-12,east_north,2015-04-02,2015-04-15,17.93176499,57.13071112,18.00574980,63.50192792,8.78752145,52.21181415,45
2015-05-15,2015-05-30,2015-06-12,east_south,2015-04-02,2015-04-15,24.04570160,84.83462917,24.76407546,66.32454911,20.19143701,38.58974857,23
2015-05-15,2015-05-30,2015-06-12,west_north,2015-04-02,2015-04-15,14.79497388,25.12573904,17.37671079,19.96563030,5.53751302,14.41806576,95
2015-05-15,2015-05-30,2015-06-12,west_south,2015-04-02,2015-04-15,23.07391598,6.36161866,22.49892345,10.17598050,14.03020778,2.31355390,31
2015-05-29,2015-06-13,2015-06-26,central_north,2015-04-16,2015-04-29,21.20285613,59.83974686,20.81091850,63.90636573,9.71484779,31.99147904,110
2015-05-29,2015-06-13,2015-06-26,central_south,2015-04-16,2015-04-29,26.00516778,53.17137132,26.94788301,65.35799140,17.99725658,69.81340086,72
2015-05-29,2015-06-13,2015-06-26,east_north,2015-04-16,2015-04-29,20.21831868,52.17183391,21.07560675,78.18705886,9.36326219,39.14486035,45
2015-05-29,2015-06-13,2015-06-26,east_south,2015-04-16,2015-04-29,24.90631349,71.72969701,28.46617397,36.23560254,18.95138891,70.11000318,23
2015-05-29,2015-06-13,2015-06-26,west_north,2015-04-16,2015-04-29,17.35204615,18.18531485,19.41796209,3.98804023,8.86840299,15.82807188,95
2015-05-29,2015-06-13,2015-06-26,west_south,2015-04-16,2015-04-29,24.93243637,4.68072582,26.38467149,3.59767102,14.55331037,8.27617097,31
2015-06-12,2015-06-27,2015-07-10,central_north,2015-04-30,2015-05-13,22.37309053,60.61695737,20.67819541,49.14071986,13.74843050,48.33793544,110
2015-06-12,2015-06-27,2015-07-10,central_south,2015-04-30,2015-05-13,26.87556586,29.76816266,26.45465850,70.08512123,20.70467861,58.21516880,72
2015-06-12,2015-06-27,2015-07-10,east_north,2015-04-30,2015-05-13,20.73034939,48.97958367,19.76603586,78.67406633,16.28355299,18.85683434,45
2015-06-12,2015-06-27,2015-07-10,east_south,2015-04-30,2015-05-13,26.27764893,59.21783272,26.52697524,68.56748457,21.25977718,23.22503727,23
2015-06-12,2015-06-27,2015-07-10,west_north,2015-04-30,2015-05-13,19.28823945,20.67570972,22.28508283,14.33308659,10.85101456,18.22464468,95
2015-06-12,2015-06-27,2015-07-10,west_south,2015-04-30,2015-05-13,24.88099616,16.37148836,25.91044297,22.56336997,16.77684252,9.31648224,31
2015-06-26,2015-07-11,2015-07-24,central_north,2015-05-14,2015-05-27,22.01611860,53.24354145,23.44579134,42.66655745,14.33552038,67.00195075,110
2015-06-26,2015-07-11,2015-07-24,central_south,2015-05-14,2015-05-27,27.27719626,24.93057302,28.88697282,19.79505860,21.95041503,113.07833814,72
2015-06-26,2015-07-11,2015-07-24,east_north,2015-05-14,2015-05-27,20.79713301,51.60833385,21.61662172,41.08248586,16.61230692,22.95017178,45
2015-06-26,2015-07-11,2015-07-24,east_south,2015-05-14,2015-05-27,26.40260368,71.89453628,27.90263854,61.06887494,23.62255335,27.19289050,23
2015-06-26,2015-07-11,2015-07-24,west_north,2015-05-14,2015-05-27,20.78180263,18.62578984,19.47960484,12.56588210,11.44146248,43.80280155,95
2015-06-26,2015-07-11,2015-07-24,west_south,2015-05-14,2015-05-27,25.88966263,21.49234826,24.86871342,20.81680219,16.19341183,14.37256748,31
2015-07-10,2015-07-25,2015-08-07,central_north,2015-05-28,2015-06-10,23.00747285,49.08079133,22.86637690,36.80693291,18.51863009,49.41776554,110
2015-07-10,2015-07-25,2015-08-07,central_south,2015-05-28,2015-06-10,26.83161693,35.13067543,28.93617518,23.95815072,24.57501662,44.14512179,72
2015-07-10,2015-07-25,2015-08-07,east_north,2015-05-28,2015-06-10,22.20408849,47.20842510,22.20588010,30.77339436,17.79862497,66.79160659,45
2015-07-10,2015-07-25,2015-08-07,east_south,2015-05-28,2015-06-10,26.30102430,56.84786034,27.48178377,69.28455252,24.47857647,58.98019001,23
2015-07-10,2015-07-25,2015-08-07,west_north,2015-05-28,2015-06-10,20.18983928,20.67574655,19.87841527,10.18519212,16.86523799,18.90480526,95
2015-07-10,2015-07-25,2015-08-07,west_south,2015-05-28,2015-06-10,25.09091222,24.16658258,26.19508957,14.10569757,22.17903554,8.53210564,31
2015-07-24,2015-08-08,2015-08-21,central_north,2015-06-11,2015-06-24,20.36782010,45.96981097,21.76799969,44.16706526,20.53702667,68.17703125,110
2015-07-24,2015-08-08,2015-08-21,central_south,2015-06-11,2015-06-24,26.09853400,32.83342730,27.68104535,33.41077568,26.85327219,65.03544413,72
2015-07-24,2015-08-08,2015-08-21,east_north,2015-06-11,2015-06-24,19.72675162,45.40423937,22.02143921,42.80991877,21.43984974,76.20779297,45
2015-07-24,2015-08-08,2015-08-21,east_south,2015-06-11,2015-06-24,25.64022052,61.71150096,26.71425026,59.01749091,28.22904117,36.98987995,23
2015-07-24,2015-08-08,2015-08-21,west_north,2015-06-11,2015-06-24,19.96625377,21.29450513,20.06735852,7.26267190,18.79989793,8.42994543,95
2015-07-24,2015-08-08,2015-08-21,west_south,2015-06-11,2015-06-24,25.36040965,22.73713304,26.68972756,15.62880701,25.84726060,4.26907999,31
2015-08-07,2015-08-22,2015-09-04,central_north,2015-06-25,2015-07-08,19.25520589,50.83438312,21.05787096,19.92257550,20.75826309,51.95548072,110
2015-08-07,2015-08-22,2015-09-04,central_south,2015-06-25,2015-07-08,25.29290635,36.34173838,26.40932097,17.56730513,26.51742079,65.15877894,72
2015-08-07,2015-08-22,2015-09-04,east_north,2015-06-25,2015-07-08,18.85814907,36.67248338,20.89444930,17.56707327,19.56400386,73.49582949,45
2015-08-07,2015-08-22,2015-09-04,east_south,2015-06-25,2015-07-08,24.89258489,39.67807176,26.07550793,56.98038033,26.45388059,76.10931398,23
2015-08-07,2015-08-22,2015-09-04,west_north,2015-06-25,2015-07-08,17.45795185,24.34461943,18.72762767,8.30790540,22.82637805,9.84787906,95
2015-08-07,2015-08-22,2015-09-04,west_south,2015-06-25,2015-07-08,22.66510928,22.15201140,25.35475980,18.03533145,26.62625319,19.73851136,31
2015-08-21,2015-09-05,2015-09-18,central_north,2015-07-09,2015-07-22,16.95933614,47.68777561,19.80059699,31.88876429,22.97069861,46.80918654,110
2015-08-21,2015-09-05,2015-09-18,central_south,2015-07-09,2015-07-22,24.11323697,41.27199518,25.74746077,26.95100445,28.58803590,23.18602061,72
2015-08-21,2015-09-05,2015-09-18,east_north,2015-07-09,2015-07-22,17.38504041,27.77702342,20.17391848,41.77369641,21.73693756,50.68510263,45
2015-08-21,2015-09-05,2015-09-18,east_south,2015-07-09,2015-07-22,23.84883770,49.22848998,24.01709795,52.75215062,28.07143666,49.93770182,23
2015-08-21,2015-09-05,2015-09-18,west_north,2015-07-09,2015-07-22,15.78521333,23.33079617,15.29197272,17.51744729,19.41512912,15.60582716,95
2015-08-21,2015-09-05,2015-09-18,west_south,2015-07-09,2015-07-22,22.36791694,14.38982355,23.85043215,9.27580936,24.41076910,23.60207981,31
2015-09-04,2015-09-19,2015-10-02,central_north,2015-07-23,2015-08-05,12.60056489,49.86335384,17.01488303,22.59087274,23.14765630,31.51601589,110
2015-09-04,2015-09-19,2015-10-02,central_south,2015-07-23,2015-08-05,20.46408334,46.46562818,23.53002561,20.18241853,28.86943721,22.16651309,72
2015-09-04,2015-09-19,2015-10-02,east_north,2015-07-23,2015-08-05,14.25351454,46.00808689,16.14710667,64.86295428,22.34838269,27.00497610,45
2015-09-04,2015-09-19,2015-10-02,east_south,2015-07-23,2015-08-05,21.59902009,49.22390179,23.19718539,79.56530235,27.53103916,65.80229013,23
2015-09-04,2015-09-19,2015-10-02,west_north,2015-07-23,2015-08-05,12.09000408,16.60559007,15.80124326,3.77657582,20.00534224,10.46921516,95
2015-09-04,2015-09-19,2015-10-02,west_south,2015-07-23,2015-08-05,20.20373441,15.73665346,23.29876340,10.24171467,26.04121969,13.94716423,31
2015-09-18,2015-10-03,2015-10-16,central_north,2015-08-06,2015-08-19,12.88373154,34.65771692,13.20254307,9.24317645,22.20009140,50.40576280,110
2015-09-18,2015-10-03,2015-10-16,central_south,2015-08-06,2015-08-19,19.25961837,38.35703540,20.80493960,17.33497151,28.36439209,27.51429034,72
2015-09-18,2015-10-03,2015-10-16,east_north,2015-08-06,2015-08-19,12.19277477,37.08128267,12.55048061,29.24522699,21.73395396,33.64973578,45
2015-09-18,2015-10-03,2015-10-16,east_south,2015-08-06,2015-08-19,19.63394920,58.05401621,20.05650122,89.74437451,26.65561513,63.74014721,23
2015-09-18,2015-10-03,2015-10-16,west_north,2015-08-06,2015-08-19,10.40265744,30.58546535,13.56089694,11.41658200,19.92983320,8.82453723,95
2015-09-18,2015-10-03,2015-10-16,west_south,2015-08-06,2015-08-19,17.37723410,21.22093309,20.04179445,15.59187726,26.70002984,16.36034648,31
2015-10-02,2015-10-17,2015-10-30,central_north,2015-08-20,2015-09-02,8.14090710,40.94841327,10.06913912,31.15663681,20.26050145,19.90055109,110
2015-10-02,2015-10-17,2015-10-30,central_south,2015-08-20,2015-09-02,15.69987843,42.22477725,18.02086596,85.81019524,26.04208150,28.56317191,72
2015-10-02,2015-10-17,2015-10-30,east_north,2015-08-20,2015-09-02,8.77539466,42.25673879,8.96136087,45.30688776,20.65298638,26.32526272,45
2015-10-02,2015-10-17,2015-10-30,east_south,2015-08-20,2015-09-02,17.12481873,38.53054024,17.86954517,24.43161118,26.08572168,64.99115761,23
2015-10-02,2015-10-17,2015-10-30,west_north,2015-08-20,2015-09-02,6.26853170,21.04086698,8.95615111,21.21169283,19.26557389,6.88488664,95
2015-10-02,2015-10-17,2015-10-30,west_south,2015-08-20,2015-09-02,15.17344455,11.49371729,16.18507155,22.43839644,25.85554350,16.69137922,31
2015-10-16,2015-10-31,2015-11-13,central_north,2015-09-03,2015-09-16,5.82887448,43.40785214,8.36188439,23.91827288,20.69396279,28.08838739,110
2015-10-16,2015-10-31,2015-11-13,central_south,2015-09-03,2015-09-16,14.78063126,52.72092426,16.21476928,67.00251170,25.87939681,28.40856842,72
2015-10-16,2015-10-31,2015-11-13,east_north,2015-09-03,2015-09-16,7.16986549,67.42810131,10.22360212,28.37984460,20.56212860,46.24331039,45
2015-10-16,2015-10-31,2015-11-13,east_south,2015-09-03,2015-09-16,15.95405753,45.56243112,19.02218033,90.10875010,24.58553941,50.48554408,23
2015-10-16,2015-10-31,2015-11-13,west_north,2015-09-03,2015-09-16,2.72746988,41.73440911,3.93305087,35.78606255,15.79031556,12.93838976,95
2015-10-16,2015-10-31,2015-11-13,west_south,2015-09-03,2015-09-16,11.21051754,13.35735714,10.75872476,11.08889072,24.02198696,11.02944699,31
2015-10-30,2015-11-14,2015-11-27,central_north,2015-09-17,2015-09-30,2.34968107,38.29752283,3.12820271,44.89671110,17.82484928,28.42829287,110
2015-10-30,2015-11-14,2015-11-27,central_south,2015-09-17,2015-09-30,10.68898285,56.17440576,12.46089959,52.96300719,24.32810724,19.24297624,72
2015-10-30,2015-11-14,2015-11-27,east_north,2015-09-17,2015-09-30,4.85712139,65.51290416,5.67578632,21.84852190,17.46549704,50.21009448,45
2015-10-30,2015-11-14,2015-11-27,east_south,2015-09-17,2015-09-30,14.11214131,53.55688913,14.03909063,44.07436618,23.63335263,64.52564556,23
2015-10-30,2015-11-14,2015-11-27,west_north,2015-09-17,2015-09-30,-0.59270970,34.86858291,0.06810710,26.61415177,15.37430757,7.76232565,95
2015-10-30,2015-11-14,2015-11-27,west_south,2015-09-17,2015-09-30,7.48430985,14.88314679,9.19948299,10.37967593,23.15325347,10.27494266,31
2015-11-13,2015-11-28,2015-12-11,central_north,2015-10-01,2015-10-14,-0.26068002,11.98239287,2.23888643,17.18907956,13.71468064,9.42516850,110
2015-11-13,2015-11-28,2015-12-11,central_south,2015-10-01,2015-10-14,6.87807253,32.67996379,10.77705200,41.25614861,20.82668128,18.23069599,72
2015-11-13,2015-11-28,2015-12-11,east_north,2015-10-01,2015-10-14,1.68287875,32.76271752,4.42251116,29.41904180,12.75426877,42.20355252,45
2015-11-13,2015-11-28,2015-12-11,east_south,2015-10-01,2015-10-14,11.62003787,58.09632158,14.25638257,38.73030359,20.26737344,111.62208718,23
2015-11-13,2015-11-28,2015-12-11,west_north,2015-10-01,2015-10-14,-1.23236920,29.02823026,-0.62732615,40.06450799,13.87405835,13.29832176,95
2015-11-13,2015-11-28,2015-12-11,west_south,2015-10-01,2015-10-14,5.81476412,11.74762090,7.27498456,1.65889591,20.31466330,13.51741787,31
2015-11-27,2015-12-12,2015-12-25,central_north,2015-10-15,2015-10-28,-0.47670119,26.44043105,0.13121534,40.84512496,10.59460011,28.12472339,110
2015-11-27,2015-12-12,2015-12-25,central_south,2015-10-15,2015-10-28,7.74799272,52.12471968,12.10461393,54.76415888,18.65891226,83.44803960,72
2015-11-27,2015-12-12,2015-12-25,east_north,2015-10-15,2015-10-28,1.24557697,47.26199184,7.19402997,50.38824052,9.05936404,22.82437112,45
2015-11-27,2015-12-12,2015-12-25,east_south,2015-10-15,2015-10-28,11.24275480,72.62345529,16.23795284,79.08606967,17.90403001,19.01202372,23
2015-11-27,2015-12-12,2015-12-25,west_north,2015-10-15,2015-10-28,-2.32855492,33.42533796,-2.73824181,59.37254417,9.77309098,17.60834901,95
2015-11-27,2015-12-12,2015-12-25,west_south,2015-10-15,2015-10-28,5.53063318,18.53427368,4.88772914,17.27127124,17.12222620,20.98352935,31
2015-12-11,2015-12-26,2016-01-08,central_north,2015-10-29,2015-11-11,-3.59767734,27.37864915,-4.24977757,32.73689207,8.49537918,18.90142329,110
2015-12-11,2015-12-26,2016-01-08,central_south,2015-10-29,2015-11-11,6.69093808,55.12168134,7.11995351,67.81132908,16.75481494,67.67545630,72
2015-12-11,2015-12-26,2016-01-08,east_north,2015-10-29,2015-11-11,-0.52148317,53.39460899,0.35260426,36.59194074,10.24149337,46.64133727,45
2015-12-11,2015-12-26,2016-01-08,east_south,2015-10-29,2015-11-11,10.92511427,73.39535476,13.72348725,53.41167659,19.27901235,95.12032312,23
2015-12-11,2015-12-26,2016-01-08,west_north,2015-10-29,2015-11-11,-3.94753458,31.87855901,-6.83951215,15.39288891,4.61266537,37.11613299,95
2015-12-11,2015-12-26,2016-01-08,west_south,2015-10-29,2015-11-11,4.51638740,30.31126554,3.32801498,33.48357332,11.53190011,14.59198892,31
2015-12-25,2016-01-09,2016-01-22,central_north,2015-11-12,2015-11-25,-2.60164305,25.01568941,-8.34996112,9.00758278,3.96040111,41.67356569,110
2015-12-25,2016-01-09,2016-01-22,central_south,2015-11-12,2015-11-25,7.22893557,47.71998234,5.73775170,26.48870554,12.16337207,43.97794209,72
2015-12-25,2016-01-09,2016-01-22,east_north,2015-11-12,2015-11-25,-1.03669456,53.00376410,-3.88924463,36.40676939,5.61221916,26.77956213,45
2015-12-25,2016-01-09,2016-01-22,east_south,2015-11-12,2015-11-25,10.01763317,86.77539096,6.98223554,47.31740731,14.07011204,44.00632853,23
2015-12-25,2016-01-09,2016-01-22,west_north,2015-11-12,2015-11-25,-2.13158239,45.95399209,-2.25915644,40.88740891,1.35692593,26.97991407,95
2015-12-25,2016-01-09,2016-01-22,west_south,2015-11-12,2015-11-25,5.44283573,42.26782146,5.47014433,7.08433431,9.46556545,8.50324900,31
2016-01-08,2016-01-23,2016-02-05,central_north,2015-11-26,2015-12-09,-3.71549710,24.98050935,-1.15013347,14.17508707,1.20307351,27.15169310,110
2016-01-08,2016-01-23,2016-02-05,central_south,2015-11-26,2015-12-09,6.51997935,51.37718007,8.91104570,21.98501176,10.52130712,52.25012832,72
2016-01-08,2016-01-23,2016-02-05,east_north,2015-11-26,2015-12-09,-4.46010594,44.28896855,0.46642859,36.67049894,4.49831208,30.15565401,45
2016-01-08,2016-01-23,2016-02-05,east_south,2015-11-26,2015-12-09,8.32586001,54.55374924,10.35752204,87.22414024,14.37440586,39.12213685,23
2016-01-08,2016-01-23,2016-02-05,west_north,2015-11-26,2015-12-09,-0.72847470,30.98403846,-2.03493413,33.21292583,-1.88508656,31.02660006,95
2016-01-08,2016-01-23,2016-02-05,west_south,2015-11-26,2015-12-09,6.41696512,42.71358821,5.89347769,12.03008537,6.79159801,2.74060552,31
2016-01-22,2016-02-06,2016-02-19,central_north,2015-12-10,2015-12-23,0.94212690,25.48509380,-1.79639012,6.71513025,1.22225056,35.15432401,110
2016-01-22,2016-02-06,2016-02-19,central_south,2015-12-10,2015-12-23,10.28116209,44.91999846,10.40590619,12.24926695,12.26820161,42.39443356,72
2016-01-22,2016-02-06,2016-02-19,east_north,2015-12-10,2015-12-23,0.59224921,72.01966135,-4.87491256,35.64345586,6.91965985,34.71308237,45
2016-01-22,2016-02-06,2016-02-19,east_south,2015-12-10,2015-12-23,11.80483111,74.88092447,6.90151287,32.91420614,15.35668875,50.90689909,23
2016-01-22,2016-02-06,2016-02-19,west_north,2015-12-10,2015-12-23,0.64276078,47.18231193,2.65124920,19.92327401,-1.52658686,64.12707115,95
2016-01-22,2016-02-06,2016-02-19,west_south,2015-12-10,2015-12-23,8.57125708,14.64897664,11.62313194,3.26316606,5.54158938,15.74246573,31
2016-02-05,2016-02-20,2016-03-04,central_north,2015-12-24,2016-01-06,0.72029593,19.05751273,1.88934178,10.16155021,-4.31206560,36.28017662,110
2016-02-05,2016-02-20,2016-03-04,central_south,2015-12-24,2016-01-06,9.03543235,54.86277074,12.69042865,37.82117929,7.92259869,73.92127867,72
2016-02-05,2016-02-20,2016-03-04,east_north,2015-12-24,2016-01-06,-1.03226294,40.64014526,1.80792899,50.28100021,1.89695465,52.64017535,45
2016-02-05,2016-02-20,2016-03-04,east_south,2015-12-24,2016-01-06,10.05582248,79.53662965,12.42220276,42.56792335,15.23401748,77.57405719,23
2016-02-05,2016-02-20,2016-03-04,west_north,2015-12-24,2016-01-06,2.39144127,31.16178793,3.98086121,13.12655140,-7.35847484,17.03413182,95
2016-02-05,2016-02-20,2016-03-04,west_south,2015-12-24,2016-01-06,9.27631873,36.07815504,12.54621456,0.29821373,3.51296024,20.64887963,31
2016-02-19,2016-03-05,2016-03-18,central_north,2016-01-07,2016-01-20,3.48570591,39.99675509,7.74775408,22.82882074,-7.71544912,12.07729785,110
2016-02-19,2016-03-05,2016-03-18,central_south,2016-01-07,2016-01-20,11.45099851,70.03191125,16.71400744,79.85434602,6.28826413,19.69077189,72
2016-02-19,2016-03-05,2016-03-18,east_north,2016-01-07,2016-01-20,2.05648955,64.02910883,7.88425724,29.77860791,-2.92376964,35.71188022,45
2016-02-19,2016-03-05,2016-03-18,east_south,2016-01-07,2016-01-20,13.04855783,88.47501773,18.22975999,11.14002171,7.64870745,43.73241591,23
2016-02-19,2016-03-05,2016-03-18,west_north,2016-01-07,2016-01-20,2.60332532,43.07920093,4.54208028,48.52247164,-2.62456527,40.77740362,95
2016-02-19,2016-03-05,2016-03-18,west_south,2016-01-07,2016-01-20,8.92227845,30.50294066,12.16597777,14.93800774,5.09464291,22.26935314,31
2016-03-04,2016-03-19,2016-04-01,central_north,2016-01-21,2016-02-03,5.53289941,36.92273466,4.89358889,28.31442005,-1.27055660,14.45258648,110
2016-03-04,2016-03-19,2016-04-01,central_south,2016-01-21,2016-02-03,13.67905363,61.74528506,14.10870764,37.98232721,9.10472050,32.70689032,72
2016-03-04,2016-03-19,2016-04-01,east_north,2016-01-21,2016-02-03,5.18842930,51.14912829,6.56699053,33.07037073,-0.64167770,24.34965409,45
2016-03-04,2016-03-19,2016-04-01,east_south,2016-01-21,2016-02-03,14.00094669,57.40130308,16.73125226,49.52210147,9.91414498,49.02772470,23
2016-03-04,2016-03-19,2016-04-01,west_north,2016-01-21,2016-02-03,5.28590608,34.94655912,4.61681198,25.10790061,-1.55220973,34.51295121,95
2016-03-04,2016-03-19,2016-04-01,west_south,2016-01-21,2016-02-03,11.37980313,25.95181328,12.08134130,0.77273225,6.43005459,12.07564514,31
2016-03-18,2016-04-02,2016-04-15,central_north,2016-02-04,2016-02-17,7.25055848,40.98133792,7.30442965,13.97037719,-3.45214431,6.55966218,110
2016-03-18,2016-04-02,2016-04-15,central_south,2016-02-04,2016-02-17,15.83072088,59.01431005,16.54499587,35.64086947,8.69409707,14.58528916,72
2016-03-18,2016-04-02,2016-04-15,east_north,2016-02-04,2016-02-17,5.39186178,53.42852357,3.96363949,38.31323504,-4.43728862,48.43666421,45
2016-03-18,2016-04-02,2016-04-15,east_south,2016-02-04,2016-02-17,15.56458461,52.67339096,15.51291530,39.46614141,6.91632497,78.89950427,23
2016-03-18,2016-04-02,2016-04-15,west_north,2016-02-04,2016-02-17,8.27150492,38.60976775,9.28323258,17.15810621,1.53584238,15.69213017,95
2016-03-18,2016-04-02,2016-04-15,west_south,2016-02-04,2016-02-17,14.76520043,19.18489754,14.92999505,13.50467684,10.21747181,0.10730786,31
2016-04-01,2016-04-16,2016-04-29,central_north,2016-02-18,2016-03-02,11.55413166,58.02422017,11.16186047,60.61651605,2.64680970,9.96301224,110
2016-04-01,2016-04-16,2016-04-29,central_south,2016-02-18,2016-03-02,19.27752285,55.53391899,19.88145098,58.72676105,13.14032772,33.97653136,72
2016-04-01,2016-04-16,2016-04-29,east_north,2016-02-18,2016-03-02,10.36864439,49.38202212,11.57211633,20.70762967,2.08365496,47.80342498,45
2016-04-01,2016-04-16,2016-04-29,east_south,2016-02-18,2016-03-02,18.66172095,46.13796276,20.21275437,22.45723754,12.38645965,33.18487972,23
2016-04-01,2016-04-16,2016-04-29,west_north,2016-02-18,2016-03-02,8.62232445,34.28848890,8.69352919,27.71760570,3.67955387,18.78070595,95
2016-04-01,2016-04-16,2016-04-29,west_south,2016-02-18,2016-03-02,15.60083285,9.00277260,15.08043837,5.02756448,12.36970528,3.44616281,31
2016-04-15,2016-04-30,2016-05-13,central_north,2016-03-03,2016-03-16,13.99004760,53.16948314,12.80673328,40.25035806,7.66095091,20.65474347,110
2016-04-15,2016-04-30,2016-05-13,central_south,2016-03-03,2016-03-16,19.79132744,45.78658403,20.18770074,43.34800844,16.42835783,80.27620681,72
2016-04-15,2016-04-30,2016-05-13,east_north,2016-03-03,2016-03-16,13.23202367,51.40308317,12.25092567,52.34012969,6.31370300,29.08051257,45
2016-04-15,2016-04-30,2016-05-13,east_south,2016-03-03,2016-03-16,19.75449427,33.63903121,21.27893612,49.70218880,17.00608323,16.82976274,23
2016-04-15,2016-04-30,2016-05-13,west_north,2016-03-03,2016-03-16,11.22197695,31.56448531,11.37878879,22.75761929,5.09300746,49.23991534,95
2016-04-15,2016-04-30,2016-05-13,west_south,2016-03-03,2016-03-16,18.08809850,7.66149691,16.84494130,9.20112422,12.20070146,14.95642652,31
2016-04-29,2016-05-14,2016-05-27,central_north,2016-03-17,2016-03-30,15.03501929,60.59670540,14.70934881,37.98728784,4.49861224,20.16640670,110
2016-04-29,2016-05-14,2016-05-27,central_south,2016-03-17,2016-03-30,21.95877184,36.94175008,21.45140371,57.90447403,14.06129278,22.50034926,72
2016-04-29,2016-05-14,2016-05-27,east_north,2016-03-17,2016-03-30,15.06108105,60.76678921,14.54235697,30.21927162,5.60938619,30.19426770,45
2016-04-29,2016-05-14,2016-05-27,east_south,2016-03-17,2016-03-30,21.25251417,47.54448838,21.32854298,53.24276576,16.34509137,41.77693822,23
2016-04-29,2016-05-14,2016-05-27,west_north,2016-03-17,2016-03-30,11.35073040,39.11236187,11.45064756,26.58038571,4.13354351,24.43098964,95
2016-04-29,2016-05-14,2016-05-27,west_south,2016-03-17,2016-03-30,18.51725623,6.43482419,18.16604515,5.18720534,12.67125269,0.64904779,31
2016-05-13,2016-05-28,2016-06-10,central_north,2016-03-31,2016-04-13,18.37617209,74.25317265,19.25356689,35.28947771,6.07802312,24.32140324,110
2016-05-13,2016-05-28,2016-06-10,central_south,2016-03-31,2016-04-13,25.36090862,35.27852678,24.37541437,65.94708583,16.20127522,48.12351805,72
2016-05-13,2016-05-28,2016-06-10,east_north,2016-03-31,2016-04-13,19.01546201,62.80516993,19.41043124,42.14970259,4.74465401,44.77816911,45
2016-05-13,2016-05-28,2016-06-10,east_south,2016-03-31,2016-04-13,24.17853082,62.40390881,25.24649197,83.22914779,16.22193831,45.46861022,23
2016-05-13,2016-05-28,2016-06-10,west_north,2016-03-31,2016-04-13,13.76385804,30.04946965,17.55922995,5.10923431,9.21797804,11.28917267,95
2016-05-13,2016-05-28,2016-06-10,west_south,2016-03-31,2016-04-13,21.55604041,1.28437917,24.00720229,1.79552798,14.15969181,13.52631569,31
2016-05-27,2016-06-11,2016-06-24,central_north,2016-04-14,2016-04-27,19.60757119,62.26649991,22.98867408,40.12845760,11.95344864,51.58052393,110
2016-05-27,2016-06-11,2016-06-24,central_south,2016-04-14,2016-04-27,25.68088931,51.05531500,27.88019569,30.32567964,19.46753610,59.67906025,72
2016-05-27,2016-06-11,2016-06-24,east_north,2016-04-14,2016-04-27,19.58428140,60.56211617,19.98600422,35.58092045,11.44237272,14.83496202,45
2016-05-27,2016-06-11,2016-06-24,east_south,2016-04-14,2016-04-27,24.72793737,75.37765403,26.66708760,32.23634371,19.18305566,21.72722487,23
2016-05-27,2016-06-11,2016-06-24,west_north,2016-04-14,2016-04-27,16.37915559,17.05530431,16.59788566,14.27141481,8.60420234,30.91900430,95
2016-05-27,2016-06-11,2016-06-24,west_south,2016-04-14,2016-04-27,24.37885449,2.64091216,25.31665827,1.84389644,15.34315692,3.61775168,31
2016-06-10,2016-06-25,2016-07-08,central_north,2016-04-28,2016-05-11,22.35533240,45.58946551,21.60027630,56.09333847,12.28270758,44.44938414,110
2016-06-10,2016-06-25,2016-07-08,central_south,2016-04-28,2016-05-11,26.66958540,30.68969247,28.45054501,31.01829619,20.00553525,43.63386974,72
2016-06-10,2016-06-25,2016-07-08,east_north,2016-04-28,2016-05-11,20.68680193,48.77179122,21.43372872,37.62351365,11.23521732,52.29056820,45
2016-06-10,2016-06-25,2016-07-08,east_south,2016-04-28,2016-05-11,25.54902929,53.91965933,27.66465315,58.64590367,21.30475194,49.75349769,23
2016-06-10,2016-06-25,2016-07-08,west_north,2016-04-28,2016-05-11,19.52140701,14.39939291,19.77326683,7.49836206,10.56969195,26.60288883,95
2016-06-10,2016-06-25,2016-07-08,west_south,2016-04-28,2016-05-11,25.55934189,5.66141957,26.32396394,12.70186849,15.80108106,10.66239200,31
2016-06-24,2016-07-09,2016-07-22,central_north,2016-05-12,2016-05-25,22.96701924,44.97302551,23.77968613,47.79118378,13.79616445,28.74900718,110
2016-06-24,2016-07-09,2016-07-22,central_south,2016-05-12,2016-05-25,27.19982605,45.31170259,29.07541364,27.68208515,21.19109984,51.16998135,72
2016-06-24,2016-07-09,2016-07-22,east_north,2016-05-12,2016-05-25,21.78452837,46.52654216,22.83668275,31.52020140,13.75933963,34.58079095,45
2016-06-24,2016-07-09,2016-07-22,east_south,2016-05-12,2016-05-25,25.81866764,83.13635633,27.96510149,56.25757754,21.22906570,59.01628506,23
2016-06-24,2016-07-09,2016-07-22,west_north,2016-05-12,2016-05-25,20.84052644,13.76444534,19.20989713,10.72912955,11.60479220,25.46476113,95
2016-06-24,2016-07-09,2016-07-22,west_south,2016-05-12,2016-05-25,26.74136078,12.10219773,27.17407835,6.37095985,18.65608368,5.11665181,31
2016-07-08,2016-07-23,2016-08-05,central_north,2016-05-26,2016-06-08,22.46713765,39.51535791,23.67212208,44.14495866,18.46787586,47.41598115,110
2016-07-08,2016-07-23,2016-08-05,central_south,2016-05-26,2016-06-08,27.18361731,32.90468127,28.86538739,41.85405157,24.08132831,77.11036162,72
2016-07-08,2016-07-23,2016-08-05,east_north,2016-05-26,2016-06-08,21.90323555,57.09041818,23.77243160,45.67531259,20.23184054,42.25816479,45
2016-07-08,2016-07-23,2016-08-05,east_south,2016-05-26,2016-06-08,26.06345807,70.17342297,28.43977902,60.25471532,25.19627066,77.11632512,23
2016-07-08,2016-07-23,2016-08-05,west_north,2016-05-26,2016-06-08,21.74359112,9.88860442,21.56977096,5.18644416,16.59506345,5.94499638,95
2016-07-08,2016-07-23,2016-08-05,west_south,2016-05-26,2016-06-08,27.57847925,6.37501528,27.45248106,25.51000575,22.86904191,1.15109895,31
2016-07-22,2016-08-06,2016-08-19,central_north,2016-06-09,2016-06-22,21.46657579,37.90995117,22.77453480,51.58341052,23.11350012,37.96724483,110
2016-07-22,2016-08-06,2016-08-19,central_south,2016-06-09,2016-06-22,26.77140454,31.02090381,27.50547929,84.45109919,27.55227288,29.33552944,72
2016-07-22,2016-08-06,2016-08-19,east_north,2016-06-09,2016-06-22,20.71589737,41.23248266,23.84601237,55.86721538,19.39736656,22.15593197,45
2016-07-22,2016-08-06,2016-08-19,east_south,2016-06-09,2016-06-22,25.92642596,57.04954990,28.02417021,65.98065593,26.13260894,33.71455309,23
2016-07-22,2016-08-06,2016-08-19,west_north,2016-06-09,2016-06-22,20.15843432,16.66331850,19.93344346,7.77101150,16.50688490,14.37967867,95
2016-07-22,2016-08-06,2016-08-19,west_south,2016-06-09,2016-06-22,25.84386459,10.74489073,25.70343351,14.56008530,25.01186186,2.22535770,31
2016-08-05,2016-08-20,2016-09-02,central_north,2016-06-23,2016-07-06,19.71499947,40.84567783,20.59337996,40.10369778,21.63109973,47.68798708,110
2016-08-05,2016-08-20,2016-09-02,central_south,2016-06-23,2016-07-06,26.24993493,23.64593723,26.33409733,56.66680980,28.26299152,30.31792063,72
2016-08-05,2016-08-20,2016-09-02,east_north,2016-06-23,2016-07-06,19.41082915,42.00998680,21.68716026,27.65507747,20.94772261,45.18690574,45
2016-08-05,2016-08-20,2016-09-02,east_south,2016-06-23,2016-07-06,25.22297818,50.60364055,27.01320692,76.86683939,27.57411237,54.56415113,23
2016-08-05,2016-08-20,2016-09-02,west_north,2016-06-23,2016-07-06,19.53436180,13.75258443,18.37402927,3.89257210,19.80344286,7.47833320,95
2016-08-05,2016-08-20,2016-09-02,west_south,2016-06-23,2016-07-06,24.75345281,10.79048169,23.72576990,13.55914831,26.49139990,12.95980745,31
2016-08-19,2016-09-03,2016-09-16,central_north,2016-07-07,2016-07-20,17.77928532,31.81550522,19.20235387,54.73582926,23.10529707,55.31288816,110
2016-08-19,2016-09-03,2016-09-16,central_south,2016-07-07,2016-07-20,23.89931088,25.44186702,26.20588754,27.60983917,29.05982346,28.53576573,72
2016-08-19,2016-09-03,2016-09-16,east_north,2016-07-07,2016-07-20,16.86729810,35.02155094,20.50834634,18.27368910,22.70613751,37.81195960,45
2016-08-19,2016-09-03,2016-09-16,east_south,2016-07-07,2016-07-20,23.62428010,48.93629663,25.90377091,64.74973743,28.08766151,60.16030466,23
2016-08-19,2016-09-03,2016-09-16,west_north,2016-07-07,2016-07-20,17.40053701,17.63771225,14.10748500,11.69823364,18.81312744,11.27000003,95
2016-08-19,2016-09-03,2016-09-16,west_south,2016-07-07,2016-07-20,23.33733561,17.98677365,22.23650164,11.33946663,26.91976617,4.14116746,31
2016-09-02,2016-09-17,2016-09-30,central_north,2016-07-21,2016-08-03,14.61682435,34.17629695,17.76175185,32.88587685,24.28154966,42.43182090,110
2016-09-02,2016-09-17,2016-09-30,central_south,2016-07-21,2016-08-03,21.97478998,31.11018720,24.14260542,35.68985820,28.88573591,39.98124210,72
2016-09-02,2016-09-17,2016-09-30,east_north,2016-07-21,2016-08-03,15.48342116,42.17965367,17.77047212,53.23598758,23.88497583,45.21962230,45
2016-09-02,2016-09-17,2016-09-30,east_south,2016-07-21,2016-08-03,22.23923003,70.97399604,25.16558916,61.64358294,28.50703487,50.57159023,23
2016-09-02,2016-09-17,2016-09-30,west_north,2016-07-21,2016-08-03,13.45885333,15.65627579,14.19471557,21.27939734,21.85084250,4.23870468,95
2016-09-02,2016-09-17,2016-09-30,west_south,2016-07-21,2016-08-03,21.15405947,8.06194174,20.70900471,13.20882971,27.86049220,21.83455840,31
2016-09-16,2016-10-01,2016-10-14,central_north,2016-08-04,2016-08-17,12.11759588,29.63197407,12.94701420,24.79260894,22.89144155,53.30353188,110
2016-09-16,2016-10-01,2016-10-14,central_south,2016-08-04,2016-08-17,18.70063179,30.54593853,21.09183220,11.83067676,27.96745389,74.81571135,72
2016-09-16,2016-10-01,2016-10-14,east_north,2016-08-04,2016-08-17,11.90620728,32.83968768,13.51039805,31.90664472,23.90370939,51.50553818,45
2016-09-16,2016-10-01,2016-10-14,east_south,2016-08-04,2016-08-17,19.40624500,30.51800886,21.13250828,89.35613759,27.95491520,71.48359119,23
2016-09-16,2016-10-01,2016-10-14,west_north,2016-08-04,2016-08-17,10.49062401,18.51263465,9.56719453,31.18045354,19.90056872,6.96704977,95
2016-09-16,2016-10-01,2016-10-14,west_south,2016-08-04,2016-08-17,18.14782145,12.09198287,18.20218355,4.70586070,25.74892472,19.10112608,31
2016-09-30,2016-10-15,2016-10-28,central_north,2016-08-18,2016-08-31,9.08064372,33.17610508,12.34197141,19.35605194,20.92956163,44.39402471,110
2016-09-30,2016-10-15,2016-10-28,central_south,2016-08-18,2016-08-31,16.40328737,31.09982168,20.84795420,6.45763231,26.41270098,62.91702358,72
2016-09-30,2016-10-15,2016-10-28,east_north,2016-08-18,2016-08-31,10.62234212,59.18183498,11.69006103,54.01179407,22.25658752,29.50082090,45
2016-09-30,2016-10-15,2016-10-28,east_south,2016-08-18,2016-08-31,17.50290175,42.48292989,19.61216543,5.85217625,27.38537231,49.90129164,23
2016-09-30,2016-10-15,2016-10-28,west_north,2016-08-18,2016-08-31,6.86601292,31.10276571,9.49289280,46.85083483,18.54746086,5.08280453,95
2016-09-30,2016-10-15,2016-10-28,west_south,2016-08-18,2016-08-31,15.39708182,6.65941916,18.33767604,6.99483833,23.77569914,13.25362465,31
2016-10-14,2016-10-29,2016-11-11,central_north,2016-09-01,2016-09-14,7.00270795,31.26470086,10.97720738,7.07565804,19.34004196,47.03488578,110
2016-10-14,2016-10-29,2016-11-11,central_south,2016-09-01,2016-09-14,14.75061865,24.79339100,18.43832746,25.76262532,26.17667187,29.35799184,72
2016-10-14,2016-10-29,2016-11-11,east_north,2016-09-01,2016-09-14,7.78486350,44.40879677,9.36775655,17.96661403,20.77674183,21.39883467,45
2016-10-14,2016-10-29,2016-11-11,east_south,2016-09-01,2016-09-14,15.13917513,22.86990623,17.61258830,2.22659310,25.78887680,96.42231142,23
2016-10-14,2016-10-29,2016-11-11,west_north,2016-09-01,2016-09-14,3.77726032,45.52174549,8.39324252,23.42177463,14.88097059,11.57623832,95
2016-10-14,2016-10-29,2016-11-11,west_south,2016-09-01,2016-09-14,12.12779922,15.95896481,15.65347554,10.42885769,22.90464242,12.68222641,31
2016-10-28,2016-11-12,2016-11-25,central_north,2016-09-15,2016-09-28,3.83547950,29.19847800,4.89228083,12.89859494,18.29749348,40.75918480,110
2016-10-28,2016-11-12,2016-11-25,central_south,2016-09-15,2016-09-28,11.96584835,41.88313076,13.40583224,10.88575093,25.11727978,40.67690630,72
2016-10-28,2016-11-12,2016-11-25,east_north,2016-09-15,2016-09-28,4.74150564,52.46680425,5.09699190,18.61474498,18.13014965,32.66561512,45
2016-10-28,2016-11-12,2016-11-25,east_south,2016-09-15,2016-09-28,13.86493258,47.40171635,13.00854363,4.88826173,25.60269466,54.78439683,23
2016-10-28,2016-11-12,2016-11-25,west_north,2016-09-15,2016-09-28,0.63523894,40.25916716,4.02892029,28.47504464,13.87167217,21.62838968,95
2016-10-28,2016-11-12,2016-11-25,west_south,2016-09-15,2016-09-28,8.64441733,18.80195538,11.15875218,9.48397361,20.56442134,7.95936512,31
2016-11-11,2016-11-26,2016-12-09,central_north,2016-09-29,2016-10-12,2.36401865,37.12467320,-0.93549516,23.25900183,13.59847582,23.39125622,110
2016-11-11,2016-11-26,2016-12-09,central_south,2016-09-29,2016-10-12,10.65031974,60.91482414,8.86858814,68.73961875,20.99770621,7.87923392,72
2016-11-11,2016-11-26,2016-12-09,east_north,2016-09-29,2016-10-12,4.17836959,50.84628153,2.96311165,49.06608813,14.13970744,50.66640442,45
2016-11-11,2016-11-26,2016-12-09,east_south,2016-09-29,2016-10-12,13.84636069,40.68685113,12.96251804,71.95359492,21.49413577,100.59981669,23
2016-11-11,2016-11-26,2016-12-09,west_north,2016-09-29,2016-10-12,-1.34545526,42.73166414,-2.58299116,26.57744029,10.18822834,23.67886324,95
2016-11-11,2016-11-26,2016-12-09,west_south,2016-09-29,2016-10-12,5.95853680,19.23971680,6.10575982,8.51968670,18.57270991,10.40670478,31
2016-11-25,2016-12-10,2016-12-23,central_north,2016-10-13,2016-10-26,-4.18531748,25.85804053,-8.04243690,11.75906206,11.92013888,19.02136537,110
2016-11-25,2016-12-10,2016-12-23,central_south,2016-10-13,2016-10-26,7.46714617,29.43873441,7.73941154,15.38932543,20.67068592,9.93713935,72
2016-11-25,2016-12-10,2016-12-23,east_north,2016-10-13,2016-10-26,-3.33375141,39.27438984,-3.32492224,35.29915692,12.11446593,46.44998365,45
2016-11-25,2016-12-10,2016-12-23,east_south,2016-10-13,2016-10-26,8.68333391,40.49881424,10.60712467,25.84561798,19.66889342,4.77832924,23
2016-11-25,2016-12-10,2016-12-23,west_north,2016-10-13,2016-10-26,-3.49321732,34.53821343,-4.53969553,50.23471535,9.55532022,48.48929453,95
2016-11-25,2016-12-10,2016-12-23,west_south,2016-10-13,2016-10-26,6.16119066,17.19380040,8.39133829,35.76144276,18.25093309,5.45435028,31
2016-12-09,2016-12-24,2017-01-06,central_north,2016-10-27,2016-11-09,-8.91509006,26.11532045,-4.96308580,19.93605605,11.75663361,10.10272247,110
2016-12-09,2016-12-24,2017-01-06,central_south,2016-10-27,2016-11-09,6.21122597,61.01281952,10.60064006,40.55837465,19.50165902,25.07001897,72
2016-12-09,2016-12-24,2017-01-06,east_north,2016-10-27,2016-11-09,-4.58059021,57.05842222,0.49765717,44.38516906,9.40433335,26.84755059,45
2016-12-09,2016-12-24,2017-01-06,east_south,2016-10-27,2016-11-09,10.42359419,80.20273076,13.03496631,50.03534142,18.50529982,3.18617041,23
2016-12-09,2016-12-24,2017-01-06,west_north,2016-10-27,2016-11-09,-6.15582733,51.12895048,-7.07368370,32.13171118,8.72153549,29.92280839,95
2016-12-09,2016-12-24,2017-01-06,west_south,2016-10-27,2016-11-09,4.07083678,20.64996725,6.07209515,33.99799724,16.35087931,11.97017076,31
2016-12-23,2017-01-07,2017-01-20,central_north,2016-11-10,2016-11-23,-5.91569814,25.12616178,-4.76684054,24.60745913,5.62353398,10.06652300,110
2016-12-23,2017-01-07,2017-01-20,central_south,2016-11-10,2016-11-23,6.39804976,46.60199260,10.87459650,44.91908053,13.59771802,10.08130415,72
2016-12-23,2017-01-07,2017-01-20,east_north,2016-11-10,2016-11-23,-4.88793543,47.92425285,-0.72128502,36.33330499,5.42477243,17.07801817,45
2016-12-23,2017-01-07,2017-01-20,east_south,2016-11-10,2016-11-23,8.32523884,58.20324084,11.98371837,22.27558667,12.52303996,4.68940972,23
2016-12-23,2017-01-07,2017-01-20,west_north,2016-11-10,2016-11-23,-3.64147763,48.08112281,-4.92876235,64.08054970,5.02228790,23.58615411,95
2016-12-23,2017-01-07,2017-01-20,west_south,2016-11-10,2016-11-23,5.19691881,19.70019784,7.71872479,38.02405412,11.96161476,9.35222697,31
2017-01-06,2017-01-21,2017-02-03,central_north,2016-11-24,2016-12-07,-4.31170890,21.55010691,-1.75395586,8.15040158,0.89058715,25.46649432,110
2017-01-06,2017-01-21,2017-02-03,central_south,2016-11-24,2016-12-07,6.90044887,44.30522260,9.93213785,18.32942942,10.33525539,70.42273830,72
2017-01-06,2017-01-21,2017-02-03,east_north,2016-11-24,2016-12-07,-3.57007385,40.17776959,0.73153723,32.75585862,3.93559317,51.18231748,45
2017-01-06,2017-01-21,2017-02-03,east_south,2016-11-24,2016-12-07,8.99465840,45.34713334,12.05749981,51.45113924,14.31347462,72.10420915,23
2017-01-06,2017-01-21,2017-02-03,west_north,2016-11-24,2016-12-07,-1.96904483,33.70794970,-4.14641047,21.77057445,-1.49424590,26.09706110,95
2017-01-06,2017-01-21,2017-02-03,west_south,2016-11-24,2016-12-07,6.67828875,18.03865772,5.71044743,35.38417370,6.36296788,7.47982809,31
2017-01-20,2017-02-04,2017-02-17,central_north,2016-12-08,2016-12-21,-4.75364773,23.35893370,0.43880713,6.43829548,-9.30890242,11.72846035,110
2017-01-20,2017-02-04,2017-02-17,central_south,2016-12-08,2016-12-21,8.18729071,40.44466383,13.10858506,26.13654877,6.58078345,15.07206538,72
2017-01-20,2017-02-04,2017-02-17,east_north,2016-12-08,2016-12-21,-4.76997950,44.07459104,-0.43464250,33.94280592,-3.79466833,35.27879920,45
2017-01-20,2017-02-04,2017-02-17,east_south,2016-12-08,2016-12-21,9.65445178,54.90573842,12.85136836,24.50782642,9.99631712,26.15202159,23
2017-01-20,2017-02-04,2017-02-17,west_north,2016-12-08,2016-12-21,-2.28061656,38.43427265,1.60422748,62.39765240,-4.85589945,53.40231751,95
2017-01-20,2017-02-04,2017-02-17,west_south,2016-12-08,2016-12-21,7.63205388,10.03488471,11.05194163,19.38291173,8.20345457,16.33362510,31
2017-02-03,2017-02-18,2017-03-03,central_north,2016-12-22,2017-01-04,0.41629813,39.80949179,2.92036640,18.40704384,-2.78081711,19.12971966,110
2017-02-03,2017-02-18,2017-03-03,central_south,2016-12-22,2017-01-04,11.92213947,51.05477341,14.51528449,27.04113181,12.05283623,40.57945432,72
2017-02-03,2017-02-18,2017-03-03,east_north,2016-12-22,2017-01-04,-0.54823671,44.50634796,6.07095538,31.36355955,1.68664760,43.60039790,45
2017-02-03,2017-02-18,2017-03-03,east_south,2016-12-22,2017-01-04,11.52275143,54.65077269,15.79087932,22.16814300,13.52263864,49.66071634,23
2017-02-03,2017-02-18,2017-03-03,west_north,2016-12-22,2017-01-04,0.93269038,39.35318016,-0.13912746,37.11954785,-5.68521204,27.65121840,95
2017-02-03,2017-02-18,2017-03-03,west_south,2016-12-22,2017-01-04,8.57331546,27.41283322,8.25981759,31.65166386,6.22096219,47.62249780,31
2017-02-17,2017-03-04,2017-03-17,central_north,2017-01-05,2017-01-18,-0.50737103,36.89999562,1.13593084,11.29375650,-7.44946127,22.68599371,110
2017-02-17,2017-03-04,2017-03-17,central_south,2017-01-05,2017-01-18,12.39409653,57.71122696,13.68993047,30.11736267,8.85830554,31.97302331,72
2017-02-17,2017-03-04,2017-03-17,east_north,2017-01-05,2017-01-18,-1.74079463,63.98313199,-1.59492861,31.62253660,-2.23731499,35.30547281,45
2017-02-17,2017-03-04,2017-03-17,east_south,2017-01-05,2017-01-18,13.25536642,71.55456973,11.08990735,23.30204362,10.93116229,20.35748399,23
2017-02-17,2017-03-04,2017-03-17,west_north,2017-01-05,2017-01-18,1.75441103,42.34394430,4.70334482,32.38587964,-6.74389223,58.42779883,95
2017-02-17,2017-03-04,2017-03-17,west_south,2017-01-05,2017-01-18,10.53371888,17.23515461,13.79213315,1.19127660,7.81884380,37.15616993,31
2017-03-03,2017-03-18,2017-03-31,central_north,2017-01-19,2017-02-01,3.34730304,47.91535209,7.15208082,34.38062336,-0.17166054,11.21201113,110
2017-03-03,2017-03-18,2017-03-31,central_south,2017-01-19,2017-02-01,14.15851381,68.59973165,18.96267120,37.00684354,10.91626674,31.29971285,72
2017-03-03,2017-03-18,2017-03-31,east_north,2017-01-19,2017-02-01,1.74646911,67.21783076,4.87189183,34.47707413,1.83661671,34.42583811,45
2017-03-03,2017-03-18,2017-03-31,east_south,2017-01-19,2017-02-01,13.80248083,62.32268182,17.36126357,23.21188437,12.53040774,53.26916753,23
2017-03-03,2017-03-18,2017-03-31,west_north,2017-01-19,2017-02-01,3.20071032,31.99198744,6.75487279,43.48615677,-3.72434152,31.74051662,95
2017-03-03,2017-03-18,2017-03-31,west_south,2017-01-19,2017-02-01,12.16408613,14.51700015,14.02907533,9.30876587,5.23171792,41.82506316,31
2017-03-17,2017-04-01,2017-04-14,central_north,2017-02-02,2017-02-15,7.04777282,70.04559254,9.89595121,27.63162242,-1.71610082,6.73868048,110
2017-03-17,2017-04-01,2017-04-14,central_south,2017-02-02,2017-02-15,17.44254026,55.13282991,17.95401232,48.32346061,12.58726790,26.63801409,72
2017-03-17,2017-04-01,2017-04-14,east_north,2017-02-02,2017-02-15,6.82125949,62.41190284,9.64235719,57.44275002,-0.89505080,32.28225162,45
2017-03-17,2017-04-01,2017-04-14,east_south,2017-02-02,2017-02-15,16.92687963,47.20158057,18.21630701,50.98079547,13.14920528,18.78285162,23
2017-03-17,2017-04-01,2017-04-14,west_north,2017-02-02,2017-02-15,4.40486384,40.42726345,6.38618375,32.95426528,0.48391275,56.17971385,95
2017-03-17,2017-04-01,2017-04-14,west_south,2017-02-02,2017-02-15,12.39948824,12.86511877,13.86698844,6.09821999,10.98341158,19.39971307,31
2017-03-31,2017-04-15,2017-04-28,central_north,2017-02-16,2017-03-01,10.79222448,43.09360383,10.31023965,45.27115190,4.12088819,17.02545423,110
2017-03-31,2017-04-15,2017-04-28,central_south,2017-02-16,2017-03-01,18.99422227,34.96975848,20.08746142,38.50424673,14.65017964,25.23566501,72
2017-03-31,2017-04-15,2017-04-28,east_north,2017-02-16,2017-03-01,7.87416011,42.15723187,13.16382492,45.07760185,6.09902073,26.25349546,45
2017-03-31,2017-04-15,2017-04-28,east_south,2017-02-16,2017-03-01,16.78847064,24.48827537,21.16253892,63.27582885,15.60469855,19.63304184,23
2017-03-31,2017-04-15,2017-04-28,west_north,2017-02-16,2017-03-01,8.10475006,35.45569825,7.24978815,33.07235061,0.24568943,44.37855268,95
2017-03-31,2017-04-15,2017-04-28,west_south,2017-02-16,2017-03-01,16.39326430,5.12585964,16.89100316,2.89800252,8.40284837,32.99280973,31
2017-04-14,2017-04-29,2017-05-12,central_north,2017-03-02,2017-03-15,12.86861920,67.90319241,12.03485605,62.59782350,0.06278854,11.82719974,110
2017-04-14,2017-04-29,2017-05-12,central_south,2017-03-02,2017-03-15,20.82736176,62.65847596,19.35529455,54.61206551,12.82983983,32.09550329,72
2017-04-14,2017-04-29,2017-05-12,east_north,2017-03-02,2017-03-15,13.11305154,42.62459213,11.50192938,69.14310048,-1.38713367,38.78163024,45
2017-04-14,2017-04-29,2017-05-12,east_south,2017-03-02,2017-03-15,20.36449012,38.84164481,20.90400070,35.92729312,11.80915899,31.91247148,23
2017-04-14,2017-04-29,2017-05-12,west_north,2017-03-02,2017-03-15,8.89236203,36.09610876,11.39251685,12.41312209,3.73561663,30.26444499,95
2017-04-14,2017-04-29,2017-05-12,west_south,2017-03-02,2017-03-15,17.09896225,9.42541736,17.06362575,7.50343079,12.68538111,1.23589957,31
2017-04-28,2017-05-13,2017-05-26,central_north,2017-03-16,2017-03-29,15.24473018,65.78074913,14.64209958,52.89223390,6.97514052,25.33750847,110
2017-04-28,2017-05-13,2017-05-26,central_south,2017-03-16,2017-03-29,22.83930410,30.54576429,22.23039366,55.38738190,18.81074929,28.08362748,72
2017-04-28,2017-05-13,2017-05-26,east_north,2017-03-16,2017-03-29,14.31701481,44.06995688,16.05437146,60.93686701,3.64452493,25.04091894,45
2017-04-28,2017-05-13,2017-05-26,east_south,2017-03-16,2017-03-29,21.41123208,29.98753158,23.23088927,77.90811674,15.47555732,16.51335284,23
2017-04-28,2017-05-13,2017-05-26,west_north,2017-03-16,2017-03-29,11.88869915,31.92966778,10.78548586,20.57822360,7.03159389,37.85961531,95
2017-04-28,2017-05-13,2017-05-26,west_south,2017-03-16,2017-03-29,19.39989509,3.67483497,18.28574894,1.56109500,14.66909649,8.82439416,31
2017-05-12,2017-05-27,2017-06-09,central_north,2017-03-30,2017-04-12,18.22258120,59.96210418,18.95090332,19.44608580,8.83690667,35.82210264,110
2017-05-12,2017-05-27,2017-06-09,central_south,2017-03-30,2017-04-12,24.44478216,33.99265280,24.08923586,64.14441869,17.43723534,51.95800169,72
2017-05-12,2017-05-27,2017-06-09,east_north,2017-03-30,2017-04-12,17.05770700,40.81722598,16.61994241,37.08206852,9.01559731,66.28576409,45
2017-05-12,2017-05-27,2017-06-09,east_south,2017-03-30,2017-04-12,23.49663762,73.70193505,24.15437230,77.98558047,18.19339105,57.05358401,23
2017-05-12,2017-05-27,2017-06-09,west_north,2017-03-30,2017-04-12,13.70205941,32.97270564,16.43596233,7.57447149,6.17777607,35.34750193,95
2017-05-12,2017-05-27,2017-06-09,west_south,2017-03-30,2017-04-12,20.85291383,1.83517455,22.41773299,2.99475969,13.37940100,5.92062205,31
2017-05-26,2017-06-10,2017-06-23,central_north,2017-04-13,2017-04-26,19.44641194,67.25113154,21.65035364,46.91963370,11.43404132,37.46312628,110
2017-05-26,2017-06-10,2017-06-23,central_south,2017-04-13,2017-04-26,26.00534971,48.73817693,27.27241052,43.12489318,20.16652497,35.23255306,72
2017-05-26,2017-06-10,2017-06-23,east_north,2017-04-13,2017-04-26,20.06019536,61.47724653,22.00716989,51.34247589,12.23854099,42.70495592,45
2017-05-26,2017-06-10,2017-06-23,east_south,2017-04-13,2017-04-26,24.72078866,84.77248857,25.87228626,69.84972409,20.65286849,61.86660170,23
2017-05-26,2017-06-10,2017-06-23,west_north,2017-04-13,2017-04-26,15.73765157,21.36660517,16.85429911,17.74195974,7.58915659,33.11170063,95
2017-05-26,2017-06-10,2017-06-23,west_south,2017-04-13,2017-04-26,23.03351393,0.77907553,25.22276025,0.35485741,16.78988637,3.11586169,31
2017-06-09,2017-06-24,2017-07-07,central_north,2017-04-27,2017-05-10,20.49039011,54.90460768,20.82175130,36.58679909,10.88651240,63.04247998,110
2017-06-09,2017-06-24,2017-07-07,central_south,2017-04-27,2017-05-10,26.39391157,55.59714121,26.66833216,65.42845179,19.20210506,54.71960055,72
2017-06-09,2017-06-24,2017-07-07,east_north,2017-04-27,2017-05-10,20.65660831,64.71238676,20.74451722,56.48635981,12.23229695,67.18608119,45
2017-06-09,2017-06-24,2017-07-07,east_south,2017-04-27,2017-05-10,25.36913311,90.03271168,26.44616439,60.06797322,21.06613570,36.66883740,23
2017-06-09,2017-06-24,2017-07-07,west_north,2017-04-27,2017-05-10,18.47763781,11.05504123,20.43150239,2.53920793,10.28234541,17.20518653,95
2017-06-09,2017-06-24,2017-07-07,west_south,2017-04-27,2017-05-10,25.54243125,1.83040997,27.04474631,2.39457251,16.83558302,7.07837349,31
2017-06-23,2017-07-08,2017-07-21,central_north,2017-05-11,2017-05-24,22.97026031,48.85215419,24.09550332,34.69120284,14.38331156,59.09945256,110
2017-06-23,2017-07-08,2017-07-21,central_south,2017-05-11,2017-05-24,26.85555468,39.14375819,28.00600226,32.36641991,21.91166730,62.26128875,72
2017-06-23,2017-07-08,2017-07-21,east_north,2017-05-11,2017-05-24,21.66537232,56.47629938,22.69791484,45.83792730,15.58475191,44.31924020,45
2017-06-23,2017-07-08,2017-07-21,east_south,2017-05-11,2017-05-24,25.81213082,67.45803573,27.31778578,65.90351256,23.48136944,61.18201328,23
2017-06-23,2017-07-08,2017-07-21,west_north,2017-05-11,2017-05-24,20.80761404,13.29685874,22.01841301,5.46668158,10.89283426,21.62850684,95
2017-06-23,2017-07-08,2017-07-21,west_south,2017-05-11,2017-05-24,25.93780858,11.86486827,27.12396159,22.25490292,17.85352720,2.42492065,31
2017-07-07,2017-07-22,2017-08-04,central_north,2017-05-25,2017-06-07,23.25025023,30.20864828,22.37240993,39.94790491,18.24352162,20.80015001,110
2017-07-07,2017-07-22,2017-08-04,central_south,2017-05-25,2017-06-07,26.51826265,40.37403042,27.65508063,38.03310266,24.05950134,63.78966291,72
2017-07-07,2017-07-22,2017-08-04,east_north,2017-05-25,2017-06-07,21.59335038,39.42487343,21.21556261,49.40746232,16.35640086,58.38459135,45
2017-07-07,2017-07-22,2017-08-04,east_south,2017-05-25,2017-06-07,25.63262407,70.29426501,26.40659289,61.36136020,24.03253695,81.89895209,23
2017-07-07,2017-07-22,2017-08-04,west_north,2017-05-25,2017-06-07,21.76872623,16.67349470,22.12617855,9.45982817,15.80689012,6.01974335,95
2017-07-07,2017-07-22,2017-08-04,west_south,2017-05-25,2017-06-07,26.72592460,13.35690122,26.23072903,33.34504651,22.04264522,2.51772685,31
2017-07-21,2017-08-05,2017-08-18,central_north,2017-06-08,2017-06-21,21.52206021,44.14333119,20.13389730,52.64173010,21.78989680,41.16764595,110
2017-07-21,2017-08-05,2017-08-18,central_south,2017-06-08,2017-06-21,26.41515543,30.75858967,27.05896780,81.05817331,26.66655319,27.51901191,72
2017-07-21,2017-08-05,2017-08-18,east_north,2017-06-08,2017-06-21,20.27338101,50.74730392,20.52199267,46.33675424,21.30776699,43.04028899,45
2017-07-21,2017-08-05,2017-08-18,east_south,2017-06-08,2017-06-21,25.55542692,57.16189586,27.12605982,78.33588195,25.12750604,75.38371489,23
2017-07-21,2017-08-05,2017-08-18,west_north,2017-06-08,2017-06-21,19.83010119,23.13413852,19.67078624,8.77991318,16.59677451,20.14311946,95
2017-07-21,2017-08-05,2017-08-18,west_south,2017-06-08,2017-06-21,24.96595921,18.11750627,25.17657613,13.37184356,24.45732349,0.67995630,31
2017-09-01,2017-09-16,2017-09-29,central_north,2017-07-20,2017-08-02,15.38681569,29.30677042,17.80213518,46.13806335,23.50740226,36.93399990,110
2017-09-01,2017-09-16,2017-09-29,central_south,2017-07-20,2017-08-02,21.86267992,13.32053672,25.17568519,39.97238309,28.11857842,32.46250782,72
2017-09-01,2017-09-16,2017-09-29,east_north,2017-07-20,2017-08-02,14.74079868,42.68823351,20.79071209,5.03577608,21.54766188,44.27227612,45
2017-09-01,2017-09-16,2017-09-29,east_south,2017-07-20,2017-08-02,21.48769477,44.79557834,25.34488876,10.55861776,26.69617674,56.65996371,23
2017-09-01,2017-09-16,2017-09-29,west_north,2017-07-20,2017-08-02,14.19942759,14.91807020,10.52206312,26.44550944,21.97122251,10.08516312,95
2017-09-01,2017-09-16,2017-09-29,west_south,2017-07-20,2017-08-02,21.41386638,7.25318422,19.12956329,7.83996788,26.18295168,34.61110871,31
2017-09-15,2017-09-30,2017-10-13,central_north,2017-08-03,2017-08-16,12.07225456,28.46201236,13.75556651,47.21743060,19.69085836,48.94980009,110
2017-09-15,2017-09-30,2017-10-13,central_south,2017-08-03,2017-08-16,18.50896280,21.31757774,22.58148923,32.77034328,26.83505648,81.09007202,72
2017-09-15,2017-09-30,2017-10-13,east_north,2017-08-03,2017-08-16,11.28184582,33.67303429,16.29748439,45.65672418,20.54531879,46.90180308,45
2017-09-15,2017-09-30,2017-10-13,east_south,2017-08-03,2017-08-16,18.53313231,32.67716863,23.73506637,46.97884059,26.75512651,82.40022010,23
2017-09-15,2017-09-30,2017-10-13,west_north,2017-08-03,2017-08-16,10.71827075,21.87864204,7.90206506,12.56333659,20.02935499,9.07525061,95
2017-09-15,2017-09-30,2017-10-13,west_south,2017-08-03,2017-08-16,18.35920795,9.51906236,18.25596074,3.74033376,25.38138493,16.49142584,31
2017-09-29,2017-10-14,2017-10-27,central_north,2017-08-17,2017-08-30,10.49785676,35.20610093,11.00689436,29.49425179,20.53101440,36.94894683,110
2017-09-29,2017-10-14,2017-10-27,central_south,2017-08-17,2017-08-30,17.12792454,29.37741109,17.45293600,22.38243313,26.16231027,76.93541882,72
2017-09-29,2017-10-14,2017-10-27,east_north,2017-08-17,2017-08-30,10.27353716,18.45344443,12.83429501,43.71836841,19.82424966,35.28420458,45
2017-09-29,2017-10-14,2017-10-27,east_south,2017-08-17,2017-08-30,17.02874213,12.54539187,18.51244019,40.84846877,26.51546091,46.61617047,23
2017-09-29,2017-10-14,2017-10-27,west_north,2017-08-17,2017-08-30,6.16524783,35.53486623,8.34344507,21.29367524,20.40452102,2.20265969,95
2017-09-29,2017-10-14,2017-10-27,west_south,2017-08-17,2017-08-30,14.26680744,12.56878471,17.48137063,0.71292093,25.55735759,8.01175410,31
2017-10-27,2017-11-11,2017-11-24,central_north,2017-09-14,2017-09-27,2.14992994,33.25939971,3.44241912,11.19220589,18.64780733,47.21073675,110
2017-10-27,2017-11-11,2017-11-24,central_south,2017-09-14,2017-09-27,11.79611199,44.16336270,13.37549055,4.43379814,25.72257952,30.09867906,72
2017-10-27,2017-11-11,2017-11-24,east_north,2017-09-14,2017-09-27,4.24351865,49.09855107,2.76990693,30.50561720,21.48143256,7.52927811,45
2017-10-27,2017-11-11,2017-11-24,east_south,2017-09-14,2017-09-27,14.10300324,43.87385369,12.32575479,17.24969857,25.23296200,12.35449664,23
2017-10-27,2017-11-11,2017-11-24,west_north,2017-09-14,2017-09-27,1.19568834,42.88534496,4.44626166,43.94412543,10.56119927,31.37528401,95
2017-10-27,2017-11-11,2017-11-24,west_south,2017-09-14,2017-09-27,9.47769885,17.10877041,13.15549987,1.38083683,19.55721098,3.86223966,31
2017-11-10,2017-11-25,2017-12-08,central_north,2017-09-28,2017-10-11,-0.07714157,27.95887785,2.62509999,6.66537506,13.99130517,48.50942796,110
2017-11-10,2017-11-25,2017-12-08,central_south,2017-09-28,2017-10-11,9.34928119,39.60561467,11.65134349,22.50332850,22.47309658,42.70701117,72
2017-11-10,2017-11-25,2017-12-08,east_north,2017-09-28,2017-10-11,1.70855335,45.89363391,3.60462098,14.14552277,16.42889603,39.71117627,45
2017-11-10,2017-11-25,2017-12-08,east_south,2017-09-28,2017-10-11,11.15040170,36.90638157,13.34813752,18.08369671,23.93892144,44.19228427,23
2017-11-10,2017-11-25,2017-12-08,west_north,2017-09-28,2017-10-11,-0.96316137,35.92190871,1.23008967,15.69819339,8.89108916,11.31963326,95
2017-11-10,2017-11-25,2017-12-08,west_south,2017-09-28,2017-10-11,7.20518192,16.52162465,10.52191672,1.23372604,18.38400899,8.75279740,31
2017-11-24,2017-12-09,2017-12-22,central_north,2017-10-12,2017-10-25,-3.63921409,24.91580653,-0.77329366,5.33461954,12.14957984,28.32557142,110
2017-11-24,2017-12-09,2017-12-22,central_south,2017-10-12,2017-10-25,6.62902683,38.75744615,9.12156054,32.42486022,18.62809148,22.73956534,72
2017-11-24,2017-12-09,2017-12-22,east_north,2017-10-12,2017-10-25,-2.26216107,48.12062056,-1.99074671,15.11494303,13.54052651,39.62470696,45
2017-11-24,2017-12-09,2017-12-22,east_south,2017-10-12,2017-10-25,9.08158580,51.65903888,9.95037404,40.15830301,19.92702588,44.98677144,23
2017-11-24,2017-12-09,2017-12-22,west_north,2017-10-12,2017-10-25,-1.91326924,36.13333937,-1.80595435,14.04801313,8.10700642,23.15204400,95
2017-11-24,2017-12-09,2017-12-22,west_south,2017-10-12,2017-10-25,6.03786820,11.03501448,6.68397078,2.04845329,17.67632087,0.72030013,31
2017-12-08,2017-12-23,2018-01-05,central_north,2017-10-26,2017-11-08,-7.24390298,26.22477389,-13.92124286,8.71534989,3.04152053,15.65357937,110
2017-12-08,2017-12-23,2018-01-05,central_south,2017-10-26,2017-11-08,6.49875898,42.65795660,1.97783413,16.36063320,15.60727247,18.42927667,72
2017-12-08,2017-12-23,2018-01-05,east_north,2017-10-26,2017-11-08,-5.43968345,52.60668929,-9.95713287,28.57166245,8.65957521,85.05826132,45
2017-12-08,2017-12-23,2018-01-05,east_south,2017-10-26,2017-11-08,9.38661261,54.68340908,4.93009505,15.68224055,16.48540372,24.54984572,23
2017-12-08,2017-12-23,2018-01-05,west_north,2017-10-26,2017-11-08,-2.87350549,38.17954494,-3.97357271,19.83606147,4.24892142,17.25698484,95
2017-12-08,2017-12-23,2018-01-05,west_south,2017-10-26,2017-11-08,5.71211783,19.50779682,8.33817236,1.25069719,15.12149592,1.42293136,31
2017-12-22,2018-01-06,2018-01-19,central_north,2017-11-09,2017-11-22,-5.81728951,29.19642463,-6.07284906,10.71895117,2.00377709,11.69312678,110
2017-12-22,2018-01-06,2018-01-19,central_south,2017-11-09,2017-11-22,6.46456071,43.74756962,4.66445364,18.19341499,13.25285962,9.67808349,72
2017-12-22,2018-01-06,2018-01-19,east_north,2017-11-09,2017-11-22,-3.82647262,59.29917227,-4.86240809,42.38695515,2.69910662,30.10452961,45
2017-12-22,2018-01-06,2018-01-19,east_south,2017-11-09,2017-11-22,9.11850896,60.63330575,6.29451602,26.56846180,12.67293901,19.95528855,23
2017-12-22,2018-01-06,2018-01-19,west_north,2017-11-09,2017-11-22,-3.45723863,42.19860897,0.86213537,34.77732182,3.81643667,43.94190551,95
2017-12-22,2018-01-06,2018-01-19,west_south,2017-11-09,2017-11-22,5.30253128,23.03432747,9.09555657,19.39003608,13.07513396,1.73985639,31
2018-01-05,2018-01-20,2018-02-02,central_north,2017-11-23,2017-12-06,-2.80777203,33.47252723,-2.29035519,11.66154496,4.28986899,6.34556549,110
2018-01-05,2018-01-20,2018-02-02,central_south,2017-11-23,2017-12-06,9.53653865,45.52703945,9.26588266,20.64963160,12.98972993,13.79163138,72
2018-01-05,2018-01-20,2018-02-02,east_north,2017-11-23,2017-12-06,-2.33339494,61.43944947,-0.04428289,27.80848080,4.02566316,15.69014911,45
2018-01-05,2018-01-20,2018-02-02,east_south,2017-11-23,2017-12-06,11.65486286,48.47619705,10.30835154,41.88277980,13.66401883,12.77344811,23
2018-01-05,2018-01-20,2018-02-02,west_north,2017-11-23,2017-12-06,-2.30372019,35.75361924,0.17379242,28.31077294,2.67176090,21.82220901,95
2018-01-05,2018-01-20,2018-02-02,west_south,2017-11-23,2017-12-06,6.39215403,18.46543861,7.73590892,2.47674448,11.72825137,1.03415772,31
2018-01-19,2018-02-03,2018-02-16,central_north,2017-12-07,2017-12-20,-5.51542950,24.73500844,-7.72768834,12.22810008,-0.76558506,4.58554858,110
2018-01-19,2018-02-03,2018-02-16,central_south,2017-12-07,2017-12-20,8.17730550,51.17628168,9.41058932,47.12986365,7.68645140,37.82043363,72
2018-01-19,2018-02-03,2018-02-16,east_north,2017-12-07,2017-12-20,-4.33275142,45.29314517,-1.39325761,59.83286351,-2.05223184,14.94448352,45
2018-01-19,2018-02-03,2018-02-16,east_south,2017-12-07,2017-12-20,10.64773426,68.68903338,13.90781080,57.00868360,9.23882616,40.16541225,23
2018-01-19,2018-02-03,2018-02-16,west_north,2017-12-07,2017-12-20,-2.70340030,27.01867084,-0.36373800,18.67259451,-1.27857793,11.65225456,95
2018-01-19,2018-02-03,2018-02-16,west_south,2017-12-07,2017-12-20,6.90057222,21.34403040,10.43683113,11.06154143,7.01079487,2.07799614,31
2018-02-02,2018-02-17,2018-03-02,central_north,2017-12-21,2018-01-03,-0.32452338,22.55389480,-1.89994847,38.10854947,-12.83593701,9.58156543,110
2018-02-02,2018-02-17,2018-03-02,central_south,2017-12-21,2018-01-03,9.42824248,37.27014075,13.95629093,87.79783541,3.37014837,19.68840643,72
2018-02-02,2018-02-17,2018-03-02,east_north,2017-12-21,2018-01-03,-3.33268240,35.95693235,5.38107346,60.69442524,-8.31951194,23.58750665,45
2018-02-02,2018-02-17,2018-03-02,east_south,2017-12-21,2018-01-03,8.95767193,34.54161006,17.98207444,25.77859144,7.01982034,22.80790433,23
2018-02-02,2018-02-17,2018-03-02,west_north,2017-12-21,2018-01-03,2.48554122,25.27032521,-4.49486726,30.27660798,-4.68782595,21.11998669,95
2018-02-02,2018-02-17,2018-03-02,west_south,2017-12-21,2018-01-03,10.48606461,27.80378469,5.68734515,12.33460343,7.46751284,0.57952907,31
2018-02-16,2018-03-03,2018-03-16,central_north,2018-01-04,2018-01-17,-1.32265359,39.54846808,0.78315306,9.60039593,-7.84440426,11.01434540,110
2018-02-16,2018-03-03,2018-03-16,central_south,2018-01-04,2018-01-17,10.77489748,64.04253130,12.77863659,15.91013357,4.62037185,18.08450402,72
2018-02-16,2018-03-03,2018-03-16,east_north,2018-01-04,2018-01-17,-0.38824977,46.05755813,0.06011244,26.86079164,-5.94564278,47.09502539,45
2018-02-16,2018-03-03,2018-03-16,east_south,2018-01-04,2018-01-17,11.55941788,63.35661034,9.79440862,23.26742992,5.79033612,30.01406608,23
2018-02-16,2018-03-03,2018-03-16,west_north,2018-01-04,2018-01-17,-1.29293543,39.04368197,1.60175212,24.11648427,0.40035440,29.86726390,95
2018-02-16,2018-03-03,2018-03-16,west_south,2018-01-04,2018-01-17,7.90326130,28.22176137,10.57849555,13.97651541,9.25562438,20.06171028,31
2018-03-02,2018-03-17,2018-03-30,central_north,2018-01-18,2018-01-31,3.47084379,42.41994468,3.04907207,30.57665835,-0.96693867,11.12893967,110
2018-03-02,2018-03-17,2018-03-30,central_south,2018-01-18,2018-01-31,15.23139334,55.08583071,16.39212109,48.33354168,8.51421340,20.04173626,72
2018-03-02,2018-03-17,2018-03-30,east_north,2018-01-18,2018-01-31,2.03385550,55.84857431,2.07327073,32.25791488,-0.17446133,25.16661888,45
2018-03-02,2018-03-17,2018-03-30,east_south,2018-01-18,2018-01-31,14.17571332,50.94157201,14.11566537,42.16969081,9.36706416,41.46647828,23
2018-03-02,2018-03-17,2018-03-30,west_north,2018-01-18,2018-01-31,3.46582397,38.02696123,3.48568335,32.24458007,0.18443954,32.19114682,95
2018-03-02,2018-03-17,2018-03-30,west_south,2018-01-18,2018-01-31,12.44674666,15.05854613,11.55755689,17.05848656,7.37043322,2.69545811,31
2018-03-16,2018-03-31,2018-04-13,central_north,2018-02-01,2018-02-14,5.76869841,51.14884933,1.42907182,16.02485206,-8.68630062,10.44613912,110
2018-03-16,2018-03-31,2018-04-13,central_south,2018-02-01,2018-02-14,15.80645152,54.86256647,15.42001118,19.27118570,8.10238247,45.58235934,72
2018-03-16,2018-03-31,2018-04-13,east_north,2018-02-01,2018-02-14,4.79030067,57.30724615,4.34463157,31.66998316,-2.82825379,52.22382296,45
2018-03-16,2018-03-31,2018-04-13,east_south,2018-02-01,2018-02-14,15.51706369,54.88587894,15.81339975,31.52650814,12.41606592,57.93495982,23
2018-03-16,2018-03-31,2018-04-13,west_north,2018-02-01,2018-02-14,4.64155216,35.78980094,5.43857633,38.76787826,0.35981578,17.46763944,95
2018-03-16,2018-03-31,2018-04-13,west_south,2018-02-01,2018-02-14,13.03417282,10.14590290,16.57238290,2.23871297,10.80953310,2.19390647,31
2018-03-30,2018-04-14,2018-04-27,central_north,2018-02-15,2018-02-28,8.56682458,59.01703647,6.51251731,29.08648661,-2.34433677,38.40948352,110
2018-03-30,2018-04-14,2018-04-27,central_south,2018-02-15,2018-02-28,18.04771084,45.14335925,15.76077755,50.63976811,14.50991360,78.23421102,72
2018-03-30,2018-04-14,2018-04-27,east_north,2018-02-15,2018-02-28,7.57043127,53.93419992,7.82167749,67.12603056,5.78207896,56.68011967,45
2018-03-30,2018-04-14,2018-04-27,east_south,2018-02-15,2018-02-28,16.82849018,35.04321356,17.35291541,75.82531491,18.47694509,13.74380670,23
2018-03-30,2018-04-14,2018-04-27,west_north,2018-02-15,2018-02-28,6.69397050,36.61583066,8.38981223,14.35186530,-4.86686518,25.06949168,95
2018-03-30,2018-04-14,2018-04-27,west_south,2018-02-15,2018-02-28,15.02859775,6.30081779,15.72799209,1.25847775,5.79892135,17.30686359,31
2018-04-13,2018-04-28,2018-05-11,central_north,2018-03-01,2018-03-14,11.34252322,52.71311158,15.26240077,29.84238438,0.52478611,10.68261117,110
2018-04-13,2018-04-28,2018-05-11,central_south,2018-03-01,2018-03-14,19.25545797,50.44834780,22.20454012,16.42237841,12.41722203,27.74312543,72
2018-04-13,2018-04-28,2018-05-11,east_north,2018-03-01,2018-03-14,10.19662471,54.78940219,14.75518226,30.43565265,0.58260187,39.85389166,45
2018-04-13,2018-04-28,2018-05-11,east_south,2018-03-01,2018-03-14,18.44267697,49.02310320,20.71751088,10.04713319,10.45144135,36.10762316,23
2018-04-13,2018-04-28,2018-05-11,west_north,2018-03-01,2018-03-14,9.68633437,26.33691310,11.96508543,14.70792124,1.33315518,25.75200820,95
2018-04-13,2018-04-28,2018-05-11,west_south,2018-03-01,2018-03-14,17.62525187,3.25471286,18.68699767,3.20286178,10.29615310,15.18932065,31
2018-04-27,2018-05-12,2018-05-25,central_north,2018-03-15,2018-03-28,15.90491673,53.02674199,18.02399652,39.01477969,3.13229149,27.24379273,110
2018-04-27,2018-05-12,2018-05-25,central_south,2018-03-15,2018-03-28,22.74115443,28.37610910,25.24879807,35.64247306,16.48932498,25.72142678,72
2018-04-27,2018-05-12,2018-05-25,east_north,2018-03-15,2018-03-28,15.09970239,47.14167254,17.36169392,63.57049018,0.95258613,22.51768013,45
2018-04-27,2018-05-12,2018-05-25,east_south,2018-03-15,2018-03-28,21.36016098,50.19780485,24.40353271,108.51591512,13.12091479,36.82300665,23
2018-04-27,2018-05-12,2018-05-25,west_north,2018-03-15,2018-03-28,12.47281903,25.92447669,13.79627427,25.04004258,2.94247762,38.21890436,95
2018-04-27,2018-05-12,2018-05-25,west_south,2018-03-15,2018-03-28,19.59870912,3.62305252,19.28429212,1.02772714,10.92495462,19.30353175,31
2018-05-11,2018-05-26,2018-06-08,central_north,2018-03-29,2018-04-11,17.96065066,54.14796299,21.49195319,40.24593457,0.54041174,17.64555840,110
2018-05-11,2018-05-26,2018-06-08,central_south,2018-03-29,2018-04-11,24.97840910,37.31097758,27.12313704,32.49536624,14.62319140,41.90957255,72
2018-05-11,2018-05-26,2018-06-08,east_north,2018-03-29,2018-04-11,17.02870179,58.87177587,19.34674194,38.98012681,3.68046222,40.57103987,45
2018-05-11,2018-05-26,2018-06-08,east_south,2018-03-29,2018-04-11,23.21169775,69.57696385,25.17917216,86.36589967,15.90362785,36.92056941,23
2018-05-11,2018-05-26,2018-06-08,west_north,2018-03-29,2018-04-11,15.92890219,18.06177630,15.94342069,16.47453740,5.68821477,32.57406135,95
2018-05-11,2018-05-26,2018-06-08,west_south,2018-03-29,2018-04-11,22.85316420,1.92712473,22.54620848,0.79057924,16.66758828,2.47916262,31
2018-05-25,2018-06-09,2018-06-22,central_north,2018-04-12,2018-04-25,20.16449282,60.45089807,22.10939266,67.21388703,6.27046615,30.82989875,110
2018-05-25,2018-06-09,2018-06-22,central_south,2018-04-12,2018-04-25,26.41206838,39.05306916,27.60883861,46.88183359,16.40016948,44.14502476,72
2018-05-25,2018-06-09,2018-06-22,east_north,2018-04-12,2018-04-25,18.89194985,55.59343358,20.25545494,42.55857264,8.05512276,60.57088190,45
2018-05-25,2018-06-09,2018-06-22,east_south,2018-04-12,2018-04-25,24.22884338,70.13359755,26.65894630,49.86119726,17.34147419,71.03763360,23
2018-05-25,2018-06-09,2018-06-22,west_north,2018-04-12,2018-04-25,16.90324126,20.62360631,16.53398247,22.57117744,7.20174373,21.61631461,95
2018-05-25,2018-06-09,2018-06-22,west_south,2018-04-12,2018-04-25,24.01583525,2.34954223,24.32651479,8.23690834,14.94819500,1.44690766,31
2018-06-08,2018-06-23,2018-07-06,central_north,2018-04-26,2018-05-09,22.68213045,44.75367452,23.05704279,54.60878202,14.73323370,25.20320353,110
2018-06-08,2018-06-23,2018-07-06,central_south,2018-04-26,2018-05-09,27.05471285,34.48436205,28.54332562,36.33170139,20.97475923,22.73230132,72
2018-06-08,2018-06-23,2018-07-06,east_north,2018-04-26,2018-05-09,21.13756382,45.82373287,23.01379509,48.85300015,14.11778899,36.84393152,45
2018-06-08,2018-06-23,2018-07-06,east_south,2018-04-26,2018-05-09,25.52083333,74.08146964,27.22537002,72.13888483,19.90770612,13.06431334,23
2018-06-08,2018-06-23,2018-07-06,west_north,2018-04-26,2018-05-09,19.01808614,13.79207504,18.77477735,5.92375640,12.02325341,11.19475077,95
2018-06-08,2018-06-23,2018-07-06,west_south,2018-04-26,2018-05-09,25.75587850,8.90776391,26.23567996,1.86122032,18.25007038,3.17199888,31
2018-06-22,2018-07-07,2018-07-20,central_north,2018-05-10,2018-05-23,22.31721959,47.39893130,24.01122708,35.45431004,16.78013574,40.36536180,110
2018-06-22,2018-07-07,2018-07-20,central_south,2018-05-10,2018-05-23,27.39863711,33.00760201,28.45002486,36.64891780,25.08758725,29.60721839,72
2018-06-22,2018-07-07,2018-07-20,east_north,2018-05-10,2018-05-23,20.78995048,49.30994628,22.02609404,25.26878779,16.79232980,66.35285123,45
2018-06-22,2018-07-07,2018-07-20,east_south,2018-05-10,2018-05-23,25.59311023,70.53370365,26.68300914,54.30274664,24.27991381,97.32342434,23
2018-06-22,2018-07-07,2018-07-20,west_north,2018-05-10,2018-05-23,20.90446126,16.95082911,22.37623159,6.82750632,13.17210919,24.77989435,95
2018-06-22,2018-07-07,2018-07-20,west_south,2018-05-10,2018-05-23,26.56548130,12.70981467,27.01784711,28.02504769,19.54128964,0.99932380,31
2018-07-06,2018-07-21,2018-08-03,central_north,2018-05-24,2018-06-06,22.41406043,41.64194137,21.20719346,31.62994106,21.60287356,40.07253789,110
2018-07-06,2018-07-21,2018-08-03,central_south,2018-05-24,2018-06-06,27.58261916,30.80591893,27.83792266,29.81036206,26.92959610,35.84681622,72
2018-07-06,2018-07-21,2018-08-03,east_north,2018-05-24,2018-06-06,21.38704537,49.03170209,22.46441743,92.13023809,19.48708299,39.11584145,45
2018-07-06,2018-07-21,2018-08-03,east_south,2018-05-24,2018-06-06,26.10132908,77.35258523,26.26460377,132.93204671,25.09675520,94.59335251,23
2018-07-06,2018-07-21,2018-08-03,west_north,2018-05-24,2018-06-06,22.03044012,18.79927099,22.14145959,5.17567007,15.74674660,19.15273627,95
2018-07-06,2018-07-21,2018-08-03,west_south,2018-05-24,2018-06-06,27.04124032,19.33336568,28.30595361,15.30546554,22.07929312,0.81796533,31
2018-07-20,2018-08-04,2018-08-17,central_north,2018-06-07,2018-06-20,21.36559668,48.23389310,23.21105423,35.02794917,22.34937775,61.16554181,110
2018-07-20,2018-08-04,2018-08-17,central_south,2018-06-07,2018-06-20,27.26689325,34.36348008,27.47998238,45.98645341,27.58681084,35.73240608,72
2018-07-20,2018-08-04,2018-08-17,east_north,2018-06-07,2018-06-20,20.85580774,45.36197663,23.43345760,54.69999711,20.08432121,32.69196342,45
2018-07-20,2018-08-04,2018-08-17,east_south,2018-06-07,2018-06-20,25.65325172,75.44391332,27.08862864,52.76104015,26.26038930,45.57897278,23
2018-07-20,2018-08-04,2018-08-17,west_north,2018-06-07,2018-06-20,20.86291997,12.14952258,21.48390943,2.54864182,16.35573876,20.87554866,95
2018-07-20,2018-08-04,2018-08-17,west_south,2018-06-07,2018-06-20,26.59984211,13.81876269,26.65809957,15.72084606,23.90752970,8.16197664,31
2018-08-03,2018-08-18,2018-08-31,central_north,2018-06-21,2018-07-04,20.94989693,35.61001902,20.76462718,54.84432721,22.63543477,59.39676092,110
2018-08-03,2018-08-18,2018-08-31,central_south,2018-06-21,2018-07-04,25.89299954,32.72691115,27.80455412,30.78981839,28.52037429,43.49616453,72
2018-08-03,2018-08-18,2018-08-31,east_north,2018-06-21,2018-07-04,19.78065542,35.92003307,21.93510169,44.90376527,22.40581488,51.45407873,45
2018-08-03,2018-08-18,2018-08-31,east_south,2018-06-21,2018-07-04,24.75207242,55.91315175,26.44703416,49.64264267,27.33798355,73.44934767,23
2018-08-03,2018-08-18,2018-08-31,west_north,2018-06-21,2018-07-04,19.13404600,16.64933940,17.62300054,9.93829024,18.39817304,8.53866687,95
2018-08-03,2018-08-18,2018-08-31,west_south,2018-06-21,2018-07-04,24.54599217,18.47382411,25.25720241,14.20219038,26.03672924,1.12421716,31
2018-08-17,2018-09-01,2018-09-14,central_north,2018-07-05,2018-07-18,18.33636102,35.12229338,20.31247781,50.71586745,23.97988037,32.28169396,110
2018-08-17,2018-09-01,2018-09-14,central_south,2018-07-05,2018-07-18,24.19912144,25.71787816,25.46936044,71.35507283,28.04149859,40.38907323,72
2018-08-17,2018-09-01,2018-09-14,east_north,2018-07-05,2018-07-18,17.36518429,28.49935628,21.09562478,72.48618244,22.42711692,32.43596925,45
2018-08-17,2018-09-01,2018-09-14,east_south,2018-07-05,2018-07-18,23.29238071,49.10536011,27.00304120,46.96253782,26.80603513,51.97649650,23
2018-08-17,2018-09-01,2018-09-14,west_north,2018-07-05,2018-07-18,16.95246499,16.89018758,16.94074604,3.07220345,22.29690696,6.51105499,95
2018-08-17,2018-09-01,2018-09-14,west_south,2018-07-05,2018-07-18,23.10302015,14.77254345,23.91441059,9.25737099,26.95397337,26.66730621,31
2018-08-31,2018-09-15,2018-09-28,central_north,2018-07-19,2018-08-01,15.47229677,37.08225890,16.76983390,37.97330937,21.37791502,38.58544219,110
2018-08-31,2018-09-15,2018-09-28,central_south,2018-07-19,2018-08-01,22.26822559,28.97293400,24.51765359,74.42316952,28.34045802,28.22970303,72
2018-08-31,2018-09-15,2018-09-28,east_north,2018-07-19,2018-08-01,15.42368410,38.52333269,18.56962575,77.50069269,22.10923752,81.23941393,45
2018-08-31,2018-09-15,2018-09-28,east_south,2018-07-19,2018-08-01,22.03953260,45.74583642,26.18251471,99.03275126,26.33603978,110.19561816,23
2018-08-31,2018-09-15,2018-09-28,west_north,2018-07-19,2018-08-01,14.46202309,15.44268842,13.58186138,4.79294248,22.24827451,4.78327339,95
2018-08-31,2018-09-15,2018-09-28,west_south,2018-07-19,2018-08-01,21.65856737,12.42623853,22.93071321,8.03343835,28.38545876,15.13583986,31
2018-09-14,2018-09-29,2018-10-12,central_north,2018-08-02,2018-08-15,12.24550304,27.47691649,10.51604576,70.62095643,23.12034365,27.64914557,110
2018-09-14,2018-09-29,2018-10-12,central_south,2018-08-02,2018-08-15,18.75897982,20.32677821,23.03999157,47.64392880,27.26337333,44.74213794,72
2018-09-14,2018-09-29,2018-10-12,east_north,2018-08-02,2018-08-15,11.84264062,37.18686403,16.91373195,53.19379271,23.45496922,60.41478297,45
2018-09-14,2018-09-29,2018-10-12,east_south,2018-08-02,2018-08-15,19.21374369,52.19454786,24.92597242,62.61342481,26.86538670,82.61942129,23
2018-09-14,2018-09-29,2018-10-12,west_north,2018-08-02,2018-08-15,11.83341786,16.40769912,9.23381963,30.68338869,21.45116081,3.02460718,95
2018-09-14,2018-09-29,2018-10-12,west_south,2018-08-02,2018-08-15,19.61010475,9.26178301,18.13035255,22.56669199,26.87001334,15.59187352,31
2018-09-28,2018-10-13,2018-10-26,central_north,2018-08-16,2018-08-29,7.73111493,30.91646933,7.30064423,12.70439631,20.92533639,60.78278248,110
2018-09-28,2018-10-13,2018-10-26,central_south,2018-08-16,2018-08-29,15.89504961,28.51260515,14.92170808,76.98601055,27.88611812,31.10209222,72
2018-09-28,2018-10-13,2018-10-26,east_north,2018-08-16,2018-08-29,8.17253425,43.17882472,7.01647920,18.44968423,22.23243309,43.99668165,45
2018-09-28,2018-10-13,2018-10-26,east_south,2018-08-16,2018-08-29,17.08231782,40.26497520,18.42538228,15.27153924,26.47937248,43.25726014,23
2018-09-28,2018-10-13,2018-10-26,west_north,2018-08-16,2018-08-29,7.23945717,18.84646179,7.96812001,5.97797401,18.17796913,10.37313466,95
2018-09-28,2018-10-13,2018-10-26,west_south,2018-08-16,2018-08-29,15.37173893,9.66915296,14.93854315,23.34296002,25.43706002,16.48362130,31
2018-10-12,2018-10-27,2018-11-09,central_north,2018-08-30,2018-09-12,6.12697502,23.42335519,4.76817389,31.35046873,20.31081156,53.78873380,110
2018-10-12,2018-10-27,2018-11-09,central_south,2018-08-30,2018-09-12,13.35584210,28.63208794,15.46134548,49.86047900,25.71043066,72.27848517,72
2018-10-12,2018-10-27,2018-11-09,east_north,2018-08-30,2018-09-12,6.23178181,38.72176020,7.67808747,81.37535465,20.99264721,75.99712439,45
2018-10-12,2018-10-27,2018-11-09,east_south,2018-08-30,2018-09-12,14.66049657,34.75256088,16.94757894,55.79057826,27.00423762,45.01602315,23
2018-10-12,2018-10-27,2018-11-09,west_north,2018-08-30,2018-09-12,5.37341034,25.20014543,5.14361899,24.55076282,17.41803076,2.34864843,95
2018-10-12,2018-10-27,2018-11-09,west_south,2018-08-30,2018-09-12,13.27916112,11.38757338,13.93258723,2.35661383,24.15651895,9.48148856,31
2018-10-26,2018-11-10,2018-11-23,central_north,2018-09-13,2018-09-26,3.24017428,31.69362691,-1.18807330,7.04723337,18.33870659,36.59255137,110
2018-10-26,2018-11-10,2018-11-23,central_south,2018-09-13,2018-09-26,11.99112001,42.37810620,7.67696437,28.62502082,25.28398958,64.79590244,72
2018-10-26,2018-11-10,2018-11-23,east_north,2018-09-13,2018-09-26,3.92968611,52.41249091,-0.17012881,56.82597457,19.56522860,63.15824477,45
2018-10-26,2018-11-10,2018-11-23,east_south,2018-09-13,2018-09-26,13.65057511,41.70223358,11.64648245,66.18069529,26.38468768,94.57288061,23
2018-10-26,2018-11-10,2018-11-23,west_north,2018-09-13,2018-09-26,1.75514773,37.49524753,0.51764787,11.27343708,13.74542183,4.77376511,95
2018-10-26,2018-11-10,2018-11-23,west_south,2018-09-13,2018-09-26,9.78421005,16.91436355,8.36916416,2.73366830,23.03306614,7.99577861,31
2018-11-09,2018-11-24,2018-12-07,central_north,2018-09-27,2018-10-10,1.20526907,28.59389445,-1.98367149,24.50224511,11.38614781,66.90399027,110
2018-11-09,2018-11-24,2018-12-07,central_south,2018-09-27,2018-10-10,11.00439047,45.65544902,9.69354989,21.27998889,23.51651229,57.64964591,72
2018-11-09,2018-11-24,2018-12-07,east_north,2018-09-27,2018-10-10,2.56999672,50.66440547,1.33956506,47.54623999,17.19285357,44.87259586,45
2018-11-09,2018-11-24,2018-12-07,east_south,2018-09-27,2018-10-10,12.93345251,47.70048814,10.69150826,55.57184224,25.50132288,34.71805375,23
2018-11-09,2018-11-24,2018-12-07,west_north,2018-09-27,2018-10-10,0.20834963,47.64033245,-1.52168742,35.22155784,10.12720863,28.84964478,95
2018-11-09,2018-11-24,2018-12-07,west_south,2018-09-27,2018-10-10,7.73677704,35.53537567,7.58701782,23.31792416,19.10099766,20.64942091,31
2018-11-23,2018-12-08,2018-12-21,central_north,2018-10-11,2018-10-24,-1.71200122,22.96449774,0.01195469,7.25196197,6.67038327,13.59022115,110
2018-11-23,2018-12-08,2018-12-21,central_south,2018-10-11,2018-10-24,8.40735280,41.43001647,8.19682844,61.65645659,15.28586366,66.02808165,72
2018-11-23,2018-12-08,2018-12-21,east_north,2018-10-11,2018-10-24,-1.94013091,46.13666811,0.15668945,42.33342375,8.25902626,42.93933613,45
2018-11-23,2018-12-08,2018-12-21,east_south,2018-10-11,2018-10-24,10.04257890,62.66878038,9.99397989,90.21467448,19.39741766,51.60925704,23
2018-11-23,2018-12-08,2018-12-21,west_north,2018-10-11,2018-10-24,-1.34813188,49.20452707,0.26009303,29.49576912,7.58744328,7.09642208,95
2018-11-23,2018-12-08,2018-12-21,west_south,2018-10-11,2018-10-24,6.01665584,25.14416290,7.72164152,4.00536138,14.92226938,24.64803242,31
2018-12-07,2018-12-22,2019-01-04,central_north,2018-10-25,2018-11-07,-2.45432088,20.01529742,-3.20900965,28.98263084,6.61734685,33.91272097,110
2018-12-07,2018-12-22,2019-01-04,central_south,2018-10-25,2018-11-07,6.05412024,39.57058190,8.12788829,79.46363515,16.03200387,54.09805442,72
2018-12-07,2018-12-22,2019-01-04,east_north,2018-10-25,2018-11-07,-2.06005962,45.39930361,1.25529326,51.50579823,7.66699116,81.22114009,45
2018-12-07,2018-12-22,2019-01-04,east_south,2018-10-25,2018-11-07,8.75206099,61.49900470,13.45222002,51.59867552,16.51457987,50.59831864,23
2018-12-07,2018-12-22,2019-01-04,west_north,2018-10-25,2018-11-07,-1.74492185,34.42574843,-3.63911965,24.34137611,6.70666960,25.43587988,95
2018-12-07,2018-12-22,2019-01-04,west_south,2018-10-25,2018-11-07,5.41108436,6.78485129,3.44431862,9.80693416,14.66085121,3.00760534,31
2018-12-21,2019-01-05,2019-01-18,central_north,2018-11-08,2018-11-21,-2.35507576,17.46283886,-2.22238562,13.96846878,-2.32348153,8.90156338,110
2018-12-21,2019-01-05,2019-01-18,central_south,2018-11-08,2018-11-21,6.64953672,38.15768600,9.08943945,13.00048347,7.68872604,39.24592102,72
2018-12-21,2019-01-05,2019-01-18,east_north,2018-11-08,2018-11-21,-4.14210981,33.37010114,-2.56909891,23.64599931,1.08004687,57.61461513,45
2018-12-21,2019-01-05,2019-01-18,east_south,2018-11-08,2018-11-21,7.40846560,40.43721412,9.26279741,25.78331000,12.81339457,78.47161306,23
2018-12-21,2019-01-05,2019-01-18,west_north,2018-11-08,2018-11-21,-0.80804281,43.97291845,-1.09615795,34.83890797,-0.07218957,4.07490752,95
2018-12-21,2019-01-05,2019-01-18,west_south,2018-11-08,2018-11-21,6.70208158,30.52075024,6.92318835,41.17616967,8.57734699,0.23535671,31
2019-01-04,2019-01-19,2019-02-01,central_north,2018-11-22,2018-12-05,-5.51339840,25.03887224,-10.27797531,17.04103927,-0.45750915,24.05068758,110
2019-01-04,2019-01-19,2019-02-01,central_south,2018-11-22,2018-12-05,6.45048973,45.42194461,6.19532685,32.21864722,10.26777986,19.38720709,72
2019-01-04,2019-01-19,2019-02-01,east_north,2018-11-22,2018-12-05,-5.87184520,45.01774330,-7.13750364,59.57664303,1.08366613,46.93980948,45
2019-01-04,2019-01-19,2019-02-01,east_south,2018-11-22,2018-12-05,7.58906648,53.39299698,7.28304784,61.12822078,11.12146688,55.67542899,23
2019-01-04,2019-01-19,2019-02-01,west_north,2018-11-22,2018-12-05,-2.31176496,25.86900119,-0.98259319,22.93177921,-0.41297280,42.28632146,95
2019-01-04,2019-01-19,2019-02-01,west_south,2018-11-22,2018-12-05,6.38122220,25.63930085,7.60977527,4.70925280,7.83057858,17.84834686,31
2019-01-18,2019-02-02,2019-02-15,central_north,2018-12-06,2018-12-19,-4.71740470,23.46080181,-6.95613888,28.39075708,-1.06373856,6.31387300,110
2019-01-18,2019-02-02,2019-02-15,central_south,2018-12-06,2018-12-19,7.06406162,42.43196232,11.41083716,29.77905898,7.94236747,56.35266850,72
2019-01-18,2019-02-02,2019-02-15,east_north,2018-12-06,2018-12-19,-5.90099966,42.05687397,0.59003029,48.06018877,-0.91563351,25.27260732,45
2019-01-18,2019-02-02,2019-02-15,east_south,2018-12-06,2018-12-19,7.97014395,53.74256939,13.53032570,27.87341895,9.10509888,59.04955060,23
2019-01-18,2019-02-02,2019-02-15,west_north,2018-12-06,2018-12-19,-0.49140294,29.70818167,-5.00472460,58.49247930,-0.69372629,26.68294466,95
2019-01-18,2019-02-02,2019-02-15,west_south,2018-12-06,2018-12-19,7.83465351,18.73922182,6.34481586,50.69701988,7.52514397,11.97460171,31
2019-02-01,2019-02-16,2019-03-01,central_north,2018-12-20,2019-01-02,-5.63003155,26.52454192,-8.34348971,23.36076771,-3.24389066,29.85473396,110
2019-02-01,2019-02-16,2019-03-01,central_south,2018-12-20,2019-01-02,7.64256764,58.18099035,9.55711409,53.39898053,8.36539059,61.22609481,72
2019-02-01,2019-02-16,2019-03-01,east_north,2018-12-20,2019-01-02,-4.98399401,43.23186886,-2.09943405,44.02540756,1.78075175,67.55356985,45
2019-02-01,2019-02-16,2019-03-01,east_south,2018-12-20,2019-01-02,9.28518424,72.42029661,14.15706046,59.65412799,13.09811542,72.34499546,23
2019-02-01,2019-02-16,2019-03-01,west_north,2018-12-20,2019-01-02,-2.27541315,31.15965283,-5.07124290,37.27635541,-3.02912562,25.94987977,95
2019-02-01,2019-02-16,2019-03-01,west_south,2018-12-20,2019-01-02,7.10495871,40.30645005,5.31755812,22.34353855,4.66280004,9.41398099,31
2019-02-15,2019-03-02,2019-03-15,central_north,2019-01-03,2019-01-16,-2.02383588,30.68686156,-4.74314943,37.65530643,-1.26790008,13.44829890,110
2019-02-15,2019-03-02,2019-03-15,central_south,2019-01-03,2019-01-16,10.52160869,51.65296998,10.56538343,38.03880775,8.46577267,37.17913872,72
2019-02-15,2019-03-02,2019-03-15,east_north,2019-01-03,2019-01-16,-1.89501502,46.00763436,-0.54400053,31.80024765,-1.86193677,23.98494806,45
2019-02-15,2019-03-02,2019-03-15,east_south,2019-01-03,2019-01-16,11.40216833,59.32302688,13.51223051,41.97251910,10.10618056,34.63562982,23
2019-02-15,2019-03-02,2019-03-15,west_north,2019-01-03,2019-01-16,-0.18339297,36.67692781,-2.30538742,28.41288878,-1.49202728,22.45980488,95
2019-02-15,2019-03-02,2019-03-15,west_south,2019-01-03,2019-01-16,9.29841328,18.63390915,9.67438909,33.98244197,5.70849020,31.42232359,31
2019-03-01,2019-03-16,2019-03-29,central_north,2019-01-17,2019-01-30,2.14950253,38.56194033,4.11276268,9.86835564,-9.76080940,17.63658242,110
2019-03-01,2019-03-16,2019-03-29,central_south,2019-01-17,2019-01-30,11.92703166,60.66333596,13.87635332,7.64294934,6.54185005,33.06175581,72
2019-03-01,2019-03-16,2019-03-29,east_north,2019-01-17,2019-01-30,1.52315469,53.22954771,2.93501475,22.50415606,-5.79049394,60.33384811,45
2019-03-01,2019-03-16,2019-03-29,east_south,2019-01-17,2019-01-30,12.69429615,70.30931536,12.99633739,18.26689738,7.70744805,62.56299156,23
2019-03-01,2019-03-16,2019-03-29,west_north,2019-01-17,2019-01-30,2.74122339,31.87808875,4.24364406,16.84153348,-0.99762958,37.10303062,95
2019-03-01,2019-03-16,2019-03-29,west_south,2019-01-17,2019-01-30,10.56098528,18.73683950,12.30320813,4.22852901,7.63897076,11.50444253,31
2019-03-15,2019-03-30,2019-04-12,central_north,2019-01-31,2019-02-13,7.20361830,48.70270603,6.59375776,31.85026161,-7.24424148,27.93771206,110
2019-03-15,2019-03-30,2019-04-12,central_south,2019-01-31,2019-02-13,15.48844913,64.56594471,16.23455511,46.50452427,10.75040067,30.53780921,72
2019-03-15,2019-03-30,2019-04-12,east_north,2019-01-31,2019-02-13,6.90214611,52.16758432,7.64710265,28.34789050,-1.51623613,47.38936333,45
2019-03-15,2019-03-30,2019-04-12,east_south,2019-01-31,2019-02-13,15.98015089,60.19531140,17.83396918,45.58932574,12.73734425,26.21833632,23
2019-03-15,2019-03-30,2019-04-12,west_north,2019-01-31,2019-02-13,4.63458571,37.01800890,6.34080271,35.63059469,-4.78668958,39.19324124,95
2019-03-15,2019-03-30,2019-04-12,west_south,2019-01-31,2019-02-13,11.09874244,18.81517742,13.57035308,0.98060088,6.24358251,32.04738156,31
2019-03-29,2019-04-13,2019-04-26,central_north,2019-02-14,2019-02-27,10.61210624,54.96042342,10.42308966,30.72413411,-8.32034609,23.74459968,110
2019-03-29,2019-04-13,2019-04-26,central_south,2019-02-14,2019-02-27,18.38064236,62.99889490,17.42645922,77.35890208,10.11483309,48.40205733,72
2019-03-29,2019-04-13,2019-04-26,east_north,2019-02-14,2019-02-27,9.55519022,50.95444734,11.85590687,67.69191448,-1.35862324,42.47652325,45
2019-03-29,2019-04-13,2019-04-26,east_south,2019-02-14,2019-02-27,18.18390297,48.03093271,18.86096792,51.21497446,13.71292205,56.49541087,23
2019-03-29,2019-04-13,2019-04-26,west_north,2019-02-14,2019-02-27,8.00870342,37.17914067,9.54961048,16.25673117,-5.02352039,52.17285490,95
2019-03-29,2019-04-13,2019-04-26,west_south,2019-02-14,2019-02-27,15.17565602,10.79126370,16.40364942,5.91924166,4.97550347,43.34372019,31
2019-04-12,2019-04-27,2019-05-10,central_north,2019-02-28,2019-03-13,12.22280781,52.36495249,9.23039630,62.58191952,-6.05678744,23.71199568,110
2019-04-12,2019-04-27,2019-05-10,central_south,2019-02-28,2019-03-13,19.65307097,52.13096196,20.61362938,78.71433768,10.15844885,34.91318668,72
2019-04-12,2019-04-27,2019-05-10,east_north,2019-02-28,2019-03-13,11.31545138,46.04801155,12.64923222,55.60868426,-2.45455148,31.15676804,45
2019-04-12,2019-04-27,2019-05-10,east_south,2019-02-28,2019-03-13,19.08578423,49.92345096,22.53201459,32.59808270,12.97270762,44.92103763,23
2019-04-12,2019-04-27,2019-05-10,west_north,2019-02-28,2019-03-13,9.59143611,30.70707875,8.70722055,13.38213392,-2.34698716,31.25955796,95
2019-04-12,2019-04-27,2019-05-10,west_south,2019-02-28,2019-03-13,16.86550578,9.84247608,16.90740582,8.85516664,10.42068907,33.06512054,31
2019-04-26,2019-05-11,2019-05-24,central_north,2019-03-14,2019-03-27,14.14316006,63.70895345,13.23892502,68.69539309,3.49367027,21.88470786,110
2019-04-26,2019-05-11,2019-05-24,central_south,2019-03-14,2019-03-27,21.53870008,54.19412967,22.34890945,49.57982348,13.12602174,15.74686219,72
2019-04-26,2019-05-11,2019-05-24,east_north,2019-03-14,2019-03-27,13.98363016,57.24986473,14.26730420,50.32966057,3.20424277,25.23877359,45
2019-04-26,2019-05-11,2019-05-24,east_south,2019-03-14,2019-03-27,20.84613958,47.14308888,23.43909781,30.30136617,13.62958688,19.73287343,23
2019-04-26,2019-05-11,2019-05-24,west_north,2019-03-14,2019-03-27,12.16084012,37.76394440,10.47322132,41.05372447,3.45106741,13.80692184,95
2019-04-26,2019-05-11,2019-05-24,west_south,2019-03-14,2019-03-27,19.06402215,7.22199481,15.85203217,17.90952823,11.31142383,5.79495097,31
2019-05-10,2019-05-25,2019-06-07,central_north,2019-03-28,2019-04-10,17.79243606,53.63633740,18.29872614,49.93726678,7.04266777,22.46651327,110
2019-05-10,2019-05-25,2019-06-07,central_south,2019-03-28,2019-04-10,24.09058851,28.84545390,25.11333528,60.80038425,16.45283710,45.51021644,72
2019-05-10,2019-05-25,2019-06-07,east_north,2019-03-28,2019-04-10,16.76255271,46.58670253,17.73154428,51.88277801,7.33320245,28.72507868,45
2019-05-10,2019-05-25,2019-06-07,east_south,2019-03-28,2019-04-10,23.12343403,44.00352292,26.61594800,25.50280042,16.85856024,45.51658251,23
2019-05-10,2019-05-25,2019-06-07,west_north,2019-03-28,2019-04-10,13.14182160,32.84571521,14.01578058,24.89491772,6.41380263,35.36630558,95
2019-05-10,2019-05-25,2019-06-07,west_south,2019-03-28,2019-04-10,20.56293503,4.41378800,19.52622338,3.63363900,13.94078967,1.14394983,31
2019-05-24,2019-06-08,2019-06-21,central_north,2019-04-11,2019-04-24,18.94116938,52.33015200,18.08987135,48.92783571,9.24969860,37.56707448,110
2019-05-24,2019-06-08,2019-06-21,central_south,2019-04-11,2019-04-24,24.90840635,41.89463143,25.28722804,40.73513682,17.00896533,62.91271640,72
2019-05-24,2019-06-08,2019-06-21,east_north,2019-04-11,2019-04-24,18.67721091,61.98400778,18.43434933,81.39872322,11.62379982,61.30630089,45
2019-05-24,2019-06-08,2019-06-21,east_south,2019-04-11,2019-04-24,24.45281720,69.89928811,24.99095890,126.13003706,19.00871389,48.85060858,23
2019-05-24,2019-06-08,2019-06-21,west_north,2019-04-11,2019-04-24,16.90870459,20.37871395,16.05302606,10.68609368,8.47260085,20.84657352,95
2019-05-24,2019-06-08,2019-06-21,west_south,2019-04-11,2019-04-24,24.09137751,5.38495868,24.09666571,1.61437998,15.08207827,5.98025003,31
2019-06-07,2019-06-22,2019-07-05,central_north,2019-04-25,2019-05-08,21.31556265,56.01952441,22.48019812,59.26358175,9.66655179,54.72330677,110
2019-06-07,2019-06-22,2019-07-05,central_south,2019-04-25,2019-05-08,26.55079153,45.69592197,27.09856305,40.90286122,20.91669161,64.93084544,72
2019-06-07,2019-06-22,2019-07-05,east_north,2019-04-25,2019-05-08,20.10723412,51.67826376,22.33969513,32.18123114,12.18939655,55.04994304,45
2019-06-07,2019-06-22,2019-07-05,east_south,2019-04-25,2019-05-08,25.41703210,73.37356514,27.32457676,36.55774698,22.08850416,31.71007786,23
2019-06-07,2019-06-22,2019-07-05,west_north,2019-04-25,2019-05-08,18.26540740,19.68105280,16.71493952,10.84609357,8.92426611,11.22952831,95
2019-06-07,2019-06-22,2019-07-05,west_south,2019-04-25,2019-05-08,24.86146005,3.51045155,24.45401626,1.56896442,17.69577696,4.01374609,31
2019-06-21,2019-07-06,2019-07-19,central_north,2019-05-09,2019-05-22,22.20870530,46.52148338,23.95795256,42.45799342,12.28941977,69.10195275,110
2019-06-21,2019-07-06,2019-07-19,central_south,2019-05-09,2019-05-22,26.73391460,43.67808026,28.20012763,45.48959804,21.10006569,77.22415498,72
2019-06-21,2019-07-06,2019-07-19,east_north,2019-05-09,2019-05-22,21.57606218,47.98567999,23.38565017,48.58426972,13.84080976,51.59935995,45
2019-06-21,2019-07-06,2019-07-19,east_south,2019-05-09,2019-05-22,25.95464063,75.77123888,27.97152316,66.89317858,23.05312033,33.85045719,23
2019-06-21,2019-07-06,2019-07-19,west_north,2019-05-09,2019-05-22,20.05269088,16.87436320,19.95813873,6.97190758,10.49413824,37.38634058,95
2019-06-21,2019-07-06,2019-07-19,west_south,2019-05-09,2019-05-22,25.86675295,8.90419700,26.64590251,5.34417853,15.95881733,20.26657440,31
2019-07-05,2019-07-20,2019-08-02,central_north,2019-05-23,2019-06-05,22.49972665,44.24405526,22.24873467,32.47923730,17.33932937,59.05010061,110
2019-07-05,2019-07-20,2019-08-02,central_south,2019-05-23,2019-06-05,27.06665832,45.60320097,27.07113764,21.53071436,25.25110786,38.02146749,72
2019-07-05,2019-07-20,2019-08-02,east_north,2019-05-23,2019-06-05,21.97386300,46.60889088,22.79957767,40.47552257,17.55978088,47.07594518,45
2019-07-05,2019-07-20,2019-08-02,east_south,2019-05-23,2019-06-05,25.79986137,82.81169485,26.22396608,63.51444358,26.67958488,12.55022121,23
2019-07-05,2019-07-20,2019-08-02,west_north,2019-05-23,2019-06-05,21.11887072,13.22797718,21.23501979,5.98745031,13.34045086,28.92074019,95
2019-07-05,2019-07-20,2019-08-02,west_south,2019-05-23,2019-06-05,27.08164098,10.40405272,27.49325057,14.37563590,18.22212992,6.00644588,31
2019-07-19,2019-08-03,2019-08-16,central_north,2019-06-06,2019-06-19,21.75068831,40.73041998,22.27690507,44.34274109,18.46793588,41.32888230,110
2019-07-19,2019-08-03,2019-08-16,central_south,2019-06-06,2019-06-19,26.53342189,40.21881740,29.10041479,27.35880276,24.79243231,60.28777846,72
2019-07-19,2019-08-03,2019-08-16,east_north,2019-06-06,2019-06-19,20.90192165,47.86513123,21.75458312,37.96589356,18.39863914,71.84768288,45
2019-07-19,2019-08-03,2019-08-16,east_south,2019-06-06,2019-06-19,25.82495309,66.87495368,27.56676612,68.09873031,24.79510075,125.73123889,23
2019-07-19,2019-08-03,2019-08-16,west_north,2019-06-06,2019-06-19,20.85571548,14.16993246,20.49196989,10.07420515,16.26643466,10.57129447,95
2019-07-19,2019-08-03,2019-08-16,west_south,2019-06-06,2019-06-19,26.09344799,14.15636181,26.72224661,11.79310080,23.99624570,1.80204026,31
2019-08-02,2019-08-17,2019-08-30,central_north,2019-06-20,2019-07-03,20.62317238,41.81466942,20.35848553,47.46785132,21.88071411,58.37168500,110
2019-08-02,2019-08-17,2019-08-30,central_south,2019-06-20,2019-07-03,26.10322503,38.20167701,28.22470034,45.09462201,27.08235590,42.03882112,72
2019-08-02,2019-08-17,2019-08-30,east_north,2019-06-20,2019-07-03,19.69357314,38.52904232,20.81188022,43.96828737,21.56267210,48.49073614,45
2019-08-02,2019-08-17,2019-08-30,east_south,2019-06-20,2019-07-03,25.16902656,58.71900869,26.35867529,62.68002963,27.20001746,39.14186939,23
2019-08-02,2019-08-17,2019-08-30,west_north,2019-06-20,2019-07-03,18.86445210,16.82000778,19.71457272,3.85268301,16.06694683,11.52027436,95
2019-08-02,2019-08-17,2019-08-30,west_south,2019-06-20,2019-07-03,24.78726631,12.80597032,26.87608424,5.08620874,24.32933717,1.61122423,31
2019-08-16,2019-08-31,2019-09-13,central_north,2019-07-04,2019-07-17,16.66660010,41.02273630,19.47026050,55.60328704,23.48234275,46.89414644,110
2019-08-16,2019-08-31,2019-09-13,central_south,2019-07-04,2019-07-17,23.39425702,25.34806169,27.54927359,15.62337802,28.05171386,47.36281250,72
2019-08-16,2019-08-31,2019-09-13,east_north,2019-07-04,2019-07-17,16.59898737,30.39369576,19.18133347,29.11115609,23.34140489,41.63523249,45
2019-08-16,2019-08-31,2019-09-13,east_south,2019-07-04,2019-07-17,22.97820606,42.25526623,27.01167256,42.05986186,27.91663450,69.95036300,23
2019-08-16,2019-08-31,2019-09-13,west_north,2019-07-04,2019-07-17,17.16499418,20.30883715,17.85713335,18.29582588,19.64437404,8.25007026,95
2019-08-16,2019-08-31,2019-09-13,west_south,2019-07-04,2019-07-17,23.31446180,16.02461174,25.65225526,7.45745036,26.31553708,4.36141134,31
2019-08-30,2019-09-14,2019-09-27,central_north,2019-07-18,2019-07-31,15.70820530,41.20941769,19.80658924,30.60438534,22.80542892,35.22006738,110
2019-08-30,2019-09-14,2019-09-27,central_south,2019-07-18,2019-07-31,22.51199057,28.75966891,26.67405490,32.31979102,27.23911801,21.89527333,72
2019-08-30,2019-09-14,2019-09-27,east_north,2019-07-18,2019-07-31,15.62464607,38.10215014,18.34722865,16.05922935,23.27475291,47.52347509,45
2019-08-30,2019-09-14,2019-09-27,east_south,2019-07-18,2019-07-31,22.06798244,34.26506688,25.14534811,8.48324526,26.51178072,58.38237400,23
2019-08-30,2019-09-14,2019-09-27,west_north,2019-07-18,2019-07-31,14.30093738,19.98194138,14.01485038,16.14129223,20.95809102,5.07997758,95
2019-08-30,2019-09-14,2019-09-27,west_south,2019-07-18,2019-07-31,21.52597808,9.70923699,21.33145710,19.54173032,27.52505146,13.15393189,31
2019-09-13,2019-09-28,2019-10-11,central_north,2019-08-01,2019-08-14,12.23403271,28.09166666,12.58393817,62.74689462,22.49350806,43.81585967,110
2019-09-13,2019-09-28,2019-10-11,central_south,2019-08-01,2019-08-14,19.00403949,22.84900103,23.83839302,28.26398530,29.02444665,25.71830539,72
2019-09-13,2019-09-28,2019-10-11,east_north,2019-08-01,2019-08-14,11.87712798,44.65126731,15.71670952,33.71768046,21.78734565,36.88950259,45
2019-09-13,2019-09-28,2019-10-11,east_south,2019-08-01,2019-08-14,19.20828502,40.51833913,24.73768100,18.75154661,27.41109649,65.19147387,23
2019-09-13,2019-09-28,2019-10-11,west_north,2019-08-01,2019-08-14,12.63887919,15.74527588,6.46178683,17.17858266,20.67873078,11.06782258,95
2019-09-13,2019-09-28,2019-10-11,west_south,2019-08-01,2019-08-14,20.21336669,6.02287415,17.80124324,2.59602444,26.65549571,13.55805737,31
2019-09-27,2019-10-12,2019-10-25,central_north,2019-08-15,2019-08-28,9.02768476,40.40967347,7.79581098,23.94358996,20.68816497,48.37403932,110
2019-09-27,2019-10-12,2019-10-25,central_south,2019-08-15,2019-08-28,17.76556791,28.48738371,16.58533236,49.04522769,28.47232879,46.02563242,72
2019-09-27,2019-10-12,2019-10-25,east_north,2019-08-15,2019-08-28,9.67403890,50.39055613,10.33707030,47.18954707,21.09356488,41.54528343,45
2019-09-27,2019-10-12,2019-10-25,east_south,2019-08-15,2019-08-28,18.32053627,35.83177245,19.22091369,67.21622816,26.69467555,76.53991394,23
2019-09-27,2019-10-12,2019-10-25,west_north,2019-08-15,2019-08-28,6.84198901,26.21117115,6.92941652,15.28883726,19.71666588,3.66610372,95
2019-09-27,2019-10-12,2019-10-25,west_south,2019-08-15,2019-08-28,15.62729489,8.70734944,15.55007645,0.25671925,26.90793827,3.26453262,31
2019-10-11,2019-10-26,2019-11-08,central_north,2019-08-29,2019-09-11,6.64025065,23.74295012,0.95806276,22.70953595,19.58211648,37.77740157,110
2019-10-11,2019-10-26,2019-11-08,central_south,2019-08-29,2019-09-11,13.94502904,24.93146188,11.73690456,61.68407408,27.52934391,13.60645830,72
2019-10-11,2019-10-26,2019-11-08,east_north,2019-08-29,2019-09-11,6.36415305,39.25646700,7.48192838,67.53294394,19.21850757,30.94555401,45
2019-10-11,2019-10-26,2019-11-08,east_south,2019-08-29,2019-09-11,14.76328204,30.44533651,17.67038358,50.34889576,26.69090414,42.77298852,23
2019-10-11,2019-10-26,2019-11-08,west_north,2019-08-29,2019-09-11,5.38423521,27.57413496,1.05554581,4.62402917,18.64924307,14.91412899,95
2019-10-11,2019-10-26,2019-11-08,west_south,2019-08-29,2019-09-11,13.41343287,13.19935084,11.63563097,1.83637329,26.16690115,9.68343583,31
2019-10-25,2019-11-09,2019-11-22,central_north,2019-09-12,2019-09-25,2.72483813,29.75825671,0.69414089,12.74058201,20.10213902,51.32127334,110
2019-10-25,2019-11-09,2019-11-22,central_south,2019-09-12,2019-09-25,12.09942632,40.81674304,9.84659779,15.81105856,26.74843085,33.95346548,72
2019-10-25,2019-11-09,2019-11-22,east_north,2019-09-12,2019-09-25,3.43339537,50.83836958,0.93542763,15.17337785,18.67347493,18.77112043,45
2019-10-25,2019-11-09,2019-11-22,east_south,2019-09-12,2019-09-25,13.50790894,39.47019323,10.86595268,33.15224375,25.20060962,9.81679892,23
2019-10-25,2019-11-09,2019-11-22,west_north,2019-09-12,2019-09-25,2.08243064,31.61712981,3.93174062,11.41324121,14.17340294,18.45248684,95
2019-10-25,2019-11-09,2019-11-22,west_south,2019-09-12,2019-09-25,10.31959697,13.76826431,12.18865059,27.74692470,21.77520151,17.15764846,31
2019-11-08,2019-11-23,2019-12-06,central_north,2019-09-26,2019-10-09,0.28036638,25.11070078,0.62047514,27.85762079,13.92967409,53.04751404,110
2019-11-08,2019-11-23,2019-12-06,central_south,2019-09-26,2019-10-09,9.68669208,49.35250747,11.21056213,27.16833757,24.98510769,25.98079331,72
2019-11-08,2019-11-23,2019-12-06,east_north,2019-09-26,2019-10-09,1.48270119,49.16518849,1.94887529,44.59418400,16.12808768,36.29490390,45
2019-11-08,2019-11-23,2019-12-06,east_south,2019-09-26,2019-10-09,12.49023461,47.13738610,11.80026986,31.11326283,25.57000249,16.04689269,23
2019-11-08,2019-11-23,2019-12-06,west_north,2019-09-26,2019-10-09,-0.26674077,31.87197963,-1.51816948,27.48670742,8.27680967,17.67102586,95
2019-11-08,2019-11-23,2019-12-06,west_south,2019-09-26,2019-10-09,7.57511876,21.10456959,7.06679962,48.90155490,18.73927339,5.02305328,31
2019-11-22,2019-12-07,2019-12-20,central_north,2019-10-10,2019-10-23,-5.71525446,23.48700618,-4.51017965,9.71918796,7.98103795,33.32178696,110
2019-11-22,2019-12-07,2019-12-20,central_south,2019-10-10,2019-10-23,6.76777556,44.58955590,8.58111197,24.64405639,17.43549287,41.50783449,72
2019-11-22,2019-12-07,2019-12-20,east_north,2019-10-10,2019-10-23,-2.92618265,49.11940227,-0.85191587,54.62775972,10.95336894,45.09659139,45
2019-11-22,2019-12-07,2019-12-20,east_south,2019-10-10,2019-10-23,10.02540745,70.97021418,11.32089873,60.78670294,19.52129354,69.86723758,23
2019-11-22,2019-12-07,2019-12-20,west_north,2019-10-10,2019-10-23,-3.38844184,47.74713254,-0.98995198,32.63109248,6.12855282,15.85513829,95
2019-11-22,2019-12-07,2019-12-20,west_south,2019-10-10,2019-10-23,5.45932837,22.08473641,6.97067080,11.77790472,15.50915689,0.23386314,31
2019-12-06,2019-12-21,2020-01-03,central_north,2019-10-24,2019-11-06,-5.01363194,23.40795708,0.66430832,28.11772019,2.02759431,21.81733035,110
2019-12-06,2019-12-21,2020-01-03,central_south,2019-10-24,2019-11-06,5.85690797,46.32640396,10.45486787,48.32872256,12.17810452,58.02060314,72
2019-12-06,2019-12-21,2020-01-03,east_north,2019-10-24,2019-11-06,-5.34006146,51.54577042,3.03460727,28.21512459,8.75326510,65.03119156,45
2019-12-06,2019-12-21,2020-01-03,east_south,2019-10-24,2019-11-06,7.95050964,65.52839828,13.81500275,64.01041459,18.21631801,41.33784928,23
2019-12-06,2019-12-21,2020-01-03,west_north,2019-10-24,2019-11-06,-2.22590569,35.86806572,-1.35140889,20.79444284,1.39781466,4.99496903,95
2019-12-06,2019-12-21,2020-01-03,west_south,2019-10-24,2019-11-06,5.54990422,18.70900737,4.66960531,26.35492378,11.71809026,0.31254548,31
2019-12-20,2020-01-04,2020-01-17,central_north,2019-11-07,2019-11-20,-6.22250808,20.01365742,-4.07749093,21.10270720,0.33440255,7.50836339,110
2019-12-20,2020-01-04,2020-01-17,central_south,2019-11-07,2019-11-20,5.99041830,43.72544922,11.04912742,51.95097439,9.33339040,24.30559185,72
2019-12-20,2020-01-04,2020-01-17,east_north,2019-11-07,2019-11-20,-5.31367591,41.64687727,1.57532889,37.25300318,0.46019039,18.51120809,45
2019-12-20,2020-01-04,2020-01-17,east_south,2019-11-07,2019-11-20,7.90231096,65.07957471,14.29568773,52.12430722,11.16098293,42.31446738,23
2019-12-20,2020-01-04,2020-01-17,west_north,2019-11-07,2019-11-20,-3.87237038,30.87291468,-2.89018007,32.43551916,4.48583657,8.18300794,95
2019-12-20,2020-01-04,2020-01-17,west_south,2019-11-07,2019-11-20,4.64359215,20.12096469,5.91449636,5.26445326,12.98351701,11.63946556,31
2020-01-03,2020-01-18,2020-01-31,central_north,2019-11-21,2019-12-04,-7.22886740,24.94659850,-3.15784348,20.12770521,0.66796213,35.42271110,110
2020-01-03,2020-01-18,2020-01-31,central_south,2019-11-21,2019-12-04,7.66480436,55.91903663,7.60491361,32.39868569,11.29341346,34.19212318,72
2020-01-03,2020-01-18,2020-01-31,east_north,2019-11-21,2019-12-04,-4.50511707,53.29021283,-1.84329037,33.16041675,2.47174035,45.45991169,45
2020-01-03,2020-01-18,2020-01-31,east_south,2019-11-21,2019-12-04,11.05235057,71.01918970,8.44531005,21.32326985,12.21539333,31.22682182,23
2020-01-03,2020-01-18,2020-01-31,west_north,2019-11-21,2019-12-04,-5.44911886,33.26920694,0.73721085,28.78991543,-1.63673645,27.40735399,95
2020-01-03,2020-01-18,2020-01-31,west_south,2019-11-21,2019-12-04,4.80467990,24.83087962,7.96784855,5.18016627,6.88858991,58.79986679,31
2020-01-17,2020-02-01,2020-02-14,central_north,2019-12-05,2019-12-18,-4.80052220,21.07662744,-4.05320074,14.74528621,-4.17871821,9.95863466,110
2020-01-17,2020-02-01,2020-02-14,central_south,2019-12-05,2019-12-18,6.85903880,38.04064506,9.04477512,75.03655777,9.59852053,25.14500351,72
2020-01-17,2020-02-01,2020-02-14,east_north,2019-12-05,2019-12-18,-6.32895418,41.73638764,0.28071371,55.83504818,0.18242262,55.02852119,45
2020-01-17,2020-02-01,2020-02-14,east_south,2019-12-05,2019-12-18,7.71686535,56.96987415,13.55001773,104.77142336,11.79043895,60.28772773,23
2020-01-17,2020-02-01,2020-02-14,west_north,2019-12-05,2019-12-18,-0.39613728,29.13770419,-1.22795584,23.35788174,-0.83373229,30.48795010,95
2020-01-17,2020-02-01,2020-02-14,west_south,2019-12-05,2019-12-18,7.56692288,12.02700255,6.61543918,8.41200827,7.64057519,19.30837752,31
2020-01-31,2020-02-15,2020-02-28,central_north,2019-12-19,2020-01-01,-3.29281551,28.64187143,-2.64124981,11.52578230,0.17553061,26.68163498,110
2020-01-31,2020-02-15,2020-02-28,central_south,2019-12-19,2020-01-01,9.79810606,50.66244865,9.15416136,32.34480199,9.66704978,31.70185403,72
2020-01-31,2020-02-15,2020-02-28,east_north,2019-12-19,2020-01-01,-3.56760388,51.55617686,-0.50576501,22.51245069,1.44175934,25.46920798,45
2020-01-31,2020-02-15,2020-02-28,east_south,2019-12-19,2020-01-01,11.64434632,68.45530610,10.73235739,58.29808710,12.72887712,56.86239529,23
2020-01-31,2020-02-15,2020-02-28,west_north,2019-12-19,2020-01-01,-1.36264520,31.87886594,-0.42790717,10.78536954,-1.39223298,21.74804845,95
2020-01-31,2020-02-15,2020-02-28,west_south,2019-12-19,2020-01-01,8.54647253,15.94450188,9.36388640,10.22985352,4.58544521,25.97524223,31
2020-02-14,2020-02-29,2020-03-13,central_north,2020-01-02,2020-01-15,-0.72280515,28.29128261,3.90713596,16.01468576,-2.72484432,21.18844156,110
2020-02-14,2020-02-29,2020-03-13,central_south,2020-01-02,2020-01-15,9.65108928,49.35165388,14.93139956,38.46860988,11.08405233,60.06303917,72
2020-02-14,2020-02-29,2020-03-13,east_north,2020-01-02,2020-01-15,-1.87038535,47.82287652,4.38037115,22.81737061,2.66802854,37.89497003,45
2020-02-14,2020-02-29,2020-03-13,east_south,2020-01-02,2020-01-15,10.57454960,76.15606392,14.02875425,40.43297749,14.43822997,58.11028754,23
2020-02-14,2020-02-29,2020-03-13,west_north,2020-01-02,2020-01-15,0.21991950,33.73110695,3.23769957,9.77583569,-2.29723382,32.28360403,95
2020-02-14,2020-02-29,2020-03-13,west_south,2020-01-02,2020-01-15,8.19931587,25.21806339,11.35516024,31.09305532,5.67655316,1.67353141,31
2020-02-28,2020-03-14,2020-03-27,central_north,2020-01-16,2020-01-29,4.34889548,47.40253728,2.97259750,30.25472970,-4.23534861,20.79182055,110
2020-02-28,2020-03-14,2020-03-27,central_south,2020-01-16,2020-01-29,14.56538013,48.53071121,17.36438259,62.20484547,8.15167025,39.72311700,72
2020-02-28,2020-03-14,2020-03-27,east_north,2020-01-16,2020-01-29,3.97651099,54.48054440,4.97719045,42.65209489,-1.97643031,35.92163038,45
2020-02-28,2020-03-14,2020-03-27,east_south,2020-01-16,2020-01-29,14.46895477,49.51625754,18.54860988,34.95370642,9.04750570,20.31166635,23
2020-02-28,2020-03-14,2020-03-27,west_north,2020-01-16,2020-01-29,1.93281739,42.60337451,2.15447737,24.23407017,-0.03193363,30.25822851,95
2020-02-28,2020-03-14,2020-03-27,west_south,2020-01-16,2020-01-29,9.91334472,21.35642412,10.23694576,26.54527064,7.82594824,9.31979486,31
2020-03-13,2020-03-28,2020-04-10,central_north,2020-01-30,2020-02-12,5.74720247,42.18192670,6.89652695,20.83823278,-2.53009733,11.64807805,110
2020-03-13,2020-03-28,2020-04-10,central_south,2020-01-30,2020-02-12,15.11926137,49.91880575,17.28857460,31.14763382,9.32371016,65.50525330,72
2020-03-13,2020-03-28,2020-04-10,east_north,2020-01-30,2020-02-12,4.30384629,55.45106044,8.23247303,45.04078895,0.65009505,45.41584042,45
2020-03-13,2020-03-28,2020-04-10,east_south,2020-01-30,2020-02-12,14.98954669,50.77470654,18.89739494,16.64359637,12.87965774,95.19077300,23
2020-03-13,2020-03-28,2020-04-10,west_north,2020-01-30,2020-02-12,5.10327325,37.53816634,4.66931101,23.45276397,-0.90466219,25.68894582,95
2020-03-13,2020-03-28,2020-04-10,west_south,2020-01-30,2020-02-12,12.78891732,16.98297202,12.07584383,18.19974677,6.75942049,8.10294270,31
2020-03-27,2020-04-11,2020-04-24,central_north,2020-02-13,2020-02-26,8.58702076,52.55658244,5.49118272,19.55990843,-3.99538402,14.75837592,110
2020-03-27,2020-04-11,2020-04-24,central_south,2020-02-13,2020-02-26,17.74068195,63.82124807,16.02682619,63.21862826,8.83671883,42.96589883,72
2020-03-27,2020-04-11,2020-04-24,east_north,2020-02-13,2020-02-26,7.32204028,53.39877607,5.84346510,45.67193845,-0.89344005,20.97093259,45
2020-03-27,2020-04-11,2020-04-24,east_south,2020-02-13,2020-02-26,17.24686668,53.59467268,17.61944817,90.22632315,11.73281182,66.08076671,23
2020-03-27,2020-04-11,2020-04-24,west_north,2020-02-13,2020-02-26,6.31465424,38.90572751,6.27833057,12.96111557,-0.91229662,11.47346639,95
2020-03-27,2020-04-11,2020-04-24,west_south,2020-02-13,2020-02-26,13.66624960,11.69995225,14.24353217,6.97727639,8.88145913,10.55676090,31
2020-04-10,2020-04-25,2020-05-08,central_north,2020-02-27,2020-03-11,10.67012879,56.56818519,11.70589159,35.66927665,3.16424247,13.10862544,110
2020-04-10,2020-04-25,2020-05-08,central_south,2020-02-27,2020-03-11,19.37043046,54.62351254,20.53842291,27.39328590,13.31701266,32.93520975,72
2020-04-10,2020-04-25,2020-05-08,east_north,2020-02-27,2020-03-11,9.58316794,57.47488166,9.91170887,49.91286885,2.98031269,28.05063026,45
2020-04-10,2020-04-25,2020-05-08,east_south,2020-02-27,2020-03-11,18.48261909,54.87839054,18.38850519,43.18116504,12.26916421,42.46629728,23
2020-04-10,2020-04-25,2020-05-08,west_north,2020-02-27,2020-03-11,9.68781094,32.94595148,11.52914583,12.89946091,3.29644474,8.34020942,95
2020-04-10,2020-04-25,2020-05-08,west_south,2020-02-27,2020-03-11,17.11999389,5.61638280,21.07117432,0.03380961,11.16768551,15.09236085,31
2020-04-24,2020-05-09,2020-05-22,central_north,2020-03-12,2020-03-25,13.52484297,58.46186349,12.63270300,40.26806058,2.37230395,31.55916212,110
2020-04-24,2020-05-09,2020-05-22,central_south,2020-03-12,2020-03-25,21.28331554,53.35172720,21.57341193,48.86680136,16.80874845,67.79584972,72
2020-04-24,2020-05-09,2020-05-22,east_north,2020-03-12,2020-03-25,13.06196193,56.41281458,11.89862858,48.29227277,4.84166227,47.20077789,45
2020-04-24,2020-05-09,2020-05-22,east_south,2020-03-12,2020-03-25,20.68204878,60.23653845,19.89098934,62.20406494,18.47417747,36.62766472,23
2020-04-24,2020-05-09,2020-05-22,west_north,2020-03-12,2020-03-25,11.86700648,27.85291828,11.66643260,32.85707268,2.31981079,23.76562275,95
2020-04-24,2020-05-09,2020-05-22,west_south,2020-03-12,2020-03-25,18.99617107,3.77278555,19.52926343,2.56688010,10.54519846,41.49119806,31
2020-05-08,2020-05-23,2020-06-05,central_north,2020-03-26,2020-04-08,17.50861812,65.10599660,19.48899476,39.91371056,7.26883241,21.95603253,110
2020-05-08,2020-05-23,2020-06-05,central_south,2020-03-26,2020-04-08,24.64664242,40.59737171,24.29218175,50.50444078,18.01485645,27.26032047,72
2020-05-08,2020-05-23,2020-06-05,east_north,2020-03-26,2020-04-08,17.10405696,58.25823280,19.04990392,32.02888668,8.73328412,36.91500999,45
2020-05-08,2020-05-23,2020-06-05,east_south,2020-03-26,2020-04-08,23.68170577,60.11488067,24.33071610,69.65398916,19.09482200,13.74063394,23
2020-05-08,2020-05-23,2020-06-05,west_north,2020-03-26,2020-04-08,13.84771597,28.41716383,16.37340229,10.07243646,3.67926269,24.40384878,95
2020-05-08,2020-05-23,2020-06-05,west_south,2020-03-26,2020-04-08,21.09932295,4.79959277,23.73738844,1.62915038,11.84281947,12.68521402,31
2020-05-22,2020-06-06,2020-06-19,central_north,2020-04-09,2020-04-22,19.32471092,60.73276646,20.99252450,33.51111229,4.60490740,15.71552559,110
2020-05-22,2020-06-06,2020-06-19,central_south,2020-04-09,2020-04-22,25.69251417,41.49808602,25.79026194,29.50005787,15.65764695,53.49078027,72
2020-05-22,2020-06-06,2020-06-19,east_north,2020-04-09,2020-04-22,19.09324516,53.71328714,18.84687989,28.22337313,5.53203605,49.01042100,45
2020-05-22,2020-06-06,2020-06-19,east_south,2020-04-09,2020-04-22,24.46645292,74.43965677,24.22008391,79.35772185,17.46031747,70.67436391,23
2020-05-22,2020-06-06,2020-06-19,west_north,2020-04-09,2020-04-22,15.81728403,20.96079317,14.04705400,31.87322700,6.02090283,9.42598848,95
2020-05-22,2020-06-06,2020-06-19,west_south,2020-04-09,2020-04-22,23.67847239,2.42081084,22.44332978,1.65142731,13.10630700,13.58391444,31
2020-06-05,2020-06-20,2020-07-03,central_north,2020-04-23,2020-05-06,21.09389353,55.71496554,22.71878944,48.89845417,12.13474408,37.26378176,110
2020-06-05,2020-06-20,2020-07-03,central_south,2020-04-23,2020-05-06,26.39371099,51.22872370,27.25362873,54.62868422,20.74993156,35.41128956,72
2020-06-05,2020-06-20,2020-07-03,east_north,2020-04-23,2020-05-06,20.69410369,52.92004380,22.47782744,39.26939692,9.95056363,55.32649528,45
2020-06-05,2020-06-20,2020-07-03,east_south,2020-04-23,2020-05-06,25.41218289,70.43811323,26.71441875,46.20554469,19.04991242,65.51339196,23
2020-06-05,2020-06-20,2020-07-03,west_north,2020-04-23,2020-05-06,18.60574434,15.06383733,18.21683504,17.84592528,11.46363092,15.42687877,95
2020-06-05,2020-06-20,2020-07-03,west_south,2020-04-23,2020-05-06,25.28281051,4.95028783,25.33385330,0.92546498,20.65868676,0.03677099,31
2020-06-19,2020-07-04,2020-07-17,central_north,2020-05-07,2020-05-20,23.18112442,44.16859829,23.79179166,44.96484184,11.30566285,40.43921787,110
2020-06-19,2020-07-04,2020-07-17,central_south,2020-05-07,2020-05-20,27.07778145,45.17357112,29.02487370,37.93426316,20.73730655,50.15717195,72
2020-06-19,2020-07-04,2020-07-17,east_north,2020-05-07,2020-05-20,21.96803001,50.48153303,23.70494968,41.89663126,10.66308175,43.24044075,45
2020-06-19,2020-07-04,2020-07-17,east_south,2020-05-07,2020-05-20,25.94678183,75.84333446,27.47218131,57.94083610,18.82426592,39.49715810,23
2020-06-19,2020-07-04,2020-07-17,west_north,2020-05-07,2020-05-20,20.06795726,13.85105521,19.90047995,3.86957110,11.69645427,28.15145580,95
2020-06-19,2020-07-04,2020-07-17,west_south,2020-05-07,2020-05-20,26.29237444,7.16565860,28.07433797,3.90453055,20.06436114,2.56521182,31
2020-07-03,2020-07-18,2020-07-31,central_north,2020-05-21,2020-06-03,22.93681206,38.61145948,23.35422783,56.42409521,18.81243198,36.88105802,110
2020-07-03,2020-07-18,2020-07-31,central_south,2020-05-21,2020-06-03,27.40899832,36.39761769,28.09000706,46.48989352,23.85674991,49.58643859,72
2020-07-03,2020-07-18,2020-07-31,east_north,2020-05-21,2020-06-03,22.02626451,53.52539153,24.43962715,41.74245872,18.18760904,30.32070732,45
2020-07-03,2020-07-18,2020-07-31,east_south,2020-05-21,2020-06-03,26.31172923,78.20151865,28.05253479,55.77711326,23.88612844,84.23920092,23
2020-07-03,2020-07-18,2020-07-31,west_north,2020-05-21,2020-06-03,21.52141191,14.34664417,21.63333019,7.80789247,15.23565910,16.66623827,95
2020-07-03,2020-07-18,2020-07-31,west_south,2020-05-21,2020-06-03,26.71507302,12.05133819,27.04451658,15.77465890,22.58872386,1.59895704,31
2020-07-17,2020-08-01,2020-08-14,central_north,2020-06-04,2020-06-17,22.16325198,38.76598470,21.90502492,32.21880303,21.24124059,32.99842966,110
2020-07-17,2020-08-01,2020-08-14,central_south,2020-06-04,2020-06-17,26.87604739,36.76053037,28.06224332,27.51321822,25.93516706,33.35082540,72
2020-07-17,2020-08-01,2020-08-14,east_north,2020-06-04,2020-06-17,21.23895668,50.55953915,22.77463689,52.56454338,18.87757445,31.84770924,45
2020-07-17,2020-08-01,2020-08-14,east_south,2020-06-04,2020-06-17,25.77198050,72.48035863,27.34288021,81.63055498,24.47286836,82.31886085,23
2020-07-17,2020-08-01,2020-08-14,west_north,2020-06-04,2020-06-17,20.64277411,12.43568996,20.83613631,2.51101664,14.47544471,28.63111407,95
2020-07-17,2020-08-01,2020-08-14,west_south,2020-06-04,2020-06-17,26.01091001,12.16862740,27.44430303,3.35073386,22.83168339,1.68325603,31
2020-07-31,2020-08-15,2020-08-28,central_north,2020-06-18,2020-07-01,20.95862447,45.18968021,23.23535380,17.24950451,22.02271350,51.81537927,110
2020-07-31,2020-08-15,2020-08-28,central_south,2020-06-18,2020-07-01,26.21880101,38.52243542,27.35715424,43.67179291,26.97269308,50.18829759,72
2020-07-31,2020-08-15,2020-08-28,east_north,2020-06-18,2020-07-01,20.72690033,48.21317002,21.42242315,37.32052011,22.14669863,40.78192491,45
2020-07-31,2020-08-15,2020-08-28,east_south,2020-06-18,2020-07-01,25.51608452,62.72593032,26.52015964,76.61703955,26.21083556,46.29818377,23
2020-07-31,2020-08-15,2020-08-28,west_north,2020-06-18,2020-07-01,19.60438086,13.67020526,21.99666558,3.90088222,17.79268450,20.47329965,95
2020-07-31,2020-08-15,2020-08-28,west_south,2020-06-18,2020-07-01,25.23754208,9.81335886,29.06743892,6.13905681,25.10623855,0.63990256,31
2020-08-14,2020-08-29,2020-09-11,central_north,2020-07-02,2020-07-15,18.26682509,41.75512690,17.01123932,40.90520960,23.92143582,42.42917548,110
2020-08-14,2020-08-29,2020-09-11,central_south,2020-07-02,2020-07-15,24.79351443,37.68292037,25.57520347,67.74947313,28.89316606,40.29815342,72
2020-08-14,2020-08-29,2020-09-11,east_north,2020-07-02,2020-07-15,18.18225784,39.99148909,19.76675436,51.83812317,23.82156413,39.25313179,45
2020-08-14,2020-08-29,2020-09-11,east_south,2020-07-02,2020-07-15,24.07326569,53.99411929,26.71310561,44.42359862,27.35132806,57.91952274,23
2020-08-14,2020-08-29,2020-09-11,west_north,2020-07-02,2020-07-15,17.68885530,12.08947121,17.14284332,7.59833133,19.38892267,4.59851832,95
2020-08-14,2020-08-29,2020-09-11,west_south,2020-07-02,2020-07-15,24.74332470,10.16727704,24.53747370,8.43126891,27.75840920,2.59306650,31
2020-08-28,2020-09-12,2020-09-25,central_north,2020-07-16,2020-07-29,15.63153652,27.43470913,17.12118505,10.00357656,23.69590983,50.87180981,110
2020-08-28,2020-09-12,2020-09-25,central_south,2020-07-16,2020-07-29,21.90222665,17.03910344,22.66402579,51.59053192,28.30785313,41.53893987,72
2020-08-28,2020-09-12,2020-09-25,east_north,2020-07-16,2020-07-29,14.98033262,32.78342285,14.36926125,12.20197219,24.44479459,37.97323877,45
2020-08-28,2020-09-12,2020-09-25,east_south,2020-07-16,2020-07-29,21.71142115,42.13440180,22.24747984,99.50467639,28.04424532,52.35348280,23
2020-08-28,2020-09-12,2020-09-25,west_north,2020-07-16,2020-07-29,16.10142958,13.56445384,15.95620420,7.47480971,21.40050632,7.39246725,95
2020-08-28,2020-09-12,2020-09-25,west_south,2020-07-16,2020-07-29,22.53155591,10.40701106,23.35286830,0.26109637,26.72715470,17.25125149,31
2020-09-11,2020-09-26,2020-10-09,central_north,2020-07-30,2020-08-12,13.05114076,30.26262002,13.43246861,11.10979042,21.62441338,39.77647255,110
2020-09-11,2020-09-26,2020-10-09,central_south,2020-07-30,2020-08-12,19.79788861,21.63129114,20.15022244,17.36752347,27.83525331,28.46157160,72
2020-09-11,2020-09-26,2020-10-09,east_north,2020-07-30,2020-08-12,11.91236834,33.26079573,13.99325799,38.60444670,22.71231689,57.61993779,45
2020-09-11,2020-09-26,2020-10-09,east_south,2020-07-30,2020-08-12,19.46609679,33.79379020,20.71833316,46.20675596,27.47820690,79.34187989,23
2020-09-11,2020-09-26,2020-10-09,west_north,2020-07-30,2020-08-12,12.92848665,18.67085200,14.12687732,4.42880939,21.35470627,2.87701893,95
2020-09-11,2020-09-26,2020-10-09,west_south,2020-07-30,2020-08-12,20.13924259,6.99957396,22.07896825,0.00059156,27.41990897,2.87111948,31
2020-09-25,2020-10-10,2020-10-23,central_north,2020-08-13,2020-08-26,11.63902681,24.58096794,8.12192076,30.38463239,23.26378629,16.68558341,110
2020-09-25,2020-10-10,2020-10-23,central_south,2020-08-13,2020-08-26,18.22428959,14.09737806,20.38174829,19.93037359,27.48205822,31.20841232,72
2020-09-25,2020-10-10,2020-10-23,east_north,2020-08-13,2020-08-26,10.65637437,26.16243280,12.75907170,51.47158834,21.60459828,34.63969901,45
2020-09-25,2020-10-10,2020-10-23,east_south,2020-08-13,2020-08-26,17.88601557,32.19873217,21.14243068,49.53984435,26.39724732,85.06712341,23
2020-09-25,2020-10-10,2020-10-23,west_north,2020-08-13,2020-08-26,9.48386670,24.67347390,8.75429919,23.98539379,21.90714662,3.21306466,95
2020-09-25,2020-10-10,2020-10-23,west_south,2020-08-13,2020-08-26,17.31443538,9.71292592,19.82509239,0.00300437,29.29392493,6.05207747,31
2020-10-09,2020-10-24,2020-11-06,central_north,2020-08-27,2020-09-09,6.73849365,27.45085184,5.23005815,17.31866216,18.52352533,38.14028410,110
2020-10-09,2020-10-24,2020-11-06,central_south,2020-08-27,2020-09-09,14.55189187,26.28387319,13.29367838,46.09412709,26.61730022,74.29740031,72
2020-10-09,2020-10-24,2020-11-06,east_north,2020-08-27,2020-09-09,6.37277898,43.80506123,7.64274076,45.83781037,20.21804947,52.60981840,45
2020-10-09,2020-10-24,2020-11-06,east_south,2020-08-27,2020-09-09,14.68035334,25.85934596,18.04017984,42.88265861,26.84913749,37.09447080,23
2020-10-09,2020-10-24,2020-11-06,west_north,2020-08-27,2020-09-09,6.87758710,26.96029475,5.34014902,11.40200709,18.04646414,7.34712922,95
2020-10-09,2020-10-24,2020-11-06,west_south,2020-08-27,2020-09-09,14.62658457,11.88680354,14.61220683,3.96495521,25.98091789,7.43080209,31
2020-10-23,2020-11-07,2020-11-20,central_north,2020-09-10,2020-09-23,3.76141289,34.39376088,5.47744586,19.91777320,16.22403822,16.19335731,110
2020-10-23,2020-11-07,2020-11-20,central_south,2020-09-10,2020-09-23,13.33966768,36.04896901,16.09461862,3.97613846,22.54853941,55.28728867,72
2020-10-23,2020-11-07,2020-11-20,east_north,2020-09-10,2020-09-23,5.31025219,48.72697288,8.45099991,33.89477782,14.67481930,18.13634886,45
2020-10-23,2020-11-07,2020-11-20,east_south,2020-09-10,2020-09-23,14.85964431,36.06022479,17.78493392,73.32844157,22.96517231,98.07806764,23
2020-10-23,2020-11-07,2020-11-20,west_north,2020-09-10,2020-09-23,2.00100178,42.37476505,1.53549954,41.28791749,15.76125674,5.05803759,95
2020-10-23,2020-11-07,2020-11-20,west_south,2020-09-10,2020-09-23,10.99188561,12.75315244,10.87400695,6.95428910,22.53148186,1.94038155,31
2020-11-06,2020-11-21,2020-12-04,central_north,2020-09-24,2020-10-07,1.54805575,35.22910568,1.14472171,17.52533617,13.78960966,12.29873688,110
2020-11-06,2020-11-21,2020-12-04,central_south,2020-09-24,2020-10-07,12.27272558,43.73045282,10.08571454,41.30456470,20.05956651,15.58711489,72
2020-11-06,2020-11-21,2020-12-04,east_north,2020-09-24,2020-10-07,2.46995389,53.34782763,4.75861420,50.29551104,14.74594083,37.07946173,45
2020-11-06,2020-11-21,2020-12-04,east_south,2020-09-24,2020-10-07,13.35174615,37.48554379,13.13686725,32.82332121,20.63773488,57.19871292,23
2020-11-06,2020-11-21,2020-12-04,west_north,2020-09-24,2020-10-07,-0.47335446,45.24396902,-0.86342626,5.74146058,14.32177699,8.03788390,95
2020-11-06,2020-11-21,2020-12-04,west_south,2020-09-24,2020-10-07,7.61112798,24.58806290,7.99587991,1.07304039,22.48052638,0.00902649,31
2020-11-20,2020-12-05,2020-12-18,central_north,2020-10-08,2020-10-21,0.06557026,20.64223406,-0.75743357,8.21942290,9.92863575,20.47456789,110
2020-11-20,2020-12-05,2020-12-18,central_south,2020-10-08,2020-10-21,9.17295144,34.10549001,7.80028512,25.50683030,20.68725108,29.78408738,72
2020-11-20,2020-12-05,2020-12-18,east_north,2020-10-08,2020-10-21,0.84469247,55.33900670,0.21371272,39.82435525,12.11391732,50.30545494,45
2020-11-20,2020-12-05,2020-12-18,east_south,2020-10-08,2020-10-21,10.72101681,44.59150913,9.79154855,38.51485754,21.13521867,45.75748795,23
2020-11-20,2020-12-05,2020-12-18,west_north,2020-10-08,2020-10-21,-0.22702755,33.64668023,-1.45080206,17.96562004,10.39938675,22.40003201,95
2020-11-20,2020-12-05,2020-12-18,west_south,2020-10-08,2020-10-21,7.39883252,11.83972892,6.33444263,6.53681090,20.21061588,0.00098478,31
2020-12-04,2020-12-19,2021-01-01,central_north,2020-10-22,2020-11-04,-1.06104414,23.70992408,-2.65365163,16.94682697,3.90173629,27.46715371,110
2020-12-04,2020-12-19,2021-01-01,central_south,2020-10-22,2020-11-04,8.70666538,37.92511493,8.71285814,53.45922334,13.75126147,47.83151139,72
2020-12-04,2020-12-19,2021-01-01,east_north,2020-10-22,2020-11-04,-0.37146371,40.59172619,0.15605610,40.38700229,8.14173744,49.10777894,45
2020-12-04,2020-12-19,2021-01-01,east_south,2020-10-22,2020-11-04,10.91696906,42.80888609,9.30164045,42.44733562,18.67655237,46.92731942,23
2020-12-04,2020-12-19,2021-01-01,west_north,2020-10-22,2020-11-04,-1.27956495,42.50250340,-1.88822038,22.59021480,4.32179275,9.28610576,95
2020-12-04,2020-12-19,2021-01-01,west_south,2020-10-22,2020-11-04,6.15573986,12.95933051,5.56534730,5.40122151,14.65571103,3.96694936,31
2020-12-18,2021-01-02,2021-01-15,central_north,2020-11-05,2020-11-18,-2.65953367,20.38577625,-0.87675870,7.52042180,6.33898020,19.80528030,110
2020-12-18,2021-01-02,2021-01-15,central_south,2020-11-05,2020-11-18,7.79948947,43.13016301,5.64114864,21.35414645,16.15992392,3.97845127,72
2020-12-18,2021-01-02,2021-01-15,east_north,2020-11-05,2020-11-18,-2.09223380,50.75650475,-0.16647428,19.58740594,9.23104394,33.87838177,45
2020-12-18,2021-01-02,2021-01-15,east_south,2020-11-05,2020-11-18,9.98435999,56.71404226,8.38846974,42.45488948,18.53439022,74.00190399,23
2020-12-18,2021-01-02,2021-01-15,west_north,2020-11-05,2020-11-18,-1.59969131,37.84682708,-0.50176572,29.84472489,2.57918331,38.88301992,95
2020-12-18,2021-01-02,2021-01-15,west_south,2020-11-05,2020-11-18,5.91567454,10.83083777,6.22909436,1.19200250,11.37337320,6.72342218,31
2021-01-01,2021-01-16,2021-01-29,central_north,2020-11-19,2020-12-02,-1.83161485,26.13254054,-4.69232767,14.77967396,1.97494095,16.65941226,110
2021-01-01,2021-01-16,2021-01-29,central_south,2020-11-19,2020-12-02,8.09909883,47.51092398,8.94965787,26.89200141,11.66628612,34.84778947,72
2021-01-01,2021-01-16,2021-01-29,east_north,2020-11-19,2020-12-02,-1.95870241,51.78417764,-2.58377514,25.19668471,5.29305495,49.26233605,45
2021-01-01,2021-01-16,2021-01-29,east_south,2020-11-19,2020-12-02,10.20095740,64.61040522,9.52365337,34.10436398,13.49602692,32.54709409,23
2021-01-01,2021-01-16,2021-01-29,west_north,2020-11-19,2020-12-02,-0.94543083,36.84065813,-1.48027912,18.83190298,-0.29535638,11.73871123,95
2021-01-01,2021-01-16,2021-01-29,west_south,2020-11-19,2020-12-02,6.96514673,8.69965164,6.84535282,33.20543141,9.33886093,1.13041225,31
2021-01-15,2021-01-30,2021-02-12,central_north,2020-12-03,2020-12-16,-4.40644665,34.58672713,-9.29650751,14.79673971,-0.26483665,8.92750794,110
2021-01-15,2021-01-30,2021-02-12,central_south,2020-12-03,2020-12-16,8.93919396,44.95424528,7.68953445,20.07810767,7.78373072,30.88124300,72
2021-01-15,2021-01-30,2021-02-12,east_north,2020-12-03,2020-12-16,-4.32426805,55.11587081,-4.77237540,29.70666936,1.32110719,27.86110390,45
2021-01-15,2021-01-30,2021-02-12,east_south,2020-12-03,2020-12-16,9.85314043,47.60010775,9.34570705,44.11750469,10.45066843,27.55606495,23
2021-01-15,2021-01-30,2021-02-12,west_north,2020-12-03,2020-12-16,-2.02131068,39.48798809,-1.52518481,20.83399268,-1.63798561,11.46357763,95
2021-01-15,2021-01-30,2021-02-12,west_south,2020-12-03,2020-12-16,7.28644023,16.91603045,9.22717913,3.99174658,6.22685979,6.40262812,31
2021-01-29,2021-02-13,2021-02-26,central_north,2020-12-17,2020-12-30,-4.77190109,26.03400309,-8.16678701,8.26271706,-2.31242831,13.06236231,110
2021-01-29,2021-02-13,2021-02-26,central_south,2020-12-17,2020-12-30,8.34647466,44.73029037,2.90846379,30.31160610,8.62181128,25.41051582,72
2021-01-29,2021-02-13,2021-02-26,east_north,2020-12-17,2020-12-30,-4.47855186,41.68043763,-2.97494215,32.02432178,-0.55214842,47.68890822,45
2021-01-29,2021-02-13,2021-02-26,east_south,2020-12-17,2020-12-30,8.81522425,49.14535093,10.53372259,84.36612834,7.91239255,44.17229720,23
2021-01-29,2021-02-13,2021-02-26,west_north,2020-12-17,2020-12-30,0.05637107,32.90680861,-2.32440275,30.70828045,-1.73089772,24.93599708,95
2021-01-29,2021-02-13,2021-02-26,west_south,2020-12-17,2020-12-30,8.79632445,15.20173489,7.23511639,5.62834454,5.82678524,5.23245808,31
2021-02-12,2021-02-27,2021-03-12,central_north,2020-12-31,2021-01-13,-1.43489525,34.85208591,4.18809103,15.81869324,-1.56658965,9.19549354,110
2021-02-12,2021-02-27,2021-03-12,central_south,2020-12-31,2021-01-13,10.94438389,51.36850620,13.77518330,24.57466998,5.56040972,50.36143405,72
2021-02-12,2021-02-27,2021-03-12,east_north,2020-12-31,2021-01-13,-2.80257982,49.40391723,2.37418969,26.63816749,-0.33663514,24.96645227,45
2021-02-12,2021-02-27,2021-03-12,east_south,2020-12-31,2021-01-13,10.61392494,55.12193287,13.64322577,26.53508533,9.41532244,51.26040756,23
2021-02-12,2021-02-27,2021-03-12,west_north,2020-12-31,2021-01-13,0.04495226,37.30470068,1.69652122,11.06899688,-0.72767440,32.47833330,95
2021-02-12,2021-02-27,2021-03-12,west_south,2020-12-31,2021-01-13,9.57250269,15.10991682,9.15305468,5.58802193,5.37177229,1.66836012,31
2021-02-26,2021-03-13,2021-03-26,central_north,2021-01-14,2021-01-27,3.42816066,43.01666745,5.12867807,49.79656295,-3.81174032,16.63534184,110
2021-02-26,2021-03-13,2021-03-26,central_south,2021-01-14,2021-01-27,14.52840494,48.41013268,14.82978476,61.76774700,9.01007806,26.44991885,72
2021-02-26,2021-03-13,2021-03-26,east_north,2021-01-14,2021-01-27,2.42540509,58.35878862,5.90896902,28.91528153,-1.32162879,24.56180038,45
2021-02-26,2021-03-13,2021-03-26,east_south,2021-01-14,2021-01-27,14.32408692,47.18464692,16.24016112,43.70041954,9.93463645,24.70935524,23
2021-02-26,2021-03-13,2021-03-26,west_north,2021-01-14,2021-01-27,1.30352147,40.86938953,3.09097894,19.54354276,-1.57142288,12.01530781,95
2021-02-26,2021-03-13,2021-03-26,west_south,2021-01-14,2021-01-27,10.23507286,12.93093247,9.31922702,9.69869577,7.30370970,20.04664639,31
2021-03-12,2021-03-27,2021-04-09,central_north,2021-01-28,2021-02-10,7.77752418,47.86643478,8.86099785,22.29704886,-7.62425885,14.36641470,110
2021-03-12,2021-03-27,2021-04-09,central_south,2021-01-28,2021-02-10,16.73113222,42.87189827,16.43489162,30.88435247,8.52327445,10.75571291,72
2021-03-12,2021-03-27,2021-04-09,east_north,2021-01-28,2021-02-10,6.16786349,50.39771225,8.52762905,33.08867233,-4.77914071,26.19550946,45
2021-03-12,2021-03-27,2021-04-09,east_south,2021-01-28,2021-02-10,15.72428353,39.13556535,16.41421767,31.17116131,8.33626081,46.52745413,23
2021-03-12,2021-03-27,2021-04-09,west_north,2021-01-28,2021-02-10,5.16236237,30.75864277,6.43830295,5.73416647,-0.71030796,25.56382001,95
2021-03-12,2021-03-27,2021-04-09,west_south,2021-01-28,2021-02-10,13.73762303,3.94829046,15.63511887,0.83758076,8.76265378,16.59877857,31
2021-03-26,2021-04-10,2021-04-23,central_north,2021-02-11,2021-02-24,9.29975492,47.70644932,5.39824534,20.10359381,-10.68008784,9.02670594,110
2021-03-26,2021-04-10,2021-04-23,central_south,2021-02-11,2021-02-24,18.26049558,44.34703807,14.85548006,39.39272896,1.29305168,32.91927504,72
2021-03-26,2021-04-10,2021-04-23,east_north,2021-02-11,2021-02-24,7.46531184,51.58324339,8.80638951,31.26817216,-3.99664877,35.80625055,45
2021-03-26,2021-04-10,2021-04-23,east_south,2021-02-11,2021-02-24,17.04092816,38.91971255,17.49697185,35.92615856,10.25349614,91.63356714,23
2021-03-26,2021-04-10,2021-04-23,west_north,2021-02-11,2021-02-24,6.91371483,32.27385083,5.82450537,6.82850007,-2.87755792,32.61480591,95
2021-03-26,2021-04-10,2021-04-23,west_south,2021-02-11,2021-02-24,14.61633574,6.68073666,15.25415262,0.66641163,7.55188116,6.17272578,31
2021-04-09,2021-04-24,2021-05-07,central_north,2021-02-25,2021-03-10,11.59007896,57.68611354,11.96230394,27.12827466,3.73349487,8.24090174,110
2021-04-09,2021-04-24,2021-05-07,central_south,2021-02-25,2021-03-10,20.35880906,43.15466757,20.20524504,78.49357514,12.82381087,31.58719220,72
2021-04-09,2021-04-24,2021-05-07,east_north,2021-02-25,2021-03-10,9.93716260,54.55831906,11.99492421,47.72846754,0.94451794,24.95089478,45
2021-04-09,2021-04-24,2021-05-07,east_south,2021-02-25,2021-03-10,19.05432950,44.19343676,20.66648883,44.95946171,13.27114964,26.95231985,23
2021-04-09,2021-04-24,2021-05-07,west_north,2021-02-25,2021-03-10,9.42626041,29.52816742,10.51589856,12.50718533,1.43522041,10.18635726,95
2021-04-09,2021-04-24,2021-05-07,west_south,2021-02-25,2021-03-10,17.46661503,2.99067401,17.71822287,3.74613371,9.28015222,2.14829000,31
2021-04-23,2021-05-08,2021-05-21,central_north,2021-03-11,2021-03-24,14.18990078,56.76574855,13.74194674,38.68942276,4.85790542,52.65449347,110
2021-04-23,2021-05-08,2021-05-21,central_south,2021-03-11,2021-03-24,21.82129673,35.22915567,20.41298425,80.17009908,15.21329641,47.64588301,72
2021-04-23,2021-05-08,2021-05-21,east_north,2021-03-11,2021-03-24,13.34953917,51.68853621,13.57012031,16.44813260,5.55294384,20.04500652,45
2021-04-23,2021-05-08,2021-05-21,east_south,2021-03-11,2021-03-24,20.62134403,39.26238056,19.72168385,19.29975838,15.67411759,30.41654804,23
2021-04-23,2021-05-08,2021-05-21,west_north,2021-03-11,2021-03-24,12.03831797,24.03497153,11.42798046,10.33598741,2.77432753,19.16318930,95
2021-04-23,2021-05-08,2021-05-21,west_south,2021-03-11,2021-03-24,19.72898538,2.37495887,19.58227607,1.12443878,9.03481614,11.13291318,31
2021-05-07,2021-05-22,2021-06-04,central_north,2021-03-25,2021-04-07,16.86357428,60.05666216,16.77492143,37.55179484,8.16574738,16.51301888,110
2021-05-07,2021-05-22,2021-06-04,central_south,2021-03-25,2021-04-07,23.77697595,47.01463813,22.77595762,65.58868799,15.86306676,36.80433340,72
2021-05-07,2021-05-22,2021-06-04,east_north,2021-03-25,2021-04-07,16.42824797,58.92095640,17.08404890,44.81370335,8.24280412,41.39628930,45
2021-05-07,2021-05-22,2021-06-04,east_south,2021-03-25,2021-04-07,22.81636689,66.51841912,23.61536691,31.56718160,16.60019782,43.99867983,23
2021-05-07,2021-05-22,2021-06-04,west_north,2021-03-25,2021-04-07,14.03475008,23.74767188,14.77926758,15.01430282,5.99391087,7.78317902,95
2021-05-07,2021-05-22,2021-06-04,west_south,2021-03-25,2021-04-07,21.25028497,1.58069598,21.45694313,1.49884228,14.42393461,2.84692731,31
2021-05-21,2021-06-05,2021-06-18,central_north,2021-04-08,2021-04-21,19.49678202,55.90233948,23.65992268,17.48330443,5.89183541,30.45857371,110
2021-05-21,2021-06-05,2021-06-18,central_south,2021-04-08,2021-04-21,25.81240330,33.78354827,26.99256194,46.15691379,15.60382341,45.82897598,72
2021-05-21,2021-06-05,2021-06-18,east_north,2021-04-08,2021-04-21,19.26750650,60.76155256,20.83384610,35.65012253,10.21148438,30.43510356,45
2021-05-21,2021-06-05,2021-06-18,east_south,2021-04-08,2021-04-21,24.79922319,63.58058250,25.77970015,64.15348228,18.52025702,36.12222568,23
2021-05-21,2021-06-05,2021-06-18,west_north,2021-04-08,2021-04-21,15.49734121,26.31392949,17.94466368,9.32060624,5.67466275,7.16788579,95
2021-05-21,2021-06-05,2021-06-18,west_south,2021-04-08,2021-04-21,22.90665755,1.21695313,25.80494469,0.43126429,15.58723288,0.55799682,31
2021-06-04,2021-06-19,2021-07-02,central_north,2021-04-22,2021-05-05,21.34058235,54.07593687,21.25453868,61.67814965,11.44504399,26.14033611,110
2021-06-04,2021-06-19,2021-07-02,central_south,2021-04-22,2021-05-05,26.33590450,45.09223989,26.53402968,68.20878260,19.51431746,79.38892697,72
2021-06-04,2021-06-19,2021-07-02,east_north,2021-04-22,2021-05-05,20.29586107,54.10710297,21.65752712,55.43757312,11.43123659,46.13034278,45
2021-06-04,2021-06-19,2021-07-02,east_south,2021-04-22,2021-05-05,25.36389307,70.73458934,25.42182159,82.22505827,19.89512676,42.61014103,23
2021-06-04,2021-06-19,2021-07-02,west_north,2021-04-22,2021-05-05,18.81274792,12.00403830,21.66465866,7.17420220,9.66177373,12.68632761,95
2021-06-04,2021-06-19,2021-07-02,west_south,2021-04-22,2021-05-05,25.92779768,2.80491912,26.60385140,9.42160020,16.85422016,3.77831678,31
2021-06-18,2021-07-03,2021-07-16,central_north,2021-05-06,2021-05-19,22.98810263,44.12164038,22.55705850,44.65123376,12.39389769,32.63568921,110
2021-06-18,2021-07-03,2021-07-16,central_south,2021-05-06,2021-05-19,26.78405189,41.68632185,26.20969715,64.82674958,19.92311455,69.68485788,72
2021-06-18,2021-07-03,2021-07-16,east_north,2021-05-06,2021-05-19,21.47500122,54.50738780,22.01954892,67.15145716,11.91571877,21.76024218,45
2021-06-18,2021-07-03,2021-07-16,east_south,2021-05-06,2021-05-19,25.67542052,78.34295310,26.14518182,77.10255821,19.14050634,21.87757495,23
2021-06-18,2021-07-03,2021-07-16,west_north,2021-05-06,2021-05-19,21.47283648,13.11049228,22.94700708,5.54073563,12.10671487,7.05496657,95
2021-06-18,2021-07-03,2021-07-16,west_south,2021-05-06,2021-05-19,26.95153652,11.40583208,28.13426322,20.25627281,19.93623113,1.00136284,31
2021-07-02,2021-07-17,2021-07-30,central_north,2021-05-20,2021-06-02,22.54908577,47.26811613,24.30453538,23.44058102,16.42422457,43.16074547,110
2021-07-02,2021-07-17,2021-07-30,central_south,2021-05-20,2021-06-02,26.81173858,42.59694377,27.58401268,40.93839296,22.82322953,64.42625868,72
2021-07-02,2021-07-17,2021-07-30,east_north,2021-05-20,2021-06-02,21.51007125,57.03674833,21.65405085,52.32789496,17.14443749,34.70595092,45
2021-07-02,2021-07-17,2021-07-30,east_south,2021-05-20,2021-06-02,25.81143307,77.56273735,26.95206935,69.22615209,23.21379957,12.20566392,23
2021-07-02,2021-07-17,2021-07-30,west_north,2021-05-20,2021-06-02,21.55818107,16.64138505,22.78737389,9.59546750,12.89529118,18.62610130,95
2021-07-02,2021-07-17,2021-07-30,west_south,2021-05-20,2021-06-02,26.59341224,16.23910060,26.17844274,37.51231864,20.41709233,1.47079838,31
2021-07-16,2021-07-31,2021-08-13,central_north,2021-06-03,2021-06-16,22.23939690,45.06816890,22.71067803,33.38102567,23.36950365,17.59429958,110
2021-07-16,2021-07-31,2021-08-13,central_south,2021-06-03,2021-06-16,26.82571768,36.19479313,27.36367018,29.96270968,26.36606195,57.68403570,72
2021-07-16,2021-07-31,2021-08-13,east_north,2021-06-03,2021-06-16,21.13439702,48.56052188,22.18934042,32.09448278,21.09174387,45.30600124,45
2021-07-16,2021-07-31,2021-08-13,east_south,2021-06-03,2021-06-16,25.97167269,68.92783271,26.54684314,69.79294215,25.86230371,78.37472147,23
2021-07-16,2021-07-31,2021-08-13,west_north,2021-06-03,2021-06-16,21.52409430,11.95849886,21.63606213,12.90674745,17.99604091,9.46456940,95
2021-07-16,2021-07-31,2021-08-13,west_south,2021-06-03,2021-06-16,26.60206328,13.04446485,26.68357325,16.95816286,25.17957637,0.58635841,31
2021-07-30,2021-08-14,2021-08-27,central_north,2021-06-17,2021-06-30,20.99219712,42.37228812,23.16022552,31.38755062,21.55609167,56.57444427,110
2021-07-30,2021-08-14,2021-08-27,central_south,2021-06-17,2021-06-30,25.90189304,38.80731363,27.54374788,51.18002652,26.66520679,56.88431342,72
2021-07-30,2021-08-14,2021-08-27,east_north,2021-06-17,2021-06-30,20.47866249,39.42758963,23.40252390,63.80845637,21.44560603,33.38189841,45
2021-07-30,2021-08-14,2021-08-27,east_south,2021-06-17,2021-06-30,25.07777851,75.87447483,27.26691438,82.56254941,25.25990209,71.68662711,23
2021-07-30,2021-08-14,2021-08-27,west_north,2021-06-17,2021-06-30,19.59851558,13.71559723,18.32213816,16.86503288,21.42381405,6.05659982,95
2021-07-30,2021-08-14,2021-08-27,west_south,2021-06-17,2021-06-30,25.10983106,16.17359190,25.13167042,16.78729086,27.14269530,6.39489445,31
2021-08-13,2021-08-28,2021-09-10,central_north,2021-07-01,2021-07-14,19.38630897,42.84214270,20.55094640,43.40162875,22.48817824,38.65178315,110
2021-08-13,2021-08-28,2021-09-10,central_south,2021-07-01,2021-07-14,24.53755940,38.84742313,26.59083425,43.37578558,26.06613050,73.73026776,72
2021-08-13,2021-08-28,2021-09-10,east_north,2021-07-01,2021-07-14,18.52798217,30.24609152,19.55770394,70.63903484,21.41303717,85.61589587,45
2021-08-13,2021-08-28,2021-09-10,east_south,2021-07-01,2021-07-14,23.94245040,50.90181849,25.24548893,52.87485881,25.88202344,89.53558355,23
2021-08-13,2021-08-28,2021-09-10,west_north,2021-07-01,2021-07-14,17.06062866,12.18742963,18.20267905,4.05221749,23.06865967,5.69220924,95
2021-08-13,2021-08-28,2021-09-10,west_south,2021-07-01,2021-07-14,23.18009669,10.96556617,25.60596008,15.40074922,28.12326973,18.38290743,31
2021-08-27,2021-09-11,2021-09-24,central_north,2021-07-15,2021-07-28,15.59236053,44.05902758,18.56517433,25.61988225,24.16606137,32.47875329,110
2021-08-27,2021-09-11,2021-09-24,central_south,2021-07-15,2021-07-28,21.98195114,31.17184507,24.15097425,41.81747507,27.39100897,42.78198539,72
2021-08-27,2021-09-11,2021-09-24,east_north,2021-07-15,2021-07-28,15.70636917,40.17111374,19.23630051,53.51493776,22.11847695,45.06379736,45
2021-08-27,2021-09-11,2021-09-24,east_south,2021-07-15,2021-07-28,21.86228122,37.32592365,24.06598501,76.21821954,26.85301113,64.10904262,23
2021-08-27,2021-09-11,2021-09-24,west_north,2021-07-15,2021-07-28,14.04991880,15.48549618,15.09850495,13.04058997,22.55868063,8.24577292,95
2021-08-27,2021-09-11,2021-09-24,west_south,2021-07-15,2021-07-28,21.31045921,6.66026508,23.62700073,2.17157117,26.16370514,38.97246795,31
2021-09-10,2021-09-25,2021-10-08,central_north,2021-07-29,2021-08-11,14.39244336,35.58756074,18.21208409,22.09307031,22.96169020,31.29105847,110
2021-09-10,2021-09-25,2021-10-08,central_south,2021-07-29,2021-08-11,20.90893839,27.38107306,22.81641228,46.34198381,27.46140922,27.91753741,72
2021-09-10,2021-09-25,2021-10-08,east_north,2021-07-29,2021-08-11,13.89491745,34.38801829,16.22446675,28.40778655,21.44596244,36.17074981,45
2021-09-10,2021-09-25,2021-10-08,east_south,2021-07-29,2021-08-11,20.78532364,34.24610619,22.93897422,40.26895618,26.55823923,72.20536468,23
2021-09-10,2021-09-25,2021-10-08,west_north,2021-07-29,2021-08-11,12.04419960,18.14263170,12.72160649,12.19696552,21.70769641,15.15835268,95
2021-09-10,2021-09-25,2021-10-08,west_south,2021-07-29,2021-08-11,19.66878705,5.61043538,19.15899113,19.28996761,26.73936472,16.04551154,31
2021-09-24,2021-10-09,2021-10-22,central_north,2021-08-12,2021-08-25,11.52547614,32.45623814,12.00687447,39.11678229,22.94234328,28.62795519,110
2021-09-24,2021-10-09,2021-10-22,central_south,2021-08-12,2021-08-25,17.87794369,29.88606390,19.91927717,24.26397807,27.55018308,52.45989072,72
2021-09-24,2021-10-09,2021-10-22,east_north,2021-08-12,2021-08-25,11.03214668,34.46893962,15.28192468,28.70013845,23.55025523,68.07968003,45
2021-09-24,2021-10-09,2021-10-22,east_south,2021-08-12,2021-08-25,17.99034111,30.66094259,20.54020939,17.44701827,27.37559601,82.41521885,23
2021-09-24,2021-10-09,2021-10-22,west_north,2021-08-12,2021-08-25,8.85944897,26.50108103,7.05266261,23.19012677,19.05480528,16.20051184,95
2021-09-24,2021-10-09,2021-10-22,west_south,2021-08-12,2021-08-25,16.48762840,11.01968350,14.17716185,2.85386734,24.99345624,20.19012642,31
2021-10-08,2021-10-23,2021-11-05,central_north,2021-08-26,2021-09-08,8.55630256,25.83690085,6.97046403,33.71974559,21.05982948,51.70627057,110
2021-10-08,2021-10-23,2021-11-05,central_south,2021-08-26,2021-09-08,15.57108316,23.74587839,15.67349844,29.44842443,27.03999281,44.68628793,72
2021-10-08,2021-10-23,2021-11-05,east_north,2021-08-26,2021-09-08,7.88777479,40.31923904,8.25953435,64.13207864,20.63325667,60.37645873,45
2021-10-08,2021-10-23,2021-11-05,east_south,2021-08-26,2021-09-08,15.57655803,25.28652345,15.92051244,33.31989716,25.80449887,43.15958258,23
2021-10-08,2021-10-23,2021-11-05,west_north,2021-08-26,2021-09-08,6.05126804,32.34746398,7.39705256,48.77318524,17.90538853,4.33541078,95
2021-10-08,2021-10-23,2021-11-05,west_south,2021-08-26,2021-09-08,13.92132426,6.77327602,15.05507483,8.85575208,25.62025312,16.08751685,31
2021-10-22,2021-11-06,2021-11-19,central_north,2021-09-09,2021-09-22,4.62867627,33.73589071,5.43624351,15.05072219,19.22516676,23.98668404,110
2021-10-22,2021-11-06,2021-11-19,central_south,2021-09-09,2021-09-22,12.97717491,31.37325146,13.64097836,8.43781514,24.83957996,42.83182990,72
2021-10-22,2021-11-06,2021-11-19,east_north,2021-09-09,2021-09-22,5.56596432,48.30917021,6.41673160,29.89548838,19.42382663,37.86442387,45
2021-10-22,2021-11-06,2021-11-19,east_south,2021-09-09,2021-09-22,13.89518469,31.79825765,13.76838622,23.91585888,24.53658250,79.12248118,23
2021-10-22,2021-11-06,2021-11-19,west_north,2021-09-09,2021-09-22,2.03367095,36.11365478,4.93187241,25.96656404,15.81434795,13.48546152,95
2021-10-22,2021-11-06,2021-11-19,west_south,2021-09-09,2021-09-22,10.12687390,12.33612602,13.78133784,0.73292701,24.32951535,1.83062160,31
2021-11-05,2021-11-20,2021-12-03,central_north,2021-09-23,2021-10-06,0.00559972,26.92496015,3.41580063,4.97912914,17.73035493,20.47965550,110
2021-11-05,2021-11-20,2021-12-03,central_south,2021-09-23,2021-10-06,10.30171403,29.51137025,12.08761421,12.46367259,22.28822692,43.59433837,72
2021-11-05,2021-11-20,2021-12-03,east_north,2021-09-23,2021-10-06,2.02260894,54.66862515,2.02408625,16.61546222,15.93028029,54.89655845,45
2021-11-05,2021-11-20,2021-12-03,east_south,2021-09-23,2021-10-06,11.75283748,37.04106001,10.75213693,7.08812894,22.42002353,33.26933450,23
2021-11-05,2021-11-20,2021-12-03,west_north,2021-09-23,2021-10-06,0.79393398,39.99514896,3.47210400,9.89009278,13.44615923,9.57858694,95
2021-11-05,2021-11-20,2021-12-03,west_south,2021-09-23,2021-10-06,9.41270276,17.49403861,10.94607614,1.58795666,19.63532794,19.64570333,31
2021-11-19,2021-12-04,2021-12-17,central_north,2021-10-07,2021-10-20,-1.32662565,28.55948160,0.28426244,19.14997276,13.57434390,39.39531283,110
2021-11-19,2021-12-04,2021-12-17,central_south,2021-10-07,2021-10-20,10.55550158,35.96245502,13.82874093,20.25610813,20.43549173,25.75990827,72
2021-11-19,2021-12-04,2021-12-17,east_north,2021-10-07,2021-10-20,0.72893158,55.73524652,3.70353792,29.83095454,16.06164400,26.70548496,45
2021-11-19,2021-12-04,2021-12-17,east_south,2021-10-07,2021-10-20,12.25044753,39.81584177,13.94950864,24.87448354,21.03958565,36.47127014,23
2021-11-19,2021-12-04,2021-12-17,west_north,2021-10-07,2021-10-20,-1.66376395,44.16498279,-0.92159430,39.11807471,7.07364568,21.15273918,95
2021-11-19,2021-12-04,2021-12-17,west_south,2021-10-07,2021-10-20,7.39575120,17.34358090,7.56197187,22.00356622,14.60860884,3.08216349,31
2021-12-03,2021-12-18,2021-12-31,central_north,2021-10-21,2021-11-03,-5.22628867,29.89124188,-3.00369912,15.34660106,7.06183824,36.98113739,110
2021-12-03,2021-12-18,2021-12-31,central_south,2021-10-21,2021-11-03,9.24223279,45.25849506,13.58647875,24.67584269,17.05384664,25.61459642,72
2021-12-03,2021-12-18,2021-12-31,east_north,2021-10-21,2021-11-03,-1.62323937,56.11674736,2.17656891,28.71110129,9.63251279,68.18444161,45
2021-12-03,2021-12-18,2021-12-31,east_south,2021-10-21,2021-11-03,12.45887640,40.41752777,14.67577658,35.81554274,17.23797949,29.57343773,23
2021-12-03,2021-12-18,2021-12-31,west_north,2021-10-21,2021-11-03,-5.35953566,32.97346205,-4.29702675,44.45436428,7.65198863,49.51022861,95
2021-12-03,2021-12-18,2021-12-31,west_south,2021-10-21,2021-11-03,5.21408915,27.20508388,6.62871955,38.10298912,15.18123432,8.93187186,31
2021-12-17,2022-01-01,2022-01-14,central_north,2021-11-04,2021-11-17,-6.54293013,25.73035211,-7.26631269,12.38447848,6.32573506,13.91489210,110
2021-12-17,2022-01-01,2022-01-14,central_south,2021-11-04,2021-11-17,9.81638514,32.97690851,7.31268015,26.65270301,13.70200981,12.00010723,72
2021-12-17,2022-01-01,2022-01-14,east_north,2021-11-04,2021-11-17,-4.52896347,55.39526066,-3.00523409,35.76804249,6.10360295,25.11559602,45
2021-12-17,2022-01-01,2022-01-14,east_south,2021-11-04,2021-11-17,10.72871192,47.85034211,10.54213963,48.11700121,13.19693012,27.08989232,23
2021-12-17,2022-01-01,2022-01-14,west_north,2021-11-04,2021-11-17,-4.57639025,57.17537572,-2.95750823,30.42913903,5.69613012,27.97376415,95
2021-12-17,2022-01-01,2022-01-14,west_south,2021-11-04,2021-11-17,6.03251225,30.19282426,6.40081378,7.78416695,14.31106180,0.72391418,31
2021-12-31,2022-01-15,2022-01-28,central_north,2021-11-18,2021-12-01,-7.19914128,23.43369871,-7.00151050,7.68867447,2.56567675,5.57353507,110
2021-12-31,2022-01-15,2022-01-28,central_south,2021-11-18,2021-12-01,7.34093985,41.72489128,5.03757530,21.65959846,11.17600024,14.15863441,72
2021-12-31,2022-01-15,2022-01-28,east_north,2021-11-18,2021-12-01,-5.50396965,49.18592204,-7.25618131,23.39380821,2.00159065,18.78831796,45
2021-12-31,2022-01-15,2022-01-28,east_south,2021-11-18,2021-12-01,9.76345233,55.41493857,6.49049671,37.96880145,10.72052379,8.64665420,23
2021-12-31,2022-01-15,2022-01-28,west_north,2021-11-18,2021-12-01,-3.31450155,40.05455421,-1.71093660,5.12537878,3.18506093,11.47469273,95
2021-12-31,2022-01-15,2022-01-28,west_south,2021-11-18,2021-12-01,6.34934362,14.38409848,7.16911007,2.02940239,10.87626753,1.59413790,31
